date,hour,source,weight,accepted,keep_objective,adjust_objective,keep_cash,expected_gain,relative_gain,initial_energy_kwh,expected_cash_gain,expected_cvar_gain,terminal_energy_change
2025-01-01,6,Q,1.0,False,18810.22693219962,18810.22693219962,26257.663932199623,0.0,0.0,10057.495685185186,0.0,3.5700509215530474e-13,0.0
2025-01-01,12,Q,1.0,False,17998.242309385118,17998.242309385118,25445.67930938512,0.0,0.0,6143.792100000002,0.0,3.5700509215530474e-13,0.0
2025-01-02,6,F,0.0,True,59680.275840838985,56289.56569167021,67040.9589206353,3390.710149168779,0.05057669525853267,10800.0,3303.956228965093,1735.07840407361,0.0
2025-01-02,12,A,0.0,True,39309.40559738228,35726.31991605513,46574.292876655265,3583.085681327153,0.07693269097646625,6622.286563703705,3400.5359606001366,3650.9944145402665,0.0
2025-01-03,6,A,0.01,True,59073.50949292785,55598.18723731292,66309.55696041083,3475.3222556149267,0.05241057872984761,10800.0,3263.9327230979106,4227.79065034027,0.0
2025-01-03,12,A,0.0,True,36701.43726688585,35638.801369349276,44113.16210791196,1062.6358975365729,0.024088862524456908,6951.650082283952,1026.9237385626839,714.2431794777776,0.0
2025-01-04,6,A,0.02,True,46201.93855311691,43849.30977644388,53386.72161278017,2352.628776673031,0.044067676485866826,10800.0,2089.974836336296,5253.078806734722,0.0
2025-01-04,12,A,0.0,True,28911.75090233444,28475.29160880566,36305.64601185277,436.4592935287801,0.012021802156785433,6438.555225,382.9174030471113,1070.837809633332,0.0
2025-01-05,6,A,0.03,True,38841.67495898394,37600.2470017791,46130.874603852615,1241.42795720484,0.026910999799278947,10800.0,1087.0581116362955,3087.3969113708376,0.0
2025-01-05,12,A,0.0,True,25366.86329082068,24822.258962859756,32810.4327812579,544.6043279609221,0.01659851095508905,6572.277727685183,559.8020099907699,62.8815916555544,-26.598549999998795
2025-01-06,6,A,0.03,True,48558.28064973374,47892.42098085391,54759.09289283929,665.859668879828,0.012159800933570629,10800.0,646.3691546792688,389.81028401112053,0.0
2025-01-06,12,A,0.0,True,35667.42134096576,33875.982542936996,41855.03633713305,1791.4387980287647,0.04280103315641926,6438.27561375,805.4456031230366,25035.12999194582,-385.4001974999992
2025-01-07,6,A,0.04,True,55314.29712560518,52306.17787561146,61549.621900472746,3008.119249993724,0.048873074392852114,10800.0,2467.5351568545375,10811.681862783735,0.0
2025-01-07,12,A,0.0,True,37894.04898642871,36755.33015506365,44843.332712570904,1138.718831365055,0.025393269466919853,6734.70261466049,770.0799038101904,9781.998002883101,-174.6880844999996
2025-01-08,6,A,0.04,True,54216.96109329273,51354.02227382806,61535.34283128285,2862.9388194646745,0.046525113662147934,10800.0,2958.2675446216745,-1906.5745031400475,0.0
2025-01-08,12,F,0.0,True,35557.700263176135,35400.5935255412,42694.54948696155,157.10673763493833,0.0036797844109566495,6450.0,65.41034129412583,1833.9279268162227,0.0
2025-01-09,6,A,0.04,True,59105.399778895204,57417.842084900905,66203.1066629676,1687.5576939942985,0.025490611831638966,10800.0,1548.268452583543,2785.78482821513,0.0
2025-01-09,12,A,0.0,True,41837.06317845846,41485.20199626191,48365.759823426975,351.8611821965533,0.007275005778491293,6869.766865210775,208.53013969599124,3025.3100948337633,-11.506266142858294
2025-01-10,6,A,0.04,True,28618.531974929778,26623.87235689455,35646.91778470268,1994.659618035228,0.055956019257609006,10039.373015873016,1910.0904757893513,1691.382844917449,0.0
2025-01-10,12,A,0.0,True,20695.594847683547,19556.750368190857,27595.119145190867,1138.8444794926909,0.041269779394707294,6493.247832499999,913.6535250383786,4503.819089086288,0.0
2025-01-11,6,A,0.05,True,27171.764980998552,26077.85988049653,33223.11212071392,1093.9051005020228,0.0329260274151137,10027.313756613756,1016.7867043216684,1542.3679236070893,0.0
2025-01-11,12,A,0.0,True,17341.93849877843,16534.059197887953,24245.922873571824,807.8793008904759,0.03332021243749267,6963.429483253879,662.1704418024674,2914.1771817602257,0.0
2025-01-12,6,A,0.07,True,64953.45782605734,63742.83745846406,71919.92126353111,1210.6203675932775,0.0168328933948257,10800.0,1161.6413758092967,979.5798356795476,0.0
2025-01-12,12,A,0.0,True,42415.730060759255,42125.6419495901,49831.198075971915,290.08811116915604,0.0058214155462786975,6034.164835376183,290.08811116915604,-4.547473508864641e-13,0.0
2025-01-13,6,F,0.1,True,60093.263042471015,59612.45037712897,66773.84516054291,480.8126653420477,0.007200613716134516,10800.0,463.65857292003057,343.0818484404226,0.0
2025-01-13,12,A,0.0,True,39620.36798341223,39034.611046561826,46741.48363181891,585.7569368504046,0.012531843051119049,6849.700521210725,567.293841615734,369.26190469345966,0.0
2025-01-14,6,F,0.11,True,60281.50428163533,59441.221399790295,67361.70002547343,840.2828818450362,0.01247419351838323,10800.0,843.1411435874033,-57.16523484749632,0.0
2025-01-14,12,F,0.0,True,40386.02137945202,40167.64840319155,47402.070829198165,218.37297626046347,0.004606823550965049,6580.642394832399,196.31475687275815,441.1643877540737,0.0
2025-01-15,6,F,0.13,True,66669.43300745539,62858.266094805156,72228.3979978848,3811.166912650231,0.05276549138971407,10800.0,3338.3471534524288,9577.353973231311,-8.770500000000538
2025-01-15,12,F,0.0,True,39734.33668202807,38985.621319323225,46625.08383431967,748.7153627048465,0.01605820946864945,6928.647404790761,969.9984770178708,-4161.8597934662375,-19.127834999999322
2025-01-16,6,F,0.14,True,55998.62049895708,55653.87084374361,62307.69855162227,344.7496552134762,0.005533018603276596,10800.0,339.99030994803616,95.18690530869935,0.0
2025-01-16,12,F,0.0,True,37727.38768425641,37392.522951614184,44367.28108842004,334.8647326422288,0.007547560373935766,6510.990523965732,298.53349160118523,726.6248208209199,0.0
2025-01-17,6,F,0.14,True,27935.90258877953,26726.40362317444,33353.71142847185,1209.4989656050893,0.0362627999645227,10042.22908457774,610.2796341564062,13448.907313448144,-106.18970924039968
2025-01-17,12,F,0.0,True,17785.769044757693,16981.856806368574,24479.62104448926,803.912238389119,0.0328400605927718,6547.3359247226645,1051.2474688120674,-5548.843367588892,43.659977241853994
2025-01-18,6,F,0.14,True,26565.835399871212,26454.61304493706,33170.315175571945,111.22235493415064,0.0033530689818726716,10070.417082321459,83.27324559308181,558.9821868213876,0.0
2025-01-18,12,F,0.0,True,17218.692069902383,16741.656361298505,24498.142418968066,477.03570860387845,0.019472321633436426,6714.53812058019,552.182512649324,-1502.9360809089858,0.0
2025-01-19,6,F,0.18,True,58224.3301544387,57954.95183301083,65507.211279915995,269.37832142786647,0.004112193393133433,10800.0,244.73921625293588,492.78210349847177,0.0
2025-01-19,12,F,0.01,True,41670.17875957646,41331.73969434751,48653.72108053643,338.4390652289512,0.006956077720524882,6450.0,169.03147471083503,3388.1518103623293,0.0
2025-01-20,6,F,0.18,True,55996.56083045434,55909.21639379811,61641.77833850508,87.34443665623257,0.0014169681506685555,10800.0,32.30640841955028,1153.5827951803149,-3.830043065987411
2025-01-20,12,F,0.01,True,39084.472823661185,38940.95221961929,45306.93135176448,143.5206040418925,0.003167740558891396,6469.024313263522,-28.723460506771517,3697.976854602406,-18.35149520025334
2025-01-21,6,F,0.21,True,55508.5704650023,54683.29707464645,62000.653659419404,825.2733903558546,0.013310720801255223,10800.0,878.830026311276,-1071.1327191082928,0.0
2025-01-21,12,F,0.01,True,36920.89395303918,36558.28122340563,44008.88172347306,362.61272963354713,0.008239535190010066,6450.0,284.16317608755344,1568.9910709199385,0.0
2025-01-22,6,F,0.22,True,56001.3260228045,55863.87950004019,62101.228168643975,137.4465227643086,0.002213265772957898,10800.0,135.63426558447827,36.24514359667228,0.0
2025-01-22,12,F,0.01,True,38409.27591999468,38180.43853771836,44952.16945796911,228.8373822763242,0.00509068605666052,6677.75219066259,215.27782017728168,472.54460188772646,-14.599762891535647
2025-01-23,6,F,0.23,True,56586.109535396,55129.152037187116,60964.478598638685,1456.9574982088816,0.023898465659007783,10800.0,1166.1015730975341,5900.203069589894,-6.024309621692737
2025-01-23,12,F,0.01,True,42032.42978478306,40324.198200600804,47757.13470316779,1708.2315841822565,0.03576913888992062,6450.0,772.6753109129859,19365.963561163426,-47.48110950386217
2025-01-24,6,F,0.22,True,15138.705844192153,15009.02169949857,21668.69733208543,129.68414469358322,0.005984861143524137,10153.966359102524,140.0620710197727,-207.5585265238078,0.0
2025-01-24,12,F,0.01,True,15695.378059576478,15498.040533970936,21645.533068028624,197.3375256055424,0.009116778274082717,6470.195299139614,79.28603407681658,2742.262234266367,-27.642462499999965
2025-01-25,6,F,0.23,True,16245.908547947458,15736.966107830383,22142.914927022786,508.9424401170745,0.02298443731525026,10154.77797091273,502.7090370791775,336.22803058852514,-15.339825460554493
2025-01-25,12,F,0.01,True,13895.960941206562,13737.127290289805,19999.112931382293,158.8336509167566,0.007942034802329525,6343.489302759504,150.00338177762023,-17.414232257840922,14.068006499670446
2025-01-26,6,F,0.23,True,57630.71304785147,57186.36595046892,64963.1110696299,444.34709738254605,0.006839991035932348,10800.0,539.6304416064886,-1905.6668844788433,0.0
2025-01-26,12,F,0.01,True,39549.936640033964,39230.505924619705,46634.528100813324,319.4307154142589,0.006849661150719093,6450.0,46.355891173443524,5461.496484816254,0.0
2025-01-27,6,F,0.23,True,53551.8659690663,52530.78181178274,60141.52112487947,1021.0841572835561,0.016978023471726788,10800.0,917.8820256065301,2064.0426335405373,0.0
2025-01-27,12,F,0.01,True,35684.244881348735,35494.0216730601,42506.087367258646,190.22320828863303,0.004475199202530156,7323.8383562843155,175.5587524359944,293.28911705284736,0.0
2025-01-28,6,F,0.23,True,50375.716492957676,50199.082599425674,57096.238886510306,176.63389353200182,0.0030936169698164437,10800.0,174.23454069472064,47.98705674564371,0.0
2025-01-28,12,F,0.01,True,35229.63392565431,35119.13978624755,42061.9610456419,110.49413940675731,0.002626937419462181,6665.7793807491225,65.47134138630645,900.4559604089027,0.0
2025-01-29,6,F,0.24,True,53922.88069380646,53642.861284147875,60218.40333054284,280.01940965858375,0.004650063671093013,10800.0,216.703792614353,1266.3123408845713,0.0
2025-01-29,12,F,0.01,True,35483.792222489385,34366.04254356383,42468.241188492575,1117.7496789255529,0.02631966023656342,6420.420188341108,1268.5907284616333,-3016.8209907216333,0.0
2025-01-30,6,F,0.24,True,52711.344715724845,51149.98687551593,57689.96326774979,1561.3578402089115,0.0270646357142292,10800.0,1279.2624332132036,5818.484623065189,-12.803236993011524
2025-01-30,12,F,0.03,True,31492.701243745916,30628.62339859496,38529.686082169945,864.0778451509577,0.022426288221196272,6717.5243828397915,996.7429117667634,-2829.877815466981,12.803236993011524
2025-01-31,6,F,0.24,True,19613.164335581925,19170.326821550538,25051.28739425475,442.8375140313874,0.017677235786810203,10097.68708607581,354.8395083677897,1759.9601132720854,0.0
2025-01-31,12,F,0.03,True,13283.03515061252,13191.32147169742,19698.081460530106,91.7136789151009,0.004655970130840993,6538.871522387288,81.95125924525564,195.24839339687605,0.0
2025-02-01,6,F,0.25,True,15427.023278895844,14982.760391156027,22047.127543411963,444.2628877398165,0.020150601789962856,10094.845806045576,490.1286047532485,-917.3143402686801,0.0
2025-02-01,12,F,0.03,True,14835.122632747012,14391.2055506518,21121.218992407303,443.9170820952113,0.021017588154111345,5999.297943801208,324.07724576923647,2426.7723141579627,-2.173474891402293
2025-02-02,6,F,0.26,True,50154.125275733444,50019.22111096761,55647.95794859016,134.90416476583778,0.0024242428606359233,10800.0,129.93050626278273,149.40373934655508,-3.6203740178261796
2025-02-02,12,F,0.03,True,33804.54761612733,33725.187188564094,40302.1013330016,79.36042756323877,0.0019691387034019006,6450.0,79.11773971645744,-45.07681234980191,3.6203740178261796
2025-02-03,6,F,0.27,True,48889.51719670119,48420.42125439985,55802.26504486337,469.095942301341,0.008406396083101675,10800.0,585.7097022567541,-2332.2751991082478,0.0
2025-02-03,12,F,0.03,True,34076.74245776708,33603.91368427566,41106.941072883,472.82877349141927,0.011502407164111028,6450.0,533.0134579604928,-1203.693689381349,0.0
2025-02-04,6,F,0.27,True,46836.74205828507,46545.51749334056,53908.20463544641,291.22456494451035,0.005402230827643268,10800.0,314.3841746093749,-463.19219329723364,0.0
2025-02-04,12,F,0.03,True,32113.868816941875,31173.88076291418,39467.93515376187,939.9880540276936,0.023816499403012194,6416.740574066947,1085.706808444389,-2914.375088333899,0.0
2025-02-05,6,F,0.26,True,47873.43143434276,47214.200911668326,53264.288876019935,659.2305226744356,0.012376594836530844,10800.0,587.2291542020466,1509.3361143953516,-5.025450000001001
2025-02-05,12,F,0.02,True,29899.016291211563,29742.79592566409,36946.63982656521,156.2203655474732,0.004228269912522554,6450.0,178.51679704894195,-515.2373749769095,5.025450000001001
2025-02-06,6,F,0.26,True,47469.45253859207,47159.512052101134,52787.72250823863,309.9404864909375,0.00587145024948869,10800.0,327.1788923742861,133.88734189126262,-34.7064296296121
2025-02-06,12,F,0.02,True,31256.75120086394,30855.137696971582,38074.837191657985,401.6135038923567,0.01054800318306675,6450.0,503.45964194575936,-2468.057989107223,31.260824783232238
2025-02-07,6,F,0.28,True,9430.128434754524,8757.123461864998,16788.224855618595,673.0049728895265,0.04008791749440315,10194.62462428373,661.7508038283031,225.08338122446025,0.0
2025-02-07,12,F,0.02,True,10175.803431746504,9929.584424587001,16932.428062545674,246.21900715950324,0.014541269937779136,5449.023853128151,171.94305880525644,1485.5189670849304,0.0
2025-02-08,6,F,0.28,True,14847.148228943197,14654.198724728243,21150.086888748632,192.94950421495378,0.009122870521992916,10121.2597267241,141.12395355281114,1036.5110132428235,0.0
2025-02-08,12,F,0.01,True,9887.062043923115,9505.337040642326,17238.621077981512,381.7250032807897,0.022143592666373883,6378.213125219998,440.86269140206423,-1182.7537624254917,0.0
2025-02-09,6,F,0.27,True,51398.21964649327,50094.78031287188,55214.71158226894,1303.4393336213907,0.023606739875463974,10800.0,1072.297617510514,4622.834322217575,0.0
2025-02-09,12,F,0.01,True,28054.96372166474,27024.057524249598,35451.09464893772,1030.906197415141,0.02907967180206752,6878.54193730317,1059.762414456869,-577.1243408344781,0.0
2025-02-10,6,F,0.29,True,44587.06290403362,44323.50695208705,50231.31733949201,263.5559519465678,0.005246845312960951,10332.945368823612,248.05589307683113,1163.0620767611545,-61.853881497472685
2025-02-10,12,F,0.02,True,30557.817602608146,30442.063154962783,36804.84769295553,115.75444764536223,0.003145086989927082,6450.0,126.00727080523211,-568.5382256586709,26.355396054925222
2025-02-11,6,F,0.31,True,43512.689591268405,42952.69577363082,50705.717776790276,559.9938176375872,0.01104399744625872,10800.0,604.352985233847,-869.585313437794,-1.2760015000003477
2025-02-11,12,F,0.01,True,30959.901587883658,30293.171212278015,38344.419914323385,666.7303756056426,0.01738793746509615,6450.0,789.8385947087227,-2479.762420548952,1.2760015000003477
2025-02-12,6,F,0.32,True,37927.318756984205,37209.07991014514,45068.95042862137,718.2388468390636,0.015936444936222448,10163.741776629588,875.9673164232881,-3154.5693916844148,0.0
2025-02-12,12,F,0.02,True,28892.357846044026,28074.06671503274,35547.54328790635,818.2911310112868,0.02301962541781834,7032.842212139143,458.32447613425757,7480.715289876052,-20.402506776650625
2025-02-13,6,F,0.46,True,39083.599276417866,38535.79193686007,45426.14514056681,547.8073395577958,0.012059296201838368,9874.074074074075,685.2527372183467,-2662.7913687473083,-6.244155621647224
2025-02-13,12,F,0.11,True,31112.736507191607,30374.74360437884,36940.16098356378,737.9929028127663,0.019978064068024232,7050.0,530.8912160675318,4479.87140642837,-24.49599004634183
2025-02-14,6,F,0.42,True,10999.489318888422,10587.421702676069,17063.687833069198,412.06761621235273,0.024148801844216302,9521.681918239725,316.4637361420282,1912.0776014065086,0.0
2025-02-14,12,F,0.09,True,9518.935421746743,9382.465873753876,16053.333784545075,136.46954799286686,0.008501009810451293,5684.104290444326,132.90658206947955,71.25931846777166,0.0
2025-02-15,6,F,0.42,True,11548.852850650246,11167.852676058186,18110.518109860564,381.0001745920599,0.021037508274521326,9486.017671168074,335.06035564578997,918.7963789254318,0.0
2025-02-15,12,F,0.1,True,8806.407503111366,8224.22183595703,16153.600013846273,582.1856671543355,0.036040614268974556,5126.669357910744,638.5840077470293,-1127.9668118539093,0.0
2025-02-16,6,F,0.42,True,42074.063717855934,41775.48647490161,47118.71879473004,298.57724295432126,0.006336701221759778,9874.074074074075,278.3350105720092,887.3160262953461,-34.9831149253896
2025-02-16,12,F,0.11,True,25485.59009216937,24938.012853890643,32867.055459264906,547.5772382787254,0.0166603679772101,6616.387390529284,533.540808901158,-201.7427910979951,34.9831149253896
2025-02-17,6,F,0.41,True,37330.18499874968,36839.46790776634,44051.48809966636,490.71709098334395,0.011139625745970215,9874.074074074075,578.9119590192713,-1763.897360718578,0.0
2025-02-17,12,F,0.12,True,26350.245150141804,26101.048521474702,33392.753793876065,249.19662866710132,0.007462595933396837,7023.152501541481,306.639297413436,-1148.8533749267735,0.0
2025-02-18,6,F,0.39,True,39067.462710689506,38816.20624615463,44571.94895943917,251.2564645348757,0.005637098453189047,9874.074074074075,223.30760468635708,869.1772168196185,-22.492034604461878
2025-02-18,12,F,0.13,True,28458.881991682836,28046.472779641044,34753.02143051683,412.40921204179176,0.011866859198597705,6450.0,378.03299997813156,558.2484000751974,9.373554183388478
2025-02-19,6,F,0.42,True,35919.253689833145,35485.45212033159,42774.79174121646,433.8015695015565,0.010141523823798277,9874.074074074075,463.0018187326132,-584.0049846212241,0.0
2025-02-19,12,F,0.14,True,29400.56387290609,29045.89757308088,35502.05123380602,354.6662998252068,0.009990022759233807,7037.368465717678,304.5427078132052,1205.9474187973246,-14.753641074232291
2025-02-20,6,F,0.42,True,36484.39299565711,35799.42092828597,43188.169495706265,684.9720673711417,0.015860178270330285,9874.074074074075,645.0634627229228,1001.4875206523648,-14.742028828384719
2025-02-20,12,F,0.15,True,26094.257911217806,25691.763042461193,33160.26200330182,402.49486875661387,0.01213786756921694,7027.378276721551,425.0514344851399,-654.446742258564,14.742028828384719
2025-02-21,6,F,0.42,True,9045.717345955554,8308.210215698256,15746.31523873832,737.5071302572978,0.046836807156185885,7059.646101469715,637.6320544476985,2148.1936988664347,-10.92641383125374
2025-02-21,12,F,0.14,True,6297.45507794886,6151.787000573534,13696.918988407879,145.668077375326,0.010635098119409872,5654.253917308812,138.86932618070205,-11.45384384420231,10.689796849277627
2025-02-22,6,F,0.43,True,12067.298097212299,11398.452770954982,17800.164421702888,668.8453262573166,0.03757523303783787,6620.817804302919,529.8960533419377,2788.785812143633,-0.7106056850825553
2025-02-22,12,F,0.14,True,7249.275373203793,7027.670273496835,14457.408509484225,221.60509970695784,0.01532813433068467,6029.032614386141,232.98151203104135,-136.82306122205955,-6.576866650928423
2025-02-23,6,F,0.42,True,39103.30657217884,38626.89720121915,44824.28628250947,476.4093709596855,0.010628376053933544,9874.074074074075,343.93807154151,2776.2733177369155,-9.197467244326617
2025-02-23,12,F,0.13,True,26918.170724670166,26465.886006484194,33707.858719558404,452.28471818597245,0.01341778253993755,6993.56034005497,494.0465223639112,-951.3762540423195,8.42111078765629
2025-02-24,6,F,0.4,True,34237.08640617186,32777.17190930215,41492.46139686304,1459.9144968697074,0.03518505404888035,9874.074074074075,1390.0937563354018,1396.4148106861167,0.0
2025-02-24,12,F,0.13,True,26220.724089084353,25937.82914624129,33179.65695843726,282.8949428430642,0.008526156349278554,6464.072571802802,296.4430985928411,54.84286917415375,-23.62359445963375
2025-02-25,6,F,0.39,True,38531.534732211694,37844.04132585291,44321.17482342556,687.4934063587862,0.015511624163794,9874.074074074075,607.0634963647899,1608.5981998799907,0.0
2025-02-25,12,F,0.14,True,26661.602975646354,26282.436105780813,33481.458968949875,379.16686986554123,0.011324681825161024,7089.2961949533565,394.46001985941984,-305.8629998775559,0.0
2025-02-26,6,F,0.39,True,36376.59767566426,35901.28879998834,42266.92436400665,475.30887567592436,0.011245409568543963,9874.074074074075,458.86600895167066,343.978753759402,-1.0964263824134832
2025-02-26,12,F,0.14,True,27741.793203298737,27138.88042201871,34335.71346160163,602.9127812800289,0.017559349158545352,6856.49628719857,475.00368548189726,2543.0604966882165,1.0964263824134832
2025-02-27,6,F,0.38,True,31989.289434395563,31425.318762213432,39225.160782372746,563.9706721821312,0.014377778470077604,9874.074074074075,493.2184680184946,1568.712738471872,-11.142232395868632
2025-02-27,12,F,0.15,True,27163.909993816826,27011.69320261023,33451.73441067297,152.2167912065961,0.004550340778684122,6558.320001321442,152.20816119305528,322.46238421646194,-23.36864122928273
2025-02-28,6,F,0.37,True,11315.915227913885,10103.813737915478,17149.89605922302,1212.1014899984075,0.07067690007057231,6426.809929434605,945.2859806037013,5336.310187894072,0.0
2025-02-28,12,F,0.14,True,7283.700203095172,7200.431483624918,14332.526779377666,83.26871947025393,0.00580977246734086,5976.119405070616,83.07345297844586,3.9053298361668567,0.0
2025-03-01,6,F,0.38,True,9490.960867263037,9044.485538286213,15946.223649289695,446.4753289768232,0.027998812684200056,6415.954808857532,342.852721309735,2706.1236244297033,-45.94635636226121
2025-03-01,12,F,0.13,True,9379.831013036766,9218.205622183255,15823.102228185173,161.6253908535109,0.01021451979028568,5047.882713313879,136.6011079791988,347.0892043550775,11.122495523071848
2025-03-02,6,F,0.36,True,37658.7468613915,36612.86118053188,44639.52713310224,1045.8856808596174,0.023429586916122274,9874.074074074075,979.5872300643168,1325.9690159060428,0.0
2025-03-02,12,F,0.12,True,29181.242746749158,28825.608860610337,35855.34083704965,355.63388613882125,0.009918574969209093,7282.0654983270715,320.61260808227235,700.4255611310073,0.0
2025-03-03,6,F,0.32,True,38952.074487493526,38064.83543586314,45177.42226173138,887.2390516303858,0.01963899238186378,9874.074074074075,794.1879423608552,1861.0221853905605,0.0
2025-03-03,12,F,0.09,True,30080.883366192968,29581.310958503804,36335.37756433163,499.5724076891638,0.013748925735109618,6543.1183214557495,433.6854156541376,1317.739840700502,0.0
2025-03-04,6,F,0.31,True,35700.69136486351,35127.925892184074,42512.62530215849,572.7654726794353,0.013472832331772142,9874.074074074075,510.27298714925564,1249.8497106036484,0.0
2025-03-04,12,F,0.07,True,25327.24901206004,25052.914179574924,32735.394037031645,274.33483248511766,0.00838037361562774,6345.756766605848,272.725869160673,32.179266488768576,0.0
2025-03-05,6,F,0.31,True,35285.59387300633,34999.544548607504,41888.75591668424,286.04932439882396,0.00682878538975398,9874.074074074075,275.9258517723647,202.46945252910518,0.0
2025-03-05,12,F,0.1,True,24962.28912591093,24442.84726865605,32352.29047327828,519.441857254882,0.01605579851243981,7057.580130504164,520.1610289873533,-14.383434649417495,0.0
2025-03-06,6,F,0.31,True,32765.503602349963,31830.959775074,40180.40325442101,934.5438272759638,0.02325869706579256,9874.074074074075,947.8339956182608,-265.80336684585086,0.0
2025-03-06,12,F,0.1,True,26941.746797853382,26263.97930874944,33895.9308579283,677.7674891039424,0.019995541410110344,6622.278739054473,551.2653427232945,2530.0429276130217,0.0
2025-03-07,6,F,0.32,True,6417.174312634999,6228.127529726224,13811.543024020539,189.04678290877564,0.013687593238495676,5785.605963965309,186.79988823075655,244.20693389272515,-14.448632701351016
2025-03-07,12,F,0.11,True,6396.978453649794,6236.622430508682,13769.833200987176,160.35602314111202,0.011645458648665105,4878.322635250402,136.1196908536549,285.4576054168356,14.448632701351016
2025-03-08,6,F,0.32,True,7292.291794621753,7196.977678826008,14332.485310358668,95.31411579574524,0.006650215488227841,5148.3555598304565,77.12745488608016,383.9520697456901,-1.4660318493843079
2025-03-08,12,F,0.09,True,6164.701052386123,6044.640816562331,13561.163100679385,120.06023582379203,0.008853240310764883,5177.6327167090985,119.42015194626038,-7.417174001739227,1.4660318493843079
2025-03-09,6,F,0.32,True,30253.61440318881,29176.628224588538,37630.4013414338,1076.986178600273,0.028620108747403478,9874.074074074075,1097.4944928448458,-360.29584564038555,-3.6160140992869856
2025-03-09,12,F,0.1,True,25286.986557431104,23863.25480334172,32514.359323880664,1423.7317540893855,0.0437877843419078,6504.534789154683,1247.4247500661404,3476.2696412138966,3.6160140992869856
2025-03-10,6,F,0.33,True,31798.565799045253,30541.427885418412,38887.25434566919,1257.1379136268406,0.032327762265037516,9875.692516170113,1117.451416004049,3280.5955987302755,-35.30173521282995
2025-03-10,12,F,0.08,True,25402.330598249322,25022.55869522029,32616.76312150158,379.7719030290318,0.01164345774025256,6481.504882566931,298.3086343648429,1589.4762077233095,2.8850394306973612
2025-03-11,6,F,0.33,True,32242.9229728043,30973.006646667764,39256.21919390237,1269.9163261365356,0.032349430286801296,9886.28899874554,1041.2648137813012,4632.547133269279,-4.315460275647638
2025-03-11,12,F,0.07,True,25002.744286551653,23896.064882533363,32395.481564854555,1106.6794040182904,0.03416153582414755,7007.532142398457,1152.0823901236145,-349.4337728267419,-40.50494319200516
2025-03-12,6,F,0.33,True,29633.679067860627,28647.45378694965,37016.378616564645,986.2252809109777,0.026642943415044033,9875.96363179538,985.5924447761281,12.6567226968873,0.0
2025-03-12,12,F,0.08,True,25262.47177671722,23991.612073147146,32544.80096375222,1270.8597035700732,0.039049546039182495,6627.58860094024,1167.7742967060585,2061.708137280277,0.0
2025-03-13,6,F,0.34,True,31253.54062529791,30153.769439836913,38402.67220699311,1099.7711854609952,0.028637881747737525,9920.985822772613,993.8680986788459,2118.0617356429348,0.0
2025-03-13,12,F,0.05,True,24744.270362431656,24305.371638000026,32025.452871763024,438.8987244316304,0.013704684401781223,6901.71586866329,400.8525445981941,760.9235966687124,0.0
2025-03-14,6,F,0.32,True,6706.780883941041,6199.113627870432,14047.092775080737,507.66725607060926,0.0361403789523766,5002.526097492556,470.95095013064383,1029.0059463492482,-21.3666939212726
2025-03-14,12,F,0.05,True,6268.342815068691,6055.3028304126055,13629.4181377547,213.03998465608584,0.0156308935937585,4156.806946962308,191.23737758398784,141.37231389199587,21.3666939212726
2025-03-15,6,F,0.34,True,8050.019373175097,6203.30068420766,15232.08825878143,1846.7186889674367,0.12123870723390717,4591.466724208284,1662.7816635189902,3927.7399884712972,-18.0544956514932
2025-03-15,12,F,0.05,True,6149.373993047992,5925.867821940609,13516.156699260377,223.50617110738312,0.016536222247231988,6038.981649386388,221.24277319219436,-46.35660274007955,6.643528903119659
2025-03-16,6,F,0.34,True,30919.609041445117,30159.519319859788,38092.89641113356,760.0897215853292,0.01995358172247503,9902.921079395586,635.4358038354258,2658.057230391311,-11.962315721826599
2025-03-16,12,F,0.05,True,24643.5169181694,24343.548654074315,32016.215147075443,299.96826409508503,0.009369260629874483,7121.196302218154,306.69408839348034,-299.4953613612722,11.962315721826599
2025-03-17,6,F,0.34,True,27210.906630709316,26095.56821030152,34580.2584074315,1115.3384204077956,0.03225361728841514,9874.074074074075,1113.6941864182882,74.06341193818184,-2.985794355830876
2025-03-17,12,F,0.05,True,23706.76508055868,22947.76874183545,31024.10085139787,758.996338723231,0.024464732833313765,6801.970870224324,696.184475618662,1261.0490413883135,-0.3488932931322779
2025-03-18,6,F,0.35,True,30188.22309567801,28932.90075157259,37403.22141282774,1255.3223441054215,0.033561877739089564,9899.234225605942,1111.5537653888023,2875.371574332327,0.0
2025-03-18,12,F,0.06,True,23478.723905093007,22903.31301817896,30864.471300763755,575.4108869140473,0.01864314736859946,6883.863487654809,585.3246007019188,-198.27427575743377,0.0
2025-03-19,6,F,0.35,True,29998.320726209262,28217.089789334495,37080.36552467741,1781.2309368747665,0.04803703824573512,9887.052247118372,1566.4317433426477,4295.983870642278,0.0
2025-03-19,12,F,0.07,True,23267.257611860143,22687.062700016257,30646.76989305354,580.1949118438861,0.018931682323082087,7088.644870770842,608.2715983534727,-561.5337301917357,0.0
2025-03-20,6,F,0.37,True,27941.68959389087,26815.531859520503,35244.02036030877,1126.1577343703684,0.03195315752452091,9877.908226632453,1082.3198769305527,1427.808438659848,-39.95571852790454
2025-03-20,12,F,0.06,True,24539.100423304306,23513.84768667264,31744.046787448948,1025.2527366316644,0.032297480642481655,6384.872609192261,875.0737504878416,2690.333964284505,22.71287553552611
2025-03-21,6,F,0.38,True,5456.629507863379,5197.534975374341,12865.189405038938,259.0945324890381,0.020139193006171986,4349.548443827316,243.21240195637984,317.64261065318306,0.0
2025-03-21,12,F,0.06,True,5667.356575854888,5438.577074454068,13025.48031505362,228.77950140082066,0.01756399732426135,2432.046238851196,190.4844749101885,765.9005298126452,0.0
2025-03-22,6,F,0.36,True,5858.594850382167,5776.069500255442,13253.37017640507,82.52535012672524,0.006226744520698957,4269.1500446441105,82.59111745255359,26.038546367922436,-1.9833806123660906
2025-03-22,12,F,0.07,True,6865.77383600684,6268.357224904388,14127.99162586904,597.4166111024515,0.042286025283915986,2317.428208272347,518.7536404380953,1735.508145234074,-11.764358026977789
2025-03-23,6,F,0.37,True,28183.1777693747,27592.291424344097,35485.21634104783,590.8863450306017,0.016651620194494593,9874.074074074075,542.0409129235923,976.9086421402362,0.0
2025-03-23,12,F,0.08,True,23044.99318380207,22550.30333607797,30450.528333612478,494.6898477241011,0.016245690133988355,6286.619190105055,518.6879547310782,-445.4764448343602,-2.50049452782514
2025-03-24,6,F,0.36,True,26951.421736083605,26460.59494283192,34181.4830676037,490.82679325168283,0.014359435261510796,9883.882603143344,414.9437080974749,1517.6617030840907,0.0
2025-03-24,12,F,0.05,True,23082.440113138226,22755.79127856622,30383.139692889647,326.6488345720063,0.01075099011733964,6797.833716575162,298.4555663499814,563.865364440433,0.0
2025-03-25,6,F,0.35,True,27366.626189798168,26404.511736602944,34764.99172546531,962.1144531952232,0.02767480748429103,9897.27196225123,986.1724553631066,-481.1600433577373,0.0
2025-03-25,12,F,0.06,True,22965.733086811946,22208.423228414184,30252.153793727553,757.3098583977626,0.02503325427873444,6550.646224847578,661.3208762211179,1919.7796435329278,0.0
2025-03-26,6,F,0.35,True,26404.90413075318,25986.222757435902,33730.780777368804,418.6813733172785,0.012412442394401582,9874.074074074075,400.82284889488074,690.210378841351,-24.148111734602935
2025-03-26,12,F,0.07,True,22502.513710623152,21853.100365817758,29868.20909343709,649.4133448053944,0.02174262751321402,6889.593640073308,640.4022968261197,126.32127708557937,3.9081671385665686
2025-03-27,6,F,0.34,True,29125.6226544663,27238.65163505829,36154.13817685181,1886.9710194080108,0.05219239386035677,9874.074074074075,1579.705623168411,6145.307924791963,0.0
2025-03-27,12,F,0.06,True,22981.897554630137,21631.341443380443,30384.143996907966,1350.5561112496944,0.04444937173109545,7382.894347325146,1376.2705518871517,-514.2888127490348,0.0
2025-03-28,6,F,0.37,True,5130.240945827309,5026.724840863912,12529.321345875867,103.51610496339708,0.008261908375226588,4297.925708675188,89.1899228970542,286.523641326845,0.0
2025-03-28,12,F,0.07,True,5227.600841383404,5060.700391703522,12597.494323289968,166.9004496798825,0.013248702114619784,1531.592131309389,151.7744115600999,302.5207623956519,0.0
2025-03-29,6,F,0.38,True,5600.600248806315,5356.240300247077,12935.734622613898,244.35994855923764,0.01889030315541989,4025.916790293019,207.1755387822068,840.6437980695271,-7.030072945311986
2025-03-29,12,F,0.07,True,5156.511689327947,5066.576253891477,12524.265524221519,89.93543543647047,0.007180894980431251,1200.0,96.67122917191591,-164.62362171864538,2.1685558918125025
2025-03-30,6,F,0.36,True,24286.84781885236,23736.452801248477,31603.4336157045,550.3950176038816,0.017415671483568707,9874.074074074075,538.4058877222997,361.62435435749194,-8.834522350698535
2025-03-30,12,F,0.05,True,20995.395695344905,20727.527994436674,28367.250914665554,267.8677009082312,0.009442850197716783,6311.855924381329,269.34127114693183,184.28367083517105,-15.498988555253163
2025-03-31,6,F,0.36,True,34485.34042916639,27197.366521572047,41050.63528885798,7287.9739075943435,0.17753620269970477,9925.669086034935,6591.659405895109,13926.290033984595,0.0
2025-03-31,12,F,0.05,True,23347.001990476005,21581.52534140121,30736.044934151778,1765.4766490747934,0.057439942349678086,7411.496576278472,1875.4357942995703,-1723.1808813834975,-34.51403381867931
2025-04-01,6,F,0.37,True,27956.24232483698,26480.169690942108,35114.473688152364,1476.0726338948734,0.042036017597863094,9887.134129151756,1327.111496471436,3218.364474115352,-17.339727996246438
2025-04-01,12,F,0.05,True,22359.951921862765,22017.422397928276,29699.256637942726,342.5295239344887,0.011533269270345474,7009.809345997806,320.5413089973954,200.62257309521146,17.339727996246438
2025-04-02,6,F,0.36,True,27175.77944242843,26714.31769414076,34333.83700181397,461.46174828767107,0.013440436274666607,9903.487815568422,418.6897330543943,855.4403046655134,0.0
2025-04-02,12,F,0.05,True,21381.114704636486,20850.184634525314,28760.353570919695,530.9300701111715,0.018460484806000717,6524.9358991325425,527.7558089194936,63.485223833632745,0.0
2025-04-03,6,F,0.33,True,25780.502992316287,25123.16727278956,33131.683514686876,657.3357195267272,0.019840094127282673,9917.296409020895,631.5433810639333,702.1116448898958,-13.505724565695346
2025-04-03,12,F,0.05,True,21995.088015614285,21486.26711821545,29306.28086793843,508.82089739883304,0.017362179107328894,6660.35928327932,456.72628702039583,1237.9835573419819,-14.218224186064617
2025-04-04,6,F,0.32,True,4387.11356335969,4258.923351004753,11780.010064459915,128.1902123549362,0.01088201212507312,3751.0464504336787,127.444398109943,203.18464157647054,-13.650993302171628
2025-04-04,12,F,0.05,True,4696.187129898696,4493.945317824173,12059.830594084333,202.2418120745233,0.016769871723880454,1200.0,198.99795023662773,320.1720428946287,-18.510958241584376
2025-04-05,6,F,0.32,True,4834.097662375254,4553.686858851134,12182.089020270043,280.41080352411973,0.0230182855385097,3442.6663387367507,264.30321431500124,497.68727593576773,-12.727756615708131
2025-04-05,12,F,0.04,True,4644.877772279179,4497.365516576189,12015.515895678682,147.51225570298993,0.01227681416126643,1200.0,142.65935618844742,238.3314283489815,-10.243477930918743
2025-04-06,6,F,0.32,True,24187.753822534825,23589.37081145477,31516.915098101683,598.3830110800554,0.01898609077752337,9936.622410904909,582.81138717063,311.43247818855525,0.0
2025-04-06,12,F,0.04,True,22534.125494073174,21715.47063618327,29751.590027270733,818.6548578899055,0.027516339702836547,6268.729918372312,714.2298587808764,2123.455485077837,-2.534559414807518
2025-04-07,6,F,0.32,True,25446.248894432574,23021.123754531218,32393.19385364918,2425.1251399013563,0.0748652680207438,9928.92698694617,2081.388386028928,6874.735077448541,0.0
2025-04-07,12,F,0.05,True,20920.95508278114,20588.767976013958,28274.34512152781,332.18710676718183,0.011748710901680896,7365.388593968253,354.31999005419857,122.55097156612919,-40.982241829706254
2025-04-08,6,F,0.31,True,25066.432771017156,24005.812502802488,32279.472436951874,1060.6202682146686,0.0328574226324878,9969.064552706095,994.1041400509785,1948.3072220694748,-44.808934368918926
2025-04-08,12,F,0.05,True,21039.81422923505,20769.344267170738,28388.067268694253,270.4699620643114,0.009527593390007916,5984.767740500734,260.68207132298994,-318.37272057749396,37.27866232612905
2025-04-09,6,F,0.31,True,26288.873428796374,25196.167455030984,33281.13893899021,1092.7059737653908,0.03283258952671362,9930.968469514773,908.164423033486,3690.8310146381264,0.0
2025-04-09,12,F,0.04,True,22192.990157174492,21787.583663022968,29474.470941626074,405.4064941515244,0.013754496050308361,6909.917165592214,370.4787273438051,698.5553361543398,0.0
2025-04-10,6,F,0.31,True,26529.26474746904,25075.934921595235,33539.1388228229,1453.3298258738032,0.04333235368836702,9940.456112679149,1257.676987948962,3938.5227969890657,-1.8464957522792247
2025-04-10,12,F,0.04,True,21296.236751427183,20366.61368877556,28682.190298631005,929.6230626516226,0.03241116013012414,6899.8015635595675,935.8487587476593,-7.556866984879207,-8.480341581320317
2025-04-11,6,F,0.31,True,4578.361050126885,4159.645100847007,11896.048577499325,418.71594927987826,0.03519790176982421,3296.337858277728,375.7421898163393,969.4866276713972,-7.976727662997291
2025-04-11,12,F,0.04,True,3886.2380713027924,3704.6624131306944,11280.818882229938,181.57565817209797,0.016095964314977545,1200.0,167.9008875609652,163.48397382204303,7.976727662997291
2025-04-12,6,F,0.31,True,4348.194052246641,4105.923601659819,11749.117517833327,242.27045058682234,0.020620310437706797,3317.5432173860727,239.7485733273661,50.43754518912465,0.0
2025-04-12,12,F,0.05,True,4623.696613181999,4287.346709022033,11985.296325966363,336.3499041599662,0.02806354511496374,2242.3005120122994,299.0910520538273,825.9202353773674,-5.854540878624903
2025-04-13,6,F,0.31,True,22343.75508875277,21785.52782467886,29600.454349457726,558.2272640739102,0.01885873971674819,9966.551119437598,511.1902278221605,1333.0362496847988,-28.444629113464543
2025-04-13,12,F,0.05,True,20292.27211101995,19822.704776759518,27564.935810181934,469.5673342604314,0.017034951123919638,6383.684454320872,452.407080345125,418.3536774005702,-5.448887115258913
2025-04-14,6,F,0.33,True,22283.97247567869,21065.96059427056,29689.04582061126,1218.0118814081288,0.041025632442607464,9949.093527353161,1228.343905914273,-206.64049012288672,0.0
2025-04-14,12,F,0.06,True,19809.660020448726,19258.7868198109,27110.57293778993,550.8732006378268,0.020319496821476407,5320.982401421277,484.433406937791,1488.8988563239438,-11.608773656565972
2025-04-15,6,F,0.35,True,24135.267817895074,22076.452107967794,31168.466460517688,2058.8157099272794,0.06605444360040176,9969.923233631283,1759.0969694999585,5994.37480854631,0.0
2025-04-15,12,F,0.08,True,20353.828225698344,19685.46104728135,27730.636445448854,668.3671784169928,0.024102121843896054,6930.5294587192875,730.5346508265793,-1145.6464868402634,-7.084262563055745
2025-04-16,6,F,0.34,True,26129.93127558248,23540.106900609382,33035.61326518959,2589.8243749730973,0.07839492350826303,9958.827983332752,2282.351975895359,6287.472835281272,-10.007929038181828
2025-04-16,12,F,0.07,True,20720.715343444623,20179.41068685487,28076.920797839044,541.304656589753,0.019279345498293205,6959.10864322313,561.8317969522723,-352.8871034058343,-4.18050935860083
2025-04-17,6,F,0.35,True,24708.94964912383,23252.019627084366,31617.73212704898,1456.9300220394653,0.04607952323035405,9956.636977971464,1123.9585510929392,6659.429418930515,0.0
2025-04-17,12,F,0.07,True,20224.61396383521,19399.79569210543,27631.447722173827,824.8182717297823,0.02985070778857084,7079.348779842769,835.6859124862021,-217.3528151283699,0.0
2025-04-18,6,F,0.34,True,3803.581766770323,3570.6728711320593,11166.583786625753,232.90889563826386,0.020857667849787636,3195.9585857267775,199.1546770244695,675.0843722759042,0.0
2025-04-18,12,F,0.07,True,3905.796721466322,3709.347300180575,11277.162999154858,196.44942128574712,0.017420110119936157,1200.0,211.287650354152,428.3922267061082,-52.5797903842722
2025-04-19,6,F,0.35,True,3401.6742017753295,3274.4403165331787,10800.31369729202,127.23388524215079,0.011780573121135578,3174.745790550735,122.91758134909651,86.32607786110736,0.0
2025-04-19,12,F,0.08,True,5569.788454495363,3998.362400695816,12790.439389862835,1571.426053799547,0.12285942694392447,1200.0,1419.7690300953618,3033.1404740836947,0.0
2025-04-20,6,F,0.35,True,21732.071237714103,20815.285322307027,28954.668231835796,916.7859154070757,0.03166280159270018,9984.644832163345,826.1314105764795,1813.0900966119998,0.0
2025-04-20,12,F,0.08,True,20159.543655077534,19693.66801038186,27451.363520953728,465.87564469567224,0.01697094733892062,6491.250405769807,388.0343006355106,1580.220154351096,-1.696203338125997
2025-04-21,6,F,0.34,True,20394.802067419012,19560.333546296206,27787.904020088223,834.4685211228061,0.03002991951172562,9982.456242562432,871.0641836747018,-731.9132510378711,0.0
2025-04-21,12,F,0.09,True,18767.875478747606,18449.566618928155,26144.36390027799,318.30885981945175,0.012175047020978285,5882.12529030344,325.3930517888184,-141.6838393873029,0.0
2025-04-22,6,F,0.35,True,23559.92175336981,21339.328663199816,30502.2231660884,2220.593090169994,0.07280102430824757,10006.41485470505,1915.9381549678292,6256.350974832042,-11.837122788132547
2025-04-22,12,F,0.08,True,19852.64637244274,19417.59583924496,27161.237442772912,435.05053319778017,0.016017331099674872,6141.067446425421,455.6865842617881,-575.9732920687834,11.837122788132547
2025-04-23,6,F,0.34,True,21402.067328156343,20681.606367331435,28460.322937829227,720.4609608249084,0.025314574342629036,9986.341030148453,563.0697020658772,3147.8251751805974,0.0
2025-04-23,12,F,0.07,True,19837.570501337286,19303.774452966845,27086.697810332134,533.796048370441,0.0197069444237247,6282.798036450582,469.66945720691365,1286.727416038494,-0.30421473785645503
2025-04-24,6,F,0.33,True,19296.12998751057,18957.323094960615,26620.266421761502,338.8068925499538,0.012727404270942471,9992.514348720237,339.1789816374694,-7.441781750396785,0.0
2025-04-24,12,F,0.07,True,19880.584941115296,19026.000906234593,27175.413354298573,854.5840348807033,0.031446956251928594,5588.875420698063,768.238699010868,1726.906717396797,0.0
2025-04-25,6,F,0.35,True,3470.7366105824094,3291.832350836399,10851.24525956707,178.9042597460102,0.016486979647637963,2744.906852242355,161.51828009106066,347.71959309898307,0.0
2025-04-25,12,F,0.07,True,3313.5945919833885,2908.977247969209,10695.263996081803,404.61734401417925,0.0378314498980493,1200.0,358.5602698633829,921.1414830159359,0.0
2025-04-26,6,F,0.34,True,3390.1187520887306,3264.645144744598,10774.841688982186,125.47360734413269,0.011645053446347683,2675.993951119141,115.3378684229192,202.71477842429908,0.0
2025-04-26,12,F,0.07,True,4983.8722671841915,3548.6192824433874,12169.118640696797,1435.252984740804,0.11794222959918667,1200.0,1233.6122123748883,4032.8154473182994,0.0
2025-04-27,6,F,0.32,True,22144.17436062779,19759.17103957472,29192.33604564459,2385.0033210530673,0.08169963915611003,9446.167821117026,2182.6772869825218,4046.5206814109406,0.0
2025-04-27,12,F,0.07,True,19233.904830291285,18703.18220488524,26470.762468873025,530.7226254060442,0.02004938943599079,5658.010913287919,457.3918509903415,1469.2301574115572,-0.18958486156225263
2025-04-28,6,F,0.32,True,30056.797150242026,24414.680942075607,36542.23870954642,5642.116208166419,0.15439985089617547,10001.439298476724,4956.424500201574,13981.989910806578,-19.443481806600175
2025-04-28,12,F,0.06,True,20588.396786064153,19776.792785321366,27914.122661512873,811.6040007427873,0.029075031681429192,7273.305776414805,782.010200859113,452.46320560054914,10.108565902522969
2025-04-29,6,F,0.32,True,20054.563046333067,19513.441990455292,27367.565940484554,541.1210558777748,0.019772348664639557,10014.058218862645,539.7392678371652,27.63576081218889,0.0
2025-04-29,12,F,0.07,True,20245.9783112211,19573.246726476253,27470.175201338483,672.7315847448481,0.024489526543393477,6108.360284970003,549.7434214792556,2487.507896752769,-2.0117123485761113
2025-04-30,6,F,0.31,True,19367.2681910202,18909.694302928736,26572.494573720767,457.57388809146505,0.017219831838595576,9320.278477611804,393.14828140034297,1495.1233146808554,-14.980997847109393
2025-04-30,12,F,0.06,True,17988.68953886493,17614.01916766941,25357.28697252079,374.6703711955197,0.014775648972287251,6781.668494929682,367.245317924986,107.8150898960389,2.950065475934025
2025-05-01,6,F,0.3,True,22184.480259107855,19606.554464988272,29288.05269403877,2577.925794119583,0.08801970622800363,9601.769991855886,2428.527892529477,2987.958031802091,0.0
2025-05-01,12,F,0.07,True,19492.885428954192,18838.69203258222,26797.86998229885,654.1933963719712,0.024412141592003177,5005.799940547187,594.5360579019034,1193.146769401399,0.0
2025-05-02,6,F,0.29,True,5864.78098983422,4045.9817820429635,13053.759346708819,1818.7992077912568,0.1393314492387836,2871.7269621459745,1633.782058264398,3700.3429905371613,0.0
2025-05-02,12,F,0.07,True,4299.182795698174,4080.7175053596657,11667.71785012701,218.46529033850857,0.018723909263552378,3705.341171134801,187.6231432267832,616.8429422345191,0.0
2025-05-03,6,F,0.3,True,4789.688099359311,4213.9225994021035,12185.351465860158,575.7654999572078,0.04725062724455152,2838.592015652072,547.1044919056039,573.220161032057,0.0
2025-05-03,12,F,0.06,True,4638.974293537616,4485.931108655435,11961.510415778874,153.04318488218087,0.012794637095353435,3547.783326076271,111.22434575201441,836.3767826033293,0.0
2025-05-04,6,F,0.3,True,20880.56671365453,19972.194167104433,28158.92972025696,908.3725465500975,0.032258773880053854,10025.023079048446,854.9751265628765,1067.9483997445054,0.0
2025-05-04,12,F,0.07,True,19882.99587316681,19156.271208062797,27110.359859360844,726.7246651040114,0.026806160776692275,7905.311308914455,730.3015216505373,-34.71798254152054,-2.669688931910059
2025-05-05,6,F,0.3,True,22645.582857072543,21961.51880340273,29833.93636216102,684.064053669812,0.02292905788112574,10012.784287169516,658.8059804628392,505.1614641394999,0.0
2025-05-05,12,F,0.08,True,21093.522946598903,20617.818461007017,28214.505366465623,475.7044855918866,0.01686028088790405,6473.547884186024,411.37416652718457,1286.6063812940783,0.0
2025-05-06,6,F,0.3,True,23567.003535017007,21986.185909781812,30612.79793963208,1580.817625235195,0.05163910951075235,9746.584354098064,1519.8955619692824,1379.8221641330865,-11.701433037966126
2025-05-06,12,F,0.08,True,20495.937099700393,20077.974681622723,27635.70140950297,417.96241807767,0.015124002531520589,6405.0866215887145,385.66623669860564,488.4531873121932,11.417892859692074
2025-05-07,6,F,0.29,True,24381.06732946851,23194.703829899576,31389.455962304826,1186.3634995689354,0.03779496850769326,10044.779221118592,1107.329974150376,1580.6705083711313,0.0
2025-05-07,12,F,0.07,True,22016.138923334373,21661.207928376527,29114.366479051227,354.93099495784554,0.012190922828880046,6218.504318557603,359.55607282731944,-92.50155738962076,0.0
2025-05-08,6,F,0.29,True,25540.132766860894,24781.622913301286,32573.207245201826,758.509853559608,0.02328631159497933,10038.970164964436,686.6992594952244,2222.085034897478,-56.982221259377184
2025-05-08,12,F,0.08,True,23012.165756693434,22579.21328016038,30124.440889146146,432.9524765330534,0.014372133183359644,6699.721851897,445.1429608066828,-1029.6828390823848,56.982221259377184
2025-05-09,6,F,0.29,True,6392.408881631369,6300.612632048595,13666.410766979945,91.79624958277418,0.0067169245201210695,2757.934084319319,85.95257590309848,116.87347359351133,0.0
2025-05-09,12,F,0.08,True,7896.5149045762555,7107.247379914441,14984.116951074844,789.2675246618146,0.05267360947854846,1200.0,727.9411952502323,1226.5265882316398,0.0
2025-05-10,6,F,0.29,True,9593.013408578454,8091.321842267501,16575.616498915486,1501.691566310953,0.09059642315018607,2764.2562116332992,1247.2124401767596,5476.788919840464,-28.075625811210557
2025-05-10,12,F,0.08,True,7123.553937587033,6203.767889833945,14407.773682553772,919.7860477530876,0.06383956800118586,3835.8455862492265,1017.3633081692187,-2338.751605479222,28.075625811210557
2025-05-11,6,F,0.3,True,26391.77524160721,25569.843565102456,33501.00874998888,821.9316765047552,0.024534535143065743,10084.941852578046,728.9891780389153,1858.8499693168087,0.0
2025-05-11,12,F,0.08,True,22992.816827010633,22466.6875089093,30194.28015541392,526.1293181013316,0.017424800836227095,7299.135998176712,521.9806961096365,82.97243983387943,0.0
2025-05-12,6,F,0.3,True,26490.452673021464,24180.458428192927,33478.98827443177,2309.9942448285365,0.06899832891881925,10066.087763308467,2126.9470590749916,3660.9437150708645,0.0
2025-05-12,12,F,0.08,True,23284.752972027767,22572.402664363573,30411.758534388115,712.3503076641937,0.023423515837096467,7511.097300321556,685.9855923141586,527.2943070007368,0.0
2025-05-13,6,F,0.29,True,26181.13144816905,25256.858209962844,33277.070675066934,924.2732382062059,0.027775078138074324,10103.124083614357,858.2765675990304,1536.9080844834216,-15.732435610207176
2025-05-13,12,F,0.08,True,23090.151384144367,22755.712923918763,30304.339435827194,334.4384602256032,0.011035992417317453,6797.36662049689,349.44800267498067,-343.4593204630264,3.137317522357989
2025-05-14,6,F,0.29,True,26979.64950238912,25278.153120522977,33995.50467765796,1701.4963818661417,0.05005062869339824,10041.869531630668,1590.485824988271,2220.211137557426,0.0
2025-05-14,12,F,0.08,True,23269.384063447425,22448.716167669667,30418.840202335,820.6678957777585,0.026978934447170762,7179.029945557975,832.5485366354296,-159.53769625227324,-5.661083844894165
2025-05-15,6,F,0.31,True,29411.604862846587,27310.881135677242,36278.90632692088,2100.723727169345,0.05790482514106265,10064.74315474478,1876.4062083591634,4486.350376203582,0.0
2025-05-15,12,F,0.07,True,25305.963088915814,24162.738934837107,32373.99849231682,1143.2241540787072,0.03531303537775921,7326.563648854033,1091.830607294829,1027.870935677507,0.0
2025-05-16,6,F,0.33,True,7053.575034312826,6853.428903652975,14409.671615295032,200.14613065985031,0.01388970796859845,2288.064378446053,217.1990666028014,-341.05871885901433,0.0
2025-05-16,12,F,0.07,True,6907.5131751018325,6662.149199406291,14222.338492939089,245.36397569554174,0.017252013500969384,1200.0,168.6658913281044,1533.961687348739,0.0
2025-05-17,6,F,0.32,True,7683.995103041701,7394.684630995315,14821.940823437883,289.31047204638617,0.019519068082426868,2151.0013615734665,282.60829232696415,378.16448185564605,-17.700757889228043
2025-05-17,12,F,0.08,True,7121.183405941886,6914.044313915156,14328.226551754286,207.1390920267304,0.014456715300985325,2668.7137210522333,166.28519464203055,572.9570602268068,17.700757889228043
2025-05-18,6,F,0.32,True,25741.134120611307,25231.131245964345,32882.16866116667,510.0028746469616,0.015510013341950499,10086.205189387989,497.77161999788586,759.088477212942,-37.30279658424297
2025-05-18,12,F,0.08,True,23541.386632396752,23134.807398965197,30689.293093413376,406.5792334315556,0.013248243685313717,7248.141708271031,387.998285246289,65.14950021934601,22.221538803545627
2025-05-19,6,F,0.32,True,24011.8835855499,23411.8972829599,31188.222520377276,599.9863025899976,0.01923759208136943,10059.506051221984,571.2397352135886,574.9313475282324,0.0
2025-05-19,12,F,0.08,True,22589.335316329816,22180.388874190485,29713.231108807813,408.94644213933134,0.013763109122727095,6495.780506476065,404.85262549314575,157.39902562197403,-5.4760119564743945
2025-05-20,6,F,0.31,True,26511.8880057551,25343.241920156768,33314.31785405353,1168.6460855983314,0.03507939411270689,9826.925817055502,970.6404029782861,4512.30141091843,-40.03812178598855
2025-05-20,12,F,0.07,True,23235.39847129372,22749.882403437572,30414.722098671864,485.51606785614786,0.015963192636810224,7157.687427651899,489.77649957081667,-557.7062957563248,34.25993898169145
2025-05-21,6,F,0.3,True,27264.992811220844,25053.963343521187,34203.25483456964,2211.0294676996564,0.06464383224326775,10072.522190678923,2003.7608879256222,4145.371595480591,0.0
2025-05-21,12,F,0.07,True,23655.106263066475,22839.720696786877,30827.808512264535,815.3855662795977,0.026449676627360804,6376.112777239427,821.9571885826554,-131.43244606111512,0.0
2025-05-22,6,F,0.31,True,23704.516189276736,23135.563388200964,30792.587143020155,568.9528010757713,0.018476940519261874,10090.28555693179,542.1111322152356,536.8333772107999,0.0
2025-05-22,12,F,0.07,True,22943.6451902848,22594.855702277026,30134.790113154108,348.7894880077729,0.011574312835698933,6333.439817917577,333.2599830454092,310.590099247268,0.0
2025-05-23,6,F,0.31,True,7121.117766136022,6982.145055413093,14370.080860187096,138.97271072292824,0.00967097625093801,2208.3117839910865,129.10589094722673,197.33639551402803,0.0
2025-05-23,12,F,0.06,True,9084.325528780852,7346.592806012046,16208.29366529428,1737.7327227688056,0.10721256405229718,2128.452774449534,1654.143846292929,1671.7775295175506,0.0
2025-05-24,6,F,0.32,True,7214.716597043405,6955.928577682573,14452.025519967361,258.78801936083255,0.017906695431950566,1922.2091102694553,241.2008886507374,351.7426142018967,0.0
2025-05-24,12,F,0.07,True,7661.9710766656535,7438.258996244747,14790.631412227995,223.7120804209062,0.015125255588206644,1200.0,186.7356229829711,739.5291487586783,0.0
2025-05-25,6,F,0.31,True,23444.423982153574,22847.35749000768,30474.889735280456,597.0664921458956,0.019592080474525167,10107.22298292775,533.5508868315774,1413.694333265661,-10.396382348564657
2025-05-25,12,F,0.07,True,21831.276664090412,21249.905438005757,29012.43431646649,581.3712260846551,0.020038691677612457,6669.784190005244,605.6419713026226,-308.02423986802296,-12.862271788977523
2025-05-26,6,F,0.31,True,26039.450560945683,23955.35013884156,32934.36003701049,2084.100422104122,0.06328042870005922,9718.507064027764,1869.9176510894467,4283.655420293469,0.0
2025-05-26,12,F,0.07,True,26547.34489598721,24688.682797769896,33427.302777657744,1858.6620982173154,0.05560311313719318,5141.029732035526,1706.7731746027384,3868.7304327161346,-60.25080287745368
2025-05-27,6,F,0.3,True,25779.517915310025,24432.660492128613,32745.973550701492,1346.8574231814127,0.041130474288572805,9616.741049396744,1246.3184878812317,2010.7787060034616,0.0
2025-05-27,12,F,0.04,True,22887.506581509173,21964.225648965134,30084.723429184858,923.2809325440394,0.03068936082185734,7270.582303454089,876.5952494008561,933.7136628636467,0.0
2025-05-28,6,F,0.31,True,23866.691822720677,23416.951047005292,30976.715089775073,449.7407757153851,0.014518672312799154,10104.509595706075,408.24001268961365,863.3139299175,-2.4144254563161667
2025-05-28,12,F,0.04,True,22233.86378299461,21922.808956515313,29304.494625216084,311.054826479296,0.010614577403823848,5650.081500117905,323.9802097475804,-253.7358949845484,-0.3459923200243793
2025-05-29,6,F,0.3,True,27004.268009844214,25727.498498425044,33889.788571911595,1276.7695114191702,0.037674165736087756,10115.65491807571,1110.9897599423275,3815.749218330533,-36.26526306278902
2025-05-29,12,F,0.04,True,23308.573085804084,22266.01589820465,30358.857694075195,1042.5571875994356,0.034341120410564724,6673.890104652417,1031.0370996566526,297.1126603889006,-4.837085137873146
2025-05-30,6,F,0.31,True,7336.978976501136,7142.82457597346,14517.250432134677,194.15440052767553,0.013374047753416503,2098.2520919847766,203.71609923345932,-191.23397411569204,0.0
2025-05-30,12,F,0.04,True,6986.885839411432,6865.54783029524,14182.932334841998,121.33800911619255,0.008555213142920511,1200.0,125.44582736106531,-82.15636489746157,0.0
2025-05-31,6,F,0.3,True,7021.009329119794,6698.8654851293195,14238.280062895039,322.1438439904741,0.02262519367279346,2481.3776175872686,291.42101293629094,642.1191304680551,-2.0057578288433433
2025-05-31,12,F,0.03,True,6885.8755056502105,6704.625126829547,14058.313434912347,181.25037882066317,0.01289275414578159,2070.0285280558587,160.5079027279371,387.18701247015724,2.0057578288433433
2025-06-01,6,F,0.3,True,30797.094808658738,28929.709100434553,37711.66822031834,1867.3857082241848,0.04951745166282706,10121.173363582187,1777.9907661060352,2083.9907641747504,-21.469082286741468
2025-06-01,12,F,0.03,True,24823.12054408269,24362.583050073434,31958.397579502955,460.53749400925517,0.014410531468718835,6717.779585084223,455.53596439724424,174.08053312555785,-5.369225423199168
2025-06-02,6,F,0.28,True,31264.826040874184,29748.782606884648,38202.115797409395,1516.0434339895364,0.03968480285304889,10084.257146304912,1455.4365200523825,1212.138278743052,0.0
2025-06-02,12,F,0.03,True,27463.60850039898,26732.895141391826,34381.124818125834,730.7133590071535,0.021253329054025574,7414.9936251621575,698.5983208490725,698.4893995362327,-4.0741349866129895
2025-06-03,6,F,0.28,True,34417.026486964285,32102.641910666774,40820.62288280025,2314.3845762975106,0.056696454214878615,10069.811909740929,1943.928458706927,7409.1223518116,0.0
2025-06-03,12,F,0.03,True,26208.98280032476,25084.31529410443,33273.49459927792,1124.6675062203285,0.03380070292480596,6662.069819668175,1203.917523634438,-1585.0003482821721,0.0
2025-06-04,6,F,0.29,True,33644.069459051105,30803.893575486843,40726.91038785341,2840.1758835642613,0.06973708185856714,10078.121348729801,2899.218833959385,-976.7136811896007,-14.80220328481846
2025-06-04,12,F,0.03,True,37243.94183295933,29094.149279045207,43427.9963647105,8149.792553914125,0.18766218191306264,6845.92950889684,7377.521839360765,15307.422026805707,10.005566035828451
2025-06-05,6,F,0.29,True,33614.36177560405,33188.423959892934,40033.84536978103,425.9378157111132,0.010639442995716474,10076.606646726083,292.31599429019843,2672.43642841827,0.0
2025-06-05,12,F,0.04,True,28184.139968187534,27771.78527170419,35168.46123964822,412.354696483344,0.011725127627092867,6974.941957946863,434.04563614266954,38.50409664612744,-34.247266611278974
2025-06-06,6,F,0.29,True,10923.892371714768,10249.938519371828,17714.896760100615,673.9538523429401,0.038044469661313016,2885.7409772533383,506.8780399390416,3341.5162480779654,0.0
2025-06-06,12,F,0.04,True,10023.549138543445,9821.153249911098,17195.619539108873,202.39588863234712,0.01177020043808412,7493.984522308409,193.9797752437771,360.69787730148164,-13.948802674833132
2025-06-07,6,F,0.27,True,10307.342839265943,9793.017125084405,17468.639205255997,514.3257141815375,0.0294428036516311,5910.9391303594175,395.2182631195865,2382.1490212390054,0.0
2025-06-07,12,F,0.02,True,11151.979565966883,10638.971677697684,18091.7642557553,513.0078882691996,0.028355879560281304,7909.44625028767,408.9254696419557,2081.648372544888,0.0
2025-06-08,6,F,0.27,True,37283.738996895,34979.67392019627,44059.641987227056,2304.065076698731,0.052294230565166244,10061.06442908443,2125.9484326377933,3562.3328812187683,0.0
2025-06-08,12,F,0.02,True,30226.84056056448,29667.79817976735,37502.69505541688,559.042380797131,0.014906725502555132,7760.414679423767,559.7395981805676,-13.944347668622413,0.0
2025-06-09,6,F,0.25,True,38205.794776556584,37307.34206697424,44970.20195693319,898.4527095823432,0.019978845335023587,10059.291332435083,889.2165577477499,2471.277999494703,-165.79390734202934
2025-06-09,12,F,0.03,True,32627.314529551993,32366.83957854134,39511.66592911193,260.47495101065215,0.006592355571085551,7063.404123583008,254.40720148508262,-1335.1052555975402,105.60526163549548
2025-06-10,6,F,0.24,True,38229.03499980373,37486.16367177285,45192.00391183814,742.8713280308802,0.016438114350496497,10028.02729715326,623.9812739196714,3647.0860561383315,-92.03352588463349
2025-06-10,12,F,0.03,True,34360.07660278819,33644.4652109673,41311.02906426474,715.6113918208939,0.01732252640590643,6618.717186935171,712.3485080700339,-1204.027298896839,92.03352588463349
2025-06-11,6,F,0.24,True,43455.63537849408,40857.78965135081,49960.85618896411,2597.845727143271,0.051997622244854776,10069.993302196726,2213.6095697978963,7684.723146907432,0.0
2025-06-11,12,F,0.03,True,36321.75000372922,35202.50603968483,43066.460750801365,1119.2439640443918,0.025988761196810567,6450.0,1016.4135887346565,2199.8198805027023,-10.384066642836842
2025-06-12,6,F,0.25,True,39908.1136763252,39383.52248862191,46929.964289558586,524.5911877032922,0.011178171465602588,10084.203221616932,499.7853752347073,496.11624937171655,0.0
2025-06-12,12,F,0.04,True,35236.62227095166,34889.949667572146,42265.76001732598,346.672603379513,0.00820220914606532,7090.336126876037,253.32261079581804,1866.9998516739088,0.0
2025-06-13,6,F,0.24,True,13624.406464172347,12830.42517922133,20869.27730694392,793.9812849510163,0.03804546143468186,4386.230609454999,716.4815688387898,1549.9943222445004,0.0
2025-06-13,12,F,0.04,True,12816.484080509448,12540.17089374377,20098.754251802,276.31318676567753,0.01374777676785137,6784.688846180037,194.47080482836463,1636.8476387463108,0.0
2025-06-14,6,F,0.22,True,14160.567861840535,13747.171100627846,21220.55119783243,413.39676121268894,0.019480962457512192,4938.885623466926,408.50050733751414,979.9596063482641,-63.9547062400361
2025-06-14,12,F,0.05,True,13083.911579740445,12850.852759053767,20240.757007628898,233.0588206866778,0.011514333213863302,8367.831187167822,205.76126530757028,-306.8829277741361,61.83743200410936
2025-06-15,6,F,0.21,True,40626.76178796169,39704.51189355028,47592.018594472465,922.249894411405,0.01937824706007572,10083.228751546409,814.4988547660105,2155.020792907898,0.0
2025-06-15,12,F,0.05,True,35186.57114129639,35063.119112348926,42270.24799502537,123.45202894746035,0.0029205418658056837,7055.884459947702,130.21377940099046,-135.23500907047946,0.0
2025-06-16,6,F,0.2,True,41205.11369116279,40072.12550816086,48113.550318260415,1132.9881830019294,0.02354821407914122,10040.072946290333,1086.2762086259318,934.2394875199952,0.0
2025-06-16,12,F,0.04,True,35880.19162795261,35261.019659686244,42970.44749024086,619.1719682663679,0.014409251111638755,6258.786133483365,487.5947827437776,2631.5437104519124,0.0
2025-06-17,6,F,0.2,True,45611.77964264191,43959.50974472779,51951.2709769822,1652.2698979141205,0.03180422474449535,10048.516649729943,1235.683084566699,8436.914701156278,-7.626295391590247
2025-06-17,12,F,0.04,True,36635.48686683232,34969.505957311165,43866.61150412492,1665.980909521153,0.03797833596890645,7050.0,1754.0945415637325,-1867.4510750594354,7.626295391590247
2025-06-18,6,F,0.21,True,43818.20732151227,42964.41435605904,50290.11525949868,853.7929654532345,0.016977351534146107,10085.692707866416,641.1257245193192,4253.34481867835,0.0
2025-06-18,12,F,0.03,True,36402.02267797563,35211.31914113449,43478.92522297316,1190.703536841138,0.027385762889373368,7118.559289747378,1293.2812979631053,-1481.2224662085573,-41.353782296468125
2025-06-19,6,F,0.22,True,39048.12340591447,37363.37813431043,45996.34520985721,1684.7452716040425,0.036627807359855075,10065.789869479138,1527.36409032323,3262.866703947836,-8.356064280775172
2025-06-19,12,F,0.03,True,34614.45680936182,34025.937273537835,41375.943662912956,588.5195358239871,0.014223712711391343,6998.620664758105,503.22164761186286,2132.3752332982276,-30.918748730617153
2025-06-20,6,F,0.21,True,14284.719856318769,13679.52800030971,21253.543345755552,605.191856009058,0.028474868691950046,3321.351361130566,590.107540959405,3235.475032125466,-212.72364100716368
2025-06-20,12,F,0.01,True,12903.343192355951,12314.005291554913,20020.585032173207,589.3379008010379,0.029436597374850344,7757.932176213358,502.163614110239,-1171.9494120779755,211.3928561977391
2025-06-21,6,F,0.2,True,13931.254048635312,13642.350110524112,20889.210325787026,288.90393811119975,0.013830294855835578,2905.494093320936,177.0420700794093,2595.095673270548,-25.947650020103538
2025-06-21,12,F,0.01,True,13279.357369614718,13100.778764250352,20362.043398878286,178.578605364366,0.008770171139808278,6544.88294994474,240.5360654859942,-1597.007515067372,25.947650020103538
2025-06-22,6,F,0.19,True,41096.838881007134,38657.59067649404,47506.942906195225,2439.2482045130964,0.051345088850055266,10118.330744635907,2029.6832737111763,8690.010165932707,-36.16065996166071
2025-06-22,12,F,0.0,True,34614.578105649474,33771.62472663237,41503.430953414514,842.9533790171045,0.020310450477293712,8055.234397614626,1031.4884658871233,-3948.537621854597,12.894553872059987
2025-06-23,6,F,0.19,True,37708.23727844692,37245.08851479452,44641.67497765669,463.14876365239616,0.010374807035896473,10063.41160450194,470.1867571460243,-140.75986987247052,0.0
2025-06-23,12,F,0.0,True,32939.720471893736,32494.31533947483,40170.678048079746,445.40513241890585,0.011087817135817484,7176.1455254272005,435.1436531178333,205.2295860214499,0.0
2025-06-24,6,F,0.19,True,42018.64575878817,40758.97059525091,49074.58714367069,1259.6751635372566,0.025668584023935515,10078.482120016695,1200.6594857182936,1180.3135563791202,0.0
2025-06-24,12,F,0.01,True,35886.5937741999,35339.88914330134,42842.38259170133,546.7046308985591,0.012760836298690285,6330.254437754355,458.4888190241545,1764.316237488093,0.0
2025-06-25,6,F,0.19,True,39142.37594426325,38473.929747219605,45931.13296344797,668.446197043646,0.014553226840182582,10096.329523929127,615.0443186111443,1068.0375686500356,0.0
2025-06-25,12,F,0.02,True,31964.58512519417,31782.46280497255,38854.11999576634,182.1223202216206,0.004687336123980293,7275.841135129031,169.28688682430948,256.70866794628273,0.0
2025-06-26,6,F,0.18,True,37658.74383751316,36559.54598008483,44573.41671385919,1099.1978574283276,0.024660390395573033,10062.123893146621,1019.2054958262597,1599.8472320414385,0.0
2025-06-26,12,F,0.01,True,30904.980478184247,30415.766249914195,38013.54340359578,489.21422827005154,0.012869471889952142,7465.592436250391,420.44703824930184,1375.3438004149784,0.0
2025-06-27,6,F,0.16,True,11993.8255028847,11679.303025338204,19302.058854429328,314.5224775464958,0.016294763160683293,3275.7338881794794,303.0563618599517,229.32231373088962,0.0
2025-06-27,12,F,0.01,True,12822.1436394201,12545.376487143452,19869.527033985214,276.7671522766468,0.013929226991828192,7125.427378296607,223.25204934714566,1070.3020585900622,0.0
2025-06-28,6,F,0.18,True,14252.489158697952,13357.612198628565,21085.344873378574,894.8769600693868,0.042440707773256245,2850.0389009275405,812.5127395243544,3878.1935230609597,-161.7591287535015
2025-06-28,12,F,0.01,True,11844.400483382346,11356.622061545097,18992.428702739424,487.77842183724897,0.02568278283266073,7733.237689207081,403.06353496931115,-536.6113748015969,161.7591287535015
2025-06-29,6,F,0.18,True,36562.88396046308,35284.464626447465,43266.299767156954,1278.4193340156125,0.029547692797756854,10077.754381271798,1192.536488859776,1717.65690311664,0.0
2025-06-29,12,F,0.02,True,32753.677365503732,31959.336015153982,39421.18904911165,794.3413503497504,0.020150111387054945,7257.108042627543,659.1409765009084,2704.00747697682,0.0
2025-06-30,6,F,0.18,True,38051.57592816668,36985.850934207636,44785.73414570133,1065.7249939590474,0.02379608181685549,10045.275111046,942.6028031583046,2462.4438160147674,0.0
2025-06-30,12,F,0.01,True,31548.589225985088,31044.002899085564,38543.942887477126,504.58632689952356,0.013091196413729198,6927.087503396464,520.4919601802467,-318.1126656145061,0.0
2025-07-01,6,F,0.2,True,32797.73175657439,32171.27837478825,40005.06286179882,626.4533817861375,0.015659352516212224,10075.836169577029,629.229018667982,-55.51273763696099,0.0
2025-07-01,12,A,0.02,True,29040.13213112558,28823.988594240112,36216.600517549225,216.14353688546908,0.005968079107279379,6484.705399821596,197.5092237786739,521.1433781508185,-10.764353246373503
2025-07-02,6,F,0.2,True,33743.35844472777,32482.014690240234,40595.277466707914,1261.3437544875342,0.031071194316185154,10101.059967524001,1128.702667282305,3703.986579608252,-76.21803463016477
2025-07-02,12,A,0.03,True,29257.499427407063,28753.455200639415,36260.890827659365,504.04422676764807,0.013900492107688907,7942.84756494342,454.58048038586276,-61.889907867851434,76.21803463016477
2025-07-03,6,F,0.19,True,38657.62137876202,37268.87716286744,45045.18625554397,1388.744215894585,0.03083002494464465,10083.418153350807,1180.4139389223928,5820.969111101895,-119.95486886231083
2025-07-03,12,A,0.04,True,31215.602272781503,30552.08112295537,38166.287213711585,663.5211498261342,0.017385006461612493,6931.046849696671,639.4096509872834,-1123.5342953815452,116.43102277543767
2025-07-04,6,F,0.19,True,15919.191832392471,12544.952978810046,22493.429606715992,3374.238853582425,0.150009976805625,2806.175181114698,2898.212708211282,9520.522907422852,0.0
2025-07-04,12,F,0.04,True,12045.406472666307,11735.150883757471,19140.552912298303,310.2555889088362,0.016209332631634113,6674.492993080295,248.43591732786808,1236.393431619389,0.0
2025-07-05,6,F,0.18,True,13602.410300125854,12674.009412759822,20595.952874166054,928.4008873660314,0.045076860150061064,2934.255781145443,747.5868002668067,3616.281741984488,0.0
2025-07-05,12,A,0.02,True,12997.400861684515,12890.034275135213,20099.01342699531,107.36658654930216,0.0053418834182724795,5550.383771167917,79.73731204997966,552.5854899864171,0.0
2025-07-06,6,F,0.18,True,44111.47243785859,39120.040396402546,50124.02118931213,4991.4320414560425,0.0995816361700916,10051.900016269909,4371.0954562733095,12448.426223217139,-3.0231931554026232
2025-07-06,12,A,0.04,True,38523.24229545628,37618.77775644704,44862.813548726175,904.464539009241,0.02016067356156538,6859.974103182567,516.626518009034,7810.67789433538,-3.909457191635738
2025-07-07,6,F,0.18,True,36269.132534568766,35401.56040393193,43401.33577816072,867.5721306368359,0.019989526015312016,10045.222168141496,887.3437258042686,-349.7002094143554,-3.3159212658738397
2025-07-07,12,A,0.04,True,33890.523036345134,33193.514428526265,40841.25073224549,697.0086078188688,0.017066289482377626,7640.852693068846,609.9981628081441,1694.4772062800694,3.3159212658738397
2025-07-08,6,F,0.18,True,40000.054492863106,38838.710964879545,46988.3795673628,1161.3435279835612,0.02471554751784221,9987.896821513403,1071.7912491406823,1819.3016458573993,-2.0487957481145713
2025-07-08,12,A,0.03,True,39588.58528248699,38147.604033353244,46130.685007059445,1440.9812491337434,0.03123693586846213,6480.1198591787315,1048.3532873062213,9973.550754123073,-153.7892055332868
2025-07-09,6,F,0.17,True,42128.17581151543,41365.19588202974,49094.53963447459,762.979929485693,0.01554103440354744,9994.594575467552,692.4241073653466,1411.1164424069775,0.0
2025-07-09,12,A,0.03,True,36791.80546345601,36305.17833280658,43863.66346350013,486.6271306494309,0.011094083171013827,7008.166375238496,545.8343080560953,-1184.143548133301,0.0
2025-07-10,6,F,0.18,True,40827.2243291096,39352.41036740822,47798.30097797096,1474.8139617013803,0.030854945291488186,9964.279778453156,1373.3896922115891,2028.4853897957964,0.0
2025-07-10,12,A,0.04,True,35299.01286913961,34783.433271144204,42577.18147094913,515.5795979954055,0.012109293762133856,6849.181541027486,533.2995363086229,-354.39876626440673,0.0
2025-07-11,6,F,0.18,True,17941.559393616844,17160.77296269612,25013.678637673605,780.7864309207253,0.031214378429919025,3625.529815132889,690.7154233662222,1930.0272206783038,-9.325062780339067
2025-07-11,12,A,0.04,True,16351.163942010364,16124.67107726311,23531.96712523719,226.4928647472534,0.009624901460292622,7025.871293433308,220.76218036507635,-13.993381944651446,9.325062780339067
2025-07-12,6,F,0.17,True,20587.915052007593,18074.043782760808,27306.227317719975,2513.8712692467852,0.09206219665561216,3574.695409354149,2086.4709932988626,9410.277533742297,-62.52176258534564
2025-07-12,12,A,0.04,True,18181.472492057528,17795.542830730185,25188.025043276226,385.92966132734364,0.01532195004031747,7091.157681187988,339.8654146353292,59.01291905647395,62.52176258534564
2025-07-13,6,F,0.17,True,41436.48763179339,39828.86929917858,48715.11735575334,1607.6183326148093,0.03300039946275418,9992.135795373139,1687.9975709221108,-1607.5847661460193,0.0
2025-07-13,12,A,0.05,True,36067.99281367389,35754.11606905141,43304.37394530319,313.87674462248106,0.007248153385589454,6500.853536513578,334.6935510483672,-416.33612851774615,0.0
2025-07-14,6,F,0.16,True,38846.406935528656,38144.612187991675,45710.774760595516,701.7947475369801,0.015352939240530107,10020.381138174322,680.52212506254,425.4524494888501,0.0
2025-07-14,12,A,0.05,True,35000.840615559195,34784.635291560815,41886.44393440866,216.20532399837975,0.0051617015838571235,7007.319165743846,167.1711484007319,980.6835119529205,0.0
2025-07-15,6,F,0.17,True,39400.086491422124,38806.9273772485,46498.782767962686,593.1591141736208,0.01275644390808232,9975.63337114535,592.7503730863682,8.174821745071313,0.0
2025-07-15,12,A,0.05,True,36496.467867423664,35763.02621950629,43413.42741166525,733.4416479173742,0.016894350242438988,7476.5759410506125,627.7660627452933,2113.5117034415725,0.0
2025-07-16,6,F,0.15,True,40543.62497700338,39746.6209789797,47669.24523617567,797.0039980236834,0.016719459141317505,9982.487408437211,788.3072495279193,173.93496991533084,0.0
2025-07-16,12,A,0.05,True,38127.27110319633,37676.80010056049,45028.54540137659,450.47100263584434,0.010004120688785846,7099.639052895892,334.26129922799737,2324.194068157003,0.0
2025-07-17,6,F,0.15,True,41602.296235419504,40551.12839055603,48268.26962987296,1051.1678448634775,0.021777616080376656,9946.003646945872,963.2536865507573,1758.2831662544286,0.0
2025-07-17,12,A,0.05,True,38119.07582264834,37808.94974985028,44763.621652236514,310.12607279805525,0.0069280827008902325,7207.778896891034,163.1235783438533,2940.0498890840136,0.0
2025-07-18,6,F,0.15,True,18763.08179022141,17857.26300940969,25934.166211472868,905.8187808117218,0.0349276230215183,3424.5581127756514,848.7959737623278,1140.4561409878734,0.0
2025-07-18,12,A,0.05,True,17651.418004360232,17233.45826936751,24883.50430201567,417.95973499272077,0.016796658939989585,6768.596457829917,407.97212466193014,199.75220661588992,0.0
2025-07-19,6,F,0.17,True,18322.655486011994,17905.27100484249,25427.307099063913,417.3844811695053,0.016414812608483854,3164.7877015859663,411.81948103766626,356.82186970384646,-17.80234035093963
2025-07-19,12,A,0.06,True,20271.32681056321,19220.42593897525,26973.95932607535,1050.9008715879572,0.03895983006736672,3420.548622032508,826.0376938162372,4619.89980213829,-8.892129362106061
2025-07-20,6,F,0.2,True,42682.5852659573,41921.43551063203,49649.74321907824,761.1497553252702,0.015330386543324425,9978.962799705025,764.6186807396807,400.6154756390697,-34.07840191475407
2025-07-20,12,A,0.06,True,37280.152514851965,36886.79607107257,44156.210080625824,393.3564437793975,0.008908292696795288,6931.96464579848,354.12895376217057,314.5558164171216,34.07840191475407
2025-07-21,6,F,0.21,True,39225.55222207413,38634.307921850545,46130.86800247234,591.2443002235887,0.01281667408018209,9977.570510851736,544.730177740923,930.2824496533249,0.0
2025-07-21,12,A,0.06,True,39088.87671300623,38001.433458552536,45603.80782113534,1087.4432544536976,0.023845448580057296,6556.311995180867,883.5397092884232,4276.907659185845,-14.417288548444049
2025-07-22,6,F,0.21,True,61274.75824509285,49873.8793421195,66521.01525277327,11400.878902973353,0.17138762629600798,9978.918824603223,10176.6261270412,28401.78416838048,-283.994812021665
2025-07-22,12,F,0.06,True,42001.88705745636,37834.63923140508,48777.947370599955,4167.24782605128,0.08543302969249204,7050.0,4494.179537511045,-9159.083209507045,190.00395026750266
2025-07-23,6,F,0.24,True,41878.38778252246,40960.69896058206,49133.8135144627,917.6888219403991,0.018677337586879436,9936.895860620843,955.880401089591,-763.8315829837848,0.0
2025-07-23,12,F,0.06,True,38584.95972204461,38101.28552314215,45601.533699749896,483.67419890245947,0.010606533589134793,6894.3107984288,381.4586187191744,2044.3116036656302,0.0
2025-07-24,6,F,0.24,True,42497.36046035414,41970.45445145644,49293.889744790846,526.9060088976985,0.010689073465811846,9978.211131189382,487.47828530598053,1751.241468312559,-69.80266877024042
2025-07-24,12,A,0.05,True,38518.181565129424,38199.294704149026,45225.96572289036,318.8868609803976,0.007050968528439812,7142.798024623251,303.2778573332762,-539.1305504732791,61.72697219789552
2025-07-25,6,F,0.24,True,20034.89655291591,16685.249563974052,26748.319722210435,3349.6469889418586,0.12522831429147616,3164.229734736092,3069.8019999453245,5596.899779930678,0.0
2025-07-25,12,A,0.05,True,17313.288880752247,17217.63633431938,24305.406565080728,95.65254643286607,0.0039354431770867344,7518.798427892425,44.14915666384695,1031.7757684044755,-0.12384199195366818
2025-07-26,6,F,0.24,True,16948.573323520584,16731.01136812714,24061.791750811848,217.5619553934448,0.009041801942538391,3343.701219647481,201.2252061189356,326.73498549015494,0.0
2025-07-26,12,A,0.05,True,16837.464875403886,16719.356641379927,23935.689412321703,118.10823402395908,0.004934398670930234,7135.388038197987,86.95453619653199,623.0739565485273,0.0
2025-07-27,6,F,0.25,True,40905.614365149995,40167.52084159298,47766.51228650876,738.0935235570141,0.01545211254131029,9961.162890478638,653.6027203224803,1689.8160646907327,0.0
2025-07-27,12,F,0.05,True,33405.04335487976,32637.3346857903,40809.164073162894,767.7086690894575,0.018812163555056046,6883.422828990801,783.1224793283036,-308.27620477699895,0.0
2025-07-28,6,F,0.25,True,45573.47175878601,44020.57212096643,51779.15075840561,1552.8996378195734,0.029990828645784274,9955.246181432849,1090.7758824842895,12222.244217314446,-216.05759400566603
2025-07-28,12,F,0.05,True,38831.46892537656,37865.68321526595,45477.41491319985,965.7857101106129,0.021236600891980185,7050.0,1164.5872482628183,-5806.70429191181,132.73878054807028
2025-07-29,6,F,0.24,True,46906.02010687382,43638.93351703748,53357.337161892785,3267.0865898363336,0.06123031552199817,9968.604742179012,2986.0546769182038,5620.63825836264,0.0
2025-07-29,12,F,0.05,True,39379.17644468973,38805.49297863421,45897.9653708279,573.6834660555178,0.012499104511942983,6541.184030371927,441.61924086989893,2641.2845037124935,0.0
2025-07-30,6,F,0.24,True,47356.900516255584,43868.93803846572,53347.483403929735,3487.9624777898644,0.06538194972347901,9962.088091807549,2780.25025672841,14834.280021022021,-49.30813431361821
2025-07-30,12,F,0.05,True,37648.95655688983,36932.97383019199,44500.7940080605,715.9827266978391,0.01608921239850579,6450.0,721.9345760683136,-799.072587202425,49.30813431361821
2025-07-31,6,F,0.23,True,39450.36269215571,38838.16110134438,46169.87978236799,612.2015908113244,0.013259761422318467,9922.356364950938,543.3527526802063,1376.9767626224475,0.0
2025-07-31,12,F,0.06,True,38845.9269113301,37880.385528902254,45393.265966283114,965.5413824278439,0.021270586327606873,6890.091835326792,681.4688317147229,6938.217104317109,-91.12580457270997
2025-08-01,6,F,0.23,True,15021.956917749225,14769.422532603441,22274.03697677103,252.53438514578374,0.011337611830722235,3182.841699802998,215.0854775341504,748.9781522327039,0.0
2025-08-01,12,F,0.06,True,15751.705459944465,15319.574510939556,22767.32619310411,432.1309490049098,0.018980311756406246,2542.103121712942,351.4650970133771,1613.317039830653,0.0
2025-08-02,6,F,0.25,True,16138.7134857441,16004.196592411341,23302.716195173994,134.51689333275863,0.005772584286145027,3078.8274652102987,136.290302357982,-35.46818050447746,0.0
2025-08-02,12,F,0.06,True,15641.025972265275,15528.833629625822,22819.234528173605,112.19234263945327,0.004916569068122587,3315.768732053865,84.62146774679422,551.4174978531528,0.0
2025-08-03,6,F,0.26,True,33721.050862513315,33022.246882186446,40582.98239443686,698.8039803268694,0.017219138148473333,9984.47766101281,691.0982755003279,154.1140965306895,0.0
2025-08-03,12,F,0.07,True,31692.893214172633,31137.01834331102,38630.183824956446,555.8748708616113,0.014389651195563215,6285.20745920053,529.3695363590596,530.1066900509886,0.0
2025-08-04,6,F,0.26,True,37497.25156766977,36006.621176562156,43952.42009698446,1490.6303911076175,0.033914637415150856,9936.726876597182,1182.2220247750374,6168.167326651697,0.0
2025-08-04,12,F,0.09,True,32080.651862240367,31132.48512725204,39191.96644766981,948.1667349883282,0.024192884943763832,6860.616487743904,990.024062610617,-837.1465524457781,0.0
2025-08-05,6,F,0.27,True,36154.93558162781,34907.49476044812,42466.513873087206,1247.4408211796908,0.029374693315013217,9991.845435660112,993.0406702650071,5218.015566812846,-9.42697148030129
2025-08-05,12,F,0.08,True,30609.78454095801,30109.848661378302,37721.06068167784,499.93587957970885,0.013253494746571151,7061.971872049897,512.6095630305208,-383.48621753534826,9.42697148030129
2025-08-06,6,F,0.27,True,34650.56214257959,34198.523484008794,41639.203522535805,452.03865857079654,0.010856083217973801,10002.323109285337,448.12739835143293,524.4353383910802,-32.35387857085152
2025-08-06,12,F,0.08,True,34128.97134769106,33687.57386941169,40805.876763376495,441.3974782793739,0.010817007580524054,7019.235610809999,350.66916248740745,1395.4433831404149,30.38983527586788
2025-08-07,6,F,0.27,True,35446.13474471284,34403.49190426368,42172.49276832911,1042.6428404491598,0.024723291700512625,9961.615772525132,1002.8427811089641,796.0011868038018,0.0
2025-08-07,12,F,0.09,True,33591.33048461145,32999.33907681485,40144.15643195297,591.991407796595,0.014746639621137887,7049.006229334003,539.2074041686719,1055.6800725583998,0.0
2025-08-08,6,F,0.27,True,13757.024185545144,13632.448661229048,20695.671302318588,124.57552431609656,0.0060194000231410735,3258.2645205030217,116.0778577386991,169.95333154789296,0.0
2025-08-08,12,F,0.09,True,15133.787319837453,14841.45733079448,21802.510634752438,292.32998904297347,0.013408088359191519,1200.0,234.03545207588832,1520.7293533507782,-25.72869721018469
2025-08-09,6,F,0.27,True,12849.419787759665,12693.585208815211,20154.464650979797,155.83457894445382,0.007732012814186956,3036.762441365879,189.93409170112136,-681.9902551333976,0.0
2025-08-09,12,F,0.08,True,13686.006270285578,13290.613331069935,20772.30607357611,395.3929392156424,0.019034619354016312,2471.1217719403894,300.28408311810927,1902.1771219506463,0.0
2025-08-10,6,F,0.26,True,32471.28306703514,31987.35258798101,39358.52918040664,483.9304790541282,0.012295441144051625,9965.228621963433,408.6158535567447,1506.292509947678,0.0
2025-08-10,12,F,0.08,True,30865.707871920742,30591.4915945412,37880.61736804814,274.2162773795426,0.0072389600917867,7237.400202098783,265.94848148027086,165.35591798548012,0.0
2025-08-11,6,F,0.26,True,32889.72767972024,32173.707457584132,39616.64647343377,716.0202221361105,0.018073721172140633,9947.566455483473,598.3681683853065,2353.0410750160354,0.0
2025-08-11,12,F,0.08,True,31023.22552524232,30785.807383679734,37810.57813761106,237.41814156258624,0.006279146028883935,6415.236464761949,195.76374587252212,833.087913801257,0.0
2025-08-12,6,F,0.26,True,34207.02897306,33218.55852008296,41183.48589727728,988.4704529770388,0.024001621801577232,9992.777573992451,835.3011816419166,3063.385426702417,0.0
2025-08-12,12,F,0.08,True,33101.161034565856,32826.41087369209,39547.30343304555,274.7501608737657,0.006947380403291561,7235.4977370016,278.26034491301834,-70.20368078502361,0.0
2025-08-13,6,F,0.27,True,32775.23623792929,31362.850805731578,39499.89191330723,1412.3854321977124,0.03575669106380238,10008.929048198404,1279.720641042164,2653.295823110968,0.0
2025-08-13,12,F,0.1,True,30293.76655734903,30121.730083002672,37115.1379053554,172.03647434635786,0.004635210430446345,6829.837653241,165.37410357634508,270.4832103432582,-9.950715832750575
2025-08-14,6,F,0.3,True,33773.88273567493,32534.764147599184,40653.75311004171,1239.1185880757475,0.03047980797053835,9917.848354981676,1078.3213523415834,3215.9447146832754,0.0
2025-08-14,12,F,0.1,True,30245.43791801219,29895.666117309753,37337.59128190225,349.77180070243776,0.009367819098495897,6536.391893171614,340.5258466675368,184.91908069790952,0.0
2025-08-15,6,F,0.29,True,13183.206137971129,13012.468423520668,20416.59634899526,170.73771445046077,0.008362692367127252,3108.310756778232,193.1470932511038,-448.1875760128132,0.0
2025-08-15,12,F,0.1,True,12882.042554586913,12675.655554245297,20132.751122139118,206.38700034161593,0.010251306395709679,1368.6413310382136,215.22617455410727,-176.78348424982732,0.0
2025-08-16,6,F,0.31,True,13279.185657873064,13113.570949174182,20478.07815320207,165.61470869888217,0.008087414622596588,3101.993932296473,168.73240220098887,-62.35387004214226,0.0
2025-08-16,12,F,0.11,True,12835.031212540785,12310.836841749022,20192.42447226857,524.1943707917635,0.02595995203605541,1200.0,482.0055378918187,843.7766579989254,0.0
2025-08-17,6,F,0.31,True,30731.894309873176,30034.33416897311,37740.883741141784,697.5601409000665,0.018482877764190983,9959.236189154526,592.4033759604281,2103.1352987927294,0.0
2025-08-17,12,F,0.09,True,28796.51728988612,28013.053966803243,36120.42738929152,783.4633230828767,0.021690311541417335,7004.612362939832,754.023205523743,588.8023511827255,0.0
2025-08-18,6,F,0.32,True,31453.836153617907,30870.695580448715,38491.83538472951,583.1405731691921,0.015149721163998736,9949.922626304677,518.9218121473241,1284.375220437374,0.0
2025-08-18,12,F,0.09,True,29601.15743743899,29339.661123631842,36706.18535924842,261.4963138071471,0.007124039484022847,6732.489026209571,230.82173609329038,613.4915542771614,0.0
2025-08-19,6,F,0.33,True,31413.46417530038,30712.105686485796,38146.63897594914,701.3584888145851,0.018385852794443585,9964.980286221155,632.9732115725783,1388.8491295920503,-1.5330825579439988
2025-08-19,12,F,0.09,True,30566.399898198673,30040.053042155865,37360.75809781381,526.3468560428082,0.014088227403330121,6656.831319787223,508.3586067325741,338.62140145281774,1.5330825579439988
2025-08-20,6,F,0.34,True,35548.30442149421,32371.54725753395,42394.12774605602,3176.757163960261,0.07493389610441505,9934.024827475589,2943.7843243521784,4659.456792161607,0.0
2025-08-20,12,F,0.09,True,30407.196529370252,30004.695499558664,37432.21740504376,402.5010298115885,0.010752796860956305,5700.127263461622,349.46640093720634,1060.6925774875808,0.0
2025-08-21,6,F,0.32,True,33646.746849635674,33033.93491665432,40667.1943317365,612.8119329813562,0.01506895036776905,9899.048521879571,599.4116079754676,268.00650011784273,0.0
2025-08-21,12,F,0.09,True,31333.5939299472,30980.832359120854,38204.93611577242,352.76157082634745,0.009233402975923689,6912.717763090066,239.06183678599336,2273.994680807107,0.0
2025-08-22,6,F,0.31,True,13843.160537875703,13683.497251483324,20764.22828069433,159.66328639237872,0.0076893436266459595,3135.556932796031,124.38552892780717,1218.063328998438,-37.161028289567184
2025-08-22,12,F,0.08,True,14053.831753664937,13608.315019652573,20819.009154361043,445.5167340123644,0.021399516696933685,2119.010090206592,399.64537043546807,404.9190918309487,37.161028289567184
2025-08-23,6,F,0.33,True,12507.753643668753,12368.989923057534,19825.976894556607,138.76372061121947,0.006999086166055114,3269.9205375603988,125.66086652938247,262.05708163676127,0.0
2025-08-23,12,F,0.07,True,14061.022988360988,13557.358828195594,20930.831383400975,503.6641601653937,0.024063265855976484,1200.0,408.7723554797776,1897.8360937123452,0.0
2025-08-24,6,F,0.33,True,31003.94994958865,30436.14267793789,38161.32412718184,567.8072716507595,0.014879129187404621,9941.458717560005,565.2884543837135,50.376345340899206,0.0
2025-08-24,12,F,0.07,True,31362.046387396535,29916.143512611314,38477.085708726765,1445.9028747852208,0.037578284533573286,6574.561769523814,1325.1621184392134,2414.8151269200907,0.0
2025-08-25,6,F,0.35,True,34984.59650466601,34235.64536131763,41943.53980581911,748.9511433483858,0.017856173961847605,9956.636628061258,698.0642489356687,1017.7378882542653,0.0
2025-08-25,12,F,0.08,True,32743.99835746376,32469.335207746546,39492.56109141278,274.66314971721295,0.006954807237784723,7471.873329843755,227.51480075989093,942.9669791464221,0.0
2025-08-26,6,F,0.33,True,32769.141482718,31537.75516379306,39837.63005952366,1231.3863189249387,0.030910129871808502,9939.615839496018,1076.720478626361,3093.3168059715717,0.0
2025-08-26,12,F,0.06,True,30513.7567117644,29811.505597564093,37676.02135655946,702.2511142003059,0.01863920575780337,7319.0069163531225,637.9721739046727,1285.5788059125452,0.0
2025-08-27,6,F,0.34,True,42962.622005003206,36165.16415208664,49132.11707356124,6797.4578529165665,0.13835059952208706,9940.671190977404,6041.0452230488445,15128.252597354334,0.0
2025-08-27,12,F,0.06,True,33064.56600646255,32155.69187569595,39895.279080040884,908.8741307665987,0.022781495748986934,7407.307504333443,971.0520938453919,-1243.5592615759506,0.0
2025-08-28,6,F,0.35,True,36888.747313114494,35191.78004909969,43538.384911865505,1696.9672640148056,0.03897634851292638,9930.061788390365,1435.584220873723,5227.66086282174,0.0
2025-08-28,12,F,0.05,True,31498.070462427684,30453.496073677146,38603.289764490895,1044.5743887505378,0.027059206485333952,6616.874926851104,1162.526193156722,-2359.0360881236247,0.0
2025-08-29,6,F,0.34,True,13706.330760864626,13520.157102467288,20883.556441412202,186.17365839733793,0.008914844505515095,3615.9221239611743,218.9205878761095,-65.98620335819669,-42.7038575227034
2025-08-29,12,F,0.05,True,14274.329476344064,13904.301219050198,21171.870970602296,370.0282572938668,0.01747735274826022,2790.793472178053,308.70710408388913,1179.6506945778801,3.3913787516030425
2025-08-30,6,F,0.36,True,13419.182231210687,13271.550095938173,20606.38415758965,147.63213527251355,0.007164388188800137,3629.442848371002,138.02573966865748,192.12791207712326,0.0
2025-08-30,12,F,0.05,True,13321.588959260562,13217.139660992601,20477.10464895578,104.44929826796033,0.005100784513170258,2859.895689680552,92.00366999713151,322.39064684991536,-5.327760942996974
2025-08-31,6,F,0.32,True,34259.79753600396,33232.82141795019,40930.03511655259,1026.9761180537753,0.02509101482882564,9960.178445351425,877.3247668895638,4433.35263490089,-104.4353688756255
2025-08-31,12,F,0.07,True,30320.130384660275,29924.633631161552,37392.72643231516,395.4967534987227,0.010576836492910304,6019.118672962939,415.3259738777051,-1359.2626412030495,69.8020333916993
2025-09-01,6,F,0.32,True,32594.228576250054,31681.18528991648,39861.054838090444,913.0432863335736,0.02290564788218016,9903.155452458228,968.6403125959987,-1111.9405252485194,0.0
2025-09-01,12,F,0.06,True,30477.226991902542,29648.473644956983,37715.74701574388,828.7533469455593,0.021973669157331246,6020.227225595647,730.1316357919713,1972.4342230716807,0.0
2025-09-02,6,F,0.33,True,34751.03710160699,32169.560637948613,41498.86365739853,2581.4764636583786,0.06220595544423169,9935.709629506997,2332.259124806267,4984.346777042258,0.0
2025-09-02,12,F,0.07,True,28603.06693005121,27526.18558620399,35970.35358788348,1076.8813438472207,0.029938024968705488,6976.719980285026,1091.5875731851993,-294.1245867594446,0.0
2025-09-03,6,F,0.31,True,32154.31090299193,31346.468814894,39134.3697223325,807.8420880979284,0.02064277753365537,9934.341361076553,740.0047123568875,1601.735076351426,-17.763598836283563
2025-09-03,12,F,0.07,True,29314.64428660439,28954.181965174168,36572.77553867724,360.4623214302228,0.00985602859288103,6696.42219988873,295.4069362934388,1056.1201412052478,17.763598836283563
2025-09-04,6,F,0.31,True,32115.544409010537,31223.323516619428,39039.36824604787,892.2208923911094,0.022854388594811162,9904.80486764044,750.9027910105069,2826.362027612082,0.0
2025-09-04,12,F,0.06,True,29071.601033140447,28607.036057793433,36425.18299132737,464.5649753470134,0.012753950349614542,6789.587274108313,479.2843054215482,-280.44542865441235,-1.0108488774785656
2025-09-05,6,F,0.31,True,11380.12041931843,11171.87488437692,18701.082817742466,208.2455349415086,0.011135480066637516,3572.319692953638,211.0493736588105,193.29452101612378,-18.08145533766401
2025-09-05,12,F,0.05,True,10912.623310290975,10683.940126532341,18229.46266077634,228.6831837586342,0.01254470238723401,1277.920534413247,219.48621960028686,-65.43201219522325,18.08145533766401
2025-09-06,6,F,0.3,True,11203.182641464764,11014.794213538813,18520.791251576393,188.38842792595096,0.010171726756539969,3439.800863683679,184.29813597121392,81.80583909472898,0.0
2025-09-06,12,F,0.05,True,10719.377436874476,10531.916840520122,18062.290603430636,187.4605963543545,0.010378561638176137,1200.0,187.91370944220034,-9.06226175687516,0.0
2025-09-07,6,F,0.29,True,33137.89861437119,30557.087484650052,39752.97031528794,2580.8111297211362,0.06492121492437572,9919.088777766003,2241.07473836351,6794.727827152472,0.0
2025-09-07,12,F,0.04,True,27114.71951580367,26291.063899588764,34442.97935319427,823.6556162149063,0.023913599568979208,7025.667949930936,805.5361561921745,362.38920045461873,0.0
2025-09-08,6,F,0.31,True,28541.867829329756,27574.569440661042,35433.46299205247,967.2983886687143,0.02729900797124103,9937.13030172872,827.3191831882068,3153.8728483938503,-25.68882676593421
2025-09-08,12,F,0.04,True,27437.846918286763,26350.857389936304,34405.98816068643,1086.9895283504593,0.0315930332613581,6436.888323181958,860.9704649510095,4166.092529205367,25.68882676593421
2025-09-09,6,F,0.31,True,29145.348856717326,26824.62336026562,35712.09447617244,2320.725496451705,0.06498430099080642,9950.515971848072,1923.0740039793382,7953.029849447477,0.0
2025-09-09,12,F,0.06,True,24498.12421398976,23178.686036774976,31791.820105240255,1319.4381772147826,0.041502442227184695,7190.533030905517,1392.2899170091114,-1457.034795886685,0.0
2025-09-10,6,F,0.3,True,25454.84158226507,24974.584268190098,32787.074645899025,480.2573140749737,0.014647763463552666,9925.122503966382,503.268633431162,-460.2263871236778,0.0
2025-09-10,12,F,0.05,True,27292.544968279166,25186.861132689854,34190.59152025199,2105.6838355893124,0.06158664538874855,6363.761023017069,1780.3837407141546,6506.001897503134,0.0
2025-09-11,6,F,0.3,True,27179.111480263695,25901.629073102522,34509.28743257883,1277.482407161173,0.03701851015199906,9911.267492094197,1268.6400223135497,176.8476969524836,0.0
2025-09-11,12,F,0.04,True,24175.075908670144,23541.46820377298,31503.585904523075,633.6077048971638,0.020112240772127296,6078.066793662689,609.0892232697224,490.36963254879583,0.0
2025-09-12,6,F,0.29,True,7587.79753370937,7454.958237305147,14983.392934227873,132.8392964042232,0.00886576872056574,3817.836263133259,139.8645576280469,-140.50522447648564,0.0
2025-09-12,12,F,0.05,True,8970.592410321076,7944.053924624972,16171.570818209275,1026.5384856961045,0.06347796990383994,1200.0,905.9476167327703,2411.8173792666835,0.0
2025-09-13,6,F,0.28,True,7480.021437121361,7264.29425273832,14786.018856378523,215.72718438304037,0.014589943816416687,3833.248980834618,197.7090975122228,360.3617374163414,0.0
2025-09-13,12,F,0.07,True,7452.853988321098,7336.050845660255,14798.945069959178,116.80314266084315,0.00789266681568711,1200.0,114.7136195835028,285.4565353260125,-17.66778018273544
2025-09-14,6,F,0.27,True,26674.37650192663,26288.318861707594,33910.29110246456,386.0576402190345,0.011384674907464191,9915.226550155227,368.2157119622134,356.83856513638693,0.0
2025-09-14,12,F,0.06,True,24223.4271225778,23392.241931702963,31471.479869442817,831.1851908748358,0.026410743769373038,6480.267502340601,790.826263101786,1093.9204144786454,-20.791126379390334
2025-09-15,6,F,0.28,True,23747.129769169165,23334.356942082282,30956.19394033063,412.7728270868829,0.013334094878799375,9927.50944323428,368.00394707638407,895.377600209918,0.0
2025-09-15,12,F,0.05,True,22114.931267752458,21774.022446450566,29477.46900940474,340.9088213018913,0.011565064191675509,6272.136388922388,331.7481458323891,183.2135093901304,0.0
2025-09-16,6,F,0.26,True,26330.80390007137,25722.299600166836,33333.73652854471,608.5042999045327,0.01825490818838901,9929.612798044625,507.54846840284154,2337.544418290984,-23.088615003907762
2025-09-16,12,F,0.05,True,22640.82427813805,22178.470622605753,29959.38937711245,462.3536555322971,0.015432679542044116,6582.0387689129675,460.8592332903936,-288.5393434190655,23.088615003907762
2025-09-17,6,F,0.27,True,27260.908934436557,26517.319232365262,34381.00985768989,743.5897020712946,0.021627919166690164,9874.074074074075,669.4180080121732,1593.5019553893808,-7.9808342214601
2025-09-17,12,F,0.05,True,23824.05098992758,23189.00623858677,31066.53261392023,635.0447513408071,0.02044144286177137,6211.711847470883,619.6679791020542,197.46737056804204,7.9808342214601
2025-09-18,6,F,0.28,True,31547.474596272892,28483.551980168617,37937.25392355293,3063.922616104275,0.08076289924089819,9890.16620391148,2416.5362713255527,12947.726895574324,0.0
2025-09-18,12,F,0.05,True,23847.549390498272,22312.174434197244,31139.33467951112,1535.3749563010279,0.049306607610703546,7010.784001238281,1542.8149697119952,-148.80026821926822,0.0
2025-09-19,6,F,0.29,True,8438.661605860105,8178.011993563515,15614.157805669534,260.64961229659,0.016693158577015765,4013.1713059053077,216.00543321333498,1400.9907066439987,-36.8419158817469
2025-09-19,12,F,0.05,True,7573.3609793526675,7248.939557008125,14827.03240229052,324.4214223445424,0.021880401522183554,1949.174684795676,323.573629546765,-155.1574405662791,12.479619514979277
2025-09-20,6,F,0.29,True,7801.2577835434295,7397.368217803677,15038.16197104711,403.88956573975247,0.026857641679705193,4210.05459042284,380.5902137670564,688.7557094076378,-16.152547752333703
2025-09-20,12,F,0.06,True,7330.046896937821,7165.791254049784,14550.816129685534,164.25564288803707,0.011288414438344422,2964.0605759972323,158.14639967503172,614.4395859669507,-35.69248719011557
2025-09-21,6,F,0.29,True,28512.916451529498,27317.022493833312,35560.27906090936,1195.8939576961857,0.033630049855564996,9907.039916596168,1069.5206674486617,2527.465804950494,0.0
2025-09-21,12,F,0.05,True,23623.781492037022,22939.808872656467,30893.239401834173,683.9726193805545,0.022139880201101414,7520.956253847657,663.1142605142086,417.16717732703546,0.0
2025-09-22,6,F,0.3,True,26926.50096267677,26490.66952603706,34263.49488477501,435.83143663970986,0.012719993628944477,9884.20238124767,480.45836592303385,-748.0802290133802,-10.474410537837684
2025-09-22,12,F,0.07,True,23508.49887492128,23043.894724647333,30833.755891103683,464.6041502739463,0.015068036210534971,6573.828703128653,482.55208182624847,-503.41698769905315,10.474410537837684
2025-09-23,6,F,0.31,True,28107.191998114584,27755.17133616704,35330.918702371506,352.020661947543,0.00996352981684324,9918.733870516546,332.57327505357534,388.94773787934855,0.0
2025-09-23,12,F,0.07,True,24570.048642346163,24323.248253113597,31821.125493827865,246.80038923256507,0.007755866123605066,6641.469805407263,261.72085269094896,63.372200808825255,-26.232110964801905
2025-09-24,6,F,0.3,True,27582.05114088238,26608.41382237251,34743.59150078334,973.637318509871,0.02802350811912807,9874.074074074075,840.1973704624106,2668.7989609491883,0.0
2025-09-24,12,F,0.07,True,23550.620709212933,23325.016038057925,30779.54199279363,225.60467115500796,0.007329695523339121,6470.736251623303,210.23322488721533,307.4289253557954,0.0
2025-09-25,6,F,0.31,True,29240.986408262746,28767.782989474952,36410.21303518164,473.20341878779436,0.012996447406955791,9902.837451016434,420.3508532328342,1057.0513110991797,0.0
2025-09-25,12,F,0.07,True,24629.076446634775,24290.96271635135,31831.49882964561,338.11373028342496,0.01062198585410404,6763.550981984758,284.6622077876709,1069.0304499150961,0.0
2025-09-26,6,F,0.31,True,8193.430945409877,7905.801055802387,15517.927249335065,287.62988960748953,0.018535329170319078,4645.263344526268,289.12153830743955,-29.832973999035403,0.0
2025-09-26,12,F,0.07,True,8059.617583678095,7918.163009485267,15376.65931541174,141.45457419282775,0.009199304692343055,2809.635559956057,128.08782981385593,396.2026757121507,-9.343967003902435
2025-09-27,6,F,0.31,True,12729.27337103972,8578.265290199226,19550.653108716153,4151.008080840495,0.2123206860536989,4620.812319285465,3723.640155245608,9270.744010920276,-52.45135601310358
2025-09-27,12,F,0.07,True,8048.294770379051,7725.070438311688,15338.370981102511,323.2243320673633,0.021072924397616193,4680.82560557592,305.6063333782895,-371.0255252410784,52.45135601310358
2025-09-28,6,F,0.31,True,35369.894569490156,32808.403857041434,41919.37584103506,2561.4907124487218,0.061105172991179596,9915.060107593514,2093.5936477500873,9561.058339215875,-14.727644481097741
2025-09-28,12,F,0.07,True,26745.865265631845,24700.427493152507,34049.16709495136,2045.4377724793376,0.060073063366728435,6730.57541761646,2009.2614613901278,542.8004820422998,13.10409197964509
2025-09-29,6,F,0.32,True,28897.54095556969,28132.919132338066,36231.954948869374,764.6218232316241,0.02110352103028005,9903.518639988135,766.2901141453985,-33.36581827544478,0.0
2025-09-29,12,F,0.07,True,25486.798410851487,24960.692986583465,32750.25008014811,526.105424268022,0.016064165097381226,6440.6226471931095,495.3411067894958,1080.720315847103,-33.74776339691016
2025-09-30,6,F,0.34,True,30672.977078194534,30014.536468056576,37834.90254462949,658.4406101379573,0.017402994744370504,9905.813847090758,598.3237597222906,1202.3370083132577,0.0
2025-09-30,12,F,0.07,True,27278.688470279463,26761.462761598676,34464.2964618117,517.2257086807876,0.015007580649554292,6499.73316455151,404.3593589687007,2257.326994241786,0.0
2025-10-01,6,F,0.33,True,29678.208542971013,28878.813036228916,36961.206573332616,799.3955067420975,0.02162796025492465,9875.196179520506,807.3391605717334,-158.87307659273256,0.0
2025-10-01,12,F,0.08,True,25392.060545649794,24658.590343496377,32717.944802901522,733.4702021534176,0.02241797908065336,6960.840704734095,756.0241077120918,-451.0781111734882,0.0
2025-10-02,6,F,0.33,True,28488.40154405278,27668.21962893837,35780.58027563948,820.1819151144118,0.02292254370376483,9902.03518189283,796.1160554341477,527.374439261313,-3.3395264242299163
2025-10-02,12,F,0.07,True,24023.405417979346,23341.592251321606,31369.925412170676,681.8131666577392,0.021734612298224154,7298.035716768461,688.5976411825905,-181.74673615312213,3.3395264242299163
2025-10-03,6,F,0.33,True,7555.2118189426055,7400.448688754297,14854.497783710469,154.76313018830842,0.010418604010835197,4538.767480275184,127.48458968583873,545.5708100493844,0.0
2025-10-03,12,F,0.06,True,8016.525261349492,7727.7193778669825,15258.484136965793,288.80588348250967,0.018927560620706572,1200.0,269.19336219068464,1052.5929068598516,-47.88022238423946
2025-10-04,6,F,0.33,True,8078.613856719572,7933.648219432831,15448.829368830293,144.96563728674118,0.009383600130843911,5056.271653696893,156.3138692841403,-226.96463994796068,0.0
2025-10-04,12,F,0.08,True,8029.939458489271,7879.012742409859,15381.578716343114,150.92671607941156,0.009812173305660107,2089.7573027588187,130.35119927588312,411.51033607056365,0.0
2025-10-05,6,F,0.33,True,28919.47302112842,27848.948028383442,36158.53302143535,1070.5249927449768,0.02960642767532501,9874.074074074075,1046.0176536739382,490.1467814208045,0.0
2025-10-05,12,F,0.08,True,24376.063385733323,23989.64755141191,31626.260126616817,386.4158343214149,0.01221819566317313,6121.509937345163,334.8868422841442,1035.3393000471465,-0.34509966622317734
2025-10-06,6,F,0.33,True,28143.456372775392,27134.912680318543,35252.45965271524,1008.5436924568494,0.028609172307191583,9874.074074074075,878.7168456260624,2596.5369366157156,0.0
2025-10-06,12,F,0.07,True,23728.30493608174,23442.556478167324,31035.69542147699,285.74845791441476,0.009207090546347937,6618.435749628152,278.42870556886555,146.39504691099728,0.0
2025-10-07,6,F,0.34,True,28138.386826677728,27745.76868945657,35390.839436058384,392.61813722115767,0.011093778601395194,9900.780702541908,367.9315235004324,702.9210610638165,-15.167895316288195
2025-10-07,12,F,0.09,True,25190.10299941269,24536.67532739879,32372.68760162563,653.4276720139023,0.020184535805457492,6547.0275028959395,589.2428574183687,1757.6481819523729,-34.36538242922143
2025-10-08,6,F,0.34,True,25919.31456045893,25530.206894741903,33238.81777862354,389.107665717027,0.011706423143823991,9874.074074074075,419.10385559974384,-599.9237976543477,0.0
2025-10-08,12,F,0.08,True,22672.505729849305,22379.45992195797,29946.223639376618,293.04580789133615,0.009785734970135166,6329.822776071849,256.9843391141221,721.2293755443247,0.0
2025-10-09,6,F,0.33,True,27241.758626725103,26096.61003592576,34559.80569829211,1145.148590799341,0.03313527283100241,9874.074074074075,1150.7763519344007,-112.55522270117808,0.0
2025-10-09,12,F,0.09,True,23292.82361670758,22818.334312480834,30554.011415166307,474.48930422674675,0.015529525658003165,6050.978456242401,430.0690247047387,935.7067100379672,-3.4297174427665595
2025-10-10,6,F,0.34,True,6707.707420361177,6545.562802807144,14076.053103445223,162.14461755403318,0.011519182000979167,5314.578505854612,148.06264082372581,281.6395346061315,0.0
2025-10-10,12,F,0.08,True,6744.224371178332,6597.689086997942,14089.06129694692,146.5352841803906,0.010400642107515323,2214.6494765287266,123.9311483866768,452.0827158742743,0.0
2025-10-11,6,F,0.33,True,7298.391571004024,6990.2792891552235,14578.29723223318,308.1122818488002,0.021134997931552116,5481.908081501199,266.72343700187594,827.7768969384747,0.0
2025-10-11,12,F,0.08,True,7183.923352917003,6984.180905723715,14473.371975891727,199.74244719328817,0.013800684976935497,1376.135998291091,186.89246999954958,256.99954387476646,0.0
2025-10-12,6,F,0.34,True,28981.113228901944,28191.26300753352,36109.46390121464,789.850221368426,0.021873773134080152,9887.859011834733,682.8126334884437,2635.8716470091545,-35.90023524618664
2025-10-12,12,F,0.08,True,22975.15600927591,22435.048928558965,30258.308063101143,540.1070807169453,0.017849877117735655,7250.877095462157,523.9925440257866,-172.82915558635432,35.90023524618664
2025-10-13,6,F,0.34,True,27705.949877421306,27043.92377423188,35061.74980895829,662.0261031894261,0.01888171887588674,9884.518552021795,706.3901017306562,-887.2799708246334,0.0
2025-10-13,12,F,0.09,True,23588.013155261913,23259.59099173455,30895.314714397708,328.4221635273643,0.010630160804748637,6085.50924013216,281.17439460706373,944.9553784060749,0.0
2025-10-14,6,F,0.34,True,28643.15444921809,27427.234313079913,35951.79049966447,1215.9201361381783,0.033820850623546166,9896.328484877788,1217.3912052658488,-29.421382553472995,0.0
2025-10-14,12,F,0.1,True,28601.22362384019,25067.436904317357,35569.05711375326,3533.786719522832,0.09935002516995159,5296.0377990844445,3217.0450816436132,6334.832757584241,0.0
2025-10-15,6,F,0.34,True,29189.89487384951,28532.964818456763,36540.37721519851,656.930055392746,0.01797819577843614,9874.074074074075,661.8093390883078,-97.5856739112628,0.0
2025-10-15,12,F,0.09,True,24331.596418377863,23788.539786972695,31594.855214393006,543.0566314051684,0.017188134831451277,7056.285794602044,495.294178666034,955.2490547826937,0.0
2025-10-16,6,F,0.36,True,30343.38455913822,29952.206618289623,37468.422945085535,391.17794084859634,0.010440202978970171,9892.336455814217,352.89320381374273,1549.1936905343819,-56.81007209758354
2025-10-16,12,F,0.09,True,24869.701509345392,24491.0517736681,32069.948326893104,378.6497356772925,0.011806995503006961,6851.189371575718,313.930084508509,915.3730845886821,27.48204072689805
2025-10-17,6,F,0.36,True,7105.075472923987,6764.395170731947,14386.071366012768,340.6803021920405,0.023681260402815808,5570.756753615355,306.7888917075725,677.8282096893527,0.0
2025-10-17,12,F,0.09,True,7268.226151042152,7058.912591166066,14517.791390157128,209.3135598760864,0.014417727480090273,3247.9753787225036,170.65348528113827,787.7863706021699,-1.0575228094876366
2025-10-18,6,F,0.37,True,8950.713890769975,7488.362160691115,16059.511223122581,1462.3517300788608,0.0910582962184651,5671.911658260045,1311.8120967593077,3303.6669292318625,-21.23577573519833
2025-10-18,12,F,0.09,True,7155.965176451844,7009.431199447354,14436.161948129642,146.53397700449023,0.010150480268301178,6104.169026476708,116.57664248653236,306.2724275183673,21.23577573519833
2025-10-19,6,F,0.42,True,31454.97120732427,30973.76263088068,38592.81669003632,481.2085764435906,0.01246886383827554,9893.680529151445,408.1400512124528,1461.3705046227487,0.0
2025-10-19,12,F,0.09,True,25874.10762543197,25401.776718178,33052.814091632325,472.3309072539705,0.014290187393561329,7139.523553822902,404.7672991026884,1351.2721630255428,0.0
2025-10-20,6,F,0.39,True,33129.462355347794,31939.955065084752,40198.582546152975,1189.5072902630418,0.029590776960788094,9874.074074074075,1051.9101286680234,2751.943231900239,0.0
2025-10-20,12,F,0.09,True,25779.04761493203,25322.26290849944,33021.77731773838,456.7847064325906,0.013832832256040277,6602.989767191146,411.06356460133975,914.4228366250122,0.0
2025-10-21,6,F,0.4,True,33581.76084057729,32903.72146635834,40722.505616766524,678.0393742189481,0.016650237109667964,9896.567757199047,627.879981059501,1003.1878631889194,0.0
2025-10-21,12,F,0.08,True,26909.47720734562,26337.334695534744,34124.104455783374,572.1425118108746,0.01676652093690059,6556.672704813653,486.4979755153254,1768.7218343107893,-4.048211288791208
2025-10-22,6,F,0.41,True,32586.547455095613,31391.20288138844,39714.67110885736,1195.3445737071743,0.030098312294485622,9879.141718281033,1071.735012982368,2472.191214496071,0.0
2025-10-22,12,F,0.09,True,26024.444422920293,24963.44910620602,33218.6037404589,1060.995316714274,0.03193979268376127,6315.333622332606,923.3119215188235,2753.6679039089895,0.0
2025-10-23,6,F,0.42,True,32878.26362399704,31734.864626811406,40165.848143397816,1143.3989971856317,0.028466945179485167,9882.035471743178,1160.6536329492446,-137.89889282447848,-15.02324412033704
2025-10-23,12,F,0.1,True,25489.89444923185,25003.049513025282,32722.889357162,486.8449362065694,0.014877810174180555,6832.972776544845,392.96056575112743,1670.4935866610372,15.02324412033704
2025-10-24,6,F,0.46,True,8795.33484560641,7706.590608716415,15901.842733149906,1088.7442368899956,0.06846654536586103,5913.956697318616,939.3605039320282,2987.6746591593496,0.0
2025-10-24,12,F,0.1,True,7828.423610368229,7605.092161945566,15075.637861614112,223.33144842266302,0.014814062958577293,4534.861910641563,177.7495780430927,911.6374075913909,0.0
2025-10-25,6,F,0.44,True,7815.269254918419,7755.044635674904,15076.379106901286,60.22461924351501,0.0039946341768460104,6217.063766382062,56.837206871006856,284.4820832490245,-15.714972994250274
2025-10-25,12,F,0.09,True,7868.83573257954,7546.848613748874,15109.75290202355,321.98711883066517,0.021309886463301696,3601.134997147416,292.8672621792157,365.6632972301304,15.714972994250274
2025-10-26,6,F,0.45,True,32288.477744215837,31501.605083679595,39482.444537907715,786.8726605362426,0.01992968443939062,9881.480933263108,791.9939395203764,75.61456204278147,-12.909364192237263
2025-10-26,12,F,0.08,True,26182.384302087677,25482.3660721036,33361.280620195204,700.0182299840781,0.020982954400147427,6885.422048832006,632.9820873944082,1162.6827100680412,12.909364192237263
2025-10-27,6,F,0.47,True,34911.637924012524,34031.27817109868,41844.513787854965,880.3597529138424,0.02103883336719185,9888.671084423335,694.1657964365149,3806.9545116067657,-6.023643612224987
2025-10-27,12,F,0.07,True,27689.452387095203,27162.38207268733,34816.76950077186,527.0703144078725,0.015138403762479682,6982.046962640676,469.06373894457647,1077.0561272056957,6.023643612224987
2025-10-28,6,F,0.5,True,35076.20300991905,33662.905020702034,42083.03595541122,1413.2979892170188,0.03358355587069499,9874.074074074075,1245.3126604438148,3389.931970776217,-2.1915879877269617
2025-10-28,12,F,0.09,True,27135.212259000942,26692.65905077182,34299.63026290769,442.5532082291211,0.012902564979183085,7107.1543243105825,445.55035633168154,-90.168357363209,2.1915879877269617
2025-10-29,6,F,0.49,True,35140.29729843968,34466.86198535575,42199.16854619164,673.4353130839299,0.015958497199933707,9874.074074074075,578.5173790858753,2450.753842381073,-40.053160262632446
2025-10-29,12,F,0.09,True,26708.147926415997,26411.981253064936,33945.36154207203,296.16667335106104,0.008724805390096988,6656.625206591234,247.522124131101,420.4958219791429,40.053160262632446
2025-10-30,6,F,0.47,True,33425.864080363615,32871.73935160909,40569.21423852575,554.1247287545266,0.013658749353550778,9880.816140414445,502.7691825272632,1402.517216808128,-27.22002184401208
2025-10-30,12,F,0.09,True,27398.356304967972,27028.05414737497,34520.22216174676,370.30215759300336,0.010727108181920974,6927.024125206823,329.81314044711326,965.7846497885257,-11.311586215528223
2025-10-31,6,F,0.46,True,8040.185647876273,7745.497179898226,15331.180885557953,294.6884679780469,0.019221511387661264,6567.456630413839,263.5571716720351,622.625926120264,0.0
2025-10-31,12,F,0.09,True,8727.421453411334,8499.390774463604,15924.272110341715,228.03067894773085,0.014319692439797024,5656.533393605525,192.51826266818716,710.248325590881,0.0
2025-11-01,6,F,0.44,True,8914.041124436075,8609.479278097875,16127.224390502013,304.56184633819976,0.0188849512453965,6729.331563041784,278.5809982359315,960.0474654526288,-31.934808154792336
2025-11-01,12,F,0.08,True,9686.97374053744,9140.338850810695,16811.1137372176,546.6348897267453,0.03251628049583457,5199.621068777623,449.55087759455637,1864.5943001818068,5.589360330204727
2025-11-02,6,F,0.45,True,37791.00793319807,36534.289297216856,44677.64051904346,1256.7186359812113,0.028128581128753785,9874.074074074075,1069.0677535793438,3753.0176480373893,0.0
2025-11-02,12,F,0.08,True,28019.268931200553,27472.85817185406,35267.604767364784,546.4107593464942,0.01549327670395469,7033.428597648031,565.1250493764237,-374.28580059859405,0.0
2025-11-03,6,F,0.46,True,35873.22118832306,35552.0321443191,42967.46293230511,321.1890440039642,0.007475168932128829,9885.105521079844,267.61921453529794,1071.3965893732775,0.0
2025-11-03,12,F,0.07,True,28621.135597273576,28471.87234891897,35757.02432853535,149.26324835460764,0.004174375557182211,7104.5150051558585,110.788289334203,952.9511108756933,-13.301763069972367
2025-11-04,6,F,0.44,True,36154.47888040932,35745.65559331569,43110.11900680523,408.8232870936263,0.009483232626407056,9874.074074074075,328.41328974282806,1632.4817938660908,-1.7606321878374729
2025-11-04,12,F,0.08,True,27833.444998073024,27311.480678028405,34933.86705721277,521.964320044619,0.014941498437312264,6753.691415033507,439.6555799727357,1734.4432587488536,-6.400183975787513
2025-11-05,6,F,0.44,True,35714.97733655129,35385.17002295647,42959.85373129,329.8073135948216,0.007677105133032727,9878.47651136872,349.1726964417394,-387.3076569383202,0.0
2025-11-05,12,F,0.07,True,27880.482267114778,27619.210884616463,35082.2396267308,261.2713824983148,0.007447397466016961,6817.312308880695,203.24439521927707,1160.5397455807151,0.0
2025-11-06,6,F,0.44,True,38040.39057207553,37495.732767020956,44865.408397045176,544.6578050545722,0.012139816052369719,9878.352746113955,426.2751990523975,2367.652120043389,0.0
2025-11-06,12,F,0.07,True,27542.33415052241,27317.85799406345,34753.3766409947,224.47615645895712,0.006459117880193763,7002.1571709286945,226.14754421342514,-33.427755089388484,0.0
2025-11-07,6,F,0.42,True,9501.680693114928,8793.358276758578,16653.69294838473,708.32241635635,0.04253245322534011,6978.813374789599,634.1248675749594,1483.9509756278658,0.0
2025-11-07,12,F,0.07,True,8306.78727467109,8179.372680579681,15619.368071575365,127.41459409140771,0.008157474329789367,5578.180110751204,104.62214387048334,455.84900441848276,0.0
2025-11-08,6,F,0.43,True,8812.603609453918,8742.318026445575,16093.621999247525,70.28558300834266,0.004367294261765868,7339.088792075724,59.390790209445186,217.8958559779362,0.0
2025-11-08,12,F,0.06,True,9097.388595703776,8927.788324586678,16372.551952255664,169.6002711170986,0.010358817098988199,5000.52486955383,154.55055450829968,300.9943321759547,0.0
2025-11-09,6,F,0.43,True,36923.749352438936,36601.37782298977,44107.83742090751,322.37152944916306,0.007308713106309675,9874.074074074075,294.90526871666225,549.325214650029,0.0
2025-11-09,12,F,0.06,True,29380.928360206388,28864.169228912928,36432.425499003075,516.7591312934601,0.01418404413693512,6980.723616892621,446.9833140267292,1395.5163453346522,0.0
2025-11-10,6,F,0.41,True,41464.885317644614,39096.477996411915,48305.83323568911,2368.4073212326985,0.04902942693643222,9882.071262823676,2170.734029869316,3953.465827267577,0.0
2025-11-10,12,F,0.06,True,31994.419174172042,30963.10937062742,38956.07109434169,1031.3098035446237,0.026473660576474815,6450.0,835.5295269030466,4177.187473494653,-18.966826836945984
2025-11-11,6,F,0.38,True,39427.58200284957,39002.1396557342,46424.77173984943,425.4423471153714,0.009164123617008251,9874.074074074075,377.9314405760815,950.2181307857854,0.0
2025-11-11,12,F,0.06,True,28721.30661785735,28477.173659472704,35909.751629380306,244.13295838464546,0.006798514256080319,7073.632023462909,250.79587261722918,-133.2582846517471,0.0
2025-11-12,6,F,0.39,True,41968.43321780116,40152.625577794395,48736.115503666995,1815.8076400067657,0.0372579476480874,9874.074074074075,1540.6366182549827,5503.420435035612,0.0
2025-11-12,12,F,0.06,True,29136.455730893045,27991.869536218626,36358.041079646886,1144.586194674419,0.031480964339279396,7050.0,1165.8069364527764,-424.41483556718777,0.0
2025-11-13,6,F,0.43,True,38080.540582838315,37254.036743991164,45146.79376741576,826.5038388471512,0.018307032900388865,9879.203324711722,758.7360199863615,1463.592084563341,-7.847972660612868
2025-11-13,12,F,0.08,True,29588.972845671175,29122.27946390124,36548.834304395124,466.6933817699355,0.012769036021316117,7234.895895790211,361.9834482218139,2399.4928064647283,-22.136317926724587
2025-11-14,6,F,0.42,True,9249.082847696225,9035.134349546339,16525.617096714006,213.9484981498863,0.012946475577751849,7491.2419134250395,201.2142398308588,254.68516638054825,0.0
2025-11-14,12,F,0.08,True,11535.927255579334,10457.61947447339,18558.40402079489,1078.3077811059447,0.05810347591838659,5749.480863642172,945.7322131881592,3114.206364847734,-33.54916644554032
2025-11-15,6,F,0.43,True,10389.738756657754,10012.831279318918,17558.744441560637,376.90747733883654,0.02146551415411663,8459.595290395928,354.7597525423407,866.9891826307621,-30.745977551534452
2025-11-15,12,F,0.07,True,10042.952904013197,9916.102761996928,17190.85134006582,126.85014201626836,0.007378933102668707,6715.702571795702,93.31715678094042,612.6476175207472,4.206350061143894
2025-11-16,6,F,0.43,True,40953.25621047086,39865.26052044981,47819.85119660394,1087.9956900210527,0.02275196728546742,9876.291392363506,915.9009299543686,3441.895201333713,0.0
2025-11-16,12,F,0.07,True,29299.34250296992,29068.878408657758,36468.98662256799,230.46409431216307,0.006319454299548475,7037.646437444419,275.20148099729704,-894.7477337026676,0.0
2025-11-17,6,F,0.44,True,42545.69472269001,40250.40552378584,49448.16853341159,2295.2891989041673,0.04641808315616918,9874.074074074075,2085.190159492653,4201.980788230301,0.0
2025-11-17,12,F,0.07,True,29967.85692538311,29197.301320452993,37002.20187321522,770.5556049301158,0.020824587887238618,7050.0,849.629983023573,-1581.4875618691058,0.0
2025-11-18,6,F,0.45,True,37965.1510089794,37605.17185830266,45169.44313455302,359.9791506767433,0.00796952819640524,9874.074074074075,335.27726446741144,494.0377241865526,0.0
2025-11-18,12,F,0.07,True,30757.63482269048,30132.379403954656,37704.151879286386,625.2554187358255,0.016583198071598144,6865.3768434960875,487.82096549713606,2903.757824513169,-11.243751408610478
2025-11-19,6,F,0.46,True,42648.523843168994,41023.10225274918,49501.67285309642,1625.4215904198136,0.03283569012391751,9905.640478280759,1384.4789134851017,4846.273005311659,-1.9881352434949804
2025-11-19,12,F,0.07,True,30586.921339367254,30101.98842889573,37666.15162603862,484.93291047152525,0.012874501098123627,6490.799354371997,481.68147784358734,96.12214223402407,-2.254531918120847
2025-11-20,6,F,0.48,True,40311.254596451494,39867.73916361303,47288.64262988274,443.51543283846695,0.009378899629447171,9896.899338461006,338.42146430721186,2101.87937062518,0.0
2025-11-20,12,F,0.07,True,30103.93578208034,29851.60728377242,37181.269781081595,252.3284983079211,0.006786441124619949,7166.213550081063,229.1382327174215,463.805311810017,0.0
2025-11-21,6,F,0.48,True,11377.922762165215,10263.897226795712,18551.548569337614,1114.025535369503,0.06005027187923209,7859.455205768094,1062.657022086405,1027.370265661957,0.0
2025-11-21,12,F,0.06,True,10685.614597514099,10070.307814492613,17801.41171589301,615.3067830214859,0.03456505544850374,6315.984482995851,516.0099926915573,1985.9358065985225,0.0
2025-11-22,6,F,0.5,True,9723.893586600194,9509.000075206184,17009.538267675827,214.8935113940097,0.012633706336543173,9680.995998228454,203.5790059889914,226.29010810036198,0.0
2025-11-22,12,F,0.07,True,10017.82354377134,9892.132342494875,17176.558190673706,125.6912012764642,0.007317601109674597,6823.543766559558,103.17485335637684,590.3341505742683,-10.151664763747249
2025-11-23,6,F,0.5,True,41610.346402072915,40968.95523498671,48562.7736697394,641.3911670862071,0.013207465690656648,9881.720553688849,526.1625501343224,2304.5723390377516,0.0
2025-11-23,12,F,0.06,True,29137.811643682297,28191.09366904055,36518.53851203561,946.717974641746,0.025924311684317025,6564.072152876699,948.907736154426,-43.79523025364915,0.0
2025-11-24,6,F,0.49,True,39234.49701253297,38931.67302295502,46471.93130442016,302.82398957794794,0.006516277268406638,9900.996654708006,288.06225399539835,295.2347116508554,0.0
2025-11-24,12,F,0.04,True,29675.30375037631,29357.441132069333,36931.525652804514,317.86261830697913,0.008606809837622867,7038.380828349142,264.0198358325433,1076.8556494888321,0.0
2025-11-25,6,F,0.49,True,40270.91149197215,39934.01379121753,47524.50087664228,336.89770075462,0.0070889266492055085,9993.764109945327,316.8773317117448,762.9908945962206,-26.290265687241117
2025-11-25,12,F,0.02,True,30042.022496647176,29805.683434318635,37141.59562160855,236.33906232854133,0.006363190874627961,6665.854280052366,255.33513100519485,-742.5048872719217,26.290265687241117
2025-11-26,6,F,0.46,True,41325.285950205,40957.17121092201,48440.65853039734,368.114739282988,0.007599292628360734,9876.437342117459,361.4529439621838,980.2738098336486,-61.417165105991444
2025-11-26,12,F,0.03,True,30176.185104237768,30008.368180881196,37249.158408664414,167.81692335657135,0.004505254092332351,6450.0,144.02815683960216,115.43535166519177,26.12759107381862
2025-11-27,6,F,0.44,True,41607.169512758635,41178.08961219263,48644.62316744606,429.0799005660083,0.008820705611985438,9889.54172605488,361.6295859630336,1349.0062920595929,0.0
2025-11-27,12,F,0.04,True,30831.480320967763,30455.003805467513,37933.27627371454,376.47651550024966,0.00992470338664433,6939.0157772496,361.2835228015465,731.9159466542978,-31.037562324778264
2025-11-28,6,F,0.47,True,9857.49398338462,9494.78147485193,17005.919993033913,362.71250853268975,0.021328602550245247,9240.673779515482,359.49990956283,908.6217107650009,-61.223700843471306
2025-11-28,12,F,0.05,True,9172.896750283133,9008.420884464496,16411.67148258947,164.47586581863652,0.010021883876552295,6603.30273058583,163.73308983883908,422.04878731990675,-29.524837144770572
2025-11-29,6,F,0.45,True,10385.081485511442,10094.840062388765,17657.416438704746,290.2414231226776,0.016437366368415796,9723.882158060112,253.65050390122997,764.2123441076697,-2.3488266133081197
2025-11-29,12,F,0.05,True,11061.690657455016,10600.484655376627,18174.634956732167,461.20600207838834,0.025376355738443622,6409.112985541687,344.57167955737896,2300.2924907414817,2.3488266133081197
2025-11-30,6,F,0.4,True,44040.67730932528,43231.88643212129,51009.07245617886,808.7908772039882,0.015855824037945575,10339.34347006998,619.9712172127911,3776.393199823936,0.0
2025-11-30,12,F,0.07,True,32032.10947373956,31660.025997701945,39259.162825475396,372.0834760376165,0.009477621254729618,6647.036608625493,403.72290063725814,-461.7450007870584,-12.402049893293224
2025-12-01,6,F,0.42,True,43984.766865386584,42354.09932197617,51003.104351262096,1630.6675434104109,0.03197192728073736,10800.0,1471.0062612768816,3700.247275869856,-36.76320886335634
2025-12-01,12,F,0.07,True,31217.26353887543,30727.432214622575,38506.80323688558,489.8313242528566,0.012720643706503486,7088.437729066274,482.1693410387452,-353.781968917257,36.76320886335634
2025-12-02,6,F,0.42,True,44453.76213019565,43891.78740831933,51401.21441926063,561.9747218763223,0.010933102033203012,10800.0,530.6020829275658,1688.6810762267596,-76.94771778746872
2025-12-02,12,F,0.07,True,31761.500321515097,31397.112109937298,38991.77179070659,364.38821157779967,0.009345259136560934,6678.852092377964,370.434120363323,-545.2031916602186,30.76412846632047
2025-12-03,6,F,0.42,True,45630.30255502824,43883.55416018094,52514.62917778158,1746.7483948473018,0.033262129471273764,10800.0,1591.4753009358683,3389.7751096974443,-20.615031049350364
2025-12-03,12,F,0.06,True,31665.79610817882,31487.788391670343,38877.56823212549,178.00771650847673,0.004578674145606272,7038.993346778294,156.27802738177706,150.2805510653261,20.615031049350364
2025-12-04,6,F,0.41,True,43704.81237299636,43414.58990618591,50753.74785944872,290.2224668104536,0.005718247007376885,10800.0,292.7590210669441,3.4101426511442696,-3.925681143960901
2025-12-04,12,F,0.07,True,31604.08675605312,31376.441614069707,38859.62932878124,227.64514198341203,0.005858139820567139,6367.488448968979,239.67411490660743,-105.19129774082467,-9.81674726358142
2025-12-05,6,F,0.39,True,13768.1700182222,13238.885352628913,20806.479063629355,529.2846655932863,0.02543845424180871,10212.886343129696,426.5766449114235,2089.9265376656786,-2.593336066534903
2025-12-05,12,F,0.07,True,10645.522905697318,10496.14499980341,17886.008380256793,149.37790589390897,0.008351662524031777,6333.438169187119,149.5538157625524,-39.284321401285524,2.593336066534903
2025-12-06,6,F,0.4,True,12772.569949104733,12200.93577373555,19945.47556170193,571.6341753691831,0.028659841857408493,10228.759038592398,541.428680233581,1068.320926758277,-33.65909009837196
2025-12-06,12,F,0.07,True,10613.359973825442,10468.357144034551,17859.831352312118,145.00282979089025,0.008118936115940329,6213.425645765498,133.58672559757179,268.5053174981949,-2.913612583923168
2025-12-07,6,F,0.39,True,45707.43305147523,45196.58470844154,52929.894312869386,510.8483430336855,0.009651414378688411,10800.0,485.0025902513735,557.2238759643342,-2.9227186442512902
2025-12-07,12,F,0.07,True,32301.276578950743,32125.587165260622,39489.05666468756,175.689413690121,0.004449065855939485,6450.0,107.95938509020198,1314.291751680245,2.9227186442512902
2025-12-08,6,F,0.38,True,49375.727825976195,47677.52788200487,56351.354425092155,1698.1999439713254,0.030135920623323122,10800.0,1537.8771496599657,3206.455886227188,0.0
2025-12-08,12,F,0.06,True,32667.843257470784,32122.708595676442,39886.61632925632,545.1346617943418,0.013667107214469143,7173.034176898192,572.5095680440791,-364.68954604379815,-13.255114831255923
2025-12-09,6,F,0.4,True,47174.10409607267,46773.431203152424,54297.87112064246,400.6728929202436,0.00737916394604133,10800.0,363.3930662897983,745.5965326089972,0.0
2025-12-09,12,F,0.05,True,32389.16613079972,32234.052690541874,39628.76321232598,155.11344025784638,0.003914163039274475,6508.616939905047,137.63989868213685,349.4708315141861,0.0
2025-12-10,6,F,0.41,True,48152.45282628992,47556.029911676196,55181.733411421505,596.4229146137222,0.010808339603378148,10800.0,555.5704994752086,1149.9329122456675,-24.13685259999329
2025-12-10,12,F,0.05,True,33257.59427393093,32733.5887099577,40446.382225920825,524.0055639732309,0.012955560797657993,6576.804632900157,494.92796062660636,248.66745745702428,24.13685259999329
2025-12-11,6,F,0.42,True,47240.00700369658,46865.6009562956,54427.78395892177,374.4060474009748,0.006878950788875585,10800.0,388.5773682085637,-283.4264161518049,0.0
2025-12-11,12,F,0.04,True,32272.631112919596,31967.00970226319,39565.330289236656,305.62141065640753,0.0077244751509012105,6418.784426117785,333.60314547837334,-559.6346964393238,0.0
2025-12-12,6,F,0.42,True,15901.982763132806,14730.795757538002,22806.134559052967,1171.1870055948038,0.05135403382638982,10161.653307179615,1003.237750377757,3689.5312704837897,-23.967296362106936
2025-12-12,12,F,0.04,True,11727.035094075742,11264.823400342022,18926.346572218958,462.2116937337196,0.024421601494510153,6458.858037829697,397.85051648334047,1342.2228902392408,-3.987901666723701
2025-12-13,6,F,0.45,True,16371.298352653352,15001.018642978479,23531.112976397428,1370.2797096748727,0.05823267735144163,10163.78680128534,1284.457796346378,1716.4382665699081,0.0
2025-12-13,12,F,0.05,True,11840.83746217015,11119.590947932165,19050.805667447425,721.2465142379842,0.03785910826177791,6940.1148917131595,652.3464625157903,1378.0010344438947,0.0
2025-12-14,6,F,0.46,True,48577.71479495248,47933.35748766815,55558.88278439611,644.3573072843283,0.011597736941270857,10800.0,591.3128406574106,1300.3017730357951,-17.359357033652486
2025-12-14,12,F,0.05,True,33043.826410676746,32733.699303881505,40256.624001697746,310.12710679524025,0.0077037534687996005,6805.141763489606,268.5825151880126,591.4793916472577,17.359357033652486
2025-12-15,6,F,0.44,True,49635.566369118176,49020.36799931076,56439.5924906788,615.1983698074182,0.01090012068937281,10800.0,523.5211463413943,2086.032023110687,-18.307409521785303
2025-12-15,12,F,0.05,True,32247.636292294243,31913.931244887353,39515.86131676253,333.7050474068892,0.008444838003956966,6450.0,367.5401140984468,-929.1888876212302,18.307409521785303
2025-12-16,6,F,0.44,True,48597.04890195358,48394.815725219625,55825.93368910685,202.2331767339565,0.003622566849668609,10800.0,189.6178033483302,252.30746771258418,0.0
2025-12-16,12,F,0.05,True,32844.458106820086,32525.790683454925,40159.175801551835,318.6674233651611,0.007935108652126448,6417.827712123446,308.5196087746517,219.79080133179968,-1.2206394148342952
2025-12-17,6,F,0.45,True,48233.36727673694,47865.55753611284,55491.59466322658,367.8097406240995,0.006628206359112641,10800.0,360.47872986224684,146.62021523704607,0.0
2025-12-17,12,F,0.06,True,32509.14241974101,32195.44362509427,39767.55572511052,313.69879464673795,0.007888309676741295,6450.0,263.18627783551347,1308.1886336117377,-21.602959593899868
2025-12-18,6,F,0.45,True,48320.189469945326,47764.055815453125,55366.98158906331,556.1336544922015,0.010044500143060986,10800.0,495.77375634150667,1207.1979630138585,0.0
2025-12-18,12,F,0.06,True,32062.50701875575,31422.285055275148,39384.98556132243,640.2219634806024,0.016255483005923076,6450.0,601.2364551752253,779.710166107544,0.0
2025-12-19,6,F,0.47,True,15661.100174441419,15099.786558657632,22820.947095554533,561.3136157837871,0.02459642071091474,10103.709715211617,529.8909153038585,628.454009598554,0.0
2025-12-19,12,F,0.06,True,10606.580281662284,10302.371852019245,17916.512848672803,304.20842964303847,0.016979220912710882,7024.937700624409,285.422595964661,466.63568342388226,-6.592370680331442
2025-12-20,6,F,0.46,True,14725.123279577283,14502.259853873647,22054.82012802899,222.86342570363558,0.010104975892340346,10097.721123466928,221.0336384919392,36.5957442339236,0.0
2025-12-20,12,F,0.07,True,10787.270877379744,10562.674246527755,18140.363422373935,224.59663085198918,0.012381043622035516,6738.380692111971,215.65789675543056,250.25374567858148,-5.182815836324153
2025-12-21,6,F,0.45,True,48007.80379379958,47428.28926813313,55164.14041745416,579.5145256664546,0.010505276095684322,10800.0,600.1146660951417,-355.51793577417084,-4.09561454656432
2025-12-21,12,F,0.06,True,32182.448557022,32014.42518272441,39507.33538195952,168.023374297587,0.00425296651047523,6525.529123426051,154.077849879337,335.4145840409492,-4.097008362074121
2025-12-22,6,F,0.46,True,47246.03872067218,47019.91232512714,54442.03531903486,226.1263955450413,0.004153525749357492,10800.0,201.60738310850138,493.5493184064835,-0.22978343085014785
2025-12-22,12,F,0.07,True,32028.81877736675,31731.99895314953,39360.09505712713,296.8198242172184,0.007541135858193811,6346.989540482716,270.1446158054314,530.3350985601121,0.22978343085014785
2025-12-23,6,F,0.47,True,48489.19757024882,48154.212603285436,55697.14656600068,334.98496696338407,0.006014400873596451,10800.0,320.9547015505377,280.6053082569251,0.0
2025-12-23,12,F,0.07,True,31736.67465754508,31569.33271574135,39119.443778669964,167.34194180373015,0.004277717821104962,6459.757606885802,156.64256086582463,213.98761875804053,0.0
2025-12-24,6,F,0.47,True,47354.15390297276,47104.49836607131,54522.65201637974,249.65553690144588,0.004578932382570902,10800.0,231.49393446336762,363.232048761608,0.0
2025-12-24,12,F,0.07,True,31586.493040267997,31376.249177063823,38949.90596322844,210.24386320417398,0.005397801560873075,6431.96668574849,211.32821931193757,-21.687122155230554,0.0
2025-12-25,6,F,0.45,True,46946.524732931095,46673.03014530932,54226.52017247804,273.4945876217753,0.005043557778590112,10800.0,266.9179412769445,272.8840422878511,-10.249110171895154
2025-12-25,12,F,0.07,True,32036.54344645978,31749.009324159524,39310.731111648114,287.53412230025424,0.007314392639597979,6334.567103544015,244.38587471216306,764.5594869964448,7.135199797367022
2025-12-26,6,F,0.47,True,14896.832843266804,14549.601672106222,22138.92631566546,347.23117116058165,0.015684192006858146,10092.035610994259,358.59784893656615,-128.96458444370273,-7.132553706873296
2025-12-26,12,F,0.09,True,10660.434329924086,10324.563488151267,18012.261383408477,335.8708417728194,0.01864678924114426,6810.174792784936,302.4891390499688,585.4615604004202,5.958176858770457
2025-12-27,6,F,0.46,True,14740.9923094664,14455.148617299843,22036.788678450866,285.84369216655614,0.012971204486163375,10145.914485898036,241.64358004179667,884.0022424952122,0.0
2025-12-27,12,F,0.08,True,10761.049716748492,10546.659360016898,18123.24912449762,214.39035673159378,0.011829576212236542,6474.287838957027,201.71529344215378,253.5012657888267,0.0
2025-12-28,6,F,0.47,True,47430.79672808384,47133.08464684083,54622.929093054714,297.71208124301484,0.0054503133791276095,10800.0,303.4330753607792,-114.41988235526696,0.0
2025-12-28,12,F,0.09,True,31496.589454320332,31218.05130133321,38853.36784850004,278.5381529871229,0.007168957761222133,6427.1584348413335,277.5074908115348,20.61324351178382,0.0
2025-12-29,6,F,0.47,True,47162.609963893796,46664.44196577813,54257.30523706358,498.16799811566307,0.009181583861178582,10800.0,459.55438283606054,772.2723055920396,0.0
2025-12-29,12,F,0.08,True,31665.583364475184,31479.18001773119,38994.17868618677,186.40334674399492,0.0047802865203063274,6885.278882465672,161.14503508374037,505.1662332051699,0.0
2025-12-30,6,F,0.45,True,48114.31088105566,47752.50020548184,55335.60311808186,361.810675573819,0.006538478939169476,10800.0,378.32003357310896,-330.18715998590505,0.0
2025-12-30,12,F,0.09,True,31414.744413906068,30662.59716665098,38808.11652654495,752.1472472550886,0.01938118400414037,6849.173901632532,772.6764835510621,-282.3578829367809,-9.297493246423983
2025-12-31,6,F,0.46,True,46859.750658833604,46443.77322559943,54174.84751003162,415.9774332341767,0.007678423703124401,10800.0,392.86679153220757,462.21283403934876,0.0
2025-12-31,12,F,0.09,True,31095.037864254162,30841.3421553764,38480.49859375939,253.69570887776354,0.0065928384025384455,6722.033162151517,263.69374187059293,-199.96065985661858,0.0
