date,hour,source,weight,accepted,keep_objective,adjust_objective,keep_cash,expected_gain,relative_gain,initial_energy_kwh
2025-01-01,6,Q,1.0,False,18810.22693219962,18810.22693219963,26257.663932199623,-7.275957614183426e-12,-2.770984362116449e-16,10057.495685185186
2025-01-01,12,Q,1.0,False,17998.242309385118,17998.242309385118,25445.67930938512,0.0,0.0,6143.792100000002
2025-01-01,18,Q,1.0,False,8193.020419901668,8193.020419901668,15640.457419901668,0.0,0.0,10800.0
2025-01-02,6,F,0.0,True,59680.275840838985,58028.71681844473,67040.9589206353,1651.5590223942563,0.024635074572089754,10800.0
2025-01-02,12,A,0.0,True,39102.39040784506,36765.10911455508,46409.03823265332,2337.281293289976,0.05036263155407234,5728.808533703705
2025-01-02,18,A,0.0,False,10514.767630330001,10514.767630330001,17962.20463033,0.0,0.0,10800.0
2025-01-03,6,A,0.01,True,59073.50949292785,56593.69393234967,66309.55696041083,2479.8155605781794,0.03739755887765496,10800.0
2025-01-03,12,A,0.0,True,36786.03641821245,36218.73955598806,44223.36815421161,567.2968622243861,0.012827988592957492,6580.584450000002
2025-01-03,18,A,0.0,False,10651.318132602502,10651.318132602502,18098.755132602502,0.0,0.0,10800.0
2025-01-04,6,A,0.02,True,46201.93855311691,44658.90741235916,53386.72161278017,1543.0311407577465,0.028902901211082466,10800.0
2025-01-04,12,A,0.0,True,29404.220016819396,29192.9939539525,36826.30988927537,211.22606286689552,0.005735737941216021,5471.685956913576
2025-01-04,18,A,0.0,False,7835.834281752781,7835.834281752781,15283.27128175278,0.0,0.0,10800.0
2025-01-05,6,A,0.03,True,38841.67495898394,37854.761865315806,46130.874603852615,986.9130936681322,0.021393765068258866,10800.0
2025-01-05,12,A,0.0,True,25489.700454053178,25417.64313196487,32933.2699444904,72.05732208830887,0.002187979578394819,6515.156454320988
2025-01-05,18,A,0.0,False,6587.169297616792,6581.3159302319455,14015.541106024168,5.853367384846933,0.0004176340635418661,10800.0
2025-01-06,6,A,0.03,True,48558.28064973374,48450.92567071851,54759.09289283929,107.35497901522467,0.001960495934900032,10800.0
2025-01-06,12,A,0.0,True,35718.48792336406,34838.41480113022,41951.457219766315,880.0731222338436,0.020978368346622738,5742.690004629632
2025-01-06,18,A,0.0,False,11346.91119959221,11346.91119959221,18528.204155775653,0.0,0.0,10800.0
2025-01-07,6,A,0.04,True,55314.29712560518,52307.48105444591,61549.621900472746,3006.816071159272,0.04885190157660704,10800.0
2025-01-07,12,A,0.0,True,37894.04898642871,36755.33015506365,44843.332712570904,1138.718831365055,0.025393269466919853,6734.70261466049
2025-01-07,18,A,0.0,True,11174.600159971758,10908.124907446281,18492.522813668813,266.4752525254771,0.014409891782234872,10800.0
2025-01-08,6,A,0.04,False,54216.96109329273,54178.99797531125,61535.34283128285,37.963117981482355,0.0006169319326873559,10800.0
2025-01-08,12,F,0.0,False,37363.56546925308,37334.74650979031,44593.89999278921,28.81895946276927,0.0006462533993983319,6450.0
2025-01-08,18,A,0.0,True,11009.157154368548,10984.077426862465,18239.38929477529,25.079727506083145,0.001375031098945143,10800.0
2025-01-09,6,A,0.04,True,59105.399778895204,57816.59504331699,66203.1066629676,1288.804735578211,0.019467435903565183,10800.0
2025-01-09,12,A,0.0,True,41810.277287473575,41564.481064329186,48366.52678898347,245.79622314438893,0.005081949014382699,6873.845195210775
2025-01-09,18,A,0.0,False,13685.78235744814,13684.487226130204,20796.005352955526,1.295131317936466,6.227788923666545e-05,10800.0
2025-01-10,6,A,0.04,True,28618.531974929778,28299.465469301103,35646.91778470268,319.06650562867435,0.00895074596787711,10039.373015873016
2025-01-10,12,A,0.0,True,20731.27294938,20470.378249529465,27732.41946353414,260.8946998505344,0.009407570810530596,5426.123461676416
2025-01-10,18,A,0.0,False,4694.349494610065,4689.186212326083,11985.71602455172,5.1632822839828805,0.00043078630207876907,10800.0
2025-01-11,6,A,0.05,True,27171.764980998552,26114.8364125188,33223.11212071392,1056.9285684797505,0.03181305124695941,10027.313756613756
2025-01-11,12,A,0.0,True,17344.925058787398,16541.856812188526,24249.031290630286,803.0682465988721,0.03311753929358712,6963.429483253879
2025-01-11,18,A,0.0,True,4508.0672022638755,4488.225914098493,11749.27687802551,19.84128816538214,0.0016887241973581363,10800.0
2025-01-12,6,A,0.07,True,64953.45782605734,63950.30092865263,71919.92126353111,1003.1568974047113,0.013948247992776773,10800.0
2025-01-12,12,A,0.0,False,42851.34608355304,42851.34608355304,50266.8140987657,0.0,0.0,5679.796490911898
2025-01-12,18,A,0.0,False,13406.391800187108,13405.828431204774,20818.897675366446,0.5633689823334862,2.7060461659316456e-05,10800.0
2025-01-13,6,F,0.1,True,60093.263042471015,59612.45037712897,66773.84516054291,480.8126653420477,0.007200613716134516,10800.0
2025-01-13,12,A,0.0,True,39620.36798341223,39189.57544454421,46741.48363181891,430.79253886802326,0.009216492618449203,6849.700521210725
2025-01-13,18,A,0.0,False,13304.533042623762,13297.511911117317,20502.85225055064,7.0211315064443625,0.00034244657380564194,10800.0
2025-01-14,6,F,0.11,True,60281.50428163533,59991.28590478081,67361.70002547343,290.2183768545219,0.004308358855919213,10800.0
2025-01-14,12,F,0.0,False,40649.935470717784,40610.93581555386,47693.23834720235,38.999655163926946,0.0008177187483058516,6595.735396980637
2025-01-14,18,A,0.0,False,12457.427884793726,12453.423594109508,19698.018157482406,4.004290684217267,0.0002032839371049221,10799.999773268722
2025-01-15,6,F,0.13,True,66669.43300745539,62858.266094805156,72228.3979978848,3811.166912650231,0.05276549138971407,10800.0
2025-01-15,12,F,0.0,True,39734.33668202807,38985.621319323225,46625.08383431967,748.7153627048465,0.01605820946864945,6928.647404790761
2025-01-15,18,A,0.0,True,12470.26683536395,12381.82083036372,19693.28053155439,88.44600500022898,0.004491176818332153,10799.999496125738
2025-01-16,6,F,0.14,True,55998.62049895708,55694.63830391207,62307.69855162227,303.9821950450132,0.004878726098239085,10800.0
2025-01-16,12,F,0.0,True,37716.38073497135,37397.137088137475,44361.10385625592,319.2436468338783,0.00719647662214018,6510.990523965732
2025-01-16,18,A,0.0,False,12510.905876815488,12497.29901064103,19515.98052837032,13.606866174457537,0.0006972166299652368,10800.0
2025-01-17,6,F,0.14,True,27935.90258877953,26726.40362317444,33353.71142847185,1209.4989656050893,0.0362627999645227,10042.22908457774
2025-01-17,12,F,0.0,True,17785.769044757693,16982.618284618577,24479.62104448926,803.1507601391168,0.03280895397357135,6547.3359247226645
2025-01-17,18,A,0.0,True,4305.989788691541,4256.485818394734,11433.929520375252,49.50397029680698,0.0043295675566821495,10741.770994881186
2025-01-18,6,F,0.14,True,26565.835399871212,26454.61304493706,33170.315175571945,111.22235493415064,0.0033530689818726716,10070.417082321459
2025-01-18,12,F,0.0,False,17218.692069902383,17204.84343829973,24498.142418968066,13.848631602653768,0.0005652931298142528,6714.53812058019
2025-01-18,18,A,0.0,False,5725.609108208451,5721.902890568468,12915.478147060408,3.7062176399831515,0.00028695938298085345,10800.0
2025-01-19,6,F,0.18,True,58224.3301544387,57965.98103089336,65507.211279915995,258.34912354534026,0.00394382722905727,10800.0
2025-01-19,12,F,0.01,True,41670.17875957646,41331.73969434751,48653.72108053643,338.4390652289512,0.006956077720524882,6450.0
2025-01-19,18,A,0.0,False,13149.975598896346,13149.608156888176,20569.901394589393,0.36744200816974626,1.7863090401901315e-05,10800.0
2025-01-20,6,F,0.18,True,55996.56083045434,55909.21639379811,61641.77833850508,87.34443665623257,0.0014169681506685555,10800.0
2025-01-20,12,F,0.01,True,39084.472823661185,38940.95221961929,45306.93135176448,143.5206040418925,0.003167740558891396,6469.024313263522
2025-01-20,18,A,0.0,True,12644.36430025327,12576.597643778457,19747.115368968858,67.76665647481241,0.003431724340928434,10800.0
2025-01-21,6,F,0.21,True,55508.5704650023,55373.472062225745,62000.653659419404,135.09840277655894,0.002178983523604097,10800.0
2025-01-21,12,F,0.01,False,37640.430444002224,37596.58569994662,44773.894899333725,43.84474405560468,0.00097924793351532,5649.986061287717
2025-01-21,18,A,0.0,True,12513.087394223736,12435.569495555474,19686.815368674823,77.5178986682622,0.003937554003356316,10798.822973765431
2025-01-22,6,F,0.22,True,56001.3260228045,55864.317351678525,62101.228168643975,137.0086711259719,0.0022062151613798523,10800.0
2025-01-22,12,F,0.01,True,38409.42187054079,38180.58448826447,44952.46135906133,228.8373822763242,0.005090653000031913,6677.75219066259
2025-01-22,18,A,0.0,False,12312.281904555999,12307.258731433309,19357.17929769023,5.023173122690423,0.00025949922999834004,10799.990567305003
2025-01-23,6,F,0.23,True,56586.109535396,55129.152037187116,60964.478598638685,1456.9574982088816,0.023898465659007783,10800.0
2025-01-23,12,F,0.01,True,42032.42978478306,40324.198200600804,47757.13470316779,1708.2315841822565,0.03576913888992062,6450.0
2025-01-23,18,A,0.0,True,12648.26667895234,12171.048128736795,19735.80400357554,477.2185502155444,0.024180345028207952,10800.0
2025-01-24,6,F,0.22,True,15138.705844192153,15055.305697959424,21668.69733208543,83.40014623272873,0.0038488767900798477,10153.966359102524
2025-01-24,12,F,0.01,True,15601.392993940053,15419.16963017256,21582.89613769175,182.22336376749263,0.00844295235472421,6560.659851827757
2025-01-24,18,A,0.0,True,3187.5875555878474,3126.0097902768457,10468.572024593403,61.57776531100171,0.0058821551942652255,10254.263467733193
2025-01-25,6,F,0.23,True,16245.908547947458,15737.015648117416,22142.914927022786,508.89289983004164,0.02298220001780337,10154.77797091273
2025-01-25,12,F,0.01,True,13895.16829661397,13737.127290289805,19998.419367363775,158.0410063241652,0.007902674877499504,6343.489302759504
2025-01-25,18,F,0.0,True,4112.223986600197,4083.1164589644177,11115.49754311394,29.10752763577966,0.0026186437019917116,10290.132891523574
2025-01-26,6,F,0.23,True,57630.71304785147,57534.98018183004,64963.1110696299,95.73286602142616,0.0014736496520127566,10800.0
2025-01-26,12,F,0.01,True,39333.092738706655,39214.37171228384,46656.43946955835,118.72102642281243,0.0025445796501525507,6494.379784971564
2025-01-26,18,F,0.0,False,12716.590660179567,12716.590660179567,20163.157082805938,0.0,0.0,10800.0
2025-01-27,6,F,0.23,True,53551.8659690663,52547.739404750995,60141.52112487947,1004.126564315302,0.016696061980712235,10800.0
2025-01-27,12,F,0.01,True,35672.792219121795,35488.52429885044,42497.75815836633,184.26792027135525,0.004335944488758387,7349.330154073093
2025-01-27,18,F,0.0,True,11907.544600209223,11819.139615546575,19306.287171183845,88.40498466264762,0.004579077472472233,10800.0
2025-01-28,6,F,0.23,True,50375.716492957676,50226.203974274526,57096.238886510306,149.51251868315012,0.0026186053862555614,10800.0
2025-01-28,12,F,0.01,True,35234.11625256863,35137.47499179671,42080.12274956149,96.64126077191759,0.002296601208772013,6626.13015636108
2025-01-28,18,F,0.0,True,10985.910195108363,10967.522155541863,18303.173708242146,18.388039566500083,0.0010046366744702708,10800.0
2025-01-29,6,F,0.24,True,53922.88069380646,53661.182031498574,60218.40333054284,261.69866230788466,0.00434582532637744,10800.0
2025-01-29,12,F,0.01,True,35579.25685651963,35519.07615153558,42563.70582252282,60.18070498404995,0.0014138972117461869,6367.912872593726
2025-01-29,18,F,0.0,True,11379.698539450708,11345.163780623405,18566.09817940947,34.53475882730345,0.0018600978241946307,10774.664984043033
2025-01-30,6,F,0.46,True,51942.62634993015,50994.24284743012,56944.78484460566,948.3835025000299,0.016654439999870676,10800.0
2025-01-30,12,F,0.16,True,31561.04606232826,30956.88396024691,38499.5981908416,604.1621020813509,0.015692685910292714,6651.414434202283
2025-01-30,18,F,0.0,True,11269.873742913636,11247.676818190685,18235.149459683675,22.196924722951735,0.0012172603669647567,10794.839174336685
2025-01-31,6,F,0.44,True,19922.897417006563,19534.852892423492,25219.85318618978,388.0445245830706,0.015386470401642193,10097.68708607581
2025-01-31,12,F,0.14,True,13261.614934863816,13177.936149861156,19708.988749278094,83.67878500265942,0.004245716818206841,6550.00730973124
2025-01-31,18,F,0.0,True,3644.7324806690904,3603.9571597317226,10806.84114654723,40.775320937367724,0.0037731026471500765,10249.127826164076
2025-02-01,6,F,0.44,True,15393.824156104774,15163.628789787052,21969.05568180137,230.1953663177228,0.010478163907081861,10094.845806045576
2025-02-01,12,F,0.14,True,14115.827423172499,13977.69199728626,20543.8560256009,138.13542588623932,0.006723928833715574,6583.254486239521
2025-02-01,18,F,0.0,True,3570.8634270836346,3497.41913492811,10875.870809410713,73.44429215552464,0.006752957390039471,10239.722604237466
2025-02-02,6,F,0.46,True,50866.77137424572,50776.19281171491,56108.08316904419,90.57856253081263,0.0016143585275924452,10800.0
2025-02-02,12,F,0.14,True,33783.34897085176,33707.459261562224,40295.78941278101,75.88970928953495,0.0018833161080960056,6450.0
2025-02-02,18,F,0.0,True,11323.465368628791,11296.37428891882,18427.666383634594,27.091079709971382,0.0014701307884557031,10800.0
2025-02-03,6,F,0.45,True,49204.99807617212,49051.15176006647,55878.33054684121,153.84631610565702,0.002753237518015898,10800.0
2025-02-03,12,F,0.14,True,34084.36618027311,33918.814737954,41202.668821084975,165.55144231910526,0.004017978617792503,6459.977685783931
2025-02-03,18,F,0.0,False,10850.494259189423,10846.237431978547,18211.45597555428,4.256827210876509,0.00023374447471913068,10790.139456061761
2025-02-04,6,F,0.43,True,46365.3078872093,46208.579648228784,53400.50036419973,156.72823898051865,0.002934958247799321,10800.0
2025-02-04,12,F,0.14,True,31908.627302769048,31728.500087588065,39266.846951051135,180.1272151809826,0.004587259461028887,6435.263298676441
2025-02-04,18,F,0.0,True,10546.479141152058,10498.322971382173,17770.97980825864,48.15616976988531,0.0027098207464906284,10782.852163714286
2025-02-05,6,F,0.43,True,47046.48658064856,46730.38013735025,52504.04600362945,316.1064432983112,0.006020611121597365,10800.0
2025-02-05,12,F,0.13,True,30018.712588751812,29890.029694137273,37001.72370635267,128.6828946145397,0.003477754053723899,6490.379487365981
2025-02-05,18,F,0.0,True,10111.575088385702,10046.57051119469,17406.566406065496,65.00457719101178,0.0037344859218392586,10785.489032114217
2025-02-06,6,F,0.42,True,47263.23026648534,46970.76149601865,52531.01178981689,292.46877046669397,0.005567544970138742,10800.0
2025-02-06,12,F,0.13,True,31074.014629017307,30990.35439986125,37865.24138459533,83.66022915605572,0.002209420199024299,6450.0
2025-02-06,18,F,0.0,True,10276.98564770999,10202.631330288788,17404.763024525455,74.3543174212009,0.004272067210362274,10797.43419425948
2025-02-07,6,F,0.44,True,9188.116736800925,8727.231901525152,16546.28710955259,460.8848352757723,0.02785427523554162,10194.62462428373
2025-02-07,12,F,0.13,True,10344.96277485987,10051.085458839572,17065.336218760618,293.87731602029817,0.01722071644256425,5539.041045893109
2025-02-07,18,F,0.0,True,2538.25000932034,2492.1882663741126,9861.710050579659,46.06174294622724,0.004670766298135057,10129.874601556732
2025-02-08,6,F,0.44,True,15391.558096211565,15249.028982494898,21561.6262683838,142.52911371666778,0.006610313709298486,10121.2597267241
2025-02-08,12,F,0.11,True,10024.045793364008,9912.574597031997,17347.801500080906,111.47119633201146,0.00642566704094992,6253.604433441758
2025-02-08,18,F,0.0,True,2537.730641769678,2494.1255901034165,9974.36514602649,43.605051666261716,0.004371711986464899,10261.952041266379
2025-02-09,6,F,0.42,True,50301.49480165182,49507.03139477304,54198.83865440963,794.4634068787782,0.014658310521089745,10743.389240550861
2025-02-09,12,F,0.08,True,27752.860708780456,27045.431794749507,35143.62146033707,707.4289140309484,0.020129653252421623,6806.248629354007
2025-02-09,18,F,0.0,True,10645.150885215613,10584.166371437217,17622.694131087443,60.98451377839592,0.003460567000979478,10796.887724565746
2025-02-10,6,F,0.39,True,45349.76009213107,45147.79164562228,50776.55471481358,201.9684465087921,0.003977592564977035,10347.254813547128
2025-02-10,12,F,0.08,True,30597.398232260424,30476.92316615686,36853.246861830165,120.47506610356504,0.003269048899687156,6450.0
2025-02-10,18,F,0.0,True,10220.75259477141,10141.902385707655,17353.14573440809,78.85020906375394,0.004543856789458553,10800.0
2025-02-11,6,F,0.4,True,43526.19562637006,43284.48565634472,50705.23502516704,241.70997002534568,0.004766962817653351,10800.0
2025-02-11,12,F,0.11,True,31279.560355506823,31202.43862223925,38668.009982343894,77.12173326757329,0.0019944582951847705,6431.402720523579
2025-02-11,18,F,0.0,True,10505.114931198676,10459.395797436746,17865.168486826147,45.7191337619297,0.0025591213313013637,10790.139456061761
2025-02-12,6,F,0.41,True,37908.07553744849,37795.9887724397,45042.60097857981,112.08676500878937,0.0024884612028087073,10159.654438703406
2025-02-12,12,F,0.11,True,28829.466570852856,28680.94225690675,35638.180354344346,148.5243139461054,0.0041675616563290685,6459.599240646638
2025-02-12,18,F,0.0,True,9626.80492795026,9598.758216023336,16957.870062173795,28.046711926923308,0.001653905344485701,10800.0
2025-02-13,6,F,0.4,True,38759.94104402587,38504.4901146981,45193.7747094744,255.45092932777334,0.005652347717576703,9874.074074074075
2025-02-13,12,F,0.12,True,30713.720311750527,30444.358848656877,36670.8877503255,269.36146309364995,0.007345376117633232,6977.481352036173
2025-02-13,18,F,0.0,True,10325.11444207493,10225.997533946816,17478.650894109705,99.11690812811321,0.005670741336307343,10800.0
2025-02-14,6,F,0.37,True,11120.270497981384,10638.755989358115,17157.892500202757,481.51450862326965,0.028063732688474386,9521.681918239725
2025-02-14,12,F,0.06,True,9483.99287373929,9342.362042527258,16040.112474895775,141.6308312120309,0.008829790404131888,5690.00383878898
2025-02-14,18,F,0.0,True,4289.099217653376,4233.767254567862,11164.066682815035,55.33196308551396,0.0049562551584080945,10203.803801093398
2025-02-15,6,F,0.36,True,11373.334937999532,11013.089742894457,18010.150338731768,360.24519510507525,0.020002342475195733,9486.017671168074
2025-02-15,12,F,0.06,True,9002.585421294456,8849.298053981916,16368.751192731821,153.28736731253957,0.00936463420499686,5104.932899528572
2025-02-15,18,F,0.0,True,2887.370440959052,2807.0023696664794,10268.508883243981,80.3680712925725,0.00782665450323718,10289.756699587932
2025-02-16,6,F,0.35,True,42047.17547220423,41754.73523368835,47162.312352566696,292.4402385158828,0.006200718835194421,9874.074074074075
2025-02-16,12,F,0.05,True,25622.05086965925,25415.841380171078,33006.31011847557,206.20948948817386,0.006247577773704134,6553.989045756796
2025-02-16,18,F,0.0,True,9253.745231053117,9224.698666232232,16662.81987628547,29.04656482088467,0.0017431962318829209,10800.0
2025-02-17,6,F,0.35,True,37524.99207081584,37287.871899052014,44274.00074394911,237.12017176382506,0.005355743049632398,9874.074074074075
2025-02-17,12,F,0.07,True,26613.72963262268,26507.815938295782,33679.48213664246,105.9136943268968,0.0031447542422769403,6868.8148911294265
2025-02-17,18,F,0.0,True,9557.805250862499,9491.880474401676,16980.40248925532,65.92477646082261,0.0038824036416414626,10800.0
2025-02-18,6,F,0.33,True,38916.15431509724,38614.16609890046,44460.73657673079,301.98821619678347,0.006792245010957232,9874.074074074075
2025-02-18,12,F,0.11,True,28627.687803346395,28100.143746933223,34895.98182281318,527.5440564131713,0.015117616093790217,6450.0
2025-02-18,18,F,0.0,True,10473.253029153248,10410.965479183214,17562.163669250564,62.28754997003307,0.0035466899832559805,10800.0
2025-02-19,6,F,0.35,True,35868.513693124616,35507.76453634977,42729.87676506129,360.74915677484387,0.008442550835293203,9874.074074074075
2025-02-19,12,F,0.13,True,29317.66001590989,29006.78504953395,35431.46994853516,310.8749663759372,0.008773978805493778,7088.757023083583
2025-02-19,18,F,0.0,True,10082.755209292458,10062.351372767465,17341.08635653962,20.403836524992585,0.0011766181256169079,10798.697357099581
2025-02-20,6,F,0.36,True,36633.22285924882,35923.932074617725,43332.57185848879,709.2907846310918,0.01636853651215126,9874.074074074075
2025-02-20,12,F,0.14,True,26140.45700804003,25808.905720804883,33225.463200507205,331.55128723514645,0.009978831152309868,6973.273376227424
2025-02-20,18,F,0.0,True,10351.342070826531,10309.298816840817,17519.877204179524,42.04325398571382,0.002399745928338129,10790.386648749814
2025-02-21,6,F,0.37,True,9135.44398483182,8348.362797699232,15821.118481158112,787.0811871325877,0.04974877016880624,7062.285688167712
2025-02-21,12,F,0.14,True,6295.595890811277,6151.939351032867,13694.791934768658,143.65653977840975,0.010489866546543958,5663.112978761849
2025-02-21,18,F,0.0,True,3504.6809522261037,3455.4358317196065,10515.691952607707,49.24512050649719,0.004683012846747119,10283.755313974982
2025-02-22,6,F,0.38,True,12025.921352176474,11296.215235852915,17804.085537059975,729.7061163235594,0.040985318499208764,6616.5236142597305
2025-02-22,12,F,0.14,True,7254.836811583173,7027.647183022054,14468.966867702075,227.1896285611183,0.01570185560852003,6071.92357944666
2025-02-22,18,F,0.0,True,3384.0524674927037,3341.498539814762,10466.895033454692,42.55392767794183,0.0040655731754191985,10226.86132019717
2025-02-23,6,F,0.37,True,39283.30628099238,38742.00345677549,44983.84982970026,541.3028242168875,0.012033270301811658,9874.074074074075
2025-02-23,12,F,0.16,True,27011.686410616345,26559.781097071143,33808.22494379413,451.90531354520135,0.01336672701085283,6998.279959878779
2025-02-23,18,F,0.0,True,12240.869519519672,12131.402619406952,18900.076812319563,109.4669001127204,0.0057918759378462956,10788.043989878744
2025-02-24,6,F,0.39,True,34223.138180391026,32790.61674746628,41480.02354560853,1432.5214329247465,0.034535212627101,9874.074074074075
2025-02-24,12,F,0.17,True,26217.452509741895,25966.80777189948,33183.627563029426,250.64473784241636,0.00755326515662998,6460.653323361018
2025-02-24,18,F,0.0,True,10763.11876568809,10686.27888212446,17818.007623378373,76.83988356363079,0.0043124846047776924,10778.739895032337
2025-02-25,6,F,0.4,True,38538.41927197926,37873.48534893486,44316.80662018028,664.933923044402,0.015004102816867112,9874.074074074075
2025-02-25,12,F,0.17,True,26652.758794607806,26469.67922495254,33469.24435097918,183.07956965526682,0.005470083750185135,7088.99433873662
2025-02-25,18,F,0.0,True,9621.586516633566,9573.302713370604,17019.59893752567,48.283803262962465,0.0028369530586589736,10800.0
2025-02-26,6,F,0.4,True,36376.817006632715,35907.94049373322,42278.061778537776,468.8765128994928,0.011090302941406727,9874.074074074075
2025-02-26,12,F,0.19,True,27705.620933335238,27225.570937949517,34259.01670574166,480.04999538572156,0.014012369342324622,6872.153623465763
2025-02-26,18,F,0.0,True,11058.290293551314,11029.20770249277,18148.935761309032,29.082591058544494,0.001602440575085646,10689.142293153156
2025-02-27,6,F,0.4,True,32031.726381009896,31507.666849117082,39273.6374619446,524.0595318928135,0.01334379919355871,9874.074074074075
2025-02-27,12,F,0.11,True,27162.508792589248,27017.422521034983,33469.42936203325,145.08627155426439,0.00433488931002947,6554.415759011726
2025-02-27,18,F,0.0,True,9908.44655072363,9877.044974244722,17179.398389341502,31.401576478907373,0.0018278624063104351,10800.0
2025-02-28,6,F,0.38,True,11291.105149650919,10119.009033467506,17121.25509774012,1172.096116183413,0.06845853937064002,6445.147532678882
2025-02-28,12,F,0.13,True,7275.1519743975205,7199.111167432158,14325.66518205886,76.04080696536221,0.005308012298137053,5976.640419017314
2025-02-28,18,F,0.0,True,3562.3525860421487,3517.096147357177,10610.895010981463,45.25643868497173,0.004265091553364234,10160.474792588877
2025-03-01,6,F,0.4,True,9517.402866872608,9054.897969070307,15966.68805162685,462.50489780230055,0.028966865032174022,6391.853528154565
2025-03-01,12,F,0.12,True,9408.316048770319,9228.357117360863,15844.767268883948,179.95893140945554,0.011357625413839938,5034.100293901859
2025-03-01,18,F,0.0,True,2475.4018206457276,2379.9091336706933,9869.350419086628,95.4926869750343,0.009675681065124425,10260.530749339874
2025-03-02,6,F,0.37,True,37679.581877408484,36551.195786210876,44647.111127362936,1128.386091197608,0.025273440155595028,9874.074074074075
2025-03-02,12,F,0.12,True,29114.472734460433,28808.874556508737,35785.973678094066,305.5981779516951,0.008539607744102354,7333.275078216383
2025-03-02,18,F,0.0,True,11185.729721638754,11123.23318186488,18224.73050537553,62.49653977387425,0.0034292161278017467,10640.33154481591
2025-03-03,6,F,0.32,True,38913.49926206936,38134.75418262118,45126.50288483917,778.7450794481774,0.017256933944903737,9874.074074074075
2025-03-03,12,F,0.05,True,29932.383396317215,29627.443467433703,36211.91524619008,304.93992888351204,0.008420983171156497,6562.035556448625
2025-03-03,18,F,0.0,True,10075.58223586486,10011.440321768727,17415.91222398783,64.1419140961334,0.003682948861431872,10738.567800919443
2025-03-04,6,F,0.3,True,35720.75858017456,35155.58842118717,42536.91123042532,565.1701589873919,0.013286581997593267,9874.074074074075
2025-03-04,12,F,0.05,True,25398.28756379142,25241.037249168614,32806.47574009941,157.25031462280458,0.004793270568548064,6339.1096746433095
2025-03-04,18,F,0.0,True,10176.913089118802,10082.018644447615,17493.472564982163,94.89444467118665,0.00542456303736647,10798.379072156817
2025-03-05,6,F,0.32,True,35292.43710851465,35006.28684083933,41887.63627301052,286.15026767531526,0.006831377779597714,9874.074074074075
2025-03-05,12,F,0.09,True,24930.862519975708,24800.1953031492,32320.88366342077,130.66721682650677,0.004042810777924048,7066.02750711597
2025-03-05,18,F,0.0,True,10478.501434276624,10421.574266208921,17719.09708503505,56.92716806770295,0.0032127578394376376,10789.117775746096
2025-03-06,6,F,0.32,True,32695.5517062675,32514.860402103237,40111.99913031637,180.69130416426196,0.004504669627091629,9874.074074074075
2025-03-06,12,F,0.11,True,26416.18778592591,26279.24865159126,33486.43114902237,136.9391343346506,0.004089391721836219,6619.2008980165665
2025-03-06,18,F,0.0,True,10323.0515807877,10263.596807231583,17596.37491932242,59.45477355611729,0.003378808068634099,10800.0
2025-03-07,6,F,0.3,True,6425.405961303886,6267.850553351418,13819.616186920244,157.55540795246816,0.011400852659105579,5784.31640779385
2025-03-07,12,F,0.1,True,6437.376732510329,6277.744824710422,13812.56635149879,159.6319077999069,0.011557005681466673,4867.230349961899
2025-03-07,18,F,0.0,True,3388.976309735688,3356.218468508103,10508.15681501336,32.75784122758523,0.003117372704296056,10203.250116937335
2025-03-08,6,F,0.29,True,7285.54313833071,7190.538014818956,14326.993475920412,95.00512351175348,0.006631197513381296,5146.835358732269
2025-03-08,12,F,0.12,True,6170.956360251677,6047.575331423735,13567.02582969978,123.38102882794192,0.00909418397050934,5089.763259357985
2025-03-08,18,F,0.0,True,2543.1042290218174,2508.3527543935925,9934.473508961963,34.75147462822497,0.0034980690820580885,10260.417775791244
2025-03-09,6,F,0.31,True,30289.81817715081,29942.9213435918,37665.42642593509,346.8968335590107,0.00920995370226712,9874.074074074075
2025-03-09,12,F,0.11,True,25043.794801608215,24481.174739004353,32348.567557452792,562.6200626038626,0.017392425850221008,5619.898261835186
2025-03-09,18,F,0.0,True,9847.407919698604,9799.699084283331,17247.03565049026,47.708835415272915,0.002766204951511001,10800.0
2025-03-10,6,F,0.31,True,31914.228620458423,30572.535630175214,38993.290635481026,1341.692990283209,0.03440830379835568,9875.692516170113
2025-03-10,12,F,0.09,True,25419.156055669828,25020.8962373867,32635.57255773083,398.25981828312797,0.012203242874891336,6477.828572029137
2025-03-10,18,F,0.0,True,9886.233805105068,9863.631716283482,17262.90736858313,22.60208882158622,0.0013092863408813685,10798.110248334564
2025-03-11,6,F,0.26,True,32398.89533211288,30908.022598858824,39388.2725088344,1490.8727332540548,0.037850675805080475,9886.28899874554
2025-03-11,12,F,0.09,True,25107.94403810958,23891.19466154218,32501.427087636057,1216.7493765674008,0.037436798491542765,7070.839087079496
2025-03-11,18,F,0.0,True,9811.215839792687,9749.071311443586,17184.24719961622,62.144528349101165,0.003616366060567905,10799.608783260943
2025-03-12,6,F,0.25,True,29613.666360236057,29492.67597278116,36998.26672687725,120.99038745489815,0.0032701636632887225,9875.96363179538
2025-03-12,12,F,0.09,True,25335.9573060099,24838.0625013499,32647.284781284216,497.89480465999804,0.015250726300688484,5258.338041183235
2025-03-12,18,F,0.0,True,9857.605376129284,9797.991431184548,17263.51701222635,59.61394494473643,0.003453174976021207,10798.835557467024
2025-03-13,6,F,0.27,True,31694.233516128334,30351.42542117174,38822.227005140216,1342.808094956592,0.0345886415732616,9920.985822772613
2025-03-13,12,F,0.09,True,24594.155944540187,24203.353630661135,31897.333561208965,390.80231387905224,0.012251880337556345,6953.513751416618
2025-03-13,18,F,0.0,True,9798.789691259308,9680.471223461122,17202.041023448288,118.31846779818625,0.006878164494370468,10785.567141629828
2025-03-14,6,F,0.25,True,6788.576481381737,6235.613316385365,14121.220200766094,552.9631649963721,0.03915831331391413,5003.594095428128
2025-03-14,12,F,0.11,True,6310.919190829714,6053.866424022346,13673.207009038011,257.05276680736824,0.018799742199284774,3995.177664769146
2025-03-14,18,F,0.0,True,2547.3191565337092,2504.0354593578877,9950.022712721719,43.283697175821544,0.004350110389243701,10149.724188909435
2025-03-15,6,F,0.31,True,8335.543283575185,6217.7027403512175,15483.672269862878,2117.840543223968,0.13677895697560663,4594.087080350501
2025-03-15,12,F,0.11,True,6153.263632282488,5932.375945241099,13520.305478173825,220.88768704138965,0.016337477536877722,6144.471700453415
2025-03-15,18,F,0.0,True,2572.3203054561936,2529.0264615414508,9951.641705551006,43.293843914742865,0.004350422291690188,10212.97961360548
2025-03-16,6,F,0.32,True,30936.091875201593,30203.353599380007,38103.43453952401,732.7382758215863,0.019230242225580216,9902.921079395586
2025-03-16,12,F,0.09,True,24675.731520802063,24379.11210836769,32048.708893253668,296.61941243437104,0.009255268704344285,7116.669107103943
2025-03-16,18,F,0.0,True,10065.298210298535,10020.84743902682,17457.120183850173,44.450771271714984,0.002546283167187966,10727.757079686464
2025-03-17,6,F,0.33,True,27138.973043628663,26923.347030754798,34507.15513333389,215.62601287386497,0.00624873340154229,9874.074074074075
2025-03-17,12,F,0.08,True,23878.897776600264,23373.69746060614,31222.673392450975,505.20031599412323,0.016180559225151766,5885.63530134067
2025-03-17,18,F,0.0,True,9922.258489000385,9875.314689833924,17332.843322880268,46.94379916646176,0.00270837267100277,10798.991646344552
2025-03-18,6,F,0.35,True,30355.312853051553,29135.258266168967,37573.91040697984,1220.0545868825866,0.0324707908670572,9899.234225605942
2025-03-18,12,F,0.06,True,23571.85054262294,23352.920444783624,30958.202664254663,218.93009783931484,0.007071796131501477,6928.783418716284
2025-03-18,18,F,0.0,True,9729.56390223076,9671.362977334176,17142.524666096393,58.20092489658418,0.0033951197988760073,10789.872427106891
2025-03-19,6,F,0.34,True,30347.257435274623,28267.96312936356,37388.85164041212,2079.294305911062,0.05561268171348798,9887.052247118372
2025-03-19,12,F,0.05,True,23383.531088102485,22737.906928771954,30764.409587324164,645.6241593305313,0.020986073452764955,7032.806399328699
2025-03-19,18,F,0.0,True,9939.199375065857,9877.636142293311,17348.23228532384,61.563232772545234,0.0035486746868513023,10799.802684263406
2025-03-20,6,F,0.35,True,28028.46574110534,27292.355205896834,35339.36266970117,736.1105352085069,0.02082976261028115,9877.908226632453
2025-03-20,12,F,0.04,True,24585.01777210064,24214.915104675707,31841.52735288212,370.1026674249333,0.011623269930593755,5474.611141812148
2025-03-20,18,F,0.0,True,9904.414909170653,9809.996236797802,17275.17302450235,94.41867237285078,0.005465570286267551,10798.594869434335
2025-03-21,6,F,0.38,True,5456.183333938185,5346.903008586549,12864.447432627472,109.28032535163584,0.008494754704696718,4343.551744483699
2025-03-21,12,F,0.05,True,5728.136396279229,5544.375966054155,13100.336462628917,183.76043022507474,0.014027153481842598,2175.5022968644453
2025-03-21,18,F,0.0,True,2477.782329247235,2415.842669812788,9873.907118185763,61.939659434447094,0.006273064825611598,10220.939253271597
2025-03-22,6,F,0.34,True,5867.058394745027,5785.3308892453315,13263.183624758718,81.72750549969533,0.006161982508266909,4271.838100286669
2025-03-22,12,F,0.04,True,6902.534807214564,6296.715102600754,14159.661619375971,605.8197046138102,0.04278489987252317,2330.7723077209903
2025-03-22,18,F,0.0,True,2674.241842872234,2614.5415140109326,10070.394587499046,59.70032886130139,0.00592830085679173,10281.106603323415
2025-03-23,6,F,0.36,True,28251.896598203974,27673.71158199192,35553.54467337739,578.1850162120536,0.016262373316745557,9874.074074074075
2025-03-23,12,F,0.05,True,23209.213463725464,23167.230071456135,30617.41373951748,41.98339226932876,0.0013712259509084978,6195.048242871986
2025-03-23,18,F,0.0,True,9874.67962941259,9827.162869021486,17279.85756064924,47.51676039110498,0.00274983518957431,10800.0
2025-03-24,6,F,0.35,True,26981.53757251089,26499.272532422954,34209.15375042338,482.26504008793563,0.01409754370442347,9884.041870846224
2025-03-24,12,F,0.03,True,23134.187766225943,22930.394143860707,30433.455164644754,203.79362236523593,0.0066963682323519964,6767.466656314853
2025-03-24,18,Q,0.0,True,9910.496297230335,9859.905895151916,17309.314370369182,50.590402078418265,0.0029227270933978216,10772.976663634428
2025-03-25,6,F,0.34,True,27599.325603958154,27407.92828701208,35002.00373607716,191.39731694607326,0.005468181718659632,9897.571407443242
2025-03-25,12,F,0.04,True,23404.866547791622,23012.2491289897,30758.528880522532,392.6174188019213,0.012764505751461395,4746.948175443875
2025-03-25,18,Q,0.0,True,9641.854906445204,9604.479435028437,17054.325046198053,37.37547141676623,0.0021915538325627494,10794.657703157209
2025-03-26,6,F,0.35,True,26433.751194935277,26057.072434881764,33747.32104708397,376.67876005351354,0.01116173812813096,9874.074074074075
2025-03-26,12,F,0.04,True,22614.111428141445,22514.32029716888,29976.0191336044,99.79113097256413,0.0033290321349139385,6834.85349046481
2025-03-26,18,Q,0.0,True,9814.451533928384,9772.326039691574,17197.47097044765,42.12549423681048,0.0024495168103030648,10786.053422024912
2025-03-27,6,F,0.34,True,29016.05556927345,27286.620822184843,36064.586530562876,1729.434747088606,0.047953821559079825,9874.074074074075
2025-03-27,12,F,0.03,True,22998.16309350315,21919.955070543125,30399.812467853517,1078.2080229600251,0.0354675879695042,7369.257503396424
2025-03-27,18,Q,0.0,True,9863.845792251313,9786.819270821126,17267.515486654884,77.02652143018713,0.004460776160282972,10777.67724234475
2025-03-28,6,F,0.36,True,5135.801714245385,5024.793052694171,12535.099147522005,111.00866155121366,0.008855826367608616,4318.318217610974
2025-03-28,12,F,0.02,True,5235.648492385006,5072.073141303175,12605.723345790304,163.57535108183038,0.01297627645750742,1528.2268975464565
2025-03-28,18,Q,0.0,True,2406.208377023535,2314.310444552645,9818.057076550944,91.89793247088983,0.009360093525059576,10280.468575192808
2025-03-29,6,F,0.36,True,5637.583724110591,5370.3171487701375,12967.53513478949,267.2665753404535,0.020610437724855428,4020.8107631190164
2025-03-29,12,F,0.02,True,5160.903054290972,5073.979738104748,12526.382934307814,86.92331618622393,0.0069392191378849265,1200.0
2025-03-29,18,Q,0.0,True,2822.6700672164607,2759.441784136853,10213.318439477129,63.228283079607536,0.006190767815014344,10088.834229499755
2025-03-30,6,F,0.35,True,24341.519828312383,23990.229666459134,31660.72082519148,351.2901618532487,0.011095456853077638,9874.074074074075
2025-03-30,12,F,0.02,True,20994.926026618014,20917.237558696095,28369.47861824329,77.68846792191835,0.00273845243923376,6722.491353750511
2025-03-30,18,Q,0.0,True,9793.272047526229,9704.520161335488,17172.21938543431,88.75188619074106,0.005168341039599198,10789.123539590853
2025-03-31,6,F,0.39,True,33755.94515878835,27044.99687503669,40359.341052305994,6710.9482837516625,0.16627992699519611,9925.797944698123
2025-03-31,12,F,0.04,True,23244.762474984433,21616.338386584335,30629.210937924978,1628.4240884000974,0.05316572117056364,7391.359961104034
2025-03-31,18,Q,0.0,True,9739.008163126395,9681.387679291354,17108.682839193392,57.62048383504043,0.003367908820136677,10797.343695887886
2025-04-01,6,F,0.4,True,27712.55710459513,26347.97756658515,34889.248324171116,1364.5795380099808,0.03911174942294776,9886.70081699944
2025-04-01,12,F,0.04,True,22339.13652815785,22018.93622843858,29674.43867547438,320.20029971927215,0.010790441673422939,6978.987577723814
2025-04-01,18,Q,0.0,True,9864.553889310484,9755.556164135349,17254.019576453153,108.9977251751352,0.006317236670108234,10697.426158155682
2025-04-02,6,F,0.39,True,26945.421054534163,26555.158554532587,34121.051645795924,390.262500001576,0.011437587095873126,9903.33182958109
2025-04-02,12,F,0.04,True,21399.6135795573,20943.346999083777,28775.771169362186,456.2665804735225,0.015855928857236447,6531.603408146357
2025-04-02,18,Q,0.0,True,9704.443577412685,9632.51813672974,17087.279122720294,71.92544068294592,0.004209297464293741,10794.145245264437
2025-04-03,6,F,0.38,True,25744.742395713816,25285.382166322815,33105.06074584489,459.36022939100076,0.013875831037363567,9917.296409020895
2025-04-03,12,F,0.04,True,22013.86149472488,21807.577466395272,29366.244124578567,206.28402832960637,0.0070245288248133005,6501.1874152472155
2025-04-03,18,Q,0.0,True,9721.09573815274,9683.997738878017,17107.552835997634,37.097999274723406,0.002168515838025762,10798.007734055693
2025-04-04,6,F,0.36,True,4393.931525536669,4286.035631496744,11786.52302335322,107.89589403992522,0.009154174969678994,3754.2498494172355
2025-04-04,12,F,0.05,True,4650.484235522271,4493.815655709146,12020.521480848505,156.66857981312478,0.013033426217218144,1200.0
2025-04-04,18,Q,0.0,True,2478.0303904047505,2414.3554754289908,9844.719076244823,63.67491497575975,0.006467926050770355,10159.13689377093
2025-04-05,6,F,0.37,True,4831.538162328121,4570.352326142203,12175.854747940097,261.18583618591765,0.021451129435500607,3443.35341913377
2025-04-05,12,F,0.03,True,4668.7126445614795,4499.169775978858,12036.690965304191,169.54286858262185,0.01408550481783821,1200.0
2025-04-05,18,Q,0.0,True,2660.385895880533,2605.5587207540057,10033.632192873527,54.827175126527436,0.0054643397398470425,10223.845640010199
2025-04-06,6,F,0.37,True,24189.85263287696,23933.37891775671,31519.513332916336,256.47371512024984,0.00813698207873058,9936.622410904909
2025-04-06,12,F,0.04,True,22544.571655158667,21810.4793908735,29802.0329684937,734.0922642851656,0.024632288175146906,6123.046837395407
2025-04-06,18,Q,0.0,True,9627.771933369113,9575.557242256813,17028.634608190503,52.21469111229999,0.0030662875981369376,10765.670321844136
2025-04-07,6,F,0.36,True,25255.55266717318,23000.8584984701,32226.633654995,2254.6941687030776,0.06996368881841337,9928.92698694617
2025-04-07,12,F,0.05,True,20935.996514729377,20610.95065464863,28282.31693407654,325.04586008074693,0.011492900699698638,7299.1197311403885
2025-04-07,18,Q,0.0,True,9635.335079260973,9593.623223488088,17010.028888742392,41.71185577288452,0.002452191941924939,10791.06780258183
2025-04-08,6,F,0.36,True,24912.9472357005,24209.716751511445,32134.991975886245,703.2304841890546,0.021883636526710548,9964.66566266305
2025-04-08,12,F,0.05,True,21201.302554329322,21024.800178326856,28553.092206994643,176.50237600246692,0.006181550310660545,6084.994845009201
2025-04-08,18,Q,0.0,True,9730.824111395641,9628.506918141567,17120.355357049568,102.31719325407357,0.005976347518507722,10794.24493000588
2025-04-09,6,F,0.36,True,25694.537995178376,24858.52466227358,32744.163066761706,836.0133329047967,0.025531675101918425,9930.7675379565
2025-04-09,12,F,0.05,True,22235.702483129753,21743.528462734866,29488.74420577658,492.1740203948866,0.016690233295810344,6935.773039272443
2025-04-09,18,Q,0.0,True,9695.462793210552,9627.547725449747,17096.898511913692,67.91506776080496,0.0039723618709837615,10779.083905902664
2025-04-10,6,F,0.33,True,26445.36123543282,25047.97767169388,33466.123110577064,1397.383563738942,0.04175516713190166,9940.456112679149
2025-04-10,12,F,0.05,True,21265.894216517496,20671.15059174729,28651.789118340363,594.7436247702062,0.020757643521447794,6892.050856496602
2025-04-10,18,Q,0.0,True,9815.315803562196,9749.435119785954,17191.944299183753,65.88068377624222,0.003832067079194186,10776.812680178475
2025-04-11,6,F,0.36,True,4576.58572293151,4162.513398505199,11896.599985757066,414.07232442631084,0.03480593824471274,3302.183031029809
2025-04-11,12,F,0.05,True,3886.4609685689693,3714.586147973967,11281.358757994065,171.87482059500235,0.0152352942834311,1200.0
2025-04-11,18,Q,0.0,True,2386.6708687454175,2291.2592532750023,9797.660165222595,95.4116154704152,0.009738204210132198,10161.699913007405
2025-04-12,6,F,0.33,True,4333.7421480071625,4188.764629449448,11734.35204375785,144.97751855771457,0.012354965831695507,3323.4556266590776
2025-04-12,12,F,0.06,True,4599.742072248171,4333.002236893629,11973.38620744096,266.73983535454227,0.022277727514441535,2059.252082181152
2025-04-12,18,Q,0.0,True,2489.5439085781973,2369.5311760671757,9888.135106807205,120.01273251102157,0.012137044166033109,10235.679535856034
2025-04-13,6,F,0.32,True,22344.0358766859,21799.593597834973,29606.642312885513,544.4422788509255,0.018389193651114275,9966.402154430662
2025-04-13,12,F,0.06,True,20267.685105359167,19820.713780727037,27546.46485243462,446.97132463212984,0.01622608661498085,6396.837985982218
2025-04-13,18,Q,0.0,True,9738.863898274012,9644.680148755517,17086.120793440503,94.18374951849546,0.005512295661321401,10748.00431946719
2025-04-14,6,F,0.31,True,22246.333594142838,22140.00435181585,29652.173469722682,106.3292423269886,0.003585883592498187,9948.84512896848
2025-04-14,12,F,0.06,True,20167.938596188913,19787.456368959793,27507.429096366017,380.4822272291203,0.013831980658613623,4366.618924365287
2025-04-14,18,Q,0.0,True,9564.782895753577,9483.031674130445,16949.53552627361,81.75122162313164,0.004823213090199931,10790.102933885297
2025-04-15,6,F,0.32,True,24307.615003251223,22174.57360156315,31327.224184783627,2133.041401688075,0.06808906493299026,9969.494683256158
2025-04-15,12,F,0.08,True,20426.167343674693,19757.679285369963,27806.886686185346,668.4880583047307,0.024040377689489422,7065.792131822863
2025-04-15,18,Q,0.0,True,9725.774271370927,9571.086557779729,17115.042739593628,154.6877135911982,0.009038114362013626,10790.252865911085
2025-04-16,6,F,0.31,True,26416.771304562993,23684.320711102784,33290.35157583375,2732.4505934602093,0.08207935525210132,9958.57430312599
2025-04-16,12,F,0.08,True,20815.04701083877,20183.658626969613,28175.932010843808,631.3883838691581,0.022408784335019038,6951.34260254579
2025-04-16,18,Q,0.0,True,9614.796798462976,9564.032164722077,16999.460229862405,50.76463374089872,0.0029862497429019607,10778.126736820106
2025-04-17,6,F,0.31,True,24893.435809669427,23355.508032148486,31764.594028225176,1537.9277775209412,0.04841641533823411,9956.5898308815
2025-04-17,12,F,0.08,True,20273.395589570137,19560.68732258644,27679.377156474646,712.7082669836964,0.025748710419120923,7136.9702254788845
2025-04-17,18,Q,0.0,True,9580.295128030864,9522.016924501446,16989.5107846296,58.27820352941853,0.00343024612469376,10774.834210706324
2025-04-18,6,F,0.28,True,3785.2019699525226,3561.3399310196965,11152.107603261678,223.86203893282618,0.02007351855781528,3197.8546510474766
2025-04-18,12,F,0.08,True,3906.81214277294,3709.525154686583,11278.171985013787,197.28698808635727,0.017492816065272664,1200.0
2025-04-18,18,Q,0.0,True,2571.18129586516,2494.0365072813756,9935.57558970283,77.14478858378425,0.007764501199481249,10087.999886837035
2025-04-19,6,F,0.3,True,3396.750467637079,3263.4253099274265,10796.94795766875,133.32515770965256,0.012348411628209774,3175.647818801183
2025-04-19,12,F,0.11,True,5609.869002395208,3993.403584343161,12819.797349337494,1616.4654180520465,0.12609133935612352,1200.0
2025-04-19,18,Q,0.0,True,2379.0253975781707,2332.675048957688,9785.938642797393,46.35034862048269,0.004736423383831175,10016.523046967373
2025-04-20,6,F,0.3,True,21762.702060669333,20825.349344715054,28994.230398058553,937.3527159542791,0.03232893934708624,9984.644832163345
2025-04-20,12,F,0.1,True,20044.60330174447,19667.706804014386,27352.349270080318,376.8964977300857,0.013779309923566904,6526.606954690867
2025-04-20,18,Q,0.0,True,9463.34097271592,9393.601629372288,16864.130801231226,69.73934334363184,0.004135365419398922,10730.267839702325
2025-04-21,6,F,0.3,True,20361.25261291879,20265.52148887174,27754.949659112463,95.73112404705171,0.003449155023620135,9982.073707853173
2025-04-21,12,F,0.12,True,19059.691928123146,18977.26575997281,26461.93533133219,82.42616815033398,0.0031148956838669872,5597.207109913988
2025-04-21,18,Q,0.0,True,9296.090722021307,9259.296853585298,16698.155316360586,36.79386843600878,0.002203469050258428,10788.649554645215
2025-04-22,6,F,0.3,True,23969.209555182802,21528.054807453052,30866.635267269852,2441.15474772975,0.07908716731163389,10006.680900752108
2025-04-22,12,F,0.11,True,19905.993577936442,19328.20448501823,27230.278244765646,577.789092918214,0.02121862610894473,6214.428883910834
2025-04-22,18,Q,0.0,True,9454.275040891263,9425.603285018386,16847.22145408429,28.67175587287784,0.0017018685218224464,10780.473066578454
2025-04-23,6,F,0.29,True,21442.923568880142,20709.35835056221,28477.670615008843,733.5652183179336,0.02575931255877776,9986.341030148453
2025-04-23,12,F,0.09,True,19790.38929128227,19275.8639792772,27045.351690285,514.5253120050693,0.019024537669069863,6293.938191845946
2025-04-23,18,Q,0.0,True,9557.140192472278,9524.72787921919,16951.580945738413,32.41231325308763,0.001912052531078879,10781.480053735027
2025-04-24,6,F,0.29,True,19303.168885224324,19123.86790720976,26631.233251381716,179.30097801456577,0.006732732814965039,9992.262791404886
2025-04-24,12,F,0.09,True,19730.0895628512,19017.743157045945,27033.0651411041,712.3464058052559,0.026350929947715204,5871.729284445508
2025-04-24,18,Q,0.0,True,9324.358949277763,9288.903529430876,16730.149696323286,35.4554198468868,0.0021192529947701953,10788.53134530201
2025-04-25,6,F,0.28,True,3517.3547219323027,3329.6005430253263,10894.930067047742,187.75417890697645,0.017233169717614644,2744.906852242355
2025-04-25,12,F,0.08,True,3357.1075812082327,2942.4698876693255,10734.500784269358,414.6376935389071,0.03862663964276093,1200.0
2025-04-25,18,Q,0.0,True,2122.1503542079226,2065.743947279857,9546.598877637016,56.406406928065735,0.005908534301173813,10095.57865001469
2025-04-26,6,F,0.28,True,3423.38957897028,3285.1014115236467,10803.714493654674,138.28816744663345,0.012800057566113394,2672.2912563847963
2025-04-26,12,F,0.07,True,5022.572134871183,3548.520090622287,12197.382427459972,1474.052044248896,0.12084986701165998,1200.0
2025-04-26,18,Q,0.0,True,2476.245022481309,2426.148758665545,9881.48895245952,50.09626381576436,0.005069708022422604,9928.619612742708
2025-04-27,6,F,0.27,True,22619.503313050285,19874.216363938474,29641.59616275464,2745.286949111811,0.09261602965097164,9395.920045582465
2025-04-27,12,F,0.09,True,19235.917967311085,18741.4534773988,26472.083123484,494.46448991228317,0.018678714765504503,5623.72410370686
2025-04-27,18,Q,0.0,True,9158.902150797341,9136.097337764038,16561.192172984633,22.804813033302707,0.0013770031043117146,10799.785505732452
2025-04-28,6,F,0.29,True,30399.485963848216,24638.218470761385,36875.23093391997,5761.267493086831,0.15623678407359567,10001.260493154423
2025-04-28,12,F,0.08,True,20564.989013763785,19707.004354495337,27900.418582576604,857.984659268448,0.030751676958862786,7280.831438828098
2025-04-28,18,Q,0.0,True,9290.486047492708,9207.926073015953,16690.417298622808,82.55997447675509,0.0049465494480816505,10800.0
2025-04-29,6,F,0.29,True,19991.627699865392,19610.44381962216,27292.965990030098,381.1838802432321,0.013966378017782147,10013.511353139289
2025-04-29,12,F,0.09,True,20259.41749131691,19763.234897655624,27508.644118554505,496.1825936612877,0.018037333702194864,6331.217747386196
2025-04-29,18,Q,0.0,True,9298.188575732192,9254.211916745762,16710.488395193253,43.976658986430266,0.0026316800530545885,10789.936473847109
2025-04-30,6,F,0.29,True,19416.63076971194,18924.987455424096,26604.728682945624,491.643314287845,0.018479546254610072,9322.56648059162
2025-04-30,12,F,0.08,True,17936.198642929194,17735.603803709346,25304.445099088374,200.59483921984793,0.007927256987234808,6887.862161754891
2025-04-30,18,Q,0.0,True,9380.542664352228,9300.375438758201,16762.84508936955,80.1672255940266,0.0047824355094032356,10800.0
2025-05-01,6,F,0.29,True,22267.049759694986,19663.340148510186,29365.59754985483,2603.7096111848005,0.0886653032264849,9601.769991855886
2025-05-01,12,F,0.07,True,19516.179347920042,18922.859319455085,26822.391903233754,593.3200284649574,0.022120325085304034,4983.1175765101425
2025-05-01,18,Q,0.0,True,9381.922492737232,9330.515020322458,16779.151008602585,51.40747241477402,0.0030637707705483833,10776.410134696334
2025-05-02,6,F,0.31,True,5579.882139208452,4022.089784078549,12794.236502480568,1557.7923551299027,0.12175735182227368,2878.1195430045977
2025-05-02,12,F,0.07,True,4341.052429507348,4087.6381884143484,11706.32735934425,253.41424109299987,0.021647629808568356,3568.6340869955093
2025-05-02,18,Q,0.0,True,2716.5000648359655,2640.9990904933366,10015.985818812751,75.50097434262898,0.007538047248511232,10181.727606091858
2025-05-03,6,F,0.3,True,4785.560760467484,4494.726601189168,12181.383053145712,290.8341592783163,0.023875298725066486,2839.6577650583013
2025-05-03,12,F,0.07,True,4781.770387055209,4593.998314549986,12151.366353811336,187.77207250522224,0.015452753792278397,3360.114725352294
2025-05-03,18,Q,0.0,True,2953.9776527722806,2918.737346185835,10394.251217358718,35.24030658644551,0.0033903651017779058,10357.430161173808
2025-05-04,6,F,0.3,True,20876.577698962923,20296.015351016118,28157.113321381697,580.562347946805,0.02061867426963625,10025.142400613302
2025-05-04,12,F,0.08,True,20000.94939391166,19800.795406787576,27238.471232698488,200.15398712408205,0.007348209281430109,7319.157300311041
2025-05-04,18,F,0.0,True,9949.52746851074,9925.385961160657,17298.212234700193,24.141507350082975,0.0013956070732936863,10800.0
2025-05-05,6,F,0.3,True,22619.097204241443,21981.344617040275,29810.260172363298,637.7525872011684,0.021393727646577886,10012.063297915296
2025-05-05,12,F,0.08,True,21142.81301714391,20684.728505364954,28266.987427139808,458.0845117789577,0.016205636096159996,6445.1553526528405
2025-05-05,18,F,0.0,True,10858.210547318968,10835.880870583585,18064.298932018522,22.329676735382236,0.0012361219673907985,10800.0
2025-05-06,6,F,0.3,True,23816.702829884613,22103.71418898939,30846.192046254317,1712.9886408952225,0.05553322881237888,9599.713983319907
2025-05-06,12,F,0.09,True,20503.371264243604,20254.584594718093,27638.016171346466,248.78666952551066,0.009001610968859574,6405.0866215887145
2025-05-06,18,F,0.0,True,11052.615284820215,11001.055495132006,18264.41129922625,51.559789688208184,0.002822964772502274,10800.0
2025-05-07,6,F,0.3,True,24461.80044344417,23209.202204583285,31459.361269504658,1252.5982388608827,0.03981639131609125,10043.929811724496
2025-05-07,12,F,0.09,True,21993.40516817681,21645.893122612877,29091.78203359382,347.5120455639335,0.011945368116763798,6221.5801219937075
2025-05-07,18,F,0.0,True,10903.703816554325,10869.351289528853,18185.15247344381,34.35252702547223,0.001889042562367184,10800.0
2025-05-08,6,F,0.3,True,25505.131183920785,24791.389265832233,32539.68607528855,713.7419180885518,0.02193450534332552,10039.197163500403
2025-05-08,12,F,0.1,True,22919.183162505353,22523.13155711673,30041.088969715416,396.051605388624,0.013183663408070385,6750.9663898493955
2025-05-08,18,F,0.0,True,12770.510297933599,12725.056011165118,19916.339701998604,45.454286768481325,0.0022822610704877656,10778.403228592108
2025-05-09,6,F,0.3,True,6388.448411083378,6298.886970502639,13662.36647382237,89.56144058073914,0.006555338765970183,2757.2830715972923
2025-05-09,12,F,0.09,True,7876.864786918679,7112.271674177096,14968.815922841972,764.5931127415824,0.05107906441516432,1200.0
2025-05-09,18,F,0.0,True,4219.029706164038,4183.524724379471,11459.587201209513,35.50498178456655,0.003098277552337936,10800.0
2025-05-10,6,F,0.32,True,9461.876089772422,8059.415521480966,16448.613125863216,1402.4605682914562,0.0852631500029797,2765.358452196557
2025-05-10,12,F,0.09,True,7096.676711693609,6203.362989237974,14380.047971417562,893.3137224556349,0.062121748427489666,3710.0167585422605
2025-05-10,18,F,0.0,True,4922.212806392914,4865.5425270971655,12067.834278401686,56.670279295748514,0.004695977587061641,10590.465684549943
2025-05-11,6,F,0.32,True,26309.960106118626,25556.449911698648,33421.724808673054,753.5101944199778,0.022545520877020664,10085.70070942467
2025-05-11,12,F,0.08,True,22980.79211390453,22715.955233721354,30182.838748459082,264.8368801831748,0.008774419211867389,7288.655253581241
2025-05-11,18,F,0.0,True,12088.58962474303,12038.381270613265,19430.375878616545,50.20835412976521,0.0025840135282725204,10786.086929931707
2025-05-12,6,F,0.32,True,26390.831750540303,24184.8267121787,33384.97501241784,2206.0050383616035,0.06607778012537258,10066.09391037086
2025-05-12,12,F,0.08,True,23270.496946692467,22609.57352180157,30399.362222436153,660.9234248908979,0.021741358257940865,7467.693572489065
2025-05-12,18,F,0.0,True,11866.997787843908,11826.562092493235,19224.07738117072,40.43569535067218,0.0021033880871847437,10797.183438207458
2025-05-13,6,F,0.3,True,26253.454794722085,25864.484749720523,33344.46341664854,388.97004500156254,0.011665206308503795,10103.667006392841
2025-05-13,12,F,0.06,True,23015.077893609014,22762.234567089978,30229.977870495924,252.84332651903605,0.008363993106518544,7444.268084743704
2025-05-13,18,F,0.0,True,12435.183607980107,12377.054903742164,19721.861241808,58.12870423794266,0.0029474248665088826,10798.558162600071
2025-05-14,6,F,0.3,True,26962.529494278417,25256.575485999587,33989.25865697531,1705.9540082788299,0.05019097431619716,10041.04832625768
2025-05-14,12,F,0.05,True,23333.368442403967,23086.731518347326,30483.06362014123,246.63692405664187,0.008090949358964044,7094.1112707413085
2025-05-14,18,F,0.0,True,12427.22207240684,12394.443684071788,19679.442688590647,32.778388335051204,0.0016656156809793604,10795.645356312101
2025-05-15,6,F,0.32,True,29224.92121183964,27267.65415642844,36109.3483624265,1957.2670554111974,0.0542038874744089,10064.359335056271
2025-05-15,12,F,0.05,True,25276.48557756649,24405.421502167257,32345.838885942158,871.0640753992338,0.026929710448097468,7319.133518126982
2025-05-15,18,F,0.0,True,13452.663958497842,13423.249281492026,20640.269033476332,29.414677005815975,0.0014251111241868253,10800.0
2025-05-16,6,F,0.34,True,7057.985718700496,6951.781504558432,14412.964450743446,106.2042141420643,0.0073686585785331694,2269.886692122698
2025-05-16,12,F,0.05,True,6968.675169829927,6795.727311374647,14332.651001416412,172.94785845527986,0.012066704089717138,1200.0
2025-05-16,18,F,0.0,True,4529.505874667018,4394.559888323702,11943.528079064778,134.9459863433167,0.011298670330072473,10800.0
2025-05-17,6,F,0.32,True,7699.748014469667,7457.38633872246,14836.957769499159,242.3616757472073,0.016334998017278075,2124.0750238954192
2025-05-17,12,F,0.04,True,7163.956104244847,6953.9319411152355,14377.815470992044,210.02416312961122,0.014607515554316676,2618.132062968961
2025-05-17,18,F,0.0,True,4801.894183339147,4777.442537949137,12082.851866605413,24.451645390010526,0.0020236650800619337,10800.0
2025-05-18,6,F,0.31,True,25787.743278591144,25273.225963702353,32932.34476597158,514.5173148887916,0.01562346436444554,10086.134973520177
2025-05-18,12,F,0.04,True,23582.538362074658,23430.92802895918,30734.130132289323,151.61033311547726,0.004932963206145705,7186.574037653548
2025-05-18,18,F,0.0,True,13167.696680538673,13140.765679950182,20362.026510332693,26.93100058849086,0.0013226090524351664,10800.0
2025-05-19,6,F,0.32,True,23957.10158993271,23718.68897680205,31121.27116494044,238.41261313066207,0.0076607607660719515,10059.421583366784
2025-05-19,12,F,0.03,True,22591.812322539758,22446.30645925407,29706.712794637784,145.50586328568897,0.004898080251812767,6686.679239469704
2025-05-19,18,F,0.0,True,12194.534688696769,12170.501986472636,19493.490710702245,24.032702224132663,0.0012328578078085479,10800.0
2025-05-20,6,F,0.3,True,26538.779888884346,25317.054826728952,33343.67271528433,1221.725062155394,0.03664038669607533,9863.330592604787
2025-05-20,12,F,0.03,True,23316.070294178924,22798.90764022158,30495.124486795765,517.1626539573444,0.016958863512141858,7166.192941344227
2025-05-20,18,F,0.0,True,12628.276732237933,12557.93367532557,19843.111052364544,70.34305691236295,0.003544961106488427,10788.842145777448
2025-05-21,6,F,0.3,True,27857.47647320968,25371.479165698052,34760.15558668239,2485.9973075116286,0.07151858976327727,9729.017084098614
2025-05-21,12,F,0.03,True,23697.71990400998,23234.27456133927,30865.097460419114,463.4453426707114,0.015015191293823905,6376.112777239427
2025-05-21,18,F,0.0,True,12860.261975900155,12813.947906873262,20081.701329381773,46.314069026893776,0.002306282135524599,10766.899418482324
2025-05-22,6,F,0.3,True,23749.674168505822,23110.685752646168,30842.913652110627,638.9884158596542,0.02071751142149073,9968.59991941985
2025-05-22,12,F,0.03,True,22884.677573172783,22728.069925202755,30086.620109315125,156.60764797002776,0.005205225691720035,6063.254098974371
2025-05-22,18,F,0.0,True,12849.653247780281,12799.343360338838,20067.607342126357,50.3098874414427,0.0025070197250586564,10782.810869783223
2025-05-23,6,F,0.31,True,7127.668300591904,6985.651592272141,14369.55432415742,142.01670831976298,0.0098831672239835,2198.8605203556644
2025-05-23,12,F,0.04,True,9234.404778460868,7405.251916532845,16349.508362926455,1829.1528619280234,0.11187815690383347,2128.452774449534
2025-05-23,18,F,0.0,True,5325.693895040795,5190.2023033902715,12519.341765805699,135.49159165052333,0.010822581105709082,10505.845184066435
2025-05-24,6,F,0.3,True,7240.45722065197,7010.003061309702,14477.14767103647,230.4541593422673,0.015918478182226643,1874.6779597761006
2025-05-24,12,F,0.07,True,7621.8568467814475,7415.794432752118,14768.473682811064,206.06241402932937,0.013952857854848207,1200.0
2025-05-24,18,F,0.0,True,4925.419196783734,4851.588568334111,12197.802006583264,73.83062844962296,0.006052781346161867,10800.0
2025-05-25,6,F,0.3,True,23499.957756377677,22894.62552327412,30518.456606731772,605.3322331035561,0.019834955643531188,10104.814693852652
2025-05-25,12,F,0.04,True,21844.038879203992,21737.807926203554,29022.929063158786,106.2309530004386,0.00366024231287139,6657.746319179259
2025-05-25,18,F,0.0,True,13318.61281020284,13249.515767971881,20374.70737348215,69.09704223095832,0.003391314582553892,10794.24241432427
2025-05-26,6,F,0.3,True,26231.963740823405,24135.17952644641,33118.13126524235,2096.784214376996,0.06331227440292145,9546.752615351144
2025-05-26,12,F,0.07,True,26612.337892822805,24716.291439361026,33493.539206941015,1896.0464534617786,0.056609319240555275,5127.104743412812
2025-05-26,18,F,0.0,True,12759.483871287659,12692.149610396209,19958.371172330117,67.33426089144996,0.003373735276794572,10800.0
2025-05-27,6,F,0.29,True,26005.996875786215,24555.924944426988,32941.954250096336,1450.0719313592272,0.044019001433559045,9518.589047313582
2025-05-27,12,F,0.06,True,22963.91586182305,22040.74603383556,30157.462650369118,923.1698279874909,0.03061165452446284,7212.529488977487
2025-05-27,18,F,0.0,True,12352.909302543298,12311.429582825172,19709.08245264136,41.479719718125125,0.002104599228188125,10787.72463021418
2025-05-28,6,F,0.32,True,23902.2707623639,23483.69127866543,31012.145559723376,418.57948369847145,0.01349727586220594,10101.99818338186
2025-05-28,12,F,0.06,True,22211.919496120325,22144.409536948435,29291.377792443214,67.50995917188993,0.0023047724026592767,5789.352118484763
2025-05-28,18,F,0.0,False,12374.501191663516,12356.91898170964,19632.128006029376,17.582209953876372,0.0008955835021285804,10706.828986711484
2025-05-29,6,F,0.32,True,26894.99790948109,25619.323474235378,33773.40247268452,1275.6744352457135,0.03777156998846836,10116.303142350316
2025-05-29,12,F,0.04,True,23315.80027420807,22480.18925849315,30365.844178115873,835.6110157149233,0.027518122361871743,6671.9856807374545
2025-05-29,18,F,0.0,True,13185.113969062531,13140.670625426535,20257.044684622513,44.443343635995916,0.002193969768439799,10799.66193502879
2025-05-30,6,F,0.32,True,7314.457775952036,7141.635058006492,14496.844702823504,172.82271794554435,0.011921402311213572,2089.676889255962
2025-05-30,12,F,0.04,True,6999.112876015413,6871.593698518496,14195.232998551244,127.51917749691711,0.008983239479755748,1200.0
2025-05-30,18,F,0.0,True,4828.697462087912,4770.501399341765,12018.222912023188,58.19606274614671,0.004842318466894686,10615.109172590459
2025-05-31,6,F,0.33,True,7015.05695582238,6775.985764943347,14235.17359399662,239.07119087903266,0.01679439940092166,2481.3776175872686
2025-05-31,12,F,0.07,True,6945.291428407327,6812.780617836728,14125.221591135674,132.51081057059855,0.009381149153352477,1857.0054866892174
2025-05-31,18,F,0.0,True,4609.163655244456,4554.377746181799,11861.977979938141,54.78590906265708,0.004618614969216356,10800.0
2025-06-01,6,F,0.31,True,30765.477203989205,28898.30943649873,37671.08795626245,1867.167767490475,0.04956500777621095,10121.056258956529
2025-06-01,12,F,0.05,True,24696.510776422747,24256.47848535211,31832.132001349226,440.03229107063817,0.01382352558264043,6817.9021566869305
2025-06-01,18,F,0.0,True,12053.715361737413,12028.56932952357,19321.708483174763,25.146032213842773,0.001301439375081132,10800.0
2025-06-02,6,F,0.25,True,31228.69308494166,30850.247272440953,38153.78752645279,378.4458125007077,0.009918957907870184,10085.676333233683
2025-06-02,12,F,0.03,True,27738.05474916323,27137.50388648794,34671.51736849803,600.5508626752926,0.017321158929748576,6496.544506026987
2025-06-02,18,F,0.0,True,12788.656315257662,12743.55221790181,19967.40216672827,45.10409735585199,0.0022588866082443645,10783.296241251795
2025-06-03,6,F,0.25,True,34898.12479067443,32378.934518753755,41282.36868349383,2519.1902719206773,0.06102339454489539,10072.445024549896
2025-06-03,12,F,0.02,True,26357.515722043776,25079.52317229403,33428.64254869495,1277.992549749746,0.03823046502376264,6636.188070712834
2025-06-03,18,F,0.0,True,12724.340787227202,12692.210178914322,20081.565919006378,32.13060831288021,0.001600005121237578,10776.863619344938
2025-06-04,6,F,0.29,True,33312.933700968664,33248.16556966428,40394.86049886329,64.76813130438677,0.0016033755409604483,10078.748036070634
2025-06-04,12,F,0.02,True,34274.4435445506,31575.224675379282,40804.892035456316,2699.21886917132,0.06614939372528926,4009.1951651666513
2025-06-04,18,F,0.0,True,13743.890056295244,13677.920208501348,20848.87658739635,65.9698477938964,0.0031641919658048517,10800.0
2025-06-05,6,F,0.29,True,33702.91045100776,33226.89515571062,40096.26514273896,476.01529529714026,0.011871811342093093,10076.864489255488
2025-06-05,12,F,0.03,True,28227.242864529733,27840.589665328233,35212.80934686365,386.6531992015007,0.010980470072489097,6965.071093269338
2025-06-05,18,F,0.0,True,13687.057297777503,13609.855652051197,20837.853523099187,77.20164572630529,0.0037048751514029833,10800.0
2025-06-06,6,F,0.28,True,11036.635417529973,10297.834646987945,17797.172521235232,738.8007705420277,0.041512255368683165,2867.8012197504345
2025-06-06,12,F,0.01,True,10099.89380002388,9868.765329939994,17264.200688827772,231.128470083886,0.01338773072960492,7512.533591437268
2025-06-06,18,F,0.0,True,5719.929089449346,5683.362421738137,12939.91356487554,36.56666771120945,0.0028258819139616994,10800.0
2025-06-07,6,F,0.24,True,10334.550021521585,9832.149640843209,17485.825211555188,502.4003806783767,0.02873186564545862,5739.07231232777
2025-06-07,12,F,0.0,True,11016.651651966013,10646.22455164632,18004.594773612138,370.4271003196918,0.02057403151681017,7933.68516713405
2025-06-07,18,F,0.0,True,6512.509630978453,6439.492046414369,13818.243457384482,73.01758456408425,0.005284143732831945,10615.20739322348
2025-06-08,6,F,0.21,True,36959.82121106347,35624.34856850681,43822.77214312753,1335.4726425566623,0.03047439897674517,10061.569986916042
2025-06-08,12,F,0.0,True,30385.719197244434,29927.630296704054,37662.69119772122,458.08890054038056,0.012162935944633113,7346.779185659037
2025-06-08,18,F,0.0,True,16053.79229511567,16007.6880667171,23340.525589136545,46.10422839856983,0.001975286641361164,10639.682996896703
2025-06-09,6,F,0.18,True,38170.737556468506,37581.27286345309,44927.06656307095,589.4646930154195,0.013120480327552619,10060.22540821968
2025-06-09,12,F,0.0,True,32736.319940474852,32425.466490451883,39607.039471011085,310.8534500229689,0.007848439423261782,7265.889700119442
2025-06-09,18,F,0.0,True,15729.414243720792,15654.017532716176,22858.066452085634,75.39671100461601,0.0032984728241411076,10800.0
2025-06-10,6,F,0.18,True,38064.27361863766,37323.091239167894,45052.57140332735,741.182379469763,0.01645150002281608,10028.048591871862
2025-06-10,12,F,0.0,True,34267.14766555798,33648.666746112336,41225.572624383574,618.4809194456466,0.015002360915172234,6650.642593307985
2025-06-10,18,F,0.0,True,16208.118187378202,16169.714773652457,23336.132477260548,38.40341372574585,0.0016456631690434278,10767.736598468633
2025-06-11,6,F,0.19,True,43856.82747907142,41017.56313275221,50309.255645112404,2839.264346319207,0.056436222518331865,10069.918360917243
2025-06-11,12,F,0.01,True,36444.43388476591,35232.154214061884,43176.29058428527,1212.2796707040252,0.028077439129179257,6450.0
2025-06-11,18,F,0.0,False,15971.63511502108,15959.484303330102,23165.605739781313,12.150811690977207,0.0005245194892577806,10766.012345994484
2025-06-12,6,F,0.18,True,39972.235066217094,39439.11493443345,46987.038550966536,533.1201317836458,0.011346110506738446,10084.203221616932
2025-06-12,12,F,0.01,True,35229.459313385,34928.087651389025,42274.232927213045,301.37166199597414,0.007128968194759915,7275.469498440754
2025-06-12,18,F,0.0,True,16121.951675624596,16064.362934983214,23401.47208668705,57.588740641382174,0.0024609024777609632,10788.458456250955
2025-06-13,6,F,0.15,True,13726.188035486584,12878.933809975411,20962.10620248283,847.254225511173,0.04041837291191765,4316.37952804967
2025-06-13,12,F,0.01,True,13078.967185256204,12566.03090770207,20348.64966720449,512.936277554134,0.025207386531442583,6236.454349475278
2025-06-13,18,F,0.0,True,8014.481443608329,7963.915334932299,15263.543725026651,50.566108676030126,0.0033128682032810067,10776.88008475791
2025-06-14,6,F,0.17,True,14129.229447863765,13732.904857930014,21201.40705124234,396.32458993375076,0.01869331544721827,4963.875556527356
2025-06-14,12,F,0.01,True,13086.550408328083,12962.064670455904,20245.769611874868,124.48573787217902,0.006148728364426496,8316.446669840743
2025-06-14,18,F,0.0,True,8299.98360986114,8209.415022539517,15499.799555910411,90.56858732162254,0.0058432102295856315,10800.0
2025-06-15,6,F,0.15,True,40419.24860351503,39496.980537818294,47430.295469610195,922.268065696735,0.019444704203617196,10083.228751546409
2025-06-15,12,F,0.04,True,35194.47397278156,35079.27094471129,42274.1829454302,115.20302807027474,0.002725139081197265,7017.426433530574
2025-06-15,18,F,0.0,True,17130.39357460067,17097.17595366764,24383.14356460446,33.21762093302823,0.0013623190481988651,10785.2027789227
2025-06-16,6,F,0.15,True,41111.82992518861,40050.12257012576,48026.99565430896,1061.7073550628556,0.022106470342322982,10040.072946290333
2025-06-16,12,F,0.04,True,35817.49293538463,35301.66115152299,42947.58365706752,515.8317838616422,0.01201072889176982,6357.571839993456
2025-06-16,18,F,0.16,True,16749.33204779801,16713.86935898439,24074.9812670997,35.462688813619025,0.001473010027305047,10783.314250900967
2025-06-17,6,F,0.17,True,45745.00356149213,43990.557799911716,52080.67118020693,1754.445761580413,0.0336870804815431,10048.567466982893
2025-06-17,12,F,0.05,True,36760.666979511785,34965.5191949883,43995.154419120314,1795.147784523484,0.04080330682379221,7050.0
2025-06-17,18,F,0.16,True,16610.64146611032,16575.632409367623,23873.722709731097,35.009056742695975,0.0014664263788414548,10724.187040483484
2025-06-18,6,F,0.18,True,43970.16391392658,43045.87831363879,50426.93399508211,924.2856002877961,0.018329204793175354,10085.294540759844
2025-06-18,12,F,0.05,True,36431.62263189412,35546.01849311976,43509.03806597216,885.6041387743608,0.020354486748972278,7189.405647077692
2025-06-18,18,F,0.02,True,16349.927155611205,16247.490943894756,23502.663953951887,102.43621171644918,0.00435849365489587,10780.109659566075
2025-06-19,6,F,0.19,True,38948.50896738964,38361.907559716354,45910.287707772426,586.6014076732827,0.012777123319442266,10065.789869479138
2025-06-19,12,F,0.05,True,34802.55875477642,34210.205577951056,41546.52600566979,592.353176825367,0.014257586223804356,7028.160625412549
2025-06-19,18,F,0.57,True,16430.297932625403,16381.212968819935,23495.747248605447,49.08496380546785,0.002089099924599385,10800.0
2025-06-20,6,F,0.19,True,14224.639324469668,13629.712528471555,21200.465085740707,594.9267959981134,0.028061969093227924,3300.039776083788
2025-06-20,12,F,0.02,True,12904.707692670054,12337.545083896674,20021.227028064182,567.1626087733803,0.02832806440775964,7702.533664365121
2025-06-20,18,F,0.7,True,8068.477421361,7982.434045679915,15184.640672134108,86.04337568108531,0.005666474270872058,10800.0
2025-06-21,6,F,0.18,True,13908.62790300881,13627.351382464782,20871.698782453757,281.27652054402824,0.013476455533197394,2905.494093320936
2025-06-21,12,F,0.01,True,13287.06281508808,13104.343517835563,20371.32426981806,182.7192972525172,0.008969436391684767,6463.23621910436
2025-06-21,18,F,0.88,True,7546.125699747277,7436.693779414603,14818.467228719051,109.43192033267405,0.007384833980709464,10800.0
2025-06-22,6,F,0.17,True,41178.085849542294,39074.631073918536,47583.94588401007,2103.454775623759,0.044205135504127996,10118.748190450393
2025-06-22,12,F,0.0,True,34843.70923711074,34059.80678079106,41733.18862979254,783.9024563196799,0.01878367031269848,7726.380901464041
2025-06-22,18,F,0.96,False,16532.89472480392,16513.811063734443,23640.678577000905,19.083661069475056,0.0008072382950987205,10800.0
2025-06-23,6,F,0.18,True,37756.77098591509,37243.1398156855,44681.39627060358,513.6311702295934,0.011495414492396189,10063.05865305724
2025-06-23,12,F,0.0,True,32873.2984241475,32609.706665580306,40103.425742620246,263.5917585671923,0.006572799048612398,7255.794325922966
2025-06-23,18,F,0.87,True,16018.157067485035,15951.859774066403,23274.825467651863,66.29729341863276,0.0028484550189549207,10800.0
2025-06-24,6,F,0.17,True,42127.2593805096,40836.757117883826,49193.40698108087,1290.5022626257705,0.026233236155448238,10078.370711786643
2025-06-24,12,A,0.0,True,35913.25495790178,35430.311658321465,42899.40624963867,482.9432995803145,0.011257575379248569,6334.483675397445
2025-06-24,18,F,0.88,True,16215.6867636939,16155.946668229046,23521.00234523176,59.740095464854676,0.002539861804697509,10777.71864215845
2025-06-25,6,F,0.15,True,39020.303252918886,38361.92661009976,45826.82018614445,658.3766428191229,0.014366622867239226,10097.221786083448
2025-06-25,12,A,0.01,True,31833.380044487865,31593.914731432815,38738.75503447493,239.4653130550505,0.006181543852969518,7325.61598981967
2025-06-25,18,F,0.91,True,16340.153465552356,16255.310736978914,23476.913561041547,84.84272857344149,0.0036138791563398963,10736.16379898349
2025-06-26,6,F,0.16,True,37592.59505967621,36539.35518889921,44533.43600383675,1053.2398707770044,0.023650541374940465,10062.438269099797
2025-06-26,12,A,0.0,True,31043.861075566427,30636.731575527403,38141.342705493065,407.1295000390237,0.010674230930532748,7453.922068452218
2025-06-26,18,F,0.91,True,15773.186445386882,15695.72567819242,22958.97515132156,77.46076719446137,0.003373877391474183,10800.0
2025-06-27,6,F,0.14,True,11971.410064219608,11835.93793706332,19282.68930328182,135.47212715628848,0.007025582636610329,3268.170761358455
2025-06-27,12,A,0.0,True,13032.586787258924,12879.848982122077,20107.293049558964,152.73780513684687,0.007596139607673199,6893.08670149359
2025-06-27,18,F,0.91,True,7403.390780539781,7339.8991298400215,14708.478818491178,63.4916506997597,0.004316670097790085,10781.383612998901
2025-06-28,6,F,0.16,True,14278.389467860294,13364.297754551859,21111.135271212715,914.0917133084349,0.04329903160418362,2850.0389009275405
2025-06-28,12,A,0.01,True,11927.930912490698,11418.419748238752,19061.126503197054,509.51116425194596,0.02673038050329751,7742.801907835573
2025-06-28,18,F,0.96,True,7345.209164580712,7215.300308447409,14604.811325048762,129.90885613330283,0.008894935596360337,10800.0
2025-06-29,6,F,0.16,True,36602.013166843964,35370.6605017587,43294.96104456591,1231.3526650852655,0.028441015660408277,10077.150530707524
2025-06-29,12,A,0.01,True,32371.02891624256,31669.895458436964,39105.71827963499,701.1334578055976,0.01792917989108323,7487.810824535416
2025-06-29,18,F,1.0,True,16850.577427091368,16717.74773983856,23888.555815611795,132.82968725280807,0.00556039001595904,10699.39002020005
2025-06-30,6,F,0.17,True,38062.96896903891,37062.560514185774,44799.04524820082,1000.4084548531391,0.022331021773132915,10045.275111046
2025-06-30,12,A,0.02,True,31532.236326081103,31174.54750348509,38556.706449554666,357.6888225960138,0.009276954790316254,6595.328614683771
2025-06-30,18,F,1.0,True,15847.663186835276,15802.649066704667,22902.38138790942,45.01412013060872,0.001965477710294899,10673.764524926775
2025-07-01,6,F,0.18,True,32762.870919999652,32353.230998624655,39975.785402543275,409.63992137499736,0.01024720133075699,10075.836169577029
2025-07-01,12,A,0.02,True,29258.180898460298,29125.80615140442,36462.88992249347,132.37474705587738,0.0036303964753549925,6112.476775005891
2025-07-01,18,F,1.0,True,15906.294754351817,15862.669180618464,23066.7256702474,43.62557373335221,0.0018912772604575874,10800.0
2025-07-02,6,F,0.14,True,33654.14122718822,32746.618374733625,40509.965205183784,907.5228524545964,0.022402459440732055,10101.008817796377
2025-07-02,12,A,0.03,True,29481.554185609515,29360.875999617485,36484.99247038576,120.6781859920302,0.0033076116458015605,7297.706357793936
2025-07-02,18,F,0.88,True,15527.452412747638,15475.694397262132,22770.053116242954,51.758015485505894,0.0022730739898267718,10790.754780132867
2025-07-03,6,F,0.13,True,39001.9946688256,37506.764297367874,45339.16930184976,1495.2303714577283,0.03297877739009933,10083.09741091263
2025-07-03,12,A,0.03,True,31234.91049149443,30568.76017085309,38193.29820057356,666.1503206413399,0.01744155001076435,6934.531796122894
2025-07-03,18,F,0.91,False,16453.490812824133,16432.659244473278,23458.96149725421,20.831568350855378,0.000888000449350396,10800.0
2025-07-04,6,F,0.15,True,16099.413263284163,12527.517545014942,22683.013432738553,3571.895718269221,0.15747007022946427,2807.820029935641
2025-07-04,12,A,0.04,True,12048.444959747778,11705.85932522861,19149.81947497273,342.5856345191678,0.01788975791478868,6601.318182539701
2025-07-04,18,F,1.0,True,8206.642530878069,8177.977286879766,15435.786475684632,28.665243998302685,0.001857064040336259,10722.414631099824
2025-07-05,6,F,0.16,True,13615.66838420326,12686.964004122327,20602.970323548343,928.7043800809333,0.04507623733357819,2932.9359659228435
2025-07-05,12,A,0.05,True,13002.252060164194,12891.80516402353,20117.028504544876,110.44689614066374,0.005490219199903772,5515.112405836471
2025-07-05,18,F,0.91,True,8779.411993435016,8739.584428126955,15997.41512703089,39.82756530806182,0.002489625042033512,10800.0
2025-07-06,6,F,0.17,True,44391.54800710296,39194.36318544061,50381.91867842543,5197.1848216623475,0.10315575424657039,10051.769491816016
2025-07-06,12,A,0.06,True,38503.543294474715,37616.63355573162,44847.47039647008,886.9097387430957,0.019776137447718875,6856.753745494178
2025-07-06,18,F,0.88,True,17158.952114470187,16871.772354942434,24298.398408753037,287.17975952775305,0.011818876071449302,10800.0
2025-07-07,6,F,0.19,True,36258.622737690974,36086.489799996896,43390.22749847728,172.13293769407755,0.003967090002008363,10045.322916690064
2025-07-07,12,A,0.06,True,34153.81891504116,33693.819705631366,41159.20137724396,459.9992094097979,0.01117609657178921,6813.326847225394
2025-07-07,18,F,0.88,True,17582.23662800406,17510.534091905552,24764.74439460019,71.70253609850624,0.0028953473113229695,10680.116524426836
2025-07-08,6,F,0.19,True,39959.7095258415,39025.26148745079,46947.487628992,934.4480383907066,0.019904111712543412,9988.140869991916
2025-07-08,12,A,0.05,True,39452.69822571821,38412.010753008195,46055.53936623825,1040.6874727100148,0.02259635837579415,6321.522926335303
2025-07-08,18,F,0.86,True,20314.355671050987,20151.528371286127,27405.41059179714,162.82729976486007,0.005941428945917591,10800.0
2025-07-09,6,F,0.19,True,42042.56418366194,41348.64659476999,49018.67627010113,693.917588891949,0.014156187838862612,9995.068539036009
2025-07-09,12,A,0.05,True,36832.398927016555,36616.37382260057,43904.93704448274,216.02510441598133,0.004920291861416708,7059.984226385771
2025-07-09,18,F,0.87,True,19528.44614284613,19460.868672123288,26727.123053925938,67.5774707228411,0.002528422927768676,10655.621999637557
2025-07-10,6,F,0.19,True,40773.902244056015,39766.51067165492,47749.48085497651,1007.3915724010949,0.02109743507915235,9964.180287825298
2025-07-10,12,A,0.04,True,35314.64926607536,35073.11862697989,42624.368046255455,241.53063909546472,0.005666491966129763,6685.262275186695
2025-07-10,18,F,0.86,True,20206.464766750207,20125.09023488844,27396.95640540239,81.37453186176572,0.002970203356082266,10741.982556322397
2025-07-11,6,F,0.2,True,17838.92199881145,17122.703612964426,24928.1629702554,716.2183858470235,0.028731294267516798,3635.1646973067063
2025-07-11,12,A,0.05,True,16350.040456743991,16231.005001431362,23533.52374512336,119.03545531262898,0.005058122897438835,7087.020552648806
2025-07-11,18,F,0.86,True,11456.2836347137,11403.66740019468,18682.278985945322,52.61623451902051,0.002816371308800372,10771.421356934497
2025-07-12,6,F,0.2,True,20588.905376972194,18068.547468972865,27305.109070031333,2520.3579079993287,0.09230352830802432,3573.5850094790617
2025-07-12,12,A,0.05,True,18182.938411739946,17794.936090561212,25193.463096408595,388.00232117873384,0.015400912518217662,7123.578314309931
2025-07-12,18,F,0.87,True,11224.588479098087,11087.363873817516,18533.82149851804,137.22460528057127,0.007404010300387523,10535.462116366147
2025-07-13,6,F,0.2,True,41438.47708376225,41293.213069519734,48717.582916489715,145.26401424251526,0.002981757417881808,9992.135795373139
2025-07-13,12,A,0.04,False,37228.172509735574,37215.65571399074,44490.75316988887,12.51679574483569,0.0002813347685313405,5375.402116583297
2025-07-13,18,F,0.88,False,19876.04680538531,19872.168909019718,27149.47957805895,3.8778963655931875,0.00014283501657715524,10800.0
2025-07-14,6,F,0.19,True,38835.49372352206,38339.08456113188,45708.72840738057,496.4091623901768,0.01086027066791081,10019.10544077126
2025-07-14,12,A,0.04,True,35009.088705483366,34828.91258309791,41912.270719271786,180.17612238545553,0.004298887158662303,7095.050099337256
2025-07-14,18,F,1.0,True,19465.953372520227,19407.197083496278,26648.51567646707,58.75628902394965,0.0022048616041994602,10722.342516552852
2025-07-15,6,F,0.19,True,39443.13123887725,39150.71716212331,46547.825977592045,292.41407675394294,0.00628201361959869,9976.607408369846
2025-07-15,12,A,0.04,True,36321.545350043765,35911.589742687785,43317.797972296656,409.95560735597974,0.009463906905382439,7319.554019557756
2025-07-15,18,F,1.0,True,20397.11002558961,20367.653924375518,27554.81864554814,29.456101214091177,0.001069000002975894,10722.780442237336
2025-07-16,6,F,0.18,True,40608.49714204473,39985.546693072065,47725.332503881764,622.9504489726678,0.013052825748715314,9979.940973359124
2025-07-16,12,A,0.05,True,37602.0886124583,37493.38470813032,44614.34284965753,108.70390432798013,0.0024365237137817567,7389.982391344488
2025-07-16,18,F,1.0,True,20189.382110404724,20156.28339257138,27445.95482138393,33.09871783334529,0.0012059597871070286,10800.0
2025-07-17,6,F,0.18,True,41427.979906799475,40467.57141012887,48107.45960643349,960.4084966706068,0.019963816516766764,9945.870756385537
2025-07-17,12,A,0.05,True,38122.016873425,37829.644947697525,44757.34526713547,292.37192572747153,0.006532378629305235,7250.83641616711
2025-07-17,18,F,0.96,True,20774.846194310507,20716.440500774894,27952.063871343562,58.405693535612954,0.002089494851057865,10697.530640923706
2025-07-18,6,F,0.17,True,18674.549014819364,17876.360149325315,25857.71562286896,798.1888654940485,0.030868498870337876,3424.5581127756514
2025-07-18,12,A,0.06,True,17814.352994598485,17743.209973085453,25072.50725699688,71.14302151303127,0.0028374913120496827,6815.402064458808
2025-07-18,18,F,0.86,True,11668.55627542914,11586.202264888552,18920.834330696987,82.3540105405882,0.00435255703322648,10800.0
2025-07-19,6,F,0.18,True,18345.254466756065,18238.686038158656,25450.785819684814,106.56842859740937,0.004187235292160779,3159.1012667201057
2025-07-19,12,A,0.06,True,20512.39557863398,19665.509686378653,27236.065218627846,846.8858922553263,0.031094281991809407,2801.7677542991996
2025-07-19,18,F,0.74,True,10984.228625264594,10928.43061911323,18266.69630551537,55.79800615136446,0.003054630416914363,10790.45432727092
2025-07-20,6,F,0.22,True,42651.71520203907,41928.80831068249,49616.7111666394,722.9068913565789,0.014569826865966019,9979.370389598436
2025-07-20,12,A,0.07,True,37273.33254382267,36971.03426423952,44149.38156025107,302.29827958314854,0.006847169063299318,6927.518670673406
2025-07-20,18,F,0.01,True,20089.622744196327,20061.439628795706,27282.909384230432,28.18311540062132,0.0010329952353582644,10765.726817862342
2025-07-21,6,F,0.22,True,39189.31718711806,38605.26537215875,46072.10183671988,584.0518149593117,0.012676908403901321,9978.562497357676
2025-07-21,12,A,0.07,True,39252.40886669196,38060.077547916284,45743.020423231865,1192.3313187756794,0.026065863332674043,6551.217561343075
2025-07-21,18,F,0.01,True,20037.11876053468,20003.28079578936,27073.347350578268,33.83796474531846,0.0012498626160682604,10786.507482657436
2025-07-22,6,F,0.22,True,60860.10851148176,49725.97368256758,66136.35438214098,11134.134828914182,0.1683512031004958,9979.162913013895
2025-07-22,12,F,0.07,True,41944.38151818962,37804.40893706718,48720.29335505481,4139.972581122442,0.08497429502223866,7050.0
2025-07-22,18,F,0.0,True,20017.55755258465,19968.43660528532,26956.193122744626,49.12094729933233,0.001822250904482722,10800.0
2025-07-23,6,F,0.26,True,41734.57802943608,41363.31279194643,48978.02518318499,371.26523748964973,0.007580241059149759,9936.96554298374
2025-07-23,12,F,0.06,True,38450.257333319845,38201.3948701171,45522.901739853136,248.86246320274222,0.00546675307793209,7331.95978251203
2025-07-23,18,F,0.0,True,20215.05368756182,20163.37107435266,27457.140251087403,51.68261320915917,0.0018823013881466533,10741.00283356673
2025-07-24,6,F,0.26,True,42362.65637543189,42014.86296223441,49155.06951039567,347.79341319748346,0.007075433249543663,9978.857619215887
2025-07-24,12,F,0.07,True,38367.22585259324,38108.878472269935,45089.782507618955,258.3473803233064,0.005729621345582066,7242.953858775842
2025-07-24,18,F,0.0,True,20573.698980998674,20542.5189916789,27506.789742206565,31.179989319774904,0.0011335379232543506,10799.102006455985
2025-07-25,6,F,0.26,True,19929.18743316109,16663.384854048978,26641.235598826534,3265.802579112111,0.12258450127050262,3168.1062368977787
2025-07-25,12,F,0.07,True,17341.710778024317,17252.95955196199,24340.750318348473,88.75122606232617,0.003646199270834473,7469.409620541854
2025-07-25,18,F,0.0,True,10916.3978158438,10817.126713152318,18190.12706908876,99.27110269148216,0.00545741666973716,10799.947558260654
2025-07-26,6,F,0.26,True,16968.71143002311,16762.659656727206,24090.602589180085,206.05177329590515,0.008553201296361513,3329.323196169305
2025-07-26,12,F,0.07,True,16858.25532839763,16777.213872790904,23976.5283612956,81.04145560672623,0.003380032938277602,7126.016511311423
2025-07-26,18,F,0.0,True,11405.06196266063,11358.532504952216,18675.177151761574,46.52945770841325,0.002491513592095926,10750.173290266068
2025-07-27,6,F,0.26,True,40910.114770196335,40269.29372695167,47794.09037305262,640.8210432446649,0.013407955633066598,9965.147997480735
2025-07-27,12,F,0.07,True,33503.127729310494,33145.55166775645,40910.84298740892,357.5760615540421,0.008740373833511396,6834.153965894075
2025-07-27,18,F,0.0,True,19423.15172512782,19327.973599873403,26635.727357840155,95.17812525441695,0.003573325555399242,10502.72754175511
2025-07-28,6,F,0.26,True,45577.73354683004,44033.52083120961,51769.45928230152,1544.2127156204297,0.02982864293018319,9954.606220731705
2025-07-28,12,F,0.08,True,38728.60912795735,37727.60714770814,45401.54572030646,1001.0019802492097,0.022047751114374462,7050.0
2025-07-28,18,F,0.0,True,20318.92166340515,20176.617397572663,27203.200834910836,142.30426583248845,0.005231158888106444,10800.0
2025-07-29,6,F,0.24,True,46982.42324875297,43668.54744814544,53424.902011160324,3313.875800607537,0.06202867344361767,9966.87058428605
2025-07-29,12,F,0.08,True,39218.80033058376,38669.547406326026,45777.180319777915,549.2529242577366,0.011998400085389997,6573.289187290018
2025-07-29,18,F,0.0,True,19081.908569602274,19033.820781993578,26269.703652751214,48.08778760869609,0.0018305416857513684,10800.0
2025-07-30,6,F,0.26,True,46393.05898271519,43622.36073830689,52493.90493291566,2770.698244408304,0.05278133238419022,9963.21231062925
2025-07-30,12,F,0.09,True,37499.2188083729,36802.99174991843,44360.82218766004,696.2270584544676,0.0156946382893719,6450.0
2025-07-30,18,F,0.0,True,19181.118551002342,19148.61407366785,26276.632737396732,32.50447733449255,0.0012370107562614896,10779.144972799688
2025-07-31,6,F,0.29,True,39353.92465564492,38830.34877545189,46122.87792180677,523.5758801930351,0.011351760856741548,9921.774054711683
2025-07-31,12,F,0.1,True,38494.224509511674,37687.28224106896,45096.63431313683,806.9422684427118,0.017893625117110932,6932.576366761071
2025-07-31,18,F,0.0,True,19571.879314057573,19435.658086509466,26619.898454218473,136.22122754810698,0.005117270743251836,10800.0
2025-08-01,6,F,0.27,True,14990.50601062735,14793.83283733477,22225.924485287116,196.67317329258003,0.00884881856872913,3242.4232145779874
2025-08-01,12,F,0.09,True,15579.613353574145,15234.689134187336,22636.72745510011,344.92421938680855,0.015237371217679978,2745.8255688259496
2025-08-01,18,F,0.0,True,11142.598545455088,11108.145713824682,18214.66965278901,34.45283163040585,0.0018914881404467566,10785.115919561176
2025-08-02,6,F,0.31,True,16010.414130184889,15945.971478126043,23175.013073378963,64.44265205884585,0.0027806953918343568,3059.717726729095
2025-08-02,12,F,0.08,True,15586.314591468565,15467.422820467998,22763.614109964412,118.89177100056622,0.005222886419802874,3159.1405407307893
2025-08-02,18,F,0.0,True,11047.049758324416,10958.85977366494,18298.906172766085,88.18998465947516,0.004819412910632147,10757.05932572065
2025-08-03,6,F,0.32,True,33890.62490384709,33488.84044583371,40789.02855018613,401.7844580133824,0.009850307111850767,9983.323922952783
2025-08-03,12,F,0.08,True,31790.17922714066,31535.543308247514,38758.83812526127,254.63591889314557,0.006569751086712409,6534.216658252811
2025-08-03,18,F,0.0,False,18415.402688614464,18394.820850339464,25631.219626506332,20.581838275000337,0.0008029987872179045,10781.001515830441
2025-08-04,6,F,0.32,True,37276.9805720058,35889.685746487135,43719.37268474473,1387.2948255186639,0.031731809958077034,9939.975684372315
2025-08-04,12,F,0.1,True,31984.3987541659,31152.577406361386,39085.67092405641,831.8213478045145,0.021282002537982427,6810.313931922847
2025-08-04,18,F,0.0,True,18557.20335766366,18526.346527511596,25684.68006902647,30.856830152064504,0.001201371014516751,10772.82085773595
2025-08-05,6,F,0.35,True,35479.978172830706,34707.226222189645,41874.92029228061,772.7519506410608,0.01845381305199793,9995.638422778668
2025-08-05,12,F,0.12,True,30521.561768821193,30192.13519351735,37636.85887010572,329.4265753038417,0.008752764847905499,7068.051297802058
2025-08-05,18,F,0.0,True,18458.16542207446,18422.35081699791,25423.136819626958,35.814605076549924,0.0014087406023359254,10790.937440222548
2025-08-06,6,F,0.37,True,34037.15271786444,33697.68913345152,41054.571856083516,339.4635844129225,0.008268593948632797,10009.641746258803
2025-08-06,12,F,0.12,True,33796.94982812608,33434.05360199904,40447.81900762095,362.8962261270426,0.008971960294290966,7219.178195877434
2025-08-06,18,F,0.0,False,17638.5927608437,17616.864412113122,24837.09279409302,21.728348730579455,0.0008748346237908765,10800.0
2025-08-07,6,F,0.34,True,35051.077738271386,34555.569182648,41805.72960021988,495.50855562338256,0.011852647002261059,9964.804810471956
2025-08-07,12,F,0.12,True,33531.356153663946,33285.34681869822,40083.244487572105,246.00933496572543,0.006137460630014647,6913.608246600668
2025-08-07,18,F,0.0,True,18233.81573876639,18134.479906247117,25226.208966145383,99.33583251927121,0.003937802650116155,10796.153930680866
2025-08-08,6,F,0.33,True,13707.15936183038,13592.0211565687,20656.74307583284,115.1382052616791,0.005573879911222982,3183.8968766851385
2025-08-08,12,F,0.11,True,15094.077853201206,14836.70939125287,21772.876971479214,257.3684619483356,0.01182059965182683,1200.0
2025-08-08,18,F,0.0,True,9475.731466135227,9365.290727574242,16599.655430336672,110.44073856098476,0.006653194641567618,10791.380195811262
2025-08-09,6,F,0.35,True,12827.74545479569,12747.473697213312,20129.14833304682,80.27175758237718,0.003987836755646131,3034.012610598897
2025-08-09,12,F,0.1,True,13502.131358024342,13298.546805267984,20651.29556593212,203.58455275635788,0.009858197617984113,2379.851136350856
2025-08-09,18,F,0.0,True,10275.043502059301,10215.301444280356,17270.44409706776,59.74205777894531,0.003459207964958384,10788.158116579858
2025-08-10,6,F,0.34,True,32472.914602198936,31986.294376867,39323.17025026609,486.6202253319352,0.012374898113120529,9965.872763733505
2025-08-10,12,F,0.09,True,30726.544675219964,30556.563418390702,37736.06822097989,169.98125682926184,0.004504477144620976,7264.618063609229
2025-08-10,18,F,0.0,True,17403.722361334396,17334.678547860713,24661.288701046476,69.04381347368326,0.0027996839220633856,10768.886211872617
2025-08-11,6,F,0.37,True,32443.178565555754,31875.5572011299,39268.56873179473,567.6213644258532,0.014454852385955822,9949.990123036145
2025-08-11,12,F,0.09,True,30909.04752865256,30720.814139572816,37711.900110173025,188.2333890797454,0.004991352557941472,6448.799762156088
2025-08-11,18,F,0.0,True,17662.946365549687,17602.013279622333,24725.09107027444,60.933085927354114,0.0024644231139197086,10698.532851850234
2025-08-12,6,F,0.37,True,33414.86884156177,32607.006401337465,40443.75885183816,807.8624402243076,0.019974959379612425,9996.012279144745
2025-08-12,12,F,0.09,True,33098.90448240365,32912.49168295166,39487.810312337264,186.41279945198767,0.0047207682061252785,7137.663101528473
2025-08-12,18,F,0.0,True,18331.676002452587,18304.16527413601,25316.791627641203,27.510728316578025,0.0010866593493048088,10731.025834612832
2025-08-13,6,F,0.37,True,32488.84839211664,31444.98601644292,39274.20694224924,1043.8623756737215,0.026578827605829674,10008.931701338233
2025-08-13,12,F,0.1,True,30205.00147251483,30089.052545273196,37054.535715701924,115.94892724163219,0.0031291426272681278,6933.298767508984
2025-08-13,18,F,0.0,True,18463.27991752678,18411.542263976364,25366.396018055875,51.737653550415416,0.002039613885771885,10793.328247673006
2025-08-14,6,F,0.36,True,33268.926682066456,32273.24659923272,40205.97117568584,995.6800828337364,0.02476448282975102,9919.854764059479
2025-08-14,12,F,0.1,True,30239.62153690934,29912.39430190903,37330.220685020635,327.22723500031134,0.008765746062991174,6502.805539983949
2025-08-14,18,F,0.0,True,17022.789192789736,16977.874410719895,24287.65948552579,44.91478206984175,0.001849284081762126,10786.983187798174
2025-08-15,6,F,0.37,True,13137.575147113572,13015.439787981102,20370.412591782602,122.1353591324696,0.005995723384696628,3104.177522883797
2025-08-15,12,F,0.1,True,12896.013452797031,12784.722483085674,20173.30442168113,111.29096971135732,0.00551674467330935,1389.4590643987503
2025-08-15,18,F,0.0,True,8821.654655885859,8774.736185992588,16100.53140143127,46.91846989327132,0.002914094493123405,10800.0
2025-08-16,6,F,0.39,True,13202.422836297012,13148.391657281287,20403.55577883779,54.031179015724774,0.002648125630718003,3117.01734049566
2025-08-16,12,F,0.1,True,13027.265377477392,12497.74174209441,20364.776327697524,529.5236353829823,0.026001937210711864,1200.0
2025-08-16,18,F,0.0,True,8868.953271325068,8833.0943368534,16121.564936135412,35.85893447166745,0.0022242837226857577,10800.0
2025-08-17,6,F,0.34,True,30641.913160462333,29990.7190161803,37663.07043700396,651.1941442820316,0.017289990877701607,9959.236189154526
2025-08-17,12,F,0.1,True,28785.144664050815,28481.75122687049,36113.647526812805,303.39343718032615,0.008401074329450376,6969.789253349227
2025-08-17,18,F,0.0,True,17341.27326115207,17311.737625715905,24486.475154635835,29.53563543616474,0.0012062020053781805,10698.362621561271
2025-08-18,6,F,0.34,True,31370.807573446407,30822.689835639627,38418.14773168175,548.1177378067805,0.014267156803990632,9949.922626304677
2025-08-18,12,F,0.09,True,29599.3307688473,29370.112570942387,36710.64633128178,229.2181979049128,0.006243916160898317,6719.673352893666
2025-08-18,18,F,0.0,True,16767.73843820185,16733.68576049499,24149.122839588323,34.05267770685896,0.001410099983053441,10786.746171765026
2025-08-19,6,F,0.34,True,31392.81353859797,30701.07305747974,38130.17449882324,691.7404811182278,0.01814155036556615,9964.980286221155
2025-08-19,12,F,0.09,True,30565.976780925164,30043.83102915596,37360.96278390364,522.1457517692033,0.013975703859381303,6643.159933930722
2025-08-19,18,F,0.0,True,17130.316201743364,17081.33135075312,24324.482157199825,48.98485099024401,0.0020138085848518234,10800.0
2025-08-20,6,F,0.3,True,36151.28568979321,32572.231773459185,42947.482662897404,3579.053916334022,0.0833355925521099,9934.67716119929
2025-08-20,12,F,0.09,True,30428.058618612617,30046.848204168222,37454.05900418185,381.2104144443947,0.010178080148851998,5659.2985210958705
2025-08-20,18,F,0.0,True,16648.787379097303,16570.954003663348,24068.71647230428,77.83337543395464,0.003233798342488143,10618.78896865676
2025-08-21,6,F,0.28,True,33635.56073482326,33496.56579930279,40656.5946973022,138.99493552046624,0.0034187549782591447,9899.048521879571
2025-08-21,12,F,0.09,True,31320.508530122286,31211.25350440722,38231.475389085455,109.25502571506513,0.0028577245477232065,6469.194237892134
2025-08-21,18,F,0.0,False,17532.9623207739,17527.058285684274,24678.20227806384,5.904035089624813,0.0002392408905276232,10779.525582666924
2025-08-22,6,F,0.3,True,13846.095272799905,13682.23521029477,20764.839209979233,163.86006250513492,0.007891227129097466,3142.6077371524843
2025-08-22,12,F,0.09,True,14022.252184402107,13586.70983436121,20792.00598371984,435.54235004089605,0.020947586797633963,2122.077407490792
2025-08-22,18,F,0.0,True,8920.655779346023,8901.061064404692,16007.548891692933,19.594714941331404,0.0012240921501417384,10800.0
2025-08-23,6,F,0.28,True,12545.61443229117,12401.09236483378,19854.150917159677,144.52206745739022,0.007279186506660516,3276.566505396613
2025-08-23,12,F,0.05,True,14146.96831573573,13584.396962467255,21009.3575315763,562.5713532684749,0.026777180236137666,1200.0
2025-08-23,18,F,0.0,True,8926.474370111782,8834.761097186152,16201.484973198103,91.71327292563001,0.005660794246783553,10684.959203695078
2025-08-24,6,F,0.3,True,30992.400423071907,30542.970794863802,38146.65323764797,449.429628208105,0.011781626697582755,9941.458717560005
2025-08-24,12,F,0.05,True,30991.790210468876,30113.58586023606,38171.98474077487,878.2043502328161,0.023006515280687735,6189.445134107125
2025-08-24,18,F,0.0,True,17007.875888539347,16897.122653699465,24420.586098578555,110.75323483988177,0.004535240652816615,10577.287848643055
2025-08-25,6,F,0.3,True,35373.2592393464,34667.83709517331,42301.230318089074,705.4221441730915,0.016676161399292334,9956.83159497276
2025-08-25,12,F,0.08,True,32781.302549661326,32487.765145309226,39597.745044332914,293.53740435210057,0.007412982835852431,7540.715760023234
2025-08-25,18,F,0.0,True,16663.745916048952,16626.42323422902,24047.209004231237,37.32268181993277,0.001552058777938248,10756.572278364465
2025-08-26,6,F,0.31,True,32739.508087382972,31549.706821726235,39810.301364706145,1189.801265656737,0.029886768621941565,9939.627037822833
2025-08-26,12,F,0.04,True,30573.23481449455,30088.6753051658,37743.38989749707,484.5595093287484,0.012838261498098283,7316.834665578433
2025-08-26,18,F,0.0,True,18140.74236444779,18079.980620746606,25153.233325223457,60.76174370118315,0.002415663342980712,10788.882243465743
2025-08-27,6,F,0.3,True,43620.708143726006,36467.92550681459,49737.0509545195,7152.782636911419,0.14381195707505978,9941.115849843796
2025-08-27,12,F,0.04,True,33244.384105658195,32217.77760538066,40072.8385920761,1026.6065002775358,0.025618512098130587,7432.435138607527
2025-08-27,18,F,0.0,True,17190.73959307686,17152.779452628594,24346.529202835918,37.96014044826734,0.00155916024547128,10772.225853599739
2025-08-28,6,F,0.32,True,37082.27465795828,35335.22923888379,43700.32683684258,1747.045419074493,0.03997785704434608,9930.35578484211
2025-08-28,12,F,0.03,True,31561.414035281625,30481.603513900634,38670.052414758895,1079.8105213809904,0.027923689106996597,6607.27698790919
2025-08-28,18,F,0.0,False,17270.37684022174,17248.083199565946,24472.81746013579,22.293640655792842,0.0009109552135591806,10572.629717617543
2025-08-29,6,F,0.32,True,13716.400430256972,13626.438223714631,20891.344052188397,89.96220654234094,0.004306195250894701,3615.9221239611743
2025-08-29,12,F,0.03,True,14115.063556305835,13918.07667798569,21056.65633145861,196.98687832014548,0.009355088254247062,2674.71973302242
2025-08-29,18,F,0.0,True,9494.612992712744,9424.037503310625,16516.487886772346,70.57548940211927,0.00427303249249748,10737.468565749541
2025-08-30,6,F,0.3,True,13473.234506577735,13304.161979207553,20653.159353981027,169.0725273701828,0.008186279129134449,3634.3201867047687
2025-08-30,12,F,0.05,True,13319.988618473179,13227.213819781457,20475.03733883925,92.77479869172203,0.0045311174361443935,2881.2389816682894
2025-08-30,18,F,0.0,True,9596.677103347447,9511.234388786726,16586.971784611724,85.44271456072056,0.005151194302988359,10797.142237920072
2025-08-31,6,F,0.29,True,34416.48049443923,33313.6137861151,41063.279513969464,1102.8667083241307,0.026857735703962528,9960.178445351425
2025-08-31,12,F,0.05,True,30316.403322567618,29940.03515053221,37389.93229341625,376.36817203540704,0.01006602978261288,6022.448792366238
2025-08-31,18,F,0.0,True,16813.85089572717,16759.81719758294,24068.21919238095,54.033698144230584,0.002245022687899382,10792.622116617162
2025-09-01,6,F,0.31,True,32534.303502991468,32408.990141817485,39794.820631752125,125.31336117398314,0.003148986706928291,9903.07305055441
2025-09-01,12,F,0.03,True,30145.807166666156,29900.33304883371,37463.11506271816,245.47411783244752,0.0065524214262880085,5360.827601332365
2025-09-01,18,F,0.0,True,17004.557878515043,16962.851099049636,24188.742316853113,41.706779465406726,0.0017242227363077163,10715.886813032945
2025-09-02,6,F,0.3,True,34921.07680165302,32209.750514902757,41666.66085027009,2711.3262867502635,0.06507183996561337,9935.709629506997
2025-09-02,12,F,0.03,True,28595.239875330946,27731.13848639324,35967.930385619904,864.1013889377064,0.02402421767595438,6989.356289528787
2025-09-02,18,F,0.0,True,16113.652545201448,16082.002117806878,23470.683565301948,31.650427394570215,0.0013485089731839275,10798.686376270043
2025-09-03,6,F,0.31,True,32158.784229735742,31562.088963441365,39140.53804655391,596.6952662943768,0.015244942866770637,9934.46016699738
2025-09-03,12,F,0.03,True,29338.60787393843,29079.220647597358,36599.89125534336,259.38722634107035,0.007087103743872501,6864.81133219609
2025-09-03,18,F,0.0,True,16043.007455925703,15994.737479012767,23301.23078460719,48.26997691293582,0.002071563401913645,10718.203135557795
2025-09-04,6,F,0.31,True,32136.34424960048,31467.8083545119,39057.87817791166,668.5358950885784,0.017116544120582937,9904.84810131794
2025-09-04,12,F,0.02,True,29124.602496583415,28945.45593125248,36475.659471713494,179.14656533093512,0.0049114003125799955,6907.86286154039
2025-09-04,18,F,0.0,True,15535.346887554095,15483.392316320876,22874.26894952813,51.9545712332183,0.002271310674358844,10749.704286671898
2025-09-05,6,F,0.31,True,11374.671030678883,11170.532705576697,18698.142243723112,204.13832510218526,0.01091757258241597,3559.511596716507
2025-09-05,12,F,0.02,True,10923.48654231568,10804.93246837695,18242.10359675814,118.55407393873065,0.006498925593197445,1277.920534413247
2025-09-05,18,F,0.0,True,6946.479577830709,6871.126948309509,14300.797244505275,75.35262952119956,0.005269120891155347,10800.0
2025-09-06,6,F,0.31,True,11205.076267280123,11019.145611065784,18523.846800993975,185.93065621433925,0.01003736741141491,3435.6727784346426
2025-09-06,12,F,0.03,True,10738.607314335526,10666.456528985456,18081.95502058199,72.15078535006978,0.003990209314642323,1200.0
2025-09-06,18,F,0.0,True,6918.720209207166,6824.28109059352,14297.82746680795,94.4391186136454,0.00660513765695407,10800.0
2025-09-07,6,F,0.3,True,33007.006350046075,30524.170501227287,39631.85973499256,2482.835848818788,0.06264747265005563,9918.940892506493
2025-09-07,12,F,0.02,True,27112.62921200275,26297.893305482175,34440.31464106801,814.7359065205746,0.02365645944329007,7007.80286834714
2025-09-07,18,F,0.0,True,14571.77157237855,14538.02464967693,21960.02381305868,33.74692270161904,0.0015367434474980487,10800.0
2025-09-08,6,F,0.31,True,28541.867829329756,27580.224258204384,35433.46299205247,961.6435711253725,0.027139418220032966,9937.13030172872
2025-09-08,12,F,0.02,True,27610.049437657523,26419.927058659094,34566.32935874061,1190.1223789984288,0.03443010585957657,6436.888323181958
2025-09-08,18,F,0.0,True,12935.879541168391,12844.20080218394,20257.65307970933,91.67873898445214,0.004525634762512559,10711.93044178534
2025-09-09,6,F,0.31,True,29200.981282800887,26821.26452446464,35758.23315013144,2379.716758336246,0.06655017736320953,9950.447201277635
2025-09-09,12,F,0.04,True,24497.200202555498,23480.678694926202,31791.39844034292,1016.5215076292952,0.03197473396890088,7199.471129177202
2025-09-09,18,F,0.0,True,12677.488342550392,12608.539710106543,19980.0036042288,68.94863244384942,0.003450881882186264,10765.505877873617
2025-09-10,6,F,0.3,True,25454.26075415557,25180.352300802915,32785.676897311765,273.90845335265476,0.008354515729858658,9925.128843210923
2025-09-10,12,F,0.03,True,26197.020279517666,25057.48865205802,33216.48529674482,1139.531627459648,0.03430620721245667,6577.793895671424
2025-09-10,18,F,0.0,True,12318.085868368913,12248.680086209852,19672.396229497826,69.40578215906135,0.003528079718879933,10796.440930885898
2025-09-11,6,F,0.29,True,27164.60725072182,26863.520340922412,34495.78995684523,301.0869097994073,0.008728221912763028,9911.267492094197
2025-09-11,12,F,0.03,True,24753.79136940361,24579.37558240471,32089.920622659665,174.41578699889942,0.005435220269000576,5266.570868877803
2025-09-11,18,F,0.0,True,12397.276045022858,12355.45346585335,19720.953929407307,41.82257916950766,0.0021207178577271084,10800.0
2025-09-12,6,F,0.27,True,7587.790819400841,7506.899474890604,14983.59726041391,80.8913445102371,0.00539865982142679,3817.836263133259
2025-09-12,12,F,0.04,True,8969.173228174082,7953.385434807487,16190.796723601306,1015.787793366595,0.06273859222047315,1200.0
2025-09-12,18,F,0.0,True,4406.8424912635255,4303.6776470512705,11798.496996905462,103.16484421225505,0.008743897145485003,10659.162537699183
2025-09-13,6,F,0.28,True,7483.125137307939,7265.875966212607,14785.648400746368,217.2491710953327,0.014693246126721514,3824.2273654374044
2025-09-13,12,F,0.04,True,7427.279064410583,7337.662754146128,14781.042076899637,89.61631026445502,0.006062922343243358,1200.0
2025-09-13,18,F,0.0,True,3968.9992743289895,3934.372294059436,11305.99889898497,34.626980269553314,0.0030627086185778824,10800.0
2025-09-14,6,F,0.28,True,26824.040887784293,26500.90822171035,34071.97233477582,323.13266607394326,0.009483826263387032,9915.461747392803
2025-09-14,12,F,0.04,True,23657.95315336158,23225.01718100198,30961.813922787955,432.9359723596026,0.013982900789961821,7006.080283811149
2025-09-14,18,F,0.0,True,11666.629852876558,11566.572743287581,19006.237029720607,100.05710958897726,0.0052644355341099364,10793.757711790082
2025-09-15,6,F,0.27,True,23658.292460868593,23212.11178022912,30825.53808627213,446.1806806394743,0.014474384174275835,9921.576535165534
2025-09-15,12,F,0.05,True,22062.819440246407,21931.86801402962,29420.20012918131,130.95142621678679,0.004451071904398729,6300.554898006271
2025-09-15,18,F,0.0,True,11374.463393293006,11259.52436351736,18709.396812388317,114.93902977564721,0.006143385109002606,10772.274363005345
2025-09-16,6,F,0.26,True,26315.364975447672,25729.98619431935,33347.72693569978,585.3787811283219,0.01755378356842834,9929.602239621125
2025-09-16,12,F,0.06,True,22733.7882820951,22576.315017683934,30054.82146533056,157.4732644111682,0.00523953418232146,6573.112469170851
2025-09-16,18,F,0.0,True,11345.10511188242,11262.131336128099,18638.229359126224,82.97377575432074,0.00445180570297535,10784.250313269387
2025-09-17,6,F,0.27,True,27301.396253242354,26574.074826057637,34426.964831746554,727.3214271847173,0.021126504492607015,9874.074074074075
2025-09-17,12,F,0.06,True,23956.56465095919,23706.791462366564,31201.905096719325,249.77318859262596,0.008005062120994912,6239.997957122354
2025-09-17,18,F,0.0,True,11337.11259121802,11207.572075453074,18682.097960979532,129.54051576494567,0.006933938363641556,10769.660768125254
2025-09-18,6,F,0.29,True,31594.632685817327,28487.74736588142,37971.83674691463,3106.8853199359073,0.08182078050749954,9890.175496006555
2025-09-18,12,F,0.06,True,23827.009062257748,22336.329597841934,31118.745201295318,1490.6794644158144,0.04790294257603179,7008.752948082551
2025-09-18,18,F,0.0,True,11212.724551183246,11190.272614100077,18545.747449597984,22.45193708316947,0.0012106245458257958,10785.343546806425
2025-09-19,6,F,0.3,True,8411.53757113333,8161.691345661789,15590.53462803525,249.8462254715423,0.016025507234515436,4013.1713059053077
2025-09-19,12,F,0.07,True,7561.095872326775,7246.895653225456,14814.875770783065,314.2002191013189,0.02120842752667317,1937.112656265258
2025-09-19,18,F,0.0,True,4055.255857047143,4008.408415618217,11358.240954532583,46.84744142892578,0.004124533157595234,10506.96948473396
2025-09-20,6,F,0.3,True,7783.880058318964,7393.82043688998,15021.829169964536,390.0596214289844,0.025966186741684622,4211.456458094906
2025-09-20,12,F,0.08,True,7327.596088465524,7178.756857117962,14548.044691438152,148.83923134756242,0.010230875317227862,2948.506032666496
2025-09-20,18,F,0.0,True,3927.76524905704,3845.0087027157733,11213.351778201852,82.75654634126658,0.007380179270050265,10367.935417051873
2025-09-21,6,F,0.29,True,28512.916451529498,27323.9743975097,35560.27906090936,1188.942054019797,0.033434553536076585,9907.039916596168
2025-09-21,12,F,0.07,True,23593.438959194966,23473.623702066216,30870.601289851664,119.81525712875009,0.003881209050765652,7520.956253847657
2025-09-21,18,F,0.0,True,11512.986160057759,11440.49068585507,18847.79520424796,72.49547420268937,0.0038463636418518687,10760.643453284805
2025-09-22,6,F,0.29,True,26917.320998877432,26679.495921378115,34249.59920437647,237.82507749931756,0.006943879140895987,9884.20238124767
2025-09-22,12,F,0.08,True,23501.471553909232,23405.07878957656,30821.172234014928,96.3927643326715,0.0031274853402976774,6793.4107758127275
2025-09-22,18,F,0.0,True,11073.935146554324,11025.32790198221,18425.674642563547,48.60724457211472,0.002638017088385538,10781.946471095753
2025-09-23,6,F,0.31,True,28107.191998114584,27782.50355439943,35330.918702371506,324.68844371515297,0.009189923603468568,9918.733870516546
2025-09-23,12,F,0.1,True,24561.83828431576,24458.87271505899,31814.280291240895,102.9655692567685,0.0032364576006177004,6641.469805407263
2025-09-23,18,F,0.0,True,11553.593107910492,11501.557330557313,18851.477202638023,52.03577735317958,0.002760302378102117,10800.0
2025-09-24,6,F,0.31,True,27586.152944030182,26669.82345984628,34750.183860973906,916.3294841839015,0.026369054271766966,9874.074074074075
2025-09-24,12,F,0.1,True,23604.904434766162,23411.759220975837,30834.160052653537,193.14521379032522,0.006264001142255972,6485.572765262452
2025-09-24,18,F,0.0,True,11609.279496301764,11588.171907973427,18931.184685637927,21.107588328337442,0.0011149639432946124,10800.0
2025-09-25,6,F,0.31,True,29238.25871116144,28771.485870636607,36408.79225684788,466.77284052483446,0.012820332990777587,9902.837451016434
2025-09-25,12,F,0.11,True,24618.156941550587,24342.2780663258,31824.597434071446,275.8788752247856,0.008668731027825331,6761.487092168234
2025-09-25,18,F,0.0,True,11948.586708348137,11903.600190370487,19319.17409152735,44.98651797764978,0.002328594264150202,10717.324336665533
2025-09-26,6,F,0.31,True,8193.430945409877,7974.741069547163,15517.927249335065,218.68987586271396,0.014092724649942195,4645.263344526268
2025-09-26,12,F,0.12,True,8133.099883069242,8005.459309368671,15453.211355680269,127.64057370057162,0.008259808965445469,2721.3587247531846
2025-09-26,18,F,0.0,True,4141.692376501513,4063.557014077036,11454.10686876962,78.13536242447663,0.006821602357973266,10708.743740391465
2025-09-27,6,F,0.31,True,12611.459651872048,8574.997991576114,19441.756789942225,4036.461660295934,0.20761815425981003,4622.773389064606
2025-09-27,12,F,0.11,True,8045.167785834049,7717.006588783535,15335.131964705006,328.1611970505137,0.02139930701645099,4680.82560557592
2025-09-27,18,F,0.0,True,3884.6181744660935,3789.7319229849027,11210.824635488381,94.88625148119081,0.008463806594639257,10490.245062433214
2025-09-28,6,F,0.32,True,35249.030372413254,32767.748870229487,41810.386273048585,2481.281502183767,0.059346055450897064,9915.060107593514
2025-09-28,12,F,0.1,True,26705.74288678594,24708.970054805257,34014.20818159227,1996.7728319806847,0.05870408099228644,6732.100471228213
2025-09-28,18,F,0.0,True,11908.585706035261,11865.747345519287,19271.735009534637,42.83836051597427,0.0022228595658242557,10800.0
2025-09-29,6,F,0.34,True,28915.324115621617,28798.209899397778,36249.746462549614,117.11421622383932,0.0032307595956521384,9903.518639988135
2025-09-29,12,F,0.1,True,25536.11485718716,25260.340687282678,32839.0773317307,275.7741699044818,0.00839774416067456,6168.017660495365
2025-09-29,18,F,0.0,True,11820.025113614385,11566.808528832707,19127.771983897364,253.21658478167774,0.013238164120465629,10786.043479996497
2025-09-30,6,F,0.36,True,30668.785066302888,30011.145526541433,37838.37693937817,657.6395397614542,0.01738022592287918,9905.813847090758
2025-09-30,12,F,0.1,True,27172.874251939997,26711.692652892845,34374.0365556572,461.1815990471514,0.013416568004762047,6499.175045208047
2025-09-30,18,F,0.0,True,12102.592081527675,12053.82115273422,19477.928088205354,48.77092879345582,0.0025039074265290322,10793.218478552908
2025-10-01,6,F,0.35,True,29720.010243718214,29556.577024916944,37002.2260962166,163.4332188012704,0.004416848283027521,9875.196179520506
2025-10-01,12,F,0.11,True,25765.967574104732,25663.614816425586,33099.4095303619,102.35275767914572,0.0030922834918024177,6555.120540603094
2025-10-01,18,F,0.0,True,12089.373698294106,12040.246959680462,19424.92841575424,49.12673861364419,0.002529056352856407,10795.601563892442
2025-10-02,6,F,0.32,True,28579.989051022938,28011.230818148037,35873.75419437922,568.7582328749013,0.015854438590205196,9902.03518189283
2025-10-02,12,F,0.09,True,24342.479675070204,24246.91480100051,31694.580946781247,95.56487406969609,0.003015180236336307,7217.541342526615
2025-10-02,18,F,0.0,True,12019.798765665493,11892.188861285404,19362.565265153,127.60990438008957,0.006590547411078344,10800.0
2025-10-03,6,F,0.32,True,7551.383822735728,7411.430537636423,14851.248385922394,139.9532850993055,0.00942367142899369,4538.767480275184
2025-10-03,12,F,0.08,True,7989.568797159383,7728.413160652632,15235.563969319006,261.15563650675176,0.017141186045535328,1200.0
2025-10-03,18,F,0.0,True,3924.056392202485,3852.8162186992613,11232.841239108857,71.24017350322356,0.0063421330353348165,10457.426006990827
2025-10-04,6,F,0.34,True,8078.486707884067,7973.141650293101,15449.107010817093,105.34505759096646,0.006818844449533969,5067.993883056052
2025-10-04,12,F,0.09,True,8064.019202870595,7909.073050872063,15424.033842389854,154.9461519985325,0.010045760634464778,2078.091623355166
2025-10-04,18,F,0.0,True,3637.1320121327954,3572.7023481995548,11017.906465342361,64.42966393324059,0.005847722898711189,10786.769466722728
2025-10-05,6,F,0.36,True,28921.842928105143,28689.952276854245,36161.380074845656,231.89065125089837,0.006412660434168679,9874.074074074075
2025-10-05,12,F,0.1,True,24602.510307930155,24335.45075886824,31866.93354097315,267.0595490619162,0.008380459598302496,5876.239044384125
2025-10-05,18,F,0.0,True,11425.766355236492,11358.667468826427,18728.915096357206,67.09888641006546,0.0035826360504520767,10800.0
2025-10-06,6,F,0.33,True,28119.543554958953,27140.869894904514,35238.805385553875,978.6736600544391,0.02777261173716308,9874.074074074075
2025-10-06,12,F,0.1,True,23725.557996663665,23484.653642427504,31033.328147923243,240.90435423616145,0.007762762443263206,6648.41990679377
2025-10-06,18,F,0.0,True,11446.14635743324,11404.729790992576,18778.546903392344,41.41656644066279,0.002205525627394572,10753.305038392986
2025-10-07,6,F,0.35,True,28167.84443131415,27809.51664925981,35421.25693395259,358.3277820543408,0.010116179183660486,9900.780702541908
2025-10-07,12,F,0.1,True,25071.290920300322,24578.279242377972,32278.73286787814,493.0116779223499,0.01527357594674869,6427.057537847536
2025-10-07,18,F,0.0,True,11699.625672714832,11653.573220136052,19010.189973749053,46.0524525787805,0.002422514064424069,10769.945751818474
2025-10-08,6,F,0.36,True,26065.96905193346,25819.394376330616,33384.25439867994,246.57467560284567,0.0073859572437416955,9874.074074074075
2025-10-08,12,F,0.1,True,22679.970091434683,22558.19633624293,29975.069607782232,121.77375519175257,0.004062501164639072,6680.533067106415
2025-10-08,18,F,0.0,True,10410.683470812024,10328.061406287072,17743.67038537349,82.6220645249523,0.0046564246703466455,10800.0
2025-10-09,6,F,0.37,True,27138.5073408248,27011.29186977046,34454.4985331395,127.21547105434001,0.0036922746367061437,9874.074074074075
2025-10-09,12,F,0.11,True,23452.570938900113,23229.28838651917,30748.66206035998,223.28255238094425,0.0072615371668086895,5502.604941961668
2025-10-09,18,F,0.0,True,10543.576785296791,10503.95796591836,17868.347523688135,39.618819378431,0.00221726263863562,10800.0
2025-10-10,6,F,0.42,True,6672.192335458087,6544.598379443882,14044.332750122825,127.5939560142051,0.009085084943824706,5311.334738966194
2025-10-10,12,F,0.1,True,6752.326674167276,6657.295382220858,14101.712439389134,95.0312919464177,0.006738989491870132,2076.8681887114626
2025-10-10,18,F,0.0,True,3138.958557774651,3001.968810476179,10512.88776982696,136.98974729847214,0.013030648694990012,10272.486036681672
2025-10-11,6,F,0.38,True,7248.984770716803,6961.726349841136,14530.53113914238,287.25842087566707,0.019769299423738864,5467.896499486248
2025-10-11,12,F,0.08,True,7175.224903171016,6987.958885891994,14464.757129357846,187.26601727902198,0.012946364436285253,1279.8738257064902
2025-10-11,18,F,0.0,True,3280.654782845768,3253.9901333008693,10611.221079812214,26.664649544898566,0.002512872867725648,10288.131990520309
2025-10-12,6,F,0.41,True,28951.495636178028,28289.548880696042,36081.178696531344,661.9467554819857,0.01834604021807142,9887.859011834733
2025-10-12,12,F,0.08,True,22987.309025791503,22898.214908426387,30294.959508713237,89.09411736511538,0.0029408891383231827,7113.37853306697
2025-10-12,18,F,0.0,True,10631.188720982374,10542.139975705524,17930.072902247288,89.04874527685024,0.004966446358714426,10800.0
2025-10-13,6,F,0.42,True,27677.205571107377,27558.427530544992,35032.76012750652,118.77804056238529,0.003390484795662014,9884.518552021795
2025-10-13,12,F,0.09,True,23798.721401006944,23637.686490926382,31136.539224288135,161.03491008056153,0.0051718949534040005,5856.63195209416
2025-10-13,18,F,0.0,True,10624.75367573452,10578.545669864836,18007.46055512248,46.20800586968471,0.0025660478737819688,10799.376126474024
2025-10-14,6,F,0.45,True,28384.299905534506,28155.631407923007,35697.008176224845,228.66849761149933,0.006405816881981685,9889.875217155293
2025-10-14,12,F,0.11,True,26174.562548517548,24917.675388100313,33334.86941303862,1256.8871604172346,0.03770487728161356,5474.472890451711
2025-10-14,18,F,0.0,True,10839.046162412975,10770.737636920208,18188.508496853014,68.30852549276642,0.0037555869688042426,10799.168514722285
2025-10-15,6,F,0.47,True,29087.87309782439,28891.5471904565,36438.0387235397,196.3259073678928,0.005387938381026593,9874.074074074075
2025-10-15,12,F,0.11,True,23990.908075066152,23778.26043548176,31297.79862625942,212.6476395843929,0.006794332154913211,6798.8810956746065
2025-10-15,18,F,0.0,True,9981.777369590172,9931.26911628196,17305.28452820445,50.50825330821317,0.0029186606684157056,10800.0
2025-10-16,6,F,0.48,True,30211.973421829418,29870.793198533782,37332.57526090569,341.1802232956361,0.00913894155201548,9892.336455814217
2025-10-16,12,F,0.1,True,25149.54352656995,24542.634704346092,32314.41523584209,606.908822223857,0.018781364842731043,6780.522701711848
2025-10-16,18,F,0.0,True,10535.811169732246,10405.770814796266,17811.79862657757,130.04035493597985,0.007300798625802021,10758.650436867687
2025-10-17,6,F,0.46,True,6928.03882106586,6704.448395790823,14232.721059956051,223.59042527503698,0.01570960495418628,5622.642657880735
2025-10-17,12,F,0.08,True,7245.793138373025,7030.990221727213,14501.13269117399,214.80291664581182,0.014812837122478719,3329.925634034323
2025-10-17,18,F,0.0,True,2758.497649588441,2618.295741857941,10123.773662617696,140.20190773050035,0.013848779358649595,10218.209762588685
2025-10-18,6,F,0.47,True,8847.903387517365,7402.589530180467,15973.33242410563,1445.3138573368979,0.09048292610224212,5699.886049942795
2025-10-18,12,F,0.08,True,7145.486118870187,6995.454098038701,14423.74775126414,150.03202083148608,0.010401736318380695,5752.778152175992
2025-10-18,18,F,0.0,True,3081.0558191136734,3019.317168240532,10418.739628891051,61.73865087314152,0.005925731237388918,10236.073925240424
2025-10-19,6,F,0.49,True,31171.972848099387,30807.678934392185,38331.09853142578,364.2939137072026,0.009503873556050995,9893.680529151445
2025-10-19,12,F,0.07,True,26122.694100653585,25613.236782032393,33282.6548343654,509.4573186211928,0.015306991619405371,7056.4836369617215
2025-10-19,18,F,0.0,True,10547.028467240221,10472.481280841184,17848.746359896544,74.54718639903695,0.004176606294688197,10794.248113184221
2025-10-20,6,F,0.48,True,32667.943043906613,31692.411412541835,39745.35585508645,975.5316313647781,0.024544543893923486,9874.074074074075
2025-10-20,12,F,0.06,True,25643.361426278912,25255.227068847104,32887.226123217995,388.1343574318089,0.011801979162900291,6649.649191372033
2025-10-20,18,F,0.0,True,10749.184946897187,10644.28349858583,18059.776965489236,104.90144831135694,0.0058085683179706525,10751.452715864445
2025-10-21,6,F,0.45,True,33457.964186208206,32784.51797810359,40600.3598395076,673.4462081046149,0.01658719801417362,9896.567757199047
2025-10-21,12,F,0.06,True,26931.36580983125,26375.37653472057,34126.14030082844,555.9892751106818,0.0162921816006595,6606.960099716651
2025-10-21,18,F,0.0,True,10572.098605411358,10463.794405134531,17918.446808845045,108.30420027682703,0.006044285056189416,10761.339803791896
2025-10-22,6,F,0.45,True,32570.60286824614,31672.15405046878,39697.37216255055,898.4488177773601,0.02263245068460559,9879.141718281033
2025-10-22,12,F,0.06,True,25778.888213738122,25150.793198351057,33023.43312765118,628.0950153870654,0.019019676511499613,6078.523184724372
2025-10-22,18,F,0.0,True,9852.104375909474,9743.80608438653,17238.317609357106,108.29829152294406,0.006282416531422928,10754.016983330204
2025-10-23,6,F,0.46,True,32548.843205931655,32310.148682016206,39838.40422386061,238.69452391544837,0.005991568401539685,9882.035471743178
2025-10-23,12,F,0.06,True,25547.302072698283,25226.111006395942,32822.268397793305,321.1910663023409,0.009785766858330094,6516.422402554668
2025-10-23,18,A,0.0,True,10607.512338930139,10456.435431526857,17917.193211188332,151.07690740328144,0.008431951680296776,10775.078048794505
2025-10-24,6,F,0.46,True,8550.163885229933,7710.794712320809,15692.504521712477,839.3691729091242,0.05348854108964923,5898.78003120593
2025-10-24,12,F,0.06,True,7831.000893955583,7611.336506644637,15080.690291823226,219.66438731094604,0.014565937172653722,4534.861910641563
2025-10-24,18,A,0.0,True,2901.50103650866,2881.120846908074,10224.577886839505,20.380189600586164,0.001993254863539979,10262.873396918592
2025-10-25,6,F,0.46,True,7817.089532954005,7754.090645957948,15080.908071466407,62.99888699605708,0.004177393476408302,6212.567672687531
2025-10-25,12,F,0.05,True,7913.456906368553,7567.99422556737,15153.438865798995,345.4626808011826,0.022797642426953323,3610.777734362767
2025-10-25,18,A,0.0,True,3336.923952248724,3288.757254330576,10646.240384660805,48.1666979181482,0.004524291785440727,10226.94763235428
2025-10-26,6,F,0.46,True,32174.76385214834,31995.49534142435,39371.53471783998,179.26851072398858,0.004553251784791581,9881.480933263108
2025-10-26,12,F,0.06,True,25880.59078702477,25650.590471205425,33100.405659854645,230.0003158193431,0.0069485648660280825,6626.138700620531
2025-10-26,18,A,0.0,True,10342.53457040699,10298.798641760763,17673.61316977412,43.73592864622697,0.0024746455762099237,10795.42823953029
2025-10-27,6,F,0.45,True,35020.42201898218,34075.11516641495,41947.12141427256,945.3068525672279,0.022535678747328442,9888.671084423335
2025-10-27,12,F,0.05,True,27637.009556305013,27267.39047569249,34769.80660967444,369.61908061252325,0.010630461214865645,7065.25725778663
2025-10-27,18,A,0.0,True,10769.750942939872,10723.994390789789,18039.559663898126,45.756552150083735,0.0025364561553935573,10787.184763102205
2025-10-28,6,F,0.42,True,35339.37414273586,33883.926777458364,42325.18472881242,1455.4473652774977,0.03438726551586005,9874.074074074075
2025-10-28,12,F,0.07,True,27158.60999466786,26768.098980593473,34320.954361147655,390.51101407438546,0.011378209648985041,7020.5542126574055
2025-10-28,18,A,0.0,True,11123.326429842307,11053.737114345358,18391.54887507213,69.58931549694898,0.0037837659008301476,10690.880085177105
2025-10-29,6,F,0.42,True,35700.93892132714,34795.82591568054,42692.617616908276,905.113005646599,0.021200691270992292,9874.074074074075
2025-10-29,12,F,0.06,True,26833.30183114459,26522.087507368808,34054.51612736293,311.21432377578094,0.009138709315729172,6597.748254842937
2025-10-29,18,A,0.0,True,10700.975065462748,10672.156406171185,18002.58254612617,28.818659291562653,0.00160080695187613,10690.531771731461
2025-10-30,6,F,0.44,True,33294.0233484544,32760.47320257179,40459.66398057194,533.5501458826111,0.013187211493867399,9880.816140414445
2025-10-30,12,F,0.09,True,27355.276801436543,27006.85167317919,34475.08367231885,348.4251282573532,0.01010657817596872,6953.221565130083
2025-10-30,18,A,0.0,True,10043.12798987974,9967.92045212201,17384.611801883333,75.20753775772937,0.004326098196197966,10800.0
2025-10-31,6,F,0.44,True,8074.02008538323,7747.355422324004,15358.823502314717,326.66466305922586,0.0212688597541338,6567.914532441508
2025-10-31,12,F,0.11,True,8644.21529815292,8494.560716762628,15850.583687283175,149.65458139029215,0.00944158173243545,5727.021296064927
2025-10-31,18,F,0.0,True,3414.4558531573966,3353.1191886589686,10693.852156454801,61.336664498428036,0.005735694079275752,10253.84374141532
2025-11-01,6,F,0.42,True,8910.293068515808,8615.661107801785,16124.119680227723,294.6319607140231,0.01827274707439172,6730.014412592109
2025-11-01,12,F,0.08,True,9682.673961935103,9133.55521694594,16811.55072217025,549.1187449891622,0.03266318224082751,5213.564571394432
2025-11-01,18,Q,0.0,True,3170.373354400107,3036.5410300314034,10520.310466348377,133.83232436870367,0.012721328405354292,10253.985965828986
2025-11-02,6,F,0.42,True,38073.64147632425,36664.39391407477,44942.36207987006,1409.2475622494821,0.031356775590589,9874.074074074075
2025-11-02,12,F,0.08,True,28065.801785014577,27465.45655576361,35320.574918683145,600.3452292509683,0.016997040128398647,7034.353988711844
2025-11-02,18,F,0.0,True,10953.111747817498,10907.22084073746,18224.952038931908,45.89090708003823,0.0025180262193286802,10755.582929090402
2025-11-03,6,F,0.46,True,35849.91484793628,35555.17165681575,42956.137688297444,294.7431911205276,0.006861491907379388,9885.105521079844
2025-11-03,12,F,0.09,True,28568.39424686323,28433.70794547944,35715.13847574134,134.68630138379012,0.0037711263943515884,7106.1795326938045
2025-11-03,18,F,0.0,True,11086.245427850587,10996.025487839692,18381.331038067037,90.21994001089479,0.00490823759302592,10790.568997313898
2025-11-04,6,F,0.46,True,36150.39092469219,35729.18001736887,43098.32122382347,421.2109073233223,0.009773255555264863,9874.074074074075
2025-11-04,12,F,0.09,True,27844.965468886916,27337.271742850826,34944.35645841479,507.6937260360901,0.014528632874961265,6742.202110678502
2025-11-04,18,F,0.0,True,10981.428913057676,10897.796906616059,18240.401591975162,83.6320064416177,0.004584987124319208,10800.0
2025-11-05,6,F,0.45,True,35809.037070771294,35579.859989472236,43055.582049480705,229.17708129905805,0.0053228192580390896,9878.47651136872
2025-11-05,12,F,0.09,True,27921.049557950624,27737.663204051878,35155.17308806416,183.38635389874617,0.005216482747485298,6649.333543705249
2025-11-05,18,F,0.0,True,10665.152960805099,10635.496839884521,18003.033236382937,29.65612092057745,0.0016472846842633382,10784.745614545285
2025-11-06,6,F,0.46,True,37896.53196503819,37418.64107495879,44738.92477376182,477.8908900794049,0.010681769678105342,9878.352746113955
2025-11-06,12,F,0.09,True,27522.946677142165,27316.272705356052,34732.57054474553,206.67397178611282,0.005950436968661947,6989.776447859527
2025-11-06,18,A,0.0,True,11051.430200565062,10972.107049754986,18295.860681939706,79.32315081007619,0.004335579079282016,10795.225197010295
2025-11-07,6,F,0.45,True,9424.902464253215,8754.26014344219,16585.27697796807,670.6423208110245,0.040436003673734705,6991.849139659607
2025-11-07,12,F,0.1,True,8306.640965180226,8188.305975822972,15616.457563661103,118.33498935725402,0.007577582103678557,5574.80145386186
2025-11-07,18,A,0.0,True,3289.1628718248267,3211.248429403644,10647.994500206385,77.91444242118268,0.007317288003827623,10245.71967949881
2025-11-08,6,F,0.46,True,8803.470590311432,8742.023083907652,16082.720669470847,61.4475064037797,0.00382071588922283,7365.904760727162
2025-11-08,12,F,0.09,True,9075.251698957714,8921.902624652554,16351.312800666432,153.34907430516068,0.00937839525025236,4973.477964001948
2025-11-08,18,A,0.0,True,3455.1745507049454,3410.1332267131274,10813.064791067807,45.04132399181799,0.004165454000518394,10223.644249581734
2025-11-09,6,F,0.47,True,36878.94489249133,36572.02469929279,44065.67382180802,306.92019319853716,0.006965062974860103,9874.074074074075
2025-11-09,12,F,0.09,True,29326.071051402774,28843.326259377638,36386.41941019402,482.7447920251361,0.013267169450860842,6928.255350237056
2025-11-09,18,A,0.0,True,10675.41922776179,10606.332426622403,18034.702962962892,69.08680113938681,0.0038307701147763536,10701.792929728315
2025-11-10,6,F,0.45,True,41034.678727880644,38895.19167169051,47921.662168915806,2139.4870561901334,0.04464551017969287,9882.071262823676
2025-11-10,12,F,0.05,True,31955.073571751913,30950.583306610977,38926.821850944805,1004.4902651409357,0.025804579397394483,6450.0
2025-11-10,18,A,0.0,True,10796.370228279473,10660.459343322496,18175.271932322095,135.9108849569766,0.007477791004341383,10800.0
2025-11-11,6,F,0.44,True,39289.727833402445,38986.35304581444,46314.06353250333,303.37478758800717,0.006550381556891418,9874.074074074075
2025-11-11,12,F,0.04,True,28715.79066298646,28559.312613630413,35906.2739072982,156.47804935604654,0.004357958438128031,7144.203279141587
2025-11-11,18,A,0.0,True,11018.105557137415,10946.169429708594,18244.715470716357,71.93612742882033,0.003942847316215002,10798.13832526776
2025-11-12,6,F,0.42,True,41432.28082725836,39943.8756565997,48248.105049077945,1488.4051706586542,0.030848987108294704,9874.074074074075
2025-11-12,12,F,0.04,True,28977.825538829165,28064.959616588036,36209.90909648616,912.8659222411297,0.02521038978056189,7050.0
2025-11-12,18,A,0.0,True,11189.73898631015,11144.19863086854,18505.125958940866,45.54035544161161,0.002460958954975851,10747.94108914948
2025-11-13,6,F,0.42,True,38414.63430891711,37301.16407206077,45438.01216814004,1113.4702368563449,0.024505258564922024,9879.203324711722
2025-11-13,12,F,0.05,True,29730.318852839388,29233.219040286658,36682.625179051116,497.0998125527294,0.013551369623257375,7215.53811658248
2025-11-13,18,A,0.0,True,10878.951398863304,10830.098336310064,18107.65649872245,48.853062553240306,0.0026979229784200426,10800.0
2025-11-14,6,F,0.43,True,9250.83565191451,9051.886146424162,16526.618154925818,198.9495054903491,0.01203812562408913,7479.2885951698
2025-11-14,12,F,0.06,True,11432.403648020654,10493.376958120878,18465.430560947836,939.0266898997761,0.05085322472175139,5742.8145674764155
2025-11-14,18,A,0.0,True,3605.0744552190154,3563.000736613585,10898.587840962358,42.07371860543026,0.00386047433111436,10263.653646032795
2025-11-15,6,F,0.42,True,10318.251900081077,9989.600890922742,17492.231930910715,328.651009158335,0.018788397641673855,8693.757905498624
2025-11-15,12,F,0.06,True,10058.20792691386,9927.37014343001,17208.826559335594,130.83778348385022,0.007602946257417662,6723.603267630337
2025-11-15,18,A,0.0,True,3529.376574179366,3476.4858080207796,10817.790061573585,52.8907661585863,0.004889239471050769,10265.685857269147
2025-11-16,6,F,0.4,True,41245.8264206033,40002.392060401675,48088.86981479317,1243.4343602016233,0.02585700942838786,9876.291392363506
2025-11-16,12,F,0.06,True,29338.715318083436,29100.004308613563,36513.2398480806,238.7110094698728,0.006537656216294955,7042.884849580092
2025-11-16,18,A,0.0,True,10972.269704219487,10941.613345044918,18226.04238408275,30.656359174568934,0.0016820085528464416,10711.19665490657
2025-11-17,6,F,0.41,True,42945.479575475816,40378.64110269265,49816.95343948202,2566.8384727831653,0.05152540040212171,9874.074074074075
2025-11-17,12,F,0.06,True,30039.78457962248,29239.448541133628,37082.26251065397,800.336038488851,0.021582718645037084,7050.0
2025-11-17,18,A,0.0,True,10859.43565687708,10825.765366514615,18167.359157145034,33.670290362464584,0.0018533398316850254,10773.694150508509
2025-11-18,6,F,0.42,True,37974.98003712748,37615.05166067478,45178.41046751305,359.9283764527063,0.007966822487292333,9874.074074074075
2025-11-18,12,F,0.07,True,30644.769447038067,30111.566829101022,37607.640763128045,533.2026179370441,0.014178039545086703,6875.574602944513
2025-11-18,18,A,0.0,True,10748.000016065915,10634.503881269613,18052.45118666445,113.4961347963017,0.006287020727697222,10742.391046274759
2025-11-19,6,F,0.44,True,42866.89544220712,41117.917505540194,49704.085226025185,1748.9779366669245,0.03518781059370861,9905.640478280759
2025-11-19,12,F,0.05,True,30668.45233445734,30173.46133625595,37748.26558119689,494.9909982013887,0.013112946795837766,6456.097319944794
2025-11-19,18,F,0.0,True,11340.28247292513,11306.831370391723,18551.073209737304,33.45110253340681,0.0018031896136256205,10792.090160728143
2025-11-20,6,F,0.44,True,40365.22105786461,39894.43275934199,47324.495253983216,470.78829852262425,0.009948089166001171,9896.899338461006
2025-11-20,12,F,0.05,True,30143.859580216456,29878.944562368502,37214.555635358985,264.915017847954,0.007118586083458377,7183.415889979316
2025-11-20,18,F,0.0,True,10955.59482608282,10909.06072394007,18148.003428722914,46.53410214275027,0.0025641444429694436,10790.02915794814
2025-11-21,6,F,0.42,True,11815.958527758283,10449.166090677414,18967.703639229716,1366.7924370808687,0.07205893043657732,7737.255429450519
2025-11-21,12,F,0.05,True,10774.466357073628,10136.688055185705,17903.98839756479,637.7783018879236,0.03562213556699305,6145.374258365303
2025-11-21,18,F,0.0,True,3428.3917035968043,3400.5611923693014,10784.761837504848,27.83051122750294,0.0025805401775976333,10448.666236883486
2025-11-22,6,F,0.45,True,9736.059388558138,9526.800767868472,17024.21546590801,209.2586206896667,0.012291821676524204,9737.950269488436
2025-11-22,12,F,0.05,True,10025.806155344739,9913.4546194752,17192.461767716286,112.35153586953857,0.006534930098289378,6826.3931631391515
2025-11-22,18,F,0.0,True,3758.104976403357,3713.2612270622394,11032.264229996043,44.84374934111747,0.004064782025360678,10341.701999693305
2025-11-23,6,F,0.45,True,42034.00471455685,41171.91218470596,48940.50315047313,862.0925298508955,0.017615113747406604,9881.720553688849
2025-11-23,12,F,0.05,True,29236.188069568227,28210.70439106667,36617.11935021924,1025.4836785015577,0.02800558035965267,6492.274218879658
2025-11-23,18,F,0.0,True,10687.48199055773,10653.598416807648,17994.350093701483,33.88357375008127,0.0018830118105761125,10790.885776954112
2025-11-24,6,F,0.41,True,39240.39744514047,38977.95508814208,46455.96712438948,262.4423569983919,0.00564927119686653,9900.996654708006
2025-11-24,12,F,0.05,True,29589.382745896874,29355.876288725514,36859.97104940848,233.50645717135922,0.0063349604061912704,7050.0
2025-11-24,18,F,0.0,True,11405.738177150643,11361.739859636977,18637.559684541386,43.998317513665825,0.0023607338223662136,10677.081221420092
2025-11-25,6,F,0.41,True,40421.00424894709,40082.721637994655,47671.07238664703,338.28261095243215,0.007096182108275527,10138.346874179308
2025-11-25,12,F,0.03,True,30213.521988585806,30045.757008034576,37326.776502105124,167.7649805512301,0.004494494201549085,6649.188428162934
2025-11-25,18,F,0.0,True,10740.395432912415,10623.774698735813,18003.88966135809,116.62073417660213,0.00647752993215162,10800.0
2025-11-26,6,F,0.41,True,41508.98462453492,41093.85229540574,48607.643829197215,415.1323291291774,0.008540474222283108,9876.437342117459
2025-11-26,12,F,0.03,True,30178.96553670613,30006.424396353585,37253.48174812677,172.5411403525468,0.004631544012962567,6450.0
2025-11-26,18,F,0.0,True,10909.93837085164,10819.389813361926,18173.74288711263,90.54855748971386,0.0049823835437841305,10800.0
2025-11-27,6,F,0.44,True,41516.98062733444,41164.95460911618,48565.788311316624,352.02601821825374,0.007248436202902649,9889.54172605488
2025-11-27,12,F,0.02,True,30852.753490592382,30482.1181392666,37953.47571052186,370.6353513257818,0.009765518029302133,6930.090488452946
2025-11-27,18,F,0.0,True,10677.867628458662,10615.919106192847,17983.400157584845,61.94852226581497,0.0034447613756560373,10793.340364511472
2025-11-28,6,F,0.46,True,9812.528456972415,9447.921362130382,16965.120147782578,364.6070948420329,0.02149157162849146,9360.311736317304
2025-11-28,12,F,0.0,True,9182.846181248551,9015.417846699544,16417.02446490693,167.42833454900756,0.010198458003574447,6642.87643838041
2025-11-28,18,F,0.0,True,3390.1796712602,3345.8196685374432,10644.609062834106,44.36000272275669,0.004167367956953971,10236.61951289143
2025-11-29,6,F,0.5,True,10318.330513393566,10073.947776537181,17606.507759479467,244.38273685638524,0.013880250427561813,9723.882158060112
2025-11-29,12,F,0.03,True,11202.680294333146,10698.541372037898,18321.974102662287,504.13892229524754,0.027515535142143513,6311.393918351235
2025-11-29,18,F,0.0,True,3123.997533205631,3059.5372119719277,10470.40738130893,64.46032123370333,0.006156429151818254,10247.13158763654
2025-11-30,6,F,0.43,True,43904.096085404504,43159.7893740364,50893.302459518076,744.3067113681027,0.014624846009160922,10332.279655614491
2025-11-30,12,F,0.06,True,32033.91371084549,31712.772789543054,39249.01851289379,321.14092130243444,0.008182138903599223,6622.3249135662945
2025-11-30,18,F,0.0,True,10436.939027835433,10379.342342803682,17799.12543588129,57.596685031750894,0.0032359278122531584,10800.0
2025-12-01,6,F,0.42,True,43839.966685189196,42332.94779655298,50868.10354206325,1507.0188886362157,0.029626008907331282,10800.0
2025-12-01,12,F,0.06,True,31189.095046083105,30762.707617940003,38476.96068143667,426.3874281431017,0.011081629645160972,7091.0252842422215
2025-12-01,18,F,0.0,True,10444.819521484294,10386.29995567919,17813.931325106692,58.51956580510523,0.003285044987381792,10800.0
2025-12-02,6,F,0.42,True,44436.14009469683,43886.11998779593,51391.09407623498,550.0201069008981,0.010702634703300594,10800.0
2025-12-02,12,F,0.05,True,31737.124500253212,31432.423336712454,38960.54511425758,304.701163540758,0.007820762328842592,6724.877267273149
2025-12-02,18,F,0.0,True,10563.505901896237,10525.723136430823,17875.852610975282,37.78276546541383,0.002113620328364995,10737.395285011347
2025-12-03,6,F,0.43,True,45809.40589224526,43934.60957642563,52669.805058854516,1874.796315819629,0.03559527728885053,10800.0
2025-12-03,12,F,0.05,True,31779.005177033254,31591.244460718866,38983.714378082535,187.76071631438754,0.004816388569170067,6998.861035020155
2025-12-03,18,F,0.0,True,10431.33584180464,10393.282474640158,17782.97476654119,38.05336716448073,0.0021398763516258515,10789.095763466774
2025-12-04,6,F,0.42,True,43775.4833584121,43551.202185443406,50822.094891911634,224.2811729686946,0.004413064306886512,10800.0
2025-12-04,12,F,0.06,True,31882.210450117876,31810.325585587765,39143.918947045895,71.88486453011137,0.0018364248257145025,6218.050804759125
2025-12-04,18,F,0.0,True,10316.536286645773,10276.555878682006,17608.482238614128,39.98040796376699,0.002270519822321361,10800.0
2025-12-05,6,F,0.43,True,13610.114659288729,13131.02709487957,20667.462332378276,479.0875644091593,0.02318076388404038,10212.886343129696
2025-12-05,12,F,0.05,True,10669.220377696955,10528.742592865992,17901.992210720677,140.47778483096226,0.00784704758986749,6304.0414731888795
2025-12-05,18,F,0.0,True,3256.990947733353,3234.2679220784694,10603.963387345584,22.723025654883713,0.0021428804329898586,10199.690545073754
2025-12-06,6,F,0.43,True,12708.343117426843,12150.11438969179,19880.32180406394,558.2287277350533,0.028079461350617577,10228.759038592398
2025-12-06,12,F,0.06,True,10654.74160005711,10530.976380103835,17910.47725815372,123.76521995327494,0.006910213400200208,6188.660588626629
2025-12-06,18,F,0.0,True,3377.9702652752176,3277.424958607682,10656.958326315522,100.54530666753544,0.009434709566167312,10242.090534669782
2025-12-07,6,F,0.42,True,45646.53191628541,45426.36590888076,52866.377105327534,220.16600740464492,0.0041645752831899275,10800.0
2025-12-07,12,F,0.06,True,32252.065730620623,32130.96688740232,39480.053577154686,121.09884321830395,0.0030673424234757968,6516.813565491854
2025-12-07,18,F,0.0,True,10312.060275579543,10224.340503493784,17677.58034098825,87.71977208575845,0.004962204690557472,10800.0
2025-12-08,6,F,0.43,True,48941.87033452578,47464.15783116736,55943.29646970312,1477.7125033584234,0.02641446958991234,10800.0
2025-12-08,12,F,0.06,True,32648.351936351923,32167.329187212665,39863.416304846054,481.02274913925794,0.012066771835628692,7103.913224917267
2025-12-08,18,F,0.0,True,10576.027637341796,10520.518487541876,17901.445513180595,55.509149799920124,0.0031008194147813077,10800.0
2025-12-09,6,F,0.48,True,47187.95237442239,46860.51650421304,54292.354705732585,327.4358702093523,0.006030975668380418,10800.0
2025-12-09,12,F,0.05,True,32432.137012880965,32279.045870948343,39676.399051140346,153.09114193262212,0.003858493855132806,6491.727747749489
2025-12-09,18,F,0.0,True,10656.0735815569,10574.158600775821,18003.019434463804,81.91498078107907,0.0045500690081057395,10785.036508276917
2025-12-10,6,F,0.46,True,47855.42163458096,47385.183877057934,54926.28894588463,470.23775752302754,0.008561251206800496,10800.0
2025-12-10,12,F,0.05,True,33090.64979139618,32710.671364728893,40276.44661271122,379.97842666728684,0.00943425894347308,6627.743746247852
2025-12-10,18,F,0.0,True,10532.805048032691,10479.359919914175,17792.502376112505,53.44512811851564,0.0030038005328732686,10800.0
2025-12-11,6,F,0.44,True,47165.198799706006,46940.995062639835,54349.24854226196,224.20373706617102,0.004125240791357589,10800.0
2025-12-11,12,F,0.04,True,32496.265281461914,32407.286908930473,39796.264102135916,88.97837253144098,0.0022358473725845388,6274.070793860315
2025-12-11,18,F,0.0,True,10646.995510542614,10572.139839233467,17943.221080600666,74.85567130914751,0.004171807891843778,10792.664685996155
2025-12-12,6,F,0.44,True,16010.016894253886,14731.49631621183,22902.678604756326,1278.5205780420565,0.05582406320702327,10161.653307179615
2025-12-12,12,F,0.06,True,11706.436798372302,11269.048952665169,18908.40882621335,437.38784570713324,0.023131922401676025,6441.494965920963
2025-12-12,18,F,0.0,True,3024.837856317511,2981.0055910850497,10320.284809484776,43.832265232461395,0.0042471953092009344,10232.831361948389
2025-12-13,6,F,0.43,True,16333.082978565411,15030.799350096086,23499.56189407368,1302.2836284693258,0.05541735775073096,10163.78680128534
2025-12-13,12,F,0.06,True,11840.09134846747,11131.162132808275,19055.71606269054,708.9292156591946,0.03720296908953305,6942.975381957804
2025-12-13,18,F,0.0,True,3142.7388871217845,3072.675545670936,10507.01040739297,70.06334145084838,0.006668247078307854,10239.858954056126
2025-12-14,6,F,0.45,True,48535.934004987634,47929.01484035194,55525.24821029637,606.9191646356921,0.010930507907628725,10800.0
2025-12-14,12,F,0.06,True,33045.80163847971,32757.92483108632,40261.82768535124,287.87680739338975,0.0071501177155484695,6787.167866707487
2025-12-14,18,F,0.0,True,10161.908290939306,10136.145149900034,17567.161429881733,25.76314103927143,0.0014665511637781356,10787.495054018753
2025-12-15,6,F,0.46,True,49509.65400058297,48979.89972317908,56331.051200964954,529.7542774038884,0.009404303063934544,10800.0
2025-12-15,12,F,0.07,True,32241.82760295614,31942.1903094874,39509.96291292223,299.6372934687388,0.007583841425746787,6450.0
2025-12-15,18,A,0.0,True,10202.73243872994,10087.044522961802,17562.92387566397,115.68791576813783,0.006587053305426014,10797.98561820852
2025-12-16,6,F,0.44,True,48605.925658448614,48459.94633677701,55835.07186405085,145.97932167160616,0.0026144736058913228,10800.0
2025-12-16,12,F,0.06,True,33002.64388909008,32856.806055073765,40317.704825285844,145.83783401631808,0.0036172156785287475,6372.769619979767
2025-12-16,18,A,0.0,True,10097.864999730058,10063.08526879851,17495.51108406689,34.77973093154833,0.0019879231172173144,10800.0
2025-12-17,6,F,0.44,True,48122.43806123559,47978.00548459507,55378.51604226685,144.43257664051634,0.0026080976335711176,10800.0
2025-12-17,12,F,0.07,True,32668.44478468413,32512.926348388606,39929.44779890562,155.5184362955224,0.0038948306292326145,6450.0
2025-12-17,18,A,0.0,True,10183.552738926108,10070.946888931128,17504.510384324934,112.60584999497951,0.006432961992231249,10800.0
2025-12-18,6,F,0.42,True,48330.18574809534,47784.43997501013,55377.30569025658,545.7457730852111,0.009855043799670322,10800.0
2025-12-18,12,F,0.08,True,32093.207590607526,31714.92363129247,39420.97949852577,378.28395931505656,0.0095960060893262,6450.0
2025-12-18,18,A,0.0,True,10092.871976027667,10003.327960952824,17442.757483959853,89.54401507484363,0.005133592848331877,10800.0
2025-12-19,6,F,0.43,True,15768.812556479423,15141.30491357303,22914.008345914557,627.507642906392,0.027385328373517554,10103.709715211617
2025-12-19,12,F,0.09,True,10628.567530442635,10373.199394361873,17938.90500943253,255.36813608076227,0.014235436106411517,7051.31147661967
2025-12-19,18,A,0.0,True,2755.8957940467735,2732.7118904155705,10102.392029253042,23.183903631203066,0.002294892493190769,10237.653052057865
2025-12-20,6,F,0.4,True,14689.3175893635,14516.03624719554,22017.38722976415,173.28134216796025,0.007870204596016292,10097.721123466928
2025-12-20,12,F,0.08,True,10849.098146289527,10787.05359101794,18208.53706843047,62.04455527158643,0.0034074431701137495,6754.734516058506
2025-12-20,18,A,0.0,True,2911.1088698834574,2836.020164505997,10279.317620151847,75.08870537746043,0.0073048336623293495,10258.366590035237
2025-12-21,6,F,0.39,True,48024.176964298495,47429.74817616463,55175.2373415051,594.4287881338678,0.010773470433025466,10800.0
2025-12-21,12,F,0.08,True,32195.647865103172,32029.572451037133,39519.07131988767,166.07541406603923,0.0042024118613957166,6523.5963706100865
2025-12-21,18,A,0.0,True,9978.538162468198,9916.422429001746,17353.778059586446,62.115733466451275,0.0035793781188839025,10800.0
2025-12-22,6,F,0.41,True,47193.85792692374,46983.46098134495,54397.49590573558,210.3969455787883,0.0038677689492064354,10800.0
2025-12-22,12,F,0.09,True,32039.030687459566,31773.66163224887,39374.28729997986,265.3690552106964,0.006739653550778864,6283.760366110399
2025-12-22,18,A,0.0,True,9959.704204172476,9915.023402082801,17316.0941417582,44.680802089675126,0.002580304872674851,10763.150924750807
2025-12-23,6,F,0.42,True,48384.828286841876,48138.51297320829,55603.14683975405,246.31531363358226,0.004429880818498506,10800.0
2025-12-23,12,F,0.09,True,31750.629779726936,31660.15115340858,39137.18398110319,90.47862631835596,0.0023118328176611335,6449.301273738569
2025-12-23,18,A,0.0,True,10164.23009749246,10118.28703751078,17522.20171927155,45.94305998168056,0.0026219912724295786,10797.007789252033
2025-12-24,6,F,0.44,True,47339.807603073736,47136.7885952897,54510.19065741692,203.01900778403797,0.0037244229993610234,10800.0
2025-12-24,12,F,0.1,True,31646.177017684196,31538.58816940034,39014.37778692952,107.58884828385635,0.0027576717709413383,6436.516646297321
2025-12-24,18,F,0.0,True,9704.852531246475,9640.182017227917,17083.994154109416,64.6705140185586,0.003785444635205675,10800.0
2025-12-25,6,F,0.43,True,46917.11096442583,46676.269578531545,54193.511865985536,240.84138589428767,0.004444099996506249,10800.0
2025-12-25,12,F,0.1,True,31981.366602285016,31806.35582377013,39269.552847938205,175.01077851488662,0.004456653203884784,6293.11163911591
2025-12-25,18,F,0.0,True,9936.997441752024,9838.496878253101,17291.659026354195,98.50056349892293,0.005696420647018216,10796.221871972832
2025-12-26,6,F,0.45,True,14896.080543345395,14734.970496095339,22143.016866165453,161.1100472500566,0.0072758851345244135,10092.035610994259
2025-12-26,12,F,0.11,True,10661.036173525634,10467.903578962385,18038.62976514268,193.13259456324886,0.010706611149392989,6563.004706709886
2025-12-26,18,F,0.0,True,2437.119706763483,2372.4887262829616,9823.546023855002,64.63098048052143,0.006579190480054232,10269.132970140965
2025-12-27,6,F,0.44,True,14727.621969603379,14455.02373112065,22026.679596848244,272.59823848272936,0.012375820753380139,10145.914485898036
2025-12-27,12,F,0.09,True,10765.828240607187,10586.86959371206,18130.192957963274,178.95864689512746,0.009870752468551304,6476.463624853743
2025-12-27,18,F,0.0,True,2521.400237503576,2476.2245722749612,9922.702487118102,45.17566522861489,0.004552758211511738,10267.170023329147
2025-12-28,6,F,0.48,True,47501.570839546206,47367.39439393191,54703.8625766541,134.17644561429915,0.0024527782736782737,10800.0
2025-12-28,12,F,0.09,True,31766.561753531423,31714.038615558908,39127.43375139458,52.52313797251554,0.0013423609201215123,6314.795215531359
2025-12-28,18,F,0.0,True,9951.326788149794,9903.210171107563,17285.629436579344,48.116617042231155,0.0027836196083440372,10800.0
2025-12-29,6,F,0.47,True,47209.19075861433,46700.35402957666,54315.56280731608,508.83672903767,0.009368157167822477,10800.0
2025-12-29,12,F,0.08,True,31626.74657936485,31466.336108006297,38964.02034602697,160.4104713585548,0.004116887064887063,6901.0221037253505
2025-12-29,18,F,0.0,True,9737.967064227263,9679.813473008579,17115.60696061275,58.153591218684596,0.0033976937746064404,10793.998165319732
2025-12-30,6,F,0.47,True,48164.38899835077,47885.060438979715,55399.30251160301,279.3285593710534,0.005042095237797442,10800.0
2025-12-30,12,F,0.1,True,31516.838535459632,31470.95512837827,38910.29891448512,45.88340708136093,0.0011792098329082722,6819.12743107045
2025-12-30,18,F,0.0,True,9759.28435836187,9714.812584812364,17132.75645234183,44.471773549506906,0.0025957162044072703,10797.475497181118
2025-12-31,6,F,0.49,True,46829.46318095268,46478.5550378704,54144.74908278267,350.90814308228437,0.006480926572321463,10800.0
2025-12-31,12,F,0.09,True,31121.66869834571,30993.97025575961,38508.2492646011,127.69844258610101,0.003316132128174636,6738.644695190571
2025-12-31,18,F,0.0,True,9456.858429284019,9395.370130754078,16864.116587631386,61.48829852994095,0.003646102552151364,10800.0
