date,hour,history_count,source,weight,mae_Q,mae_A,mae_F,rmse_Q,rmse_A,rmse_F
2025-01-01,0,0,Q,1.0,,,,,,
2025-01-01,6,0,Q,1.0,,,,,,
2025-01-01,12,0,Q,1.0,,,,,,
2025-01-01,18,0,Q,1.0,,,,,,
2025-01-02,0,1,A,0.0,842.9938874999999,94.51452500000002,102.52101539351855,1217.1863168434993,202.98535288965545,219.93330705730398
2025-01-02,6,1,F,0.0,1114.427238888889,91.12810493827163,87.69771296296301,1404.5735391984324,153.0355108166639,148.52823849015158
2025-01-02,12,1,A,0.0,856.0052069444444,32.69438449074073,35.07811249999997,1245.2014173902783,60.80436149920811,71.74340345898912
2025-01-02,18,1,A,0.0,17.80913888888889,0.0009138888888888889,0.012506944444444444,58.821414317619045,0.005129787736565932,0.06971676655281885
2025-01-03,0,2,A,0.0,452.0721697916666,118.58684155092594,120.01672390046298,865.8710180707274,236.5554439750208,237.1364926663387
2025-01-03,6,2,A,0.01,597.9805833333334,111.37502561728397,110.2036208194445,999.1806077051122,190.74377392281733,196.11235737640033
2025-01-03,12,2,A,0.0,453.00651388888883,28.159463773148175,34.8066505787037,883.2153513176307,54.51755942064681,71.22266459030624
2025-01-03,18,2,A,0.0,8.904629166666666,0.0009736111111111111,0.006313194444444444,41.593020945658324,0.005474270626201165,0.04929946492115652
2025-01-04,0,3,A,0.0,330.1009603645312,99.27398425925928,99.67346245849075,717.0430237573488,205.52932981581773,206.3034938689786
2025-01-04,6,3,A,0.02,436.9463966056355,102.4143649176955,106.05983653864044,827.453841373492,175.14622027738383,185.70421415941465
2025-01-04,12,3,A,0.0,335.272314504635,33.12973719135805,38.39776063548196,733.4475043337081,66.90533310219199,80.95334869754211
2025-01-04,18,3,A,0.0,5.936451067351168,0.0009435185185185184,0.004240419203020128,33.960559393950504,0.005309120384702089,0.04025399631898732
2025-01-05,0,4,A,0.0,268.9171744716789,97.77765005787039,99.42499860000557,630.7492116656755,197.20134517708004,200.539328789725
2025-01-05,6,4,A,0.03,356.1650646879211,106.58062577160496,109.31486419761471,727.8864065266052,178.97634412373986,187.58624490181037
2025-01-05,12,4,A,0.0,271.31891556743443,39.36714797453706,45.21695790391744,645.2381375073875,85.0237140679787,98.38941654905916
2025-01-05,18,4,A,0.0,4.4523799172346745,0.0009020833333333334,0.0032219311235636436,29.41070716564342,0.005088788056982614,0.034864148689723595
2025-01-06,0,5,A,0.0,224.98785421109253,95.03672726851853,95.56372221513496,565.9906154928624,189.50621699856222,192.01262875844628
2025-01-06,6,5,A,0.03,298.0708595077471,102.49948660493828,101.93814955544505,653.1573520433103,175.1396803514573,179.3673787766265
2025-01-06,12,5,A,0.0,228.68749505197303,38.066932962962966,42.35797650992373,579.5943717309267,81.06873754281432,91.99852644397185
2025-01-06,18,5,A,0.0,3.561950973463031,0.000853888888888889,0.002624584574142223,26.305736202119757,0.0048444641946590265,0.031189036883835328
2025-01-07,0,6,A,0.0,198.3112814244681,88.86118395061729,90.31540119603727,518.9467989343012,179.51557093029123,182.54102697252506
2025-01-07,6,6,A,0.04,262.8209127192618,99.37546712962964,99.37715553047634,598.8715816889329,169.5860120686904,174.1016435183232
2025-01-07,12,6,A,0.0,201.4678403472873,39.166217168209876,40.41906189675879,531.2667274543826,80.75398016374731,87.05386931830634
2025-01-07,18,6,A,0.0,2.9683220002900446,0.0008212962962962963,0.0022166762159709203,24.013741852909888,0.00467229818936788,0.028474467263705647
2025-01-08,0,7,A,0.0,183.75007959734114,98.70192318121696,100.67330158531736,487.57430828742616,208.24963472750605,215.63844390049107
2025-01-08,6,7,A,0.04,243.63369900664824,92.40365586419753,91.89534247046264,562.6770253612226,160.62299752983762,163.8945007963039
2025-01-08,12,7,F,0.0,192.5943608229728,38.825043386243394,37.91390634997368,503.45019979133707,79.09054970290617,82.21358817562997
2025-01-08,18,7,A,0.0,2.544302485485266,0.000790873015873016,0.001926493421773655,22.232404881681596,0.004513546629270952,0.026365192629154145
2025-01-09,0,8,F,0.06,170.61884976223507,122.53823220486113,122.60092643272573,460.8237007682971,281.64736903151766,275.56420566259175
2025-01-09,6,8,A,0.04,226.29617781614414,87.25095142746915,87.36750004811898,531.8122249860553,153.78029615915528,157.60660133729849
2025-01-09,12,8,A,0.0,179.64452061250032,36.86301594328704,36.295490924108215,476.6508297337082,75.517562160102,78.95688720700323
2025-01-09,18,8,A,0.0,2.226290784751004,0.0007597222222222223,0.0017117916954485024,20.79651049193526,0.004356787488760752,0.024665846641654336
2025-01-10,0,9,F,0.07,160.94557779505362,117.85329945987657,118.45877033805475,438.1655921476363,272.25412519755736,266.67005434028437
2025-01-10,6,9,A,0.04,213.53131743033725,86.05041532921813,86.26916070573944,505.6685147007253,152.55364345765898,157.23537791973266
2025-01-10,12,9,A,0.0,170.07434781249137,37.91144264403292,37.56588626016637,453.24990122935776,77.91658510547306,81.10930719353433
2025-01-10,18,9,A,0.0,1.978965446963359,0.0007141975308641975,0.001561897580642879,19.607138135495347,0.0041668370335540515,0.02326390170452077
2025-01-11,0,10,F,0.28,152.22376944776167,126.08644192129631,122.38249910468777,417.8829015896984,283.59288913649436,266.2970772212281
2025-01-11,6,10,A,0.05,202.0085070185817,90.17023592592594,90.91483845377874,482.2639366927848,162.53352925111943,168.3412644849191
2025-01-11,12,10,A,0.0,160.90000087439714,41.17985594907407,41.058769852509066,432.60707712527324,83.5529344178564,88.00028658175795
2025-01-11,18,10,A,0.0,1.781104529593054,0.0006716666666666667,0.0014413351486096543,18.60096448160442,0.003990829766129122,0.022078409433410846
2025-01-12,0,11,F,0.32,143.41848437482665,122.44656260521887,117.89572197191679,399.88679309737694,275.64508996131667,259.27208055948466
2025-01-12,6,11,A,0.07,190.355072626752,91.2502955667789,91.14074249873545,461.49710404261924,163.87304031288446,167.75367947638924
2025-01-12,12,11,A,0.0,150.92636785693819,41.52999158249158,42.08192395262336,413.7061511067751,83.22938131802754,88.91973767066226
2025-01-12,18,11,A,0.0,1.6192190238672255,0.0006303030303030303,0.0013433925540945906,17.735323767362615,0.003825241789413415,0.02105958535514417
2025-01-13,0,12,F,0.44,136.1301471842869,121.56570478395062,114.74773173341126,384.290366284195,271.80528820622857,261.8070295341489
2025-01-13,6,12,F,0.1,180.70973992684608,99.57619611625515,97.1424230567843,443.4995450042645,182.42031336760903,178.81279622840663
2025-01-13,12,12,A,0.0,141.36880045111224,40.62268053626543,40.76113767816927,396.59216739733114,82.06357022636786,86.69442396904068
2025-01-13,18,12,A,0.0,1.4843183267237319,0.0005868055555555556,0.0012656646866948261,16.98027975280653,0.00366719377524357,0.020174045611719874
2025-01-14,0,13,F,0.45,134.21306874529367,124.85391575854703,116.39621957471735,373.290938513595,273.0526111349248,260.8849444915528
2025-01-14,6,13,F,0.11,178.21494161645006,109.33344199905035,105.07851657088796,430.81047203375977,207.3044781332019,198.34805196278057
2025-01-14,12,13,F,0.0,139.76804259467963,40.91195012464387,40.09331808248026,385.8070307390288,81.91197962345687,84.90008265637893
2025-01-14,18,13,A,0.0,1.3701954409354,0.0005626068376068375,0.0012237529012119833,16.314125109241886,0.0035523285970667836,0.01940091689768851
2025-01-15,0,14,F,0.45,128.50001529483063,120.79052276785715,111.8530643273455,360.88827786410843,265.5131005558445,252.92288791393
2025-01-15,6,14,F,0.13,170.6500867270437,108.71353328924164,103.58798067925161,416.4981538561222,204.88475236004706,194.35608534133164
2025-01-15,12,14,F,0.0,133.08757896155305,42.18995739087303,40.63980329374377,372.5532930064385,84.19419044311475,84.97276650228616
2025-01-15,18,14,A,0.0,1.2723744938554662,0.0005482142857142857,0.001186497823720129,15.720684335105352,0.003471742506544233,0.018711339025557296
2025-01-16,0,15,F,0.51,123.79365070614418,124.13739847222223,111.4209099507958,350.17545663905463,273.3861569001042,257.7720121476187
2025-01-16,6,15,F,0.14,164.42045899714748,107.66045823045268,101.95471594624526,404.1364287598569,201.67326510417095,190.31578014045587
2025-01-16,12,15,F,0.0,128.37967845238245,41.895663287037046,40.69927446023702,361.93914230480306,83.3693102561219,85.8082151135699
2025-01-16,18,15,A,0.0,1.187620144837974,0.0005664814814814815,0.0011780152083445388,15.187624004416168,0.003559148358390956,0.018113706249712588
2025-01-17,0,16,F,0.54,121.02522703531515,123.7634300925926,108.64502758821557,341.34540975956867,270.14753157681815,254.4081257063878
2025-01-17,6,16,F,0.14,160.76905234353652,104.55446140046297,99.31056088468793,393.9484537498708,196.88624766029625,186.10705623612873
2025-01-17,12,16,F,0.0,125.48937978034779,43.56819318576389,42.18075963026311,353.12333319654596,85.89203047636323,88.45491815400408
2025-01-17,18,16,A,0.0,1.1134868757240146,0.0006208333333333334,0.0011973791962368102,14.705353813304805,0.003991301305478091,0.017625432956079774
2025-01-18,0,17,F,0.56,117.74689774435636,121.258772045207,106.44506465424915,332.71561029962936,264.65087847320495,250.9902333880854
2025-01-18,6,17,F,0.14,156.43308616079688,103.11097750544663,98.31184994516903,383.9906151869357,193.8572033321313,183.64129593075882
2025-01-18,12,17,F,0.0,121.03266139168346,43.20995339052288,41.712270333703245,343.47945748951105,84.67341750830313,87.16052766081819
2025-01-18,18,17,A,0.0,1.0480806149996742,0.0006893790849673202,0.0012199123852950178,14.26628883856823,0.004572304020107104,0.017202830304477425
2025-01-19,0,18,F,0.58,114.89994129109398,123.20202938528809,104.60168518844905,324.77422583555904,267.5434453840625,248.54038568488988
2025-01-19,6,18,F,0.18,152.66837102136594,107.08964871399178,99.96159122452195,374.82706630613825,200.61111177377606,185.65560445753326
2025-01-19,12,18,F,0.01,116.51972332187108,43.816941859567905,42.17152370837139,334.34359001506795,84.81676074425974,87.19447894613732
2025-01-19,18,18,A,0.0,0.9899305144930068,0.000754320987654321,0.0012287398016487241,13.864340750468438,0.005077859834007548,0.016796352670303303
2025-01-20,0,19,F,0.62,112.65561716711912,123.86608233430799,103.49411742553562,317.8982817311882,267.0075189970115,249.95440858592949
2025-01-20,6,19,F,0.18,149.70388052609752,106.12279221897339,99.34174853977098,366.8935141916643,198.6904333396118,184.72230393837347
2025-01-20,12,19,F,0.01,115.58828299255808,43.530051279239764,41.655128196569706,328.3599834307115,84.09236618698274,85.97582744103731
2025-01-20,18,19,A,0.0,0.9379376576850726,0.0008616959064327486,0.0012728185037862254,13.494558589591014,0.006114234183372666,0.016538842202880044
2025-01-21,0,20,F,0.65,109.6847692007638,123.82676453703704,101.1530342642742,310.7548871517281,265.2039214619447,248.17991941941608
2025-01-21,6,20,F,0.21,145.76789555564153,105.34943219135805,98.62148768776923,358.6502091628621,196.94646891973008,183.094945032602
2025-01-21,12,20,F,0.01,111.62290533684225,43.371217083333335,41.40873561486724,320.47716766666707,83.68941411422747,85.64162011547815
2025-01-21,18,20,A,0.0,0.8911336423937032,0.0009661111111111111,0.0013020451714808754,13.152868920930981,0.007016031245971218,0.01627133427383909
2025-01-22,0,21,F,0.63,112.37304193460061,123.15826076940036,102.98496963253316,311.4157856005643,263.0065596071387,247.38306910626304
2025-01-22,6,21,F,0.22,149.3750168673632,106.82873784538508,99.8234908883776,359.42221819127553,197.95854806562903,184.92956906502977
2025-01-22,12,21,F,0.01,113.26333981462597,43.337757220017636,41.549938587038596,319.29902566336983,83.45231071520197,85.41194460329575
2025-01-22,18,21,A,0.0,0.8488036872144911,0.001092989417989418,0.0013450231933272929,12.835886005639528,0.008163250824344676,0.016092955817956518
2025-01-23,0,22,F,0.58,112.26546805919251,121.40133338594276,101.08170504413802,307.8461636442647,259.2462244675084,237.85857331011135
2025-01-23,6,22,F,0.23,149.25226717508806,106.44503845398431,97.85086659754933,355.3062119826525,196.6806790169902,182.00722995634874
2025-01-23,12,22,F,0.01,113.88993090887887,43.415596380471385,41.096315603347854,316.4654274935104,83.56578811401322,84.5176139529357
2025-01-23,18,22,A,0.0,0.8103312315562933,0.0012357323232323233,0.0013934158997277268,12.540769035958448,0.009448405215226066,0.015974972088129626
2025-01-24,0,23,F,0.59,113.47053692847372,122.78268405797103,102.72649140874034,306.5133469492284,261.3951390028491,240.9191275103803
2025-01-24,6,23,F,0.22,150.87790620527207,107.28546152710682,99.56515083286475,353.7736542287299,197.881581729342,185.59741840484745
2025-01-24,12,23,F,0.01,114.76046467996942,42.98088002214171,40.515518255350855,315.04518326629756,82.65127592854344,83.47268628947684
2025-01-24,18,23,A,0.0,0.7752046410951572,0.0013874396135265701,0.0014380348149640662,12.265114395470047,0.010768723723265415,0.01587202045941941
2025-01-25,0,24,F,0.59,112.10072538495034,122.0350203414352,101.47843809203042,302.30001938593955,259.3890532721971,237.50767158448485
2025-01-25,6,24,F,0.23,149.06879839028352,107.4785754501029,99.17116748282457,348.9129811426435,197.3383726883315,184.68038320995666
2025-01-25,12,24,F,0.01,112.11050585302104,42.82394443479939,40.342022637503156,309.3575051036138,82.22962367425652,82.70625710200856
2025-01-25,18,24,F,0.0,0.7430225004470067,0.001562152777777778,0.0014961694284882255,12.006872971832632,0.012328469855642324,0.015868711271263367
2025-01-26,0,25,F,0.56,112.3194998996331,121.47556753703705,99.7059859728558,300.15332241463153,256.7614922252088,231.31213023716924
2025-01-26,6,25,F,0.23,149.37641280278407,110.25031281481482,101.31144064514706,346.4392598175036,201.73818639610315,188.2073874925033
2025-01-26,12,25,F,0.01,113.98188208388405,42.76889701851853,40.16957512995466,309.3675496872138,81.95958090803863,82.37550265992387
2025-01-26,18,25,F,0.0,0.7134311295470879,0.001759,0.001565851769310127,11.764285422380222,0.014084026807384001,0.015956921048861556
2025-01-27,0,26,F,0.59,112.33400357149817,125.81935540420228,98.53627968904439,298.7263279149107,265.7058913620464,230.7436938532718
2025-01-27,6,26,F,0.23,149.41044302743123,109.94629401709402,100.54555359973173,344.79651997794497,200.33380430317405,186.57627143032954
2025-01-27,12,26,F,0.01,115.28649945743162,43.44259595797721,40.690417461487826,310.39681480884303,83.3943828231811,83.21571883733023
2025-01-27,18,26,F,0.0,0.6860971875546933,0.0019454059829059828,0.0016113435375992254,11.535831336433699,0.01559128379389845,0.015930487615537704
2025-01-28,0,27,F,0.62,111.17669088823959,127.81170643004116,98.38202743172445,294.6576410226663,267.4396603109741,231.6295032059067
2025-01-28,6,27,F,0.23,147.8809623606013,109.5963412780064,99.78588332690416,340.10179856176285,199.14763253649218,184.84175770999826
2025-01-28,12,27,F,0.01,113.53010801676237,43.26294877400549,40.349835150268106,305.64379235936804,82.86710911637623,82.44449922900401
2025-01-28,18,27,F,0.0,0.6607956267574742,0.0021470164609053498,0.0016611102965687536,11.32018974833439,0.01723877549765169,0.015949499590434225
2025-01-29,0,28,F,0.63,110.11566648790769,128.1133199239418,96.4726808279023,290.8908420815123,268.05868307483615,229.03721071274458
2025-01-29,6,28,F,0.24,146.4788891618299,108.99180869708995,97.96803264696244,335.75551521917856,197.59570626436062,182.37188171323513
2025-01-29,12,28,F,0.01,112.98006833244371,43.644853563161384,40.52913566648836,302.18680524462195,83.29033454252041,82.81635095974279
2025-01-29,18,28,F,0.0,0.6373362568816658,0.0023885912698412702,0.001742258865792748,11.116206429283041,0.01936643026042089,0.016200417410180835
2025-01-30,0,29,F,0.61,110.65196257456537,128.53723310185185,95.43227556446699,288.646087682495,267.0796443700666,224.53366871238077
2025-01-30,6,29,F,0.24,147.20568985125456,111.39537015751385,99.89664292739819,333.1671730967196,201.78260914713172,185.0291253924189
2025-01-30,12,29,F,0.03,113.65100540315379,45.28718354086846,42.19496769561275,300.1038774410091,86.24936940291337,85.9142611602408
2025-01-30,18,29,F,0.0,0.6154610188054026,0.0026072796934865903,0.001784055203870207,10.922866778394537,0.02107388889368662,0.016208980733015195
2025-01-31,0,30,F,0.62,109.82266799781912,129.22164380401236,93.88292536255199,285.56177430055055,267.123070054478,222.31143978706808
2025-01-31,6,30,F,0.24,146.1109370538267,111.95680968106996,100.05572980470907,329.608751084623,202.44547921841448,185.42880505675043
2025-01-31,12,30,F,0.03,113.90107913634397,46.932639483024694,43.39715521545454,297.99763015922815,90.43308533370542,89.54451698032159
2025-01-31,18,30,F,0.0,0.595069807648547,0.0028535185185185183,0.0018487428337322107,10.739276779370382,0.023091029202476653,0.016381310748554003
2025-02-01,0,31,F,0.62,109.29548438543337,128.78705924432498,93.72962474219071,282.7649930215549,266.27052772503004,221.03728295298185
2025-02-01,6,31,F,0.25,145.41829316961537,111.72551797092792,98.88205725572229,326.3822463232513,201.1403535541851,183.45561210490925
2025-02-01,12,31,F,0.03,112.72533082784766,47.561868219832746,43.55432938070625,294.3341113714359,91.22180883969628,89.4211457478627
2025-02-01,18,31,F,0.0,0.5760181975846711,0.0031344086021505373,0.001933296150979437,10.564643703768265,0.025505723934148936,0.016725793507565388
2025-02-02,0,32,F,0.63,107.57400938773925,128.89666841724537,92.54225196720574,278.97732684939535,265.69124727858815,219.35626357952077
2025-02-02,6,32,F,0.26,143.1326428519219,113.31211781442902,100.08602214927059,322.01091817414743,203.06580599119147,185.2501716537959
2025-02-02,12,32,F,0.03,111.38998388923531,47.57728054832177,43.463182365139495,290.64378502145894,91.4301101094838,89.04053489093769
2025-02-02,18,32,F,0.0,0.5580451030867773,0.0033140624999999997,0.0019003548228884205,10.398260999606961,0.026592830069609198,0.016485043266596822
2025-02-03,0,33,F,0.63,105.80725183130463,128.69987793911335,91.57471082136436,275.24170785427583,264.2260319278819,216.93565652073977
2025-02-03,6,33,F,0.27,140.78603746772777,112.58100871679761,99.09390620627651,317.699528650416,201.3419957445273,183.68294116518558
2025-02-03,12,33,F,0.03,109.66250216796747,48.28021028338946,43.64349430053071,286.8671032034994,92.64538648542816,89.24200965661058
2025-02-03,18,33,F,0.0,0.541153597097475,0.0034462962962962963,0.0018617199930979489,10.239499618382267,0.02723054243083382,0.01624476848910413
2025-02-04,0,34,F,0.63,105.42480289083126,129.5292133442266,90.85936711621962,272.9184890649167,265.18606097417285,214.92793988406163
2025-02-04,6,34,F,0.27,140.2846202060709,112.08368996005812,98.08758550690057,315.01949185517066,200.08559558570204,182.07810663894674
2025-02-04,12,34,F,0.03,109.0486991932838,48.37926356209151,43.8696889517192,284.4592959070867,93.03497204106789,89.73480183163984
2025-02-04,18,34,F,0.0,0.5253152772950748,0.00351233660130719,0.0018849259878851686,10.08779525504359,0.02738090715804328,0.016200729519577912
2025-02-05,0,35,F,0.63,106.1740410479584,130.63351636243388,90.69490984533803,272.5743981010674,266.9421393507153,213.5022434901448
2025-02-05,6,35,F,0.26,141.29160481235093,112.02475170194003,97.46214008044537,314.6254418150508,199.36713857307072,180.60057773511113
2025-02-05,12,35,F,0.02,109.94078448348141,48.7123870436508,44.40996508916351,284.598680509255,93.44341238613667,90.94641620836082
2025-02-05,18,35,F,0.0,0.5104669315224425,0.0034828571428571426,0.0019917331097440896,9.942640969853736,0.027089283888417973,0.01682603597335791
2025-02-06,0,36,F,0.62,106.47974835636562,129.96158085133746,91.11315240602562,271.6927448196521,265.41496844432504,212.80706729178084
2025-02-06,6,36,F,0.26,141.7067670800423,111.61449654492455,96.58922045635123,313.61026190972,198.59589414530083,179.28038799643224
2025-02-06,12,36,F,0.02,108.89410132887461,49.0375013438786,44.41377713128416,281.61366123378684,94.04691425173776,90.89555731461617
2025-02-06,18,36,F,0.0,0.4964516387388721,0.003424768518518519,0.002100751393193022,9.80357775408867,0.026742042920612878,0.017481894745277633
2025-02-07,0,37,F,0.65,105.47222928940019,133.32848908283287,90.74007343759318,268.87601871514613,273.21973548884125,213.53108019947925
2025-02-07,6,37,F,0.28,140.370545057715,112.65997677677677,96.3179287564577,310.3596975066748,199.7525829032853,178.84355125751856
2025-02-07,12,37,F,0.02,107.8497251055536,49.07755858358359,44.56774544994184,278.61632616589173,93.90147572525662,90.86073657713601
2025-02-07,18,37,F,0.0,0.48321359046429174,0.003339564564564565,0.0022235379117391155,9.670191306412192,0.026379555311612787,0.018213819453605583
2025-02-08,0,38,F,0.65,106.40858363620931,135.2461241837232,92.37714090024889,268.9837899523632,277.1619416787871,216.05766423174558
2025-02-08,6,38,F,0.28,141.62578123806657,115.8780424220273,98.81258436673852,310.48712153594715,205.8824278087059,183.82675365335305
2025-02-08,12,38,F,0.01,109.59386520897392,49.65240371588695,44.74312200220848,280.02158373712547,94.75955138554379,91.04975532108003
2025-02-08,18,38,F,0.0,0.470676048477231,0.0032900584795321638,0.002343628886587794,9.542104978257969,0.026064004945540693,0.018665979586362805
2025-02-09,0,39,F,0.65,106.23443691497138,135.700970322887,91.99646491710453,267.4597278877481,276.732686530213,214.73801911662053
2025-02-09,6,39,F,0.27,141.39999988645948,114.91447011712567,98.0357674385045,308.7294682693678,204.2214393857706,182.13344942784508
2025-02-09,12,39,F,0.01,109.0396735658086,49.88561968186136,44.62793675342288,277.7820797904722,95.07780882026307,90.72002503275677
2025-02-09,18,39,F,0.0,0.45877594499082874,0.0032642450142450143,0.0024520489794327377,9.418976940954435,0.02580940165279338,0.01895748114457955
2025-02-10,0,40,F,0.65,107.00074873370212,136.08684876736112,91.85429374506064,267.2622779479449,277.0077642036398,213.686392939481
2025-02-10,6,40,F,0.29,142.42784015950969,116.59675255401235,97.8255251612757,308.504057058556,206.7501494600149,181.71578778715352
2025-02-10,12,40,F,0.02,109.36245378453715,50.70120556134259,44.87492187535709,276.7059582496653,96.82122811627087,91.04573337376975
2025-02-10,18,40,F,0.0,0.4474715854207659,0.0032666666666666664,0.0025557868096547985,9.300495468126089,0.025658708452384046,0.019180854970051574
2025-02-11,0,41,F,0.65,107.98766849025198,136.5529194218609,93.01839588777288,267.5505962216734,277.1747565072617,215.21491910558277
2025-02-11,6,41,F,0.31,143.74953065122168,118.35544735019573,98.73543936697664,308.8396206001128,209.6442616695465,183.01695855648248
2025-02-11,12,41,F,0.01,108.76150781476909,50.93444000677507,44.48538310702434,274.72730831694395,97.1476360060752,90.43207513812644
2025-02-11,18,41,F,0.0,0.4367200825048725,0.003298509485094851,0.0026558887379348685,9.186375564094341,0.025658875652081824,0.01938964440346351
2025-02-12,0,42,F,0.65,107.4490087995093,138.39716529982363,93.29144337434145,265.4567117875554,281.23486953217423,215.1549485920904
2025-02-12,6,42,F,0.32,143.0368365072994,118.37824608318637,98.34799306102317,306.4234414720224,209.08884702577797,182.4318470193385
2025-02-12,12,42,F,0.02,108.44118554472335,50.88469415784833,44.421954042969986,272.6672582116478,96.89452924767434,90.04673002936106
2025-02-12,18,42,F,0.0,0.426472987032378,0.0033475529100529104,0.00274365502179608,9.076355978124992,0.025772870744294598,0.01955909947794736
2025-02-13,0,42,F,0.73,89.3529071727277,139.59565261794535,80.94087926725847,189.1433317401185,282.0372614816313,170.89512142329764
2025-02-13,6,42,F,0.46,119.13637843763328,118.52664312904176,89.56299506499604,218.40390678808993,208.96891803185147,164.22961985080948
2025-02-13,12,42,F,0.11,89.7505736546673,51.519219097222226,44.39682737644038,194.57595098960817,97.8282060111723,90.02827112009639
2025-02-13,18,42,F,0.0,0.002596155820438153,0.003479960317460318,0.002596155820438153,0.01683177955908951,0.026358569507997517,0.01683177955908951
2025-02-14,0,42,F,0.72,92.34383264519941,139.52842755731922,83.54209792172045,194.9076898796018,281.69881779816893,175.93542262366702
2025-02-14,6,42,F,0.42,123.12422832088544,117.74406186801882,89.9366276961141,225.06001422684224,207.68343726815456,164.45899497719822
2025-02-14,12,42,F,0.09,92.00236131268721,52.745908895502644,45.01893309478633,197.60981102913848,99.55731752716851,90.81563614919459
2025-02-14,18,42,F,0.0,0.0027778086291450226,0.0036716269841269846,0.0027778086291450226,0.017691084960248425,0.027481824079960648,0.017691084960248425
2025-02-15,0,42,F,0.72,92.81943987219574,142.64015027006175,83.50118037964862,195.40574998202376,285.12402203905737,175.36477147582332
2025-02-15,6,42,F,0.42,123.75832690557527,117.59359323192241,89.75219681775033,225.6351244838607,207.52437669408513,164.1748964118216
2025-02-15,12,42,F,0.1,90.95740407975858,53.30621982473545,45.10557010715988,195.0932818275713,99.9811756515899,90.38911567151351
2025-02-15,18,42,F,0.0,0.0029178329374698665,0.003858267195767196,0.0029178329374698665,0.018187478429980426,0.028481430295775555,0.018187478429980426
2025-02-16,0,42,F,0.72,92.57012367200764,144.95387977292768,83.4335986735647,193.67901106643217,288.38896766359915,174.5539435470658
2025-02-16,6,42,F,0.42,123.42585894251826,117.77197032627863,89.26943644642533,223.64125811161895,207.41596133429394,163.09493208392587
2025-02-16,12,42,F,0.11,90.59688942386991,53.08428784171076,44.67079953064551,192.75961386445348,99.02885546378954,88.76464764707927
2025-02-16,18,42,F,0.0,0.0030485355011242517,0.004070701058201058,0.0030485355011242517,0.018672515483680673,0.029675144922821795,0.018672515483680673
2025-02-17,0,42,F,0.72,94.23852677017264,147.43092121362434,84.78536824161141,196.71911988170203,292.5283497434514,176.55569167626058
2025-02-17,6,42,F,0.41,125.65035408756329,118.8067027483833,90.5686480345156,227.15167338727736,208.3781010394033,165.54478532086716
2025-02-17,12,42,F,0.12,91.0743401866343,54.34879470348325,45.474924001383094,193.08170335891418,100.89034774816251,90.06988352834256
2025-02-17,18,42,F,0.0,0.003179526032324469,0.004316732804232804,0.003179526032324469,0.01921223609839184,0.0311459923152496,0.01921223609839184
2025-02-18,0,42,F,0.74,95.42011957733783,154.59634763558202,87.21488101699386,198.3192944522426,310.67925196372823,181.38965163762677
2025-02-18,6,42,F,0.39,127.22576196251822,119.1715221707819,91.97587356298357,228.9993958074888,208.66174542109565,167.11559775587446
2025-02-18,12,42,F,0.13,91.3884505241787,55.115419488536155,46.174388482912576,193.73110626693907,102.41767992341886,91.99309587179803
2025-02-18,18,42,F,0.0,0.003324029174980467,0.004604563492063491,0.003324029174980467,0.019890292143378167,0.033021974105276075,0.019890292143378167
2025-02-19,0,42,F,0.74,95.19171584371492,154.80329240520282,86.9206353120883,197.1501093198541,309.77046824999064,179.41932911061804
2025-02-19,6,42,F,0.42,126.92117197342169,121.96959198265724,93.56347313910766,227.64933708022704,211.85022469065268,168.9072126168855
2025-02-19,12,42,F,0.14,89.6094749477031,55.71052387014992,46.65385054560063,189.64692906873782,103.21756895822945,92.54199490180366
2025-02-19,18,42,F,0.0,0.00348572966031441,0.004941071428571428,0.00348572966031441,0.020750737787089496,0.03537828835651941,0.020750737787089496
2025-02-20,0,42,F,0.71,95.6681548840848,150.13638326719578,85.6919538295127,197.14335910895088,297.92498082305696,175.86621977050692
2025-02-20,6,42,F,0.42,127.55638976423138,123.61617305261612,93.86082656195661,227.64154259634853,213.2533961629742,168.96824078074314
2025-02-20,12,42,F,0.15,89.80790565196732,56.530875633818354,46.82794722215137,188.7472267039182,104.43255275486757,92.69804329005007
2025-02-20,18,42,F,0.0,0.0036348789187894957,0.0053,0.0036348789187894957,0.02147741912490419,0.03784907214060553,0.02147741912490419
2025-02-21,0,42,F,0.71,96.08694790241603,152.10279894179894,85.69041584369518,197.52223456977887,300.4515314287881,175.73297894538067
2025-02-21,6,42,F,0.42,128.11477163872655,125.55959648736038,95.6370360919749,228.07903029449045,215.86419443418066,171.54961877012283
2025-02-21,12,42,F,0.14,90.26555564041297,56.94193818342153,46.926086265297485,189.4046041611693,104.78177074537118,92.61143049957315
2025-02-21,18,42,F,0.0,0.003631933212658384,0.00554642857142857,0.003631933212658384,0.021476357823368764,0.03895521509462864,0.021476357823368764
2025-02-22,0,42,F,0.72,95.47793534805089,152.13922317019401,85.13818749331209,196.83976198460775,300.1355723273408,175.0229149549885
2025-02-22,6,42,F,0.43,127.30274327745053,126.9314062095826,95.14256097189143,227.29097883019332,216.8184016860564,170.129215445438
2025-02-22,12,42,F,0.14,89.62763750831044,56.4995765101411,45.98843888374223,188.508261350474,104.25038365622599,90.75663202526633
2025-02-22,18,42,F,0.0,0.003712914711035675,0.005706878306878307,0.003712914711035675,0.02171762357701368,0.03942233490571036,0.02171762357701368
2025-02-23,0,42,F,0.71,97.14237665223578,152.6859210097002,85.79063661591651,199.0680097941198,300.7304175947773,176.14180101555306
2025-02-23,6,42,F,0.42,129.5219556916327,127.25286934891241,95.30803258147807,229.86393776147742,216.78223754940964,170.1467751365558
2025-02-23,12,42,F,0.13,91.63205578033998,56.73729407517637,46.02123902700531,191.4515505790574,104.72538622856707,90.84856626220801
2025-02-23,18,42,F,0.0,0.0038555337077875894,0.005799404761904762,0.0038555337077875894,0.022391756622041292,0.03958160973691039,0.022391756622041292
2025-02-24,0,42,F,0.7,98.42869014775606,153.67832163800705,86.73655964917552,201.21377220381024,301.9313297995885,177.65441433902834
2025-02-24,6,42,F,0.4,131.23698145073232,127.19894682539685,96.52785244813461,232.34165074126284,216.50974790225067,172.64784328312973
2025-02-24,12,42,F,0.13,93.8749222796018,58.54729856150795,47.620524968809036,195.58357030220054,108.9455739408726,95.71120414327929
2025-02-24,18,42,F,0.0,0.004066200615855852,0.005805621693121693,0.004066200615855852,0.02376239944172172,0.039582960482788684,0.02376239944172172
2025-02-25,0,42,F,0.71,98.11673826150289,154.83840687279542,85.99908247479863,200.79288538007054,303.3156359217312,176.4201411386729
2025-02-25,6,42,F,0.39,130.8209005306304,126.51506511610818,95.91030418016949,231.85565240474057,213.43460219042072,170.46323694335908
2025-02-25,12,42,F,0.14,92.65113348168376,58.89321610449736,47.79526145499526,193.76574991750522,109.45401725187948,96.01997236208634
2025-02-25,18,42,F,0.0,0.004566516599351593,0.006118716931216931,0.004566516599351593,0.027380667542873445,0.04123823906413938,0.027380667542873445
2025-02-26,0,42,F,0.72,100.90729422927727,160.56810695546739,89.56123829703495,205.74328375452703,313.21322144538976,184.26972614075106
2025-02-26,6,42,F,0.39,134.5414206904002,130.722866159612,99.6103451612753,237.5718798304761,224.21399829092422,179.16568767857467
2025-02-26,12,42,F,0.14,94.11773336744592,58.88094658289241,47.73408657540079,195.8095364031784,109.31852379592759,95.99686137127033
2025-02-26,18,42,F,0.0,0.00520998764937391,0.006649404761904761,0.00520998764937391,0.03319512084376397,0.04562399255972615,0.03319512084376397
2025-02-27,0,42,F,0.71,102.09866972453784,160.03309725529098,90.25196345262255,206.7728657018677,310.92359208246654,184.52014689572002
2025-02-27,6,42,F,0.38,136.12966475583,131.35655933274546,100.53452160867754,238.76073826277926,224.78288929721955,180.41232280513148
2025-02-27,12,42,F,0.15,95.18026622615254,59.89025877425044,48.10429227333519,196.60516880858736,111.01806297424682,96.20048106816898
2025-02-27,18,42,F,0.0,0.006151130275457961,0.007573611111111111,0.006151130275457961,0.044820045863009646,0.056994361377560664,0.044820045863009646
2025-02-28,0,42,F,0.7,103.08788562729386,159.53105730268962,91.15260016459446,208.40495567204638,310.2822057287016,186.09471601837996
2025-02-28,6,42,F,0.37,137.44835067439826,132.17514911081716,100.75472035130623,240.6453129603858,225.40574791771456,180.80542501715462
2025-02-28,12,42,F,0.14,95.28236587229246,59.5018037808642,47.469481119453754,196.45410208288862,110.60815530223195,95.26571908106227
2025-02-28,18,42,F,0.0,0.006977203162386858,0.008535780423280424,0.006977203162386858,0.05235098451753962,0.06743718343997962,0.05235098451753962
2025-03-01,0,42,F,0.7,104.24902520538348,160.20046151895946,91.96232188898512,210.63734310273043,310.8751503101852,188.0365801187059
2025-03-01,6,42,F,0.38,138.99616285116605,133.90474656819518,101.2109265528762,243.22305094224737,227.07979881397992,181.28132147772374
2025-03-01,12,42,F,0.13,96.82019384601924,60.27085993165785,48.306145423847106,199.31080178940078,112.02273771538819,97.26035874719145
2025-03-01,18,42,F,0.0,0.00820244588355585,0.010035119047619046,0.00820244588355585,0.06718995675767676,0.08752481148600878,0.06718995675767676
2025-03-02,0,42,F,0.69,107.7626069737911,162.78325715388007,93.5091420157706,219.7437324925944,316.4315354072897,191.29084217465453
2025-03-02,6,42,F,0.36,143.68055603072216,134.4497679526749,104.26362322420057,253.7382027177599,228.2801799391402,188.86952407312955
2025-03-02,12,42,F,0.12,98.2678748836078,60.36936488646384,48.24966810876956,201.06363942814968,112.53114230877524,97.40563836247475
2025-03-02,18,42,F,0.0,0.009243943054532156,0.011561507936507936,0.009243943054532156,0.07619866716247875,0.10435794152970564,0.07619866716247875
2025-03-03,0,42,F,0.66,113.58867801987645,162.77838889991182,96.83212955365704,239.14362455556267,315.9668308867623,200.3800258725352
2025-03-03,6,42,F,0.32,151.44824253950296,135.10062872574954,105.56585001022411,276.1392676683361,228.49153839198436,191.62171031433633
2025-03-03,12,42,F,0.09,105.63188878290242,61.13763048390653,49.681407181396125,230.98232229662727,113.43193759601235,99.64612929795554
2025-03-03,18,42,F,0.0,0.010265245830435532,0.013262962962962963,0.010265245830435532,0.0844345240722848,0.12239597332312156,0.0844345240722848
2025-03-04,0,42,F,0.66,117.1762349449727,165.47280311948856,98.28004401167901,245.13081406079075,320.95497722916946,202.45515326025117
2025-03-04,6,42,F,0.31,156.2312646534212,136.2922430261611,108.04638591559292,283.05267768630114,229.99370035267953,195.66188751647402
2025-03-04,12,42,F,0.07,108.42986836222109,61.212264258156964,49.816449792806836,234.46016588536497,113.67499991132154,99.72781074087533
2025-03-04,18,42,F,0.0,0.011582241934615376,0.015448809523809526,0.011582241934615376,0.09685829176835675,0.14710405758038683,0.09685829176835675
2025-03-05,0,42,F,0.66,115.4520071449978,166.453583994709,97.25140087108375,241.69096955064015,322.20234618276885,200.075922395246
2025-03-05,6,42,F,0.31,153.93182563857485,136.41711601998824,107.70721663063777,279.0806857569768,230.1360938290378,194.9211082192204
2025-03-05,12,42,F,0.1,106.5711151146289,62.02976446759259,50.336257140734176,230.9689658000661,115.0380410611613,101.07239348867598
2025-03-05,18,42,F,0.0,0.012721055309089528,0.01769742063492064,0.012721055309089528,0.10548499066657503,0.16961643004127605,0.10548499066657503
2025-03-06,0,42,F,0.67,115.89767559586747,169.1242763888889,98.29147666865104,241.53135362784164,325.45515828032876,201.45175095519758
2025-03-06,6,42,F,0.31,154.52556687341004,136.77054324661964,108.9773738961918,278.89637546504696,230.21053416533343,196.1070220613705
2025-03-06,12,42,F,0.1,106.88612844479897,63.26845866953262,51.73398561608543,230.41780176877623,116.7754204744119,103.48884027885386
2025-03-06,18,42,F,0.0,0.014159492937658325,0.020484126984126987,0.014159492937658325,0.1181413462562962,0.19918383109938562,0.1181413462562962
2025-03-07,0,42,F,0.67,114.47221648509566,168.12198405533508,96.59962916284358,238.73875782413558,323.4190415262565,197.70098154076788
2025-03-07,6,42,F,0.32,152.62441901810178,136.44045570987655,107.87634769233098,275.67176134720137,229.1726467111816,193.22267893836042
2025-03-07,12,42,F,0.11,105.32707140852742,63.5596337191358,51.7787298827247,227.01048584400573,117.31096762337856,103.69213174688636
2025-03-07,18,42,F,0.0,0.01558025551430616,0.023542261904761906,0.01558025551430616,0.12946369294078372,0.22983082662917007,0.12946369294078372
2025-03-08,0,42,F,0.67,115.02482076052752,170.3286991843034,96.71466364649073,239.14343673709868,326.57441597561854,197.86000186037307
2025-03-08,6,42,F,0.32,153.36094226955453,136.8990237213404,108.62527004952801,276.1390436975926,229.6513185943226,194.4556041294441
2025-03-08,12,42,F,0.09,107.133608675195,64.52080530202821,52.7714885597635,229.16247621995097,118.69144839169559,105.42911308711561
2025-03-08,18,42,F,0.0,0.016511656726720104,0.0263734126984127,0.016511656726720104,0.1343242626831747,0.2535816982978863,0.1343242626831747
2025-03-09,0,42,F,0.68,114.28290504333219,170.68316254409172,96.89156735897329,237.39146549304164,327.099089282491,198.07890002543147
2025-03-09,6,42,F,0.32,152.3716720444004,135.07035360817164,106.39626455319998,274.1160414421567,226.65671283110126,190.86122983196802
2025-03-09,12,42,F,0.1,106.03134569488319,64.83027735890653,52.92643712747912,225.92954756069068,119.0254630601496,105.4882808179396
2025-03-09,18,42,F,0.0,0.01704224395010822,0.02898452380952381,0.01704224395010822,0.13606812558248865,0.27255711815824984,0.13606812558248865
2025-03-10,0,42,F,0.69,114.55026020896477,172.2554015707672,98.83959352789374,237.27710701789164,332.52276984338727,203.1452565136327
2025-03-10,6,42,F,0.33,152.72802782087825,136.92965033068785,107.1680961868452,273.98399150798645,229.50678732635492,191.52991179285428
2025-03-10,12,42,F,0.08,106.50190761457705,64.96574075727513,52.973159582886986,225.9723164365471,119.164875984718,105.27320477328598
2025-03-10,18,42,F,0.0,0.017140989096846623,0.030996428571428574,0.017140989096846623,0.1361771161510722,0.28357823325901954,0.1361771161510722
2025-03-11,0,42,F,0.68,116.94639700180676,170.47360496582894,100.34662850012704,243.22066233876825,330.73587373740554,206.76650708619692
2025-03-11,6,42,F,0.33,155.92233613891813,137.74728552322165,108.59753378255681,280.8470161069391,230.23988385124082,193.86279942339544
2025-03-11,12,42,F,0.07,108.9578210998432,65.93918089175484,54.04357354524065,233.17642730271317,121.04064844945658,107.8147863315786
2025-03-11,18,42,F,0.0,0.018306839215820627,0.031956150793650794,0.018306839215820627,0.14331133998926243,0.28647174737424075,0.14331133998926243
2025-03-12,0,42,F,0.68,118.15776935304612,173.76566774140213,101.69851523504927,245.1990182026329,337.71478801558817,208.4648214628288
2025-03-12,6,42,F,0.33,157.53685954661645,139.15354854497352,110.57804449297785,283.1314217366537,231.99288001074402,196.31918791190492
2025-03-12,12,42,F,0.08,109.13131934828951,66.99731013558201,55.25354594638922,233.27509371709448,123.14437989196587,110.38328550220272
2025-03-12,18,42,F,0.0,0.020370375251826774,0.031749140211640214,0.020370375251826774,0.1630713911316744,0.2863688260219603,0.1630713911316744
2025-03-13,0,42,F,0.7,118.152755021135,175.73951605489418,103.4103540460228,245.47977333974083,340.89540859582957,211.26133276826894
2025-03-13,6,42,F,0.34,157.5294530145646,139.74483736037627,109.96661924483739,283.4556072951632,232.4532715687683,195.24117757577534
2025-03-13,12,42,F,0.05,107.87744613470635,65.86716881613756,54.212812231346,231.89678466267023,121.67513780737765,108.91665764653013
2025-03-13,18,42,F,0.0,0.022690067699844954,0.032038359788359796,0.022690067699844954,0.17777933809161028,0.2868349668842926,0.17777933809161028
2025-03-14,0,42,F,0.69,121.54399862242553,175.97120073853614,106.3453811470397,253.5789602110198,341.3802168290895,216.1819976577016
2025-03-14,6,42,F,0.32,162.05039088590888,138.57984077748384,110.30129756307306,292.80774123798085,230.67247304287736,195.46771590876898
2025-03-14,12,42,F,0.05,109.09078379356988,65.3946549988977,53.82897407407397,235.5463287692231,120.3522296362736,107.27622766953696
2025-03-14,18,42,F,0.0,0.02499980254772073,0.03263042328042328,0.02499980254772073,0.1894312332064905,0.28827564222367263,0.1894312332064905
2025-03-15,0,42,F,0.67,123.70937532599154,175.7838496968695,106.79441360886447,257.56308683904297,340.9869470781816,216.325692848784
2025-03-15,6,42,F,0.34,164.93683117241787,140.8839185552616,111.10674593705207,297.4082128313989,234.17286914820727,196.18952334956265
2025-03-15,12,42,F,0.05,110.43165146891113,65.39922043099648,54.09702173155124,237.5286459568876,120.4502879746999,107.70657218314985
2025-03-15,18,42,F,0.0,0.02751885897829582,0.03383055555555556,0.02751885897829582,0.20096741023574585,0.2930119469547292,0.20096741023574585
2025-03-16,0,42,F,0.66,126.83994269157924,175.34198488205467,108.40895774376482,263.2699150158809,340.43587211303816,218.75865401087697
2025-03-16,6,42,F,0.34,169.11017344187772,143.73172203115814,112.52012675727936,303.99788904637796,241.72972385176948,199.3716257632957
2025-03-16,12,42,F,0.05,112.07400513160833,66.49483396715168,55.24490195892848,239.63492559060947,122.6572939835674,110.18692726158741
2025-03-16,18,42,F,0.0,0.03005664617482512,0.03540707671957671,0.03005664617482512,0.21143464888845248,0.29997834497460596,0.21143464888845248
2025-03-17,0,42,F,0.65,128.93582044805174,176.35540734126982,109.70451886232304,266.3101349026325,342.52646842768803,220.44684660323895
2025-03-17,6,42,F,0.34,171.90403333942652,146.51744160787774,114.93222766708682,307.5084315196374,246.2550013740812,203.27690977876264
2025-03-17,12,42,F,0.05,112.69274404535092,66.65154478064375,55.66030173444271,240.10115854602583,122.85112027920304,110.81360504974332
2025-03-17,18,42,F,0.0,0.03229711540176087,0.03715462962962962,0.03229711540176087,0.21934735673140285,0.30793293609960054,0.21934735673140285
2025-03-18,0,42,F,0.64,132.79055618434958,177.66407135141094,112.93043013565797,273.26621144082975,344.6390032845269,227.05080640952974
2025-03-18,6,42,F,0.35,177.04274324718372,149.60937146531452,116.45353724792125,315.54061393311196,250.64840951634906,204.66641664440033
2025-03-18,12,42,F,0.06,115.29378148106888,66.5339753196649,55.52541723175584,244.58895763775757,122.83707670704081,110.44949571041172
2025-03-18,18,42,F,0.0,0.035135215303691084,0.03997751322751322,0.035135215303691084,0.23397509233339386,0.32597475427290445,0.23397509233339386
2025-03-19,0,42,F,0.66,132.18604206775828,180.78617118055556,113.97420225064316,272.1429544879574,352.424334407844,228.99797541820604
2025-03-19,6,42,F,0.35,176.2358747646282,151.02424678130512,118.05549112467742,314.243585188974,252.86766836337185,206.63932353513798
2025-03-19,12,42,F,0.07,113.88583606468052,66.49321448963845,55.08072613627621,241.58291992615588,122.6271050907965,109.38499559020457
2025-03-19,18,42,F,0.0,0.036996516545867525,0.04245760582010582,0.036996516545867525,0.24005444930094447,0.33867009615225524,0.24005444930094447
2025-03-20,0,42,F,0.66,133.2134780567695,183.09965917658727,113.47955440281771,273.0368492140987,355.39667893550563,227.77415379935516
2025-03-20,6,42,F,0.37,177.6049822054677,153.2612838844797,120.33768065148755,315.2757628272269,255.56577868479442,209.07223376638657
2025-03-20,12,42,F,0.06,116.51634281793923,67.90416449514991,56.50000241223795,245.46577137399115,125.61003750722422,112.42573656277501
2025-03-20,18,42,F,0.0,0.040077395208160914,0.046555753968253975,0.040077395208160914,0.2599560299859573,0.37019733686359696,0.2599560299859573
2025-03-21,0,42,F,0.66,133.6359616986587,183.79188945656966,114.37424795390365,273.3384283403846,355.5771133481304,229.05717749475784
2025-03-21,6,42,F,0.38,178.1675749558449,156.73025801734275,123.78342109942021,315.62399368947075,263.6667291249235,215.72215005195056
2025-03-21,12,42,F,0.06,116.8187892883827,68.57185822861551,57.3620233183245,245.7606514115109,127.23792269211016,114.64891414245974
2025-03-21,18,42,F,0.0,0.04239994888437554,0.05052328042328042,0.04239994888437554,0.27109782765810464,0.3971476541286555,0.27109782765810464
2025-03-22,0,42,F,0.66,135.40197676485425,186.706564710097,116.07023764291621,276.12537382385716,361.7037547446643,232.87281196571834
2025-03-22,6,42,F,0.36,180.52147657438078,154.00991541740154,121.60498417988221,318.84207791515126,259.0858179611383,211.76332321918727
2025-03-22,12,42,F,0.07,118.0701433952663,68.19943186728395,57.40132758432826,247.20963533876656,126.95953080537831,114.98739759531382
2025-03-22,18,42,F,0.0,0.04454181903842763,0.0547625,0.04454181903842763,0.28110677493374436,0.42619808977304263,0.28110677493374436
2025-03-23,0,42,F,0.66,135.92547123632184,186.26656709104935,116.33624152036346,276.51193602127944,361.7913854613478,232.98475507520712
2025-03-23,6,42,F,0.37,181.21859470762465,157.10983138594946,124.21319218963082,319.2884367558473,266.0460669909712,217.37059241473324
2025-03-23,12,42,F,0.08,119.18572878604841,68.86103956679894,58.50504092211356,248.74171602904048,128.59418803276193,118.06261620242759
2025-03-23,18,42,F,0.0,0.047144493165250316,0.05993888888888889,0.047144493165250316,0.2963633287511137,0.46633704233125695,0.2963633287511137
2025-03-24,0,42,F,0.66,136.7192644621698,189.2782287092152,118.79262359709945,278.02235047737804,368.20420727411647,238.4111385571111
2025-03-24,6,42,F,0.36,182.27433556870758,156.93046290417402,126.4849840044663,321.03246689956524,265.9067807395284,221.15923926203845
2025-03-24,12,42,F,0.05,122.08874154406406,68.87916734457671,59.25731044393286,254.5856692413287,128.97870830508947,120.25486519194045
2025-03-24,18,42,Q,0.0,0.048608821994660385,0.0771940806878307,0.06743847634762169,0.3015233415017085,0.5878078890388728,0.4940964470962016
2025-03-25,0,42,F,0.66,136.20429561368576,189.41437082782187,118.4570597859767,276.98607998834063,368.69466555412794,237.62333629671167
2025-03-25,6,42,F,0.35,181.58122811722538,155.37515088183423,125.97945358064501,319.8355836127969,263.5253427810092,220.80299177808007
2025-03-25,12,42,F,0.06,123.24135659181248,69.63128731261023,60.43110520615811,255.73461160154866,130.40813753043142,122.29507856661269
2025-03-25,18,42,Q,0.0,0.048638393467357724,0.12093419312169312,0.11113248629635146,0.3015522644978602,1.0302855440853227,0.9774161486212057
2025-03-26,0,42,F,0.66,137.2981188399498,192.2698412037037,118.84965897897101,278.69016132794155,375.8309017024973,238.52956808476372
2025-03-26,6,42,F,0.35,183.03055706065607,157.1266680261611,127.97923226872999,321.8027684123898,266.1509797664549,223.1321678107006
2025-03-26,12,42,F,0.07,123.08297750296657,69.75497321428571,61.10563857895078,255.63923594542922,130.6216650992012,123.09994062510609
2025-03-26,18,42,Q,0.0,0.04992662155756748,0.19172156084656086,0.17507122906977754,0.30599181704230255,1.708671940465922,1.5739949352610254
2025-03-27,0,42,F,0.66,140.07308758096661,194.20100226521166,120.98113264618938,283.70581304104707,379.789163970804,242.18657214732013
2025-03-27,6,42,F,0.34,186.71911088284787,158.10822361478543,130.51547538094997,327.5935803947438,267.3666154958471,226.3198443739282
2025-03-27,12,42,F,0.06,125.20332361373215,70.70122103174603,62.25722955208614,258.0311960591879,132.3318749868861,124.87638800807895
2025-03-27,18,42,Q,0.0,0.05292534698290618,0.3023044642857143,0.26848433883090184,0.3220610468072125,2.727302675032315,2.390985994174739
2025-03-28,0,42,F,0.66,138.16774160239646,194.73114422949735,119.38228906963148,280.5213137152087,380.25175656899955,239.38554850054004
2025-03-28,6,42,F,0.37,184.16168090905896,159.94663523662553,131.54753493807203,323.9149581738025,269.60696738009904,227.23071973366763
2025-03-28,12,42,F,0.07,124.87837624832397,70.66460080467373,62.857949351527594,257.6867829727569,132.58005177559974,125.90959224987704
2025-03-28,18,42,Q,0.0,0.06031725356125198,0.43777665343915345,0.3718434511506751,0.38048248470456275,3.755459544765156,3.0995466098993547
2025-03-29,0,42,F,0.67,138.21229614845694,196.18862151124338,120.4075136864864,279.7804009455656,383.9639466120994,240.72455964031084
2025-03-29,6,42,F,0.38,184.20024024129287,160.44658361258084,131.3987619784083,323.05731495133097,270.3186089570385,226.86434440756187
2025-03-29,12,42,F,0.07,126.3545882215364,70.2791373622134,62.84707263262879,258.87477811014287,132.36415482309224,126.049454579609
2025-03-29,18,42,Q,0.0,0.07127324738717625,0.6097647156084656,0.4949490695249043,0.5030599801528529,4.973883743926891,3.8803349535280187
2025-03-30,0,42,F,0.67,141.1680327990765,195.6925865410053,122.59223633858291,283.55392469511344,383.39876196997085,243.37608996655618
2025-03-30,6,42,F,0.36,188.11765333033875,159.7662884479718,131.7122059215398,327.41201841368695,270.0896746581007,227.03208420350268
2025-03-30,12,42,F,0.05,129.83651246173264,70.57591617063493,62.98341535850768,264.1139686606242,132.57397880420638,126.30491115908488
2025-03-30,18,42,Q,0.0,0.0860340430323865,0.8131035714285715,0.6287465859602347,0.6906894448011395,6.284742852813371,4.6303631153533304
2025-03-31,0,42,F,0.68,140.96680332781116,198.72647944775136,123.76726340662083,282.6052874569808,389.86786980905583,245.0288969703306
2025-03-31,6,42,F,0.36,187.82606737073843,158.88890817533806,131.00497389185486,326.31411116152884,269.31913008504347,225.895330779037
2025-03-31,12,42,F,0.05,131.220215402264,71.15529262566139,63.93511376181802,265.8143561337673,134.43477118717212,129.54352494219896
2025-03-31,18,42,Q,0.0,0.10154085642377073,1.042405324074074,0.7656083429464382,0.8579678971529341,7.631134038017252,5.301396261750794
2025-04-01,0,42,F,0.66,142.89924539802627,195.1774067405203,123.75398820542436,286.060314782824,379.6787525876856,245.43747636589293
2025-04-01,6,42,F,0.37,190.3747365007996,161.13003286302177,131.45374147809648,330.3001317264995,273.6656120635997,226.4711907348425
2025-04-01,12,42,F,0.05,135.00836646852068,71.3703056547619,64.41863663839612,272.8471020367145,134.40836384072537,129.8199517148413
2025-04-01,18,42,Q,0.0,0.11650456222473642,1.274404761904762,0.8822062612408124,0.9923249425631169,8.796262346567218,5.738599348502389
2025-04-02,0,42,F,0.65,146.3803455600239,197.8449490520282,123.98356347185691,294.22518859578804,385.7486043666592,245.8840344974337
2025-04-02,6,42,F,0.36,194.98500133618555,161.50621355820107,131.38866999635826,339.7242408773473,274.85107700163775,226.57401137888024
2025-04-02,12,42,F,0.05,137.88075532610534,71.57607791556438,64.71689201570672,280.0864530043383,134.70089606889127,130.42385175069006
2025-04-02,18,42,Q,0.0,0.13701222172044616,1.55621960978836,1.028156941831332,1.2201117944664754,10.27173392219628,6.360961487307427
2025-04-03,0,42,F,0.63,150.1517353840102,199.02348398919753,125.4996248026429,300.14043743456114,387.2299774647514,247.2194972763899
2025-04-03,6,42,F,0.33,199.98760754711302,162.19517271825396,132.78081451787483,346.5520595327016,275.65670006904924,228.4170336116056
2025-04-03,12,42,F,0.05,140.30159234246432,72.24605524691357,65.45716126184895,283.23696781565053,135.34962348801048,131.32911554087326
2025-04-03,18,42,Q,0.0,0.15976794791917967,1.8989597222222223,1.20880663469107,1.4592552346150673,12.1291338922181,7.210465097526307
2025-04-04,0,42,F,0.64,151.39700754851407,202.19866738866847,127.45992702549859,302.09275075608235,391.0173050725896,250.5139607549787
2025-04-04,6,42,F,0.32,201.62134049679204,160.59196457231042,131.78046819472758,348.8036440511828,273.7447551845555,227.39265047821863
2025-04-04,12,42,F,0.05,141.2751428678928,72.3367755180776,65.6377751329867,285.6545801246776,135.32229992047212,131.27338356768155
2025-04-04,18,42,Q,0.0,0.17916797288767858,2.259627843915344,1.373873553275478,1.6103623126081026,13.899361547699256,7.8492025916716175
2025-04-05,0,42,F,0.62,154.2113269605353,199.80644090608467,128.63521145287535,305.9278926820707,388.24539256744436,251.91256163326733
2025-04-05,6,42,F,0.32,205.34348633453442,159.85103169091713,131.94238388428286,353.22871889619876,272.9080590839106,227.552574735739
2025-04-05,12,42,F,0.04,146.15742820921625,73.19376070877425,66.89816631299757,293.23297029984406,136.55412008167096,132.99360360376528
2025-04-05,18,42,Q,0.0,0.20561046802988242,2.6940469576719575,1.578414695996757,1.868097966983767,16.119969740241434,8.737840524882913
2025-04-06,0,42,F,0.63,155.0383834223637,202.4257426036155,130.19410288855713,307.55330778032925,391.64644752222193,254.81721592979207
2025-04-06,6,42,F,0.32,206.41209473777272,160.8878851888595,134.3848315528329,355.10088355022685,274.2487861482664,230.9072885577512
2025-04-06,12,42,F,0.04,146.56060028565204,75.13863927469137,69.15450631373622,294.15246953315363,139.81980929148406,137.75411472935124
2025-04-06,18,42,Q,0.0,0.22653928280582977,3.1125417989417987,1.727248675768867,2.0141074032396467,17.93501218404166,9.173560357308286
2025-04-07,0,42,F,0.63,154.57915532960774,204.1540952325838,130.3145784402671,306.6761477013337,394.2105886865958,254.93325269026974
2025-04-07,6,42,F,0.32,205.76601222827216,159.3308995884774,133.2092141729746,354.08338020471166,271.6202533357968,229.1536589068282
2025-04-07,12,42,F,0.05,145.58162753451865,74.55379601521163,68.84898089446764,292.2140942137714,137.82649195334395,135.75257607177673
2025-04-07,18,42,Q,0.0,0.24824499018175097,3.555513657407407,1.874863882443386,2.163507888803928,19.769370889713407,9.582811180238204
2025-04-08,0,42,F,0.63,157.01607996778213,205.1670929287919,132.8017025799685,310.8033440686955,396.1073239220592,259.59862883072793
2025-04-08,6,42,F,0.31,208.96752079002965,157.3504281268372,131.69045791398267,358.8405435124922,268.3286297102887,227.3028223310771
2025-04-08,12,42,F,0.05,147.84680074481722,74.6928153659612,68.91382705782225,295.0754070552362,137.89422028267973,135.74939418875803
2025-04-08,18,42,Q,0.0,0.2684085452549132,4.018705191798942,2.010529695060669,2.2963974650978156,21.59735470544389,9.915840459877375
2025-04-09,0,42,F,0.63,155.84014307436314,204.31207545194005,131.08884540437396,309.02580554140343,394.9436642916688,256.59602628906026
2025-04-09,6,42,F,0.31,207.37341157034967,154.00555999779542,128.91702393183593,356.78537591336584,260.0981342602248,221.0840638754918
2025-04-09,12,42,F,0.04,148.02583898508507,75.41550446979718,69.599333698209,295.5535977902067,139.0456688006253,136.83282137584234
2025-04-09,18,42,Q,0.0,0.29474572104988506,4.482228968253969,2.1175609928612755,2.52278535631415,23.27789498125862,10.12241590993237
2025-04-10,0,42,F,0.62,159.0986189321335,205.32156357473545,132.8910519207534,314.8701304083949,395.98589554022766,260.66677588034673
2025-04-10,6,42,F,0.31,211.6830160442217,154.07472006540272,129.58975572088346,363.5305540090355,260.4974151648233,221.94456228524012
2025-04-10,12,42,F,0.04,151.6502932035611,75.86966628086421,69.94079841261276,301.84145466263175,140.62946594813283,137.60208860357199
2025-04-10,18,42,Q,0.0,0.3380007509900925,5.03853587962963,2.2944609601297965,3.040838121572228,25.50235516719287,10.663680808883447
2025-04-11,0,42,F,0.63,159.6236760012517,207.14673138227516,133.66482121800954,315.86941682373856,397.57299773512887,261.7350015779256
2025-04-11,6,42,F,0.31,212.34448245806803,157.83945399764846,132.58210000864796,364.6804520881204,267.50869268256554,227.46189285264404
2025-04-11,12,42,F,0.04,151.9069470637939,76.90891998456789,71.28540303858222,302.2111775157871,141.85516133244778,139.25906267444282
2025-04-11,18,42,Q,0.0,0.3837569351489012,5.55461507936508,2.401143677981245,3.408932694274186,27.258183806330393,10.859077663626733
2025-04-12,0,42,F,0.62,161.00923231639555,210.27291418099645,133.95313577045803,317.59082200907005,400.95316302806845,261.4281662285657
2025-04-12,6,42,F,0.31,214.15042469634434,157.26328985890655,133.16835804252375,366.6637784459285,266.95173302948666,227.83920490602404
2025-04-12,12,42,F,0.05,155.41874817722513,77.35603468364197,71.14188204357377,307.2193163116031,141.9689321980066,138.49473601926442
2025-04-12,18,42,Q,0.0,0.46071402751382157,6.173860582010582,2.5808870939889874,4.265934191863285,29.597238255278015,11.388747111954855
2025-04-13,0,42,F,0.63,160.24508171519457,211.51866009700177,133.9578952933579,314.7451839246253,401.46819890452787,260.9043040730299
2025-04-13,6,42,F,0.31,213.06011761560896,154.93072762713112,130.4279178637255,363.3636187754133,263.0401235814178,221.98383745140748
2025-04-13,12,42,F,0.05,156.97367720167347,77.79729977402998,72.2826032667405,309.89186478794346,142.56217376268552,140.32638343722397
2025-04-13,18,42,Q,0.0,0.5165432633621716,6.698356316137566,2.6387266252447446,4.573159876847059,31.15708981015552,11.443880973916295
2025-04-14,0,42,F,0.64,155.2186704841454,211.7603887014991,130.79467591250662,301.0811303464498,401.69764578016157,254.26646612013477
2025-04-14,6,42,F,0.33,206.34114861589867,155.5569997170782,129.94746481487985,347.5815618554041,263.73271186012647,220.19880763656403
2025-04-14,12,42,F,0.06,150.3005749477525,78.33286300705467,72.17197706589762,289.2175602545596,143.2510836396651,140.45942146067708
2025-04-14,18,42,Q,0.0,0.5946267171933488,7.249081944444445,2.7161376706171,5.1095142068812285,32.78445725601319,11.544913605897998
2025-04-15,0,42,F,0.65,153.07499733816135,212.73996898148147,131.89791072865526,297.31730654947563,402.654935368866,255.719436128256
2025-04-15,6,42,F,0.35,203.43179492630128,157.0070373126102,129.0314908237251,343.2281870644656,265.7209504186561,218.49077979911206
2025-04-15,12,42,F,0.08,150.41634140350763,79.98265788690476,73.72129260295625,288.81230122386603,145.05530399400763,142.9936664939564
2025-04-15,18,42,Q,0.0,0.7074996017102353,7.932107936507936,2.895786848854524,6.141242670750172,35.141438020866545,12.054203173116212
2025-04-16,0,42,F,0.64,155.8287029217199,213.6398406415344,133.83410188002952,301.1590383796864,403.29124011572316,258.6171678680297
2025-04-16,6,42,F,0.34,207.040614445292,157.3864909942681,129.80988731854706,347.65531288777174,266.23121826357686,219.50521520459156
2025-04-16,12,42,F,0.07,152.7017969553988,80.45802132936507,73.90525475128536,291.2882588879196,145.2454915075121,142.81319584890156
2025-04-16,18,42,Q,0.0,0.8329377285283435,8.632913756613757,3.054949043643619,7.197815470669179,37.46629251390914,12.475746516571679
2025-04-17,0,42,F,0.64,157.06858318996586,212.12891120480597,134.0015351050947,303.8619827487269,401.2231940600291,259.08682330974955
2025-04-17,6,42,F,0.35,208.6232169212886,159.52617844282773,130.73253942402846,350.76532841397966,269.0391366553837,220.47858602475807
2025-04-17,12,42,F,0.07,152.60414362378083,79.63952230489417,73.19463172923929,291.80897805282603,144.1795095817391,141.57288907547286
2025-04-17,18,42,Q,0.0,0.943810809122868,9.270053472222223,3.1400819166164204,7.847103466688315,39.277830617027625,12.600036650665121
2025-04-18,0,42,F,0.64,157.76146671369574,213.93705809082894,134.86886271501191,304.43676908379365,403.217929999634,259.906215160858
2025-04-18,6,42,F,0.34,209.47649949012416,160.1894388888889,131.09947692901625,351.4176388932518,269.939443427148,220.97870539548504
2025-04-18,12,42,F,0.07,153.2092393666095,81.02380489417989,74.43557213340941,292.3402426478676,145.56382854626096,143.32968172802225
2025-04-18,18,42,Q,0.0,1.034891735254351,9.891961111111112,3.2089188419406383,8.265682674633101,40.936467061988374,12.678546087956779
2025-04-19,0,42,F,0.64,157.97107543815883,213.7034789186508,135.590550068152,304.4841574792957,402.8182622962277,260.6957289407171
2025-04-19,6,42,F,0.35,209.72407532406183,160.6346708149618,131.14902418531463,351.47001920691383,270.0498098510304,220.2877976254156
2025-04-19,12,42,F,0.08,153.19884506914042,81.9787988536155,75.36606456795795,292.327594564197,146.83953253485308,144.5231967432831
2025-04-19,18,42,Q,0.0,1.1450244315961262,10.587348743386244,3.305885891103559,8.826032654659796,42.908755734395875,12.850383847037152
2025-04-20,0,42,F,0.65,158.76137414907984,218.73024761353614,136.50723718833203,305.32460352832965,409.83922497505097,261.49390006492393
2025-04-20,6,42,F,0.35,210.6939734749945,163.79916879776601,133.2168968533849,352.42498820150314,273.8115733131986,222.3827620445843
2025-04-20,12,42,F,0.08,152.80699427402362,82.56835343915341,76.02834935189692,292.1013108013256,147.63191923724654,145.5763857399193
2025-04-20,18,42,Q,0.0,1.2803928505436735,11.309704365079366,3.4242288690144056,9.62606443905102,44.95520966181357,13.075509948788381
2025-04-21,0,42,F,0.64,158.99046040354173,216.84165885141093,136.3454136001677,304.84598656379023,404.8613056781287,259.8369286941999
2025-04-21,6,42,F,0.34,210.94239864252873,162.17305866402117,133.41658196086817,351.86498245716126,271.640566817935,222.9227080814854
2025-04-21,12,42,F,0.09,151.78317875163935,83.4170472718254,77.14628230991768,289.474515355755,148.9427881715065,147.6884623254409
2025-04-21,18,42,Q,0.0,1.3713517741208558,11.894579629629627,3.504782652230856,9.933546997880642,46.257299122490814,13.213967713525463
2025-04-22,0,42,F,0.65,159.2178203180284,222.304379420194,138.16479706158853,303.5376890721108,413.94103865035027,263.25308365930687
2025-04-22,6,42,F,0.35,211.15110759323295,162.6324640101411,132.77164401790395,350.33277318635805,271.9913450867426,221.46350350578106
2025-04-22,12,42,F,0.08,153.89855194860624,82.95545948522927,76.59461398057867,290.4302015723266,148.09665810075785,146.5205842350789
2025-04-22,18,42,Q,0.0,1.5459420708664093,12.655315806878306,3.6464406985577953,11.084508162678906,48.38118238754473,13.541264960978728
2025-04-23,0,42,F,0.66,159.84389637033507,223.3955337356702,139.99897247401273,304.09913995273075,414.20289598741437,266.86225279435763
2025-04-23,6,42,F,0.34,211.93462472340394,162.4460085574662,132.6425998412526,350.9755102483643,271.46325288263074,220.98004192875425
2025-04-23,12,42,F,0.07,156.54907119396202,82.95762886353616,76.74673831397202,294.13824896491354,147.97883389135367,146.59407994746837
2025-04-23,18,42,Q,0.0,1.6628414760375623,13.343922585978836,3.732053290832146,11.55322155545669,50.056150471850486,13.641151311449525
2025-04-24,0,42,F,0.65,160.60637309536872,224.31787405753965,140.21429074257478,304.76850603335305,416.47523258846144,267.99033015076134
2025-04-24,6,42,F,0.33,212.87912076356736,161.27082275132275,133.32420693932596,351.7364780168839,269.8206925152534,222.10577743021642
2025-04-24,12,42,F,0.07,158.43595065404514,83.21226736662257,76.82207828496855,295.54772236477606,148.20130665792854,146.57217444070605
2025-04-24,18,42,Q,0.0,1.7960880896217533,14.08266732804233,3.821097303991095,12.128604135913802,51.91548584749406,13.779276780922133
2025-04-25,0,42,F,0.66,159.38596717195435,224.59890304232803,139.75769492968118,301.0962610089694,416.8991017707309,266.6527387066901
2025-04-25,6,42,F,0.35,211.19697960901132,163.56121878306877,134.14988269144098,347.4876217435006,272.8172204467418,222.55890866554367
2025-04-25,12,42,F,0.07,160.04385573719202,85.3851243882275,79.4434179511084,297.52835322891445,152.14198508750786,151.58833020515354
2025-04-25,18,42,Q,0.0,1.9394980641173283,14.851646064814817,3.9200965296545687,12.728560710783135,53.85259514959266,13.924311151151793
2025-04-26,0,42,F,0.67,158.20177783928833,228.3569115575397,140.85636826600512,298.746891300634,420.5024866265868,267.6735810348547
2025-04-26,6,42,F,0.34,209.53521741152178,163.32883720972958,135.89259428020367,344.7596502012912,272.1608382660469,224.9182261654848
2025-04-26,12,42,F,0.07,161.00600951854437,85.66395956238975,79.62636334936126,298.78896553042125,152.582965213492,151.9466045309776
2025-04-26,18,42,Q,0.0,2.1025769736223126,15.658109788359788,4.0202279384010025,13.404223943530745,55.89030525440335,14.082308534622554
2025-04-27,0,42,F,0.68,159.94648291919196,230.1586552854938,143.12411910443893,302.13197554543314,422.45808379410545,272.0866805086234
2025-04-27,6,42,F,0.32,211.76611079489436,161.55494330173428,136.8631049260717,348.6535353684676,267.05502186852203,226.63607696075698
2025-04-27,12,42,F,0.07,162.4547886859175,85.68366254960316,79.41066458294391,301.89546669327495,152.47723112926928,151.72342885147083
2025-04-27,18,42,Q,0.0,2.255201406889786,16.36335482804233,4.095736158916131,13.89982044602452,57.41334574715111,14.167814062287412
2025-04-28,0,42,F,0.68,159.88867154557937,230.81498531746033,143.6609719463264,301.24327252208946,422.14640676427393,272.1504432944403
2025-04-28,6,42,F,0.32,211.63072743273818,162.86414839065256,137.72283777203225,347.620929937351,269.3334992103705,228.41524593469853
2025-04-28,12,42,F,0.06,164.33027812983164,86.25210345017635,79.92436986671073,303.8426681285291,153.30492596370263,152.48783948779916
2025-04-28,18,42,Q,0.0,2.32672424868005,17.008290145502645,4.180132385558537,13.991179653270722,58.63494049541432,14.294170975004159
2025-04-29,0,42,F,0.67,162.16612519682823,229.6638532517637,144.16975965794964,309.01006439240786,419.98101546818583,273.691901158371
2025-04-29,6,42,F,0.32,214.62237471262162,162.8513534244562,136.9376325374672,356.5915076550147,269.8918722364684,227.95794659850557
2025-04-29,12,42,F,0.07,166.37016433954565,86.66994578924161,79.8438010902285,308.01808123594395,153.33691275293484,152.3006809101822
2025-04-29,18,42,Q,0.0,2.4834268581698002,17.696682175925925,4.25173643942493,14.43075020970208,60.009285859305784,14.356879193378848
2025-04-30,0,42,F,0.66,164.55277462570484,227.31828351521165,145.25176274609234,312.17518928129863,414.5256964658495,274.9410483856942
2025-04-30,6,42,F,0.31,217.70332618489135,162.6627449772193,137.44751201855627,360.23121098627223,268.8253249787911,228.68920383454548
2025-04-30,12,42,F,0.06,167.66044597794698,86.89731574074072,80.18681714017538,309.36769552047485,153.69078304989836,152.73238591119485
2025-04-30,18,42,Q,0.0,2.5713805751578445,18.335561574074077,4.316834680047256,14.553284013554034,61.14356630232862,14.429361148077206
2025-05-01,0,42,F,0.66,165.89990755212136,227.55933201609346,147.7848842264598,314.02269830566644,414.8488486578144,278.76880713317297
2025-05-01,6,42,F,0.3,219.4034576769292,162.1957400756908,137.9362524555199,362.35182313237374,268.63112706550453,230.78540326960263
2025-05-01,12,42,F,0.07,168.43251619628592,86.1644884755291,79.56612073031495,310.1584650228789,152.03046590924023,151.93239615683717
2025-05-01,18,42,Q,0.0,2.768807697741311,19.037833664021168,4.386676786153217,15.214416561421224,62.50751394473138,14.49301559483062
2025-05-02,0,42,F,0.65,167.02782006771992,224.22080071097884,147.94082131214032,315.03993996420803,409.9109706430893,278.7402945600197
2025-05-02,6,42,F,0.29,220.83545980130583,159.39254078483248,135.25408963189867,363.5197799845585,261.4672805468352,224.88209190667817
2025-05-02,12,42,F,0.07,169.1132876260006,86.47315993165782,79.31074898290781,310.7828561174999,151.91986460121208,151.11580836748234
2025-05-02,18,42,Q,0.0,2.9065189821270727,19.703344444444443,4.448850494860466,15.49095554908413,63.69089908791354,14.548797073647798
2025-05-03,0,42,F,0.61,170.51719222204233,220.63840039682538,147.56075706096473,322.6622735549398,402.52513951076264,278.3984550322425
2025-05-03,6,42,F,0.3,225.44628969250925,161.1653092739565,135.42019353246934,372.3243943048363,263.94957423472454,225.01398067710122
2025-05-03,12,42,F,0.06,173.61539203170017,86.59983764329803,79.42643870329414,322.3447717367514,151.93260987006613,150.96620333296224
2025-05-03,18,42,Q,0.0,2.995568365869296,20.20392215608466,4.627324895881015,15.61811907078113,64.35749924089431,15.05847903973384
2025-05-04,0,42,F,0.61,170.35136549115552,221.01159237213403,147.32624513511675,322.2498184046072,402.8877869179509,278.04182758669066
2025-05-04,6,42,F,0.3,225.16771510027908,159.6762219025573,133.29092471880418,371.84321967961665,258.63980577723544,219.49021910342714
2025-05-04,12,42,F,0.07,173.58302743397542,86.95993052248676,79.29539289620213,321.727217353206,151.8408719743417,149.837132033256
2025-05-04,18,42,Q,0.0,3.233747779826768,20.806317526455025,4.731538272605084,16.470134454265377,65.33121817530584,15.194493841291868
2025-05-05,0,42,F,0.6,170.90046699979112,217.83475934744268,146.26676034315142,321.931500310957,396.42408869231707,274.55927727979946
2025-05-05,6,42,F,0.3,225.77319601812138,161.75772240593767,134.10715967391513,371.4510296218881,263.20251066340273,221.65946728809172
2025-05-05,12,42,F,0.08,172.83649329718497,87.13918209325395,78.87888542462233,319.71492236463206,151.2278016566983,148.2296050200781
2025-05-05,18,42,Q,0.0,3.482469713318462,21.354330125661377,4.845926321054755,17.345201537925213,66.19952632204676,15.43059004654661
2025-05-06,0,42,F,0.6,172.67042197888486,219.35447470238094,146.47427070961595,323.96764184246507,397.3888074771304,274.43218514754665
2025-05-06,6,42,F,0.3,228.09364644685834,161.84953283730158,134.5560045524311,373.8009583254065,263.1433246101011,221.674467590938
2025-05-06,12,42,F,0.08,173.334491577915,86.93076610449735,78.7011706252883,320.2794552034542,150.53095451531152,147.54768762496974
2025-05-06,18,42,Q,0.0,3.6360775968366874,21.922172949735447,4.864694486778109,17.634965049089818,67.1385325319758,15.456238283187561
2025-05-07,0,42,F,0.59,174.00009456176645,217.2604536706349,146.84256117600438,325.5811105175994,390.3428950722445,274.98380132734343
2025-05-07,6,42,F,0.29,229.80411193828735,161.92950247648443,134.77535870828967,375.6588481041725,262.7534803863009,222.50918317832688
2025-05-07,12,42,F,0.07,174.77242367792297,87.22254586640211,78.4235590454277,321.9743891275689,150.5783935904744,147.12022424306213
2025-05-07,18,42,Q,0.0,3.792113847481786,22.50505171957672,4.840761941566075,17.93038248902553,68.16203817949655,15.426425041076897
2025-05-08,0,42,F,0.59,171.8336793900996,217.26572470238096,145.8451283816221,321.71472461134744,389.54692613881906,273.14117811342066
2025-05-08,6,42,F,0.29,226.8848613240035,160.89984973912402,132.71035284195028,371.1885559603204,261.4436419950777,219.7630406110791
2025-05-08,12,42,F,0.08,174.0587252655868,86.97883610008816,77.54335400684256,321.26795268269456,150.13973716818307,145.75924504737418
2025-05-08,18,42,Q,0.0,3.8369952476074434,22.9614880952381,4.821692300479371,17.96239765445276,68.90000825694317,15.40848440667831
2025-05-09,0,42,F,0.58,174.08290393990836,216.32990517526454,146.37410197814458,324.85635405230323,388.3714788527397,274.11165618732673
2025-05-09,6,42,F,0.29,229.82342158953523,160.78849642857142,133.3288229364757,374.81185183070045,260.93570703414866,221.13657784539913
2025-05-09,12,42,F,0.08,176.91074513986044,86.82167559523809,76.89904520817292,325.4001671184773,149.54669944162936,145.10005226817532
2025-05-09,18,42,Q,0.0,4.0343434653616095,23.501700529100532,4.767235846713606,18.486704879700163,69.93628143217023,15.318357817367893
2025-05-10,0,42,F,0.57,174.29228973754817,217.52660446979718,147.226907534238,325.2679323533126,391.41853933783597,275.7718477074374
2025-05-10,6,42,F,0.29,230.0791065419616,162.2943048133451,134.336465596934,375.28615966717933,262.8548841843642,222.54786523286577
2025-05-10,12,42,F,0.08,176.1244373944369,87.56442856591708,77.48855828283763,324.99181442358827,150.55450153757135,146.15912182561797
2025-05-10,18,42,Q,0.0,4.183837699097593,23.880363359788362,4.736836700763595,18.778823103577306,70.58958245991539,15.262208869982574
2025-05-11,0,42,F,0.57,174.806907228987,216.90988676697532,146.87456980712423,326.73221839702813,390.3905434612009,275.4527259223008
2025-05-11,6,42,F,0.3,230.66387063823174,163.25135098838916,134.88148722642703,376.9582130377777,263.51595739466995,223.14571664466388
2025-05-11,12,42,F,0.08,175.79315189121303,87.9100206349206,77.97051208587368,325.6304586372221,151.07540815078042,146.98888617975138
2025-05-11,18,42,Q,0.0,4.348753124912148,24.244020006613756,4.674643314616118,19.139573054139866,71.23884401612973,15.134675196577811
2025-05-12,0,42,F,0.54,175.9838455622398,211.6135429232804,144.6886252821554,327.74913989274137,380.8064261493522,273.0129175455288
2025-05-12,6,42,F,0.3,232.1232878192427,165.24459115593766,135.9785579354277,378.1103002775441,265.69112168493086,224.137577841884
2025-05-12,12,42,F,0.08,176.1085537740435,86.58000130621691,76.79289127396927,325.6634765606805,148.56289637367846,143.79172180879772
2025-05-12,18,42,F,0.0,4.6930119863090995,24.55539517195767,4.673254794240846,20.609002218243234,71.85068504892068,15.113404603506693
2025-05-13,0,42,F,0.53,177.48778496029016,211.87443470568783,144.9436180780464,330.3763022848445,380.25370674580245,272.6490469328325
2025-05-13,6,42,F,0.29,234.03733107695146,164.94547339065255,137.3358075797753,381.129594325826,264.2247401709513,226.7345582874074
2025-05-13,12,42,F,0.08,175.01450644296264,86.41923791335978,76.38506387134397,324.19801945493265,148.55501570751844,143.6007203736085
2025-05-13,18,42,F,0.0,4.831421917044767,24.899037698412698,4.604335068056197,20.851576308415517,72.50223774532792,14.978283985559806
2025-05-14,0,42,F,0.56,174.1582566971295,211.38146593364198,145.19006788647715,322.9675672336256,377.3467132424883,271.93805540737316
2025-05-14,6,42,F,0.29,229.50345378176246,163.440221340388,137.02627777464903,372.54859847692,261.7305817294471,226.10914958364285
2025-05-14,12,42,F,0.08,172.7283450813504,87.01222652116402,76.96298468371306,318.14289006957296,149.95069773823317,144.71104878467554
2025-05-14,18,42,F,0.0,5.075346499480606,25.337196990740743,4.583639494980372,21.634562478244707,73.4873317080248,14.894572570273695
2025-05-15,0,42,F,0.59,171.0394049431652,213.37674253747795,145.82024683215622,317.9821473242964,379.49727362605887,272.4262179559129
2025-05-15,6,42,F,0.31,225.34398864786104,166.78204190917108,139.2263976635897,366.78744116889607,267.9684925741499,230.10638653951037
2025-05-15,12,42,F,0.07,171.0356723674495,87.20610011022927,77.59349413553724,316.1392560731648,150.3948202476509,145.73569365022917
2025-05-15,18,42,F,0.0,5.210818023392967,25.55888201058201,4.4639730645006654,21.848629766378668,73.93144149284052,14.55004194804105
2025-05-16,0,42,F,0.59,170.5173537672346,211.42639998897707,144.02512259080228,316.8686983335737,376.5223373025316,269.4351333886895
2025-05-16,6,42,F,0.33,224.59982525001627,171.71052763080542,141.95253836163943,365.49608461665844,276.18870658426556,233.52356651427795
2025-05-16,12,42,F,0.07,169.9070680254188,87.16344907958552,77.92433112545976,313.6858867766258,150.50872235944558,146.37082411789254
2025-05-16,18,42,F,0.0,5.373748222834997,25.60089666005291,4.496817014044973,22.144960505687674,74.03186420064998,14.757398586674208
2025-05-17,0,42,F,0.58,172.22999820971918,212.4840930059524,145.08316197328898,318.50784647793955,376.9905021086823,270.6869617028983
2025-05-17,6,42,F,0.32,226.79055507798367,170.29150219723695,142.28707368467755,367.3731971122672,274.77708160385515,233.73730181646158
2025-05-17,12,42,F,0.08,168.30569543045672,86.89468743386242,77.32807349932853,310.4162403715968,150.18097098105764,145.7925174117386
2025-05-17,18,42,F,0.0,5.649758063430913,25.735796825396825,4.3242692955722015,22.9414676365311,74.32885267937053,14.264505742697501
2025-05-18,0,42,F,0.57,173.71616007328984,210.861620651455,144.8763309630317,321.291102395271,374.25037161211924,269.44553449664403
2025-05-18,6,42,F,0.32,228.7431765854545,171.11138967151678,141.82703147779358,370.5905302820746,275.85061030027464,232.43098213307462
2025-05-18,12,42,F,0.08,170.1288701853524,86.36136453924162,76.19006985582507,314.57034090821065,149.19396229209212,142.99860022102692
2025-05-18,18,42,F,0.0,5.718935729258554,25.861519940476185,4.259475363108778,23.019391811354105,74.54391731886635,14.084779945895159
2025-05-19,0,42,F,0.56,175.7431987591588,209.779333994709,145.5635268229605,323.89585059353817,371.8006020683227,270.41990255192985
2025-05-19,6,42,F,0.32,231.42186856753185,171.8198830136684,143.43131329301477,373.6021341028079,276.60262754262857,234.15069823891608
2025-05-19,12,42,F,0.08,172.75324039890572,85.91737433862433,75.98792754339495,318.1818655158009,148.47938969470906,142.60598075616443
2025-05-19,18,42,F,0.0,5.814271548314195,25.879819642857147,4.224207110431813,23.13611739601302,74.53498740843747,13.999200153710236
2025-05-20,0,42,F,0.54,177.28099938311385,208.28339277447088,145.3819661362134,328.0542035074814,370.3422848517541,271.54919793637873
2025-05-20,6,42,F,0.31,233.45658740554148,173.06708938859495,146.20121479383485,378.4124878368283,278.55338874129217,238.951577942911
2025-05-20,12,42,F,0.07,177.2514979776044,87.48427621252203,77.42311292808822,328.0495318535008,151.22188902307067,145.2211375050646
2025-05-20,18,42,F,0.0,6.02548904929551,25.990646362433864,4.126372213971325,23.539871552149425,74.7465890586161,13.788243961760534
2025-05-21,0,42,F,0.54,178.37330202864484,207.23748919753086,146.47839155869858,329.97032807771194,368.78729421038764,273.77264995911275
2025-05-21,6,42,F,0.3,234.8640633247698,172.6990837632275,146.15735695071768,380.62349639889527,278.24118701988226,238.97868251181495
2025-05-21,12,42,F,0.07,180.0951770390698,87.48928021384478,77.52947777929883,332.3163149072561,151.39161818298146,145.3739510739578
2025-05-21,18,42,F,0.0,6.129716475841298,26.062281712962964,4.055427110260993,23.64861811353415,74.89125121982023,13.652057627500078
2025-05-22,0,42,F,0.54,177.75354743302782,208.18731375110232,146.34766393404786,328.8666985245338,369.94321642462563,272.5336311214367
2025-05-22,6,42,F,0.31,233.94617131633947,173.87919511316875,146.89310604864954,379.3337885914165,279.13806071439546,240.536065429725
2025-05-22,12,42,F,0.07,180.19354362092457,86.53346699184303,77.36240807424673,334.0019449874812,149.02945911913284,144.92201715346718
2025-05-22,18,42,F,0.0,6.190182982414728,25.93683521825397,3.9859417808518223,23.664783498212714,74.57963923401051,13.378877188873375
2025-05-23,0,42,F,0.55,176.9064987325106,210.02586237874783,146.66819618442423,327.36419931275316,373.40026241752776,272.2695424265276
2025-05-23,6,42,F,0.31,232.77296074604436,171.61579636610819,145.32490134418327,377.593495782376,274.1430509510029,236.65190049184588
2025-05-23,12,42,F,0.06,180.34279549028554,86.31156364638446,77.43698233171635,334.18124119763684,148.6855974006109,144.98214253992901
2025-05-23,18,42,F,0.0,6.313744585660811,25.83124156746032,3.992782252206922,23.808871701063584,74.33361728875266,13.38837789082781
2025-05-24,0,42,F,0.55,175.77708261100472,208.71545328483245,147.31988936305146,325.2961713726663,371.29283289988774,272.8896509059015
2025-05-24,6,42,F,0.32,231.2538431707126,173.21877280276308,146.19121680111013,375.2041118334034,276.06597714868883,237.79815527695524
2025-05-24,12,42,F,0.07,176.6180648357229,89.24617111992944,80.28541940463153,328.8313597290039,156.05426520448083,150.54109240789356
2025-05-24,18,42,F,0.0,6.542485022465915,25.768307242063496,3.8722360372870197,24.367314908482623,74.10924326842448,13.009686784191901
2025-05-25,0,42,F,0.54,176.50438797709793,204.791345425485,147.9618378130948,326.1676741648556,364.84982961614753,273.666146937887
2025-05-25,6,42,F,0.31,232.2050637263284,173.17914090241035,146.7418690750884,376.2160255391523,276.16885910396206,238.3704602362814
2025-05-25,12,42,F,0.07,177.88308612481063,90.34499988425925,80.85028308554993,329.5529534643238,157.85355533637218,151.41173736801534
2025-05-25,18,42,F,0.0,6.791592768272141,25.757614947089948,3.8302652940456436,24.988995748465193,74.04917224466249,12.964998631516604
2025-05-26,0,42,F,0.54,177.91268343088635,205.83910650903877,149.90676756113695,327.7444345688848,366.4986631003047,276.1448037353536
2025-05-26,6,42,F,0.31,233.99917284663007,175.09983758818342,148.78754959320182,378.0283302139024,280.7941397976328,242.47173863765175
2025-05-26,12,42,F,0.07,178.8061648835931,90.75636219135802,81.58651958451695,330.5978338040757,159.06297943391698,153.28352891581332
2025-05-26,18,42,F,0.0,6.96703986898396,25.614246197089948,3.8535015440190263,25.337163714991387,73.74367685523748,13.00921334494262
2025-05-27,0,42,F,0.53,180.2249499545749,206.15726306768076,151.2820564112848,332.25251140946483,367.9792486865665,280.40486846375626
2025-05-27,6,42,F,0.3,237.05291763015472,174.49380020208702,148.91098796119323,383.238057066521,279.6088672511265,242.18621237548402
2025-05-27,12,42,F,0.04,177.77627016771177,90.03326684854498,80.87079786598498,330.2262425241263,158.42582029184751,151.81835549835736
2025-05-27,18,42,F,0.0,6.99578973417497,25.25387893518518,3.8425784198610415,25.252879083990052,72.89077352972667,12.920204900119083
2025-05-28,0,42,F,0.54,179.21319576776256,206.10502898478833,149.59577601736555,330.73995105476035,368.4224977266775,277.5527854038506
2025-05-28,6,42,F,0.31,235.6392108579914,178.3840003747796,152.1249504745874,381.480583499413,287.67647871583443,248.0986791872661
2025-05-28,12,42,F,0.04,177.74169064847425,89.88849432319225,80.62429112435102,330.30122210927345,158.81292581946664,152.00686677692292
2025-05-28,18,42,F,0.0,7.2315525164356576,24.88573167989418,3.804735576218279,25.921374454783468,72.02539405271251,12.735783870292895
2025-05-29,0,42,F,0.53,180.45185068053468,205.9257206238977,150.05527509385428,332.3801982811153,368.3195419220749,278.2922659732351
2025-05-29,6,42,F,0.3,237.30169246836115,177.19268209141683,152.1259764818825,383.38316598040484,286.15973771586533,248.37328441667086
2025-05-29,12,42,F,0.04,180.4374368219776,90.49272154982364,81.10133561880403,334.2724115899751,160.00267018815939,152.97572150398466
2025-05-29,18,42,F,0.0,7.232845013848229,24.591832506613756,3.82423396150031,25.81466219077116,71.31344650435793,12.813039968382807
2025-05-30,0,42,F,0.52,181.34461852483906,205.48487249228396,149.88371594070315,333.8112744587448,367.4946009968722,278.41148190204507
2025-05-30,6,42,F,0.31,238.5183416279852,180.14430770135215,153.6513651031399,385.0442933044696,291.3079975357665,250.85928829998286
2025-05-30,12,42,F,0.04,180.73481659687556,89.93629858355379,80.8075799188831,334.9022594915377,159.2688669267249,152.08773978057113
2025-05-30,18,42,F,0.0,7.3304690140641595,24.296971726190474,3.842866937886044,25.900666892305686,70.63065435752502,12.835382346459866
2025-05-31,0,42,F,0.52,183.15008428590022,206.61013770392415,151.53699006978317,337.17840614774224,370.16860547921175,282.39040330876867
2025-05-31,6,42,F,0.3,240.91218638483147,180.63226429306292,154.37059772510776,388.936187633918,292.6395289621565,253.20389333585527
2025-05-31,12,42,F,0.03,182.30859080173616,89.19353387896827,79.9435358216961,336.4368070257202,158.7158109732768,151.3964530745765
2025-05-31,18,42,F,0.0,7.390258297082818,23.85322738095238,3.90482635704542,25.91629112237583,69.59115085531778,13.095226147660613
2025-06-01,0,42,F,0.51,183.94635245848934,205.3003408840388,151.65709699258423,338.23775954302533,367.97985355636104,282.51013896185356
2025-06-01,6,42,F,0.3,241.97553200424423,179.01941643885948,154.30319538862932,390.1673427767464,291.78079808869353,253.8654393912604
2025-06-01,12,42,F,0.03,183.767770224687,89.74237220017638,80.54923234098811,338.2563143591304,160.20773072517875,152.9478192374674
2025-06-01,18,42,F,0.0,7.502621513693693,23.481316236772493,3.8237631164938684,26.054521362502303,68.5890750243518,12.886970251814956
2025-06-02,0,42,F,0.48,190.8592289411051,206.07838668430335,152.07363922454317,357.5702344237831,368.6936994678425,284.18050622284153
2025-06-02,6,42,F,0.28,251.222153341128,180.22419281672546,154.68783459126936,412.5172454248553,293.3045775561794,254.38096776748085
2025-06-02,12,42,F,0.03,189.84009513585443,90.33400088734568,81.51068002158588,352.7707298803823,161.42643644509053,154.66952546392702
2025-06-02,18,42,F,0.0,7.443688476422443,23.151119576719577,3.8552453676465848,25.94690080967868,67.90109526495199,12.9054534569713
2025-06-03,0,42,F,0.47,193.5393733863912,206.29095241402118,150.54285871223055,361.7282723212723,370.1795212681141,281.0672186624285
2025-06-03,6,42,F,0.28,254.79825237843656,180.05663314961788,155.83173744554205,417.32724986714794,293.7755678520418,256.3303645166906
2025-06-03,12,42,F,0.03,192.36677614276954,91.50449752535273,82.96591884587066,357.4046884920884,163.2470099701595,156.76444428389175
2025-06-03,18,42,F,0.0,7.482458173804146,22.71129513888889,3.7724589678472253,25.912502853575592,66.64658632502949,12.609372555875657
2025-06-04,0,42,F,0.46,194.19109916253026,201.92509043209876,147.58963594244955,362.65453177918357,362.45594159973854,275.51024733758175
2025-06-04,6,42,F,0.29,255.6000097046105,183.97396880878895,157.21637918521992,418.3838494681002,299.65259128470285,258.1289959620339
2025-06-04,12,42,F,0.03,189.6420793492793,90.96801588955029,82.3375067030839,354.29124583163605,162.55497469422167,155.86090723914705
2025-06-04,18,42,F,0.0,7.570250126973039,22.37552199074074,3.749992938965031,26.090704891618493,65.6948030053415,12.558196157691484
2025-06-05,0,42,F,0.48,194.7800615268629,206.83793215388008,147.34764913821124,365.42484587968397,373.48519003366096,273.7816324909761
2025-06-05,6,42,F,0.29,256.4434794146828,186.3254772266314,159.6861173211879,421.5956152791263,304.5883447416173,264.5064664446499
2025-06-05,12,42,F,0.04,191.89814907615312,91.91732277336861,83.67964270490434,360.94439382293194,164.109414097093,157.44460464994526
2025-06-05,18,42,F,0.0,7.53728001346268,21.858152050264547,3.7725187094880352,25.89386207577907,64.36054914094098,12.571177784679078
2025-06-06,0,42,F,0.48,195.58674878140323,206.35486953813935,147.32605953828295,366.30519964180365,372.44606284218713,274.0478027745735
2025-06-06,6,42,F,0.29,257.54427110080053,184.99314058641977,159.0378601323637,422.6172927275247,302.61838865677385,263.62781275587184
2025-06-06,12,42,F,0.04,191.79771959022776,89.78489620811287,81.71596668792145,361.02798262046394,160.51460512327827,153.60386429755442
2025-06-06,18,42,F,0.0,7.457172863111188,21.447667923280424,3.725508070461001,25.645786367326085,63.08205309840588,12.467662690925652
2025-06-07,0,42,F,0.45,201.08497111286732,202.3662973159171,147.5170035785126,375.8969730886312,367.799960303336,275.47188688451064
2025-06-07,6,42,F,0.27,264.8475351266447,184.60386142710172,161.4218334777237,433.69337513915343,302.6141712384133,268.33479621833357
2025-06-07,12,42,F,0.02,199.110394274792,89.98852446538801,82.40516196909758,375.73182828445005,160.51176148703905,154.5466334905988
2025-06-07,18,42,F,0.0,7.452795576838251,20.875729332010582,3.7045241245283256,25.535319568309117,61.43184107140027,12.378644053787822
2025-06-08,0,42,F,0.46,200.66952829149758,203.94369871582896,144.56022794041058,374.9774895149485,369.6001052222087,269.78739305159957
2025-06-08,6,42,F,0.27,264.3690990915617,183.1332085831864,160.68482650879184,432.64399401871754,300.4137897554831,266.5693272624824
2025-06-08,12,42,F,0.02,198.9500809132672,89.55651568562612,82.26145384364472,376.14966628656595,159.40005512967352,153.77300622780336
2025-06-08,18,42,F,0.0,7.372187826037399,20.495676719576718,3.6899698214231664,25.31810943999895,60.284609628432364,12.347129181505577
2025-06-09,0,42,F,0.46,204.487334857104,206.42419525462964,146.65418217253048,382.1625359778512,375.4950546878664,276.90998014543584
2025-06-09,6,42,F,0.25,269.50111848664466,180.15456204071137,159.86546918062862,440.9512931589987,295.8506800259599,264.41026650227286
2025-06-09,12,42,F,0.03,199.0288522729342,89.28779880952382,82.30781037636405,375.9067352494114,159.10768500270393,153.50178973460925
2025-06-09,18,42,F,0.0,7.412768923000833,20.186525066137566,3.656836865311375,25.402859411316836,59.42174851925154,12.258353293389236
2025-06-10,0,42,F,0.48,200.32570498715802,207.96057465828923,145.52460826632594,372.47535395629365,377.5615907044202,274.0960162956106
2025-06-10,6,42,F,0.24,263.9526621273885,177.04274055335097,160.14592603325914,429.7573619838028,291.5448774784043,264.9004332177915
2025-06-10,12,42,F,0.03,196.0488263609958,89.9181449074074,83.59060515447257,370.5835099009042,160.3080024898649,155.60165417646192
2025-06-10,18,42,F,0.0,7.451268504611593,19.726256514550265,3.6803266841035587,25.622174793384268,58.175946696457714,12.365398338647465
2025-06-11,0,42,F,0.48,199.1323808177363,206.36633753858027,145.06230461457352,370.7251277177656,374.77562890631077,273.38533639408064
2025-06-11,6,42,F,0.24,262.38457251898575,177.54922386831277,160.78938682066095,427.7419841686689,293.0436304197397,266.67899954697754
2025-06-11,12,42,F,0.03,195.85174385807431,89.96130702160492,83.73466547137055,369.95758497255866,160.57039979384732,155.79614386997918
2025-06-11,18,42,F,0.0,7.440218925687122,19.26993564814815,3.719746512717483,25.60940067725957,57.07302280953349,12.460109360892117
2025-06-12,0,42,F,0.48,198.93122676786166,206.333455180776,144.61070619463484,371.7644633835737,374.5036801640317,272.62644112270976
2025-06-12,6,42,F,0.25,262.15971395655095,178.41239830614344,160.2583685036972,428.9513627953291,293.4161287455544,265.1828586977425
2025-06-12,12,42,F,0.04,195.16940374432332,89.41693896053793,83.26146344298543,370.11685222452513,159.89773931119177,154.63866209448284
2025-06-12,18,42,F,0.0,7.282481344939042,18.75562361111111,3.7262706828765038,25.23489644703173,55.68420373072735,12.471658613178503
2025-06-13,0,42,F,0.48,198.36450435645276,205.75091648478835,144.54407661877153,371.4321537734038,374.01968562610114,272.6732957741575
2025-06-13,6,42,F,0.24,261.4434225588403,177.07784283877132,159.741688011132,428.5725634320991,292.0997669473089,264.6799354124852
2025-06-13,12,42,F,0.04,194.91650706127655,89.07767852733686,83.2038300083594,369.939389612647,159.4250383518587,154.51469115858103
2025-06-13,18,42,F,0.0,7.243137428322567,18.231619907407406,3.769003023613546,25.13684291366583,54.386692750373676,12.614673374352858
2025-06-14,0,42,F,0.49,194.05933417506068,204.10781222993828,143.8150092718004,363.5253502651619,372.5909481210919,270.38988970343337
2025-06-14,6,42,F,0.22,255.73427872823598,176.86829599867727,161.07356756529612,419.4379693634997,291.91036541447846,266.4912200753103
2025-06-14,12,42,F,0.05,188.07825130809007,89.60846900903881,83.6697985117593,357.11704047369386,160.40701405976725,155.2571971969415
2025-06-14,18,42,F,0.0,7.527787659079256,17.836832076719574,3.7390356778765037,26.019938997611327,53.6324721446187,12.305761905027685
2025-06-15,0,42,F,0.49,195.42696241709012,204.8532928185626,144.80482302714887,365.53974232636665,373.9056753323306,272.0968788007226
2025-06-15,6,42,F,0.21,257.47073947965816,176.346624037331,161.82023037177655,421.7483881904182,291.5651480809516,268.02044328586226
2025-06-15,12,42,F,0.05,186.92455790666094,90.2352668430335,84.65225055932807,356.7713352627536,161.2953389896762,156.41299621648542
2025-06-15,18,42,F,0.0,7.45065198601599,17.28268149250441,3.811614438271008,25.66156182666335,52.451975257494986,12.555222930172805
2025-06-16,0,42,F,0.5,194.33284930306812,208.05728319003526,146.13273722488003,364.4141799394242,379.2093428215742,274.147354521523
2025-06-16,6,42,F,0.2,256.03029369183827,172.53488984788362,159.55482970822112,420.4567704930127,285.35214073500504,264.2442590162018
2025-06-16,12,42,F,0.04,186.05831470310025,90.47390661926808,85.69206780476658,355.5664086985222,162.61301231891244,159.03021042869085
2025-06-16,18,42,F,0.16,7.631682119023435,16.872660758377428,3.72352359283961,26.445482017473598,51.43426699927484,12.30820136911007
2025-06-17,0,42,F,0.51,192.15118442373708,206.7619252039242,145.41256775480548,362.2740397820295,377.9554127771885,273.1656283879706
2025-06-17,6,42,F,0.2,253.03323688760085,173.12345009553206,160.23373165816696,417.9647253747158,286.2900958945687,265.5024236085458
2025-06-17,12,42,F,0.04,184.83500483643823,91.38514393738977,86.82953122225905,354.56234995026296,164.06755859744612,161.01756065202687
2025-06-17,18,42,F,0.16,7.527503727876737,16.429491710758377,3.707960754350554,26.266563387123064,50.27649020513028,12.269386591094703
2025-06-18,0,42,F,0.5,191.83151436685873,204.36401168430336,144.63388346232105,362.70921853952774,375.2639714604861,271.5274259336662
2025-06-18,6,42,F,0.21,252.64920560844894,172.32238560038215,159.44117865758878,418.47213111183294,285.32022989168036,263.7001814026201
2025-06-18,12,42,F,0.03,186.57299246848785,91.96978235780423,87.66795016453888,358.73618249122273,165.29351206404968,162.64596809194026
2025-06-18,18,42,F,0.02,7.417388903714628,15.898299184303353,3.7245778873611535,26.08082312718259,48.905020003189115,12.276984920894805
2025-06-19,0,42,F,0.5,192.94947920686383,202.5648820436508,143.97343262388304,364.02737163528144,372.81176834483034,270.95398811803165
2025-06-19,6,42,F,0.22,254.034777604025,178.43459417254556,164.7216302528689,419.9767308565336,295.99550966059087,272.0601979928277
2025-06-19,12,42,F,0.03,187.16738329844839,91.1930720458554,87.2072012994108,359.8394500270418,164.30758398628106,162.1706070401257
2025-06-19,18,42,F,0.57,7.436710398340937,15.54895804673722,3.7234406444143002,26.103789528582357,47.98047374988901,12.278114620175796
2025-06-20,0,42,F,0.5,194.32756705876554,205.1907738536155,145.90330666991395,368.08759927784354,376.1982710906427,274.2805806061126
2025-06-20,6,42,F,0.21,255.84292047021367,177.60371375293943,163.66308638283365,424.66388576260744,295.1141636237667,271.00319139517154
2025-06-20,12,42,F,0.01,189.13711302206164,93.3885346175044,89.32080206129875,366.67869415731934,168.74394472967467,166.68305958048379
2025-06-20,18,42,F,0.7,7.361179588007619,15.05349204144621,3.6876383956428196,25.849120172263184,46.48729336260807,12.240062992911556
2025-06-21,0,42,F,0.49,195.88958959435803,200.98882339616404,145.0369880063898,369.4582933937289,367.7847315415681,272.0182842960401
2025-06-21,6,42,F,0.2,257.8479862792281,176.94335007716052,163.90110651534397,426.2350090507778,294.01897209344844,271.37789982688497
2025-06-21,12,42,F,0.01,191.0599651531839,93.12527278439154,89.12682648584607,368.373264663941,168.17249359478325,166.02520975744906
2025-06-21,18,42,F,0.88,7.257196577187001,14.752067868165788,3.6755110897056897,25.66488347957093,45.598216338665345,12.212650072424658
2025-06-22,0,42,F,0.48,198.47276809393668,199.9403429563492,145.96034720667575,376.2389568753618,366.9675375799451,274.1972127754681
2025-06-22,6,42,F,0.19,261.33021630729684,177.08039248236332,165.39936680408283,434.0807383703238,294.8616362486317,274.6291312239736
2025-06-22,12,42,F,0.0,195.96891345848366,94.96784598214285,90.8758257816408,379.7059606422525,171.67476293810356,168.96414236924826
2025-06-22,18,42,F,0.96,7.147646020112796,14.338124217372135,3.657361971577261,25.443335908041693,44.512337087201544,12.17025977416671
2025-06-23,0,42,F,0.49,199.35062479840246,202.58604936067022,147.78123066864225,377.3430662689616,370.30494416132194,276.99455100982806
2025-06-23,6,42,F,0.19,262.4822602090111,176.30406972736628,165.1729585534053,435.35086741658944,294.01546674073455,274.2174105536001
2025-06-23,12,42,F,0.0,196.41690919711417,95.60967096560847,91.26234805310997,380.1674104797863,172.4293429835936,169.74186491169434
2025-06-23,18,42,F,0.87,6.951834850467015,13.944804111552031,3.557564806019337,24.46522221790559,43.389894259014326,11.938906882237884
2025-06-24,0,42,F,0.49,197.777599045236,201.53272045304234,146.41157161028437,374.70979775477775,368.95466754884694,274.7880417721074
2025-06-24,6,42,F,0.19,260.42831229690916,175.1609701352146,164.3551104137323,432.3197498298792,291.95032319280585,272.4627506856275
2025-06-24,12,42,F,0.01,194.97133400066897,95.6654376818783,91.80087653576666,377.3729597808359,172.62383154202186,170.5058569341198
2025-06-24,18,42,F,0.88,6.930043036162698,13.560632352292773,3.538977087599707,24.388755824589836,42.19327645946395,11.923082185100355
2025-06-25,0,42,F,0.48,201.0306922903669,199.4249632220018,147.11853940505944,379.765218558995,365.40520151221864,276.027141172876
2025-06-25,6,42,F,0.19,264.86077200122463,176.55787306731335,165.97007786670775,438.17922686308503,294.10315953870196,274.9806760845691
2025-06-25,12,42,F,0.02,195.86604343299666,96.3765102292769,92.9875926377606,378.6591881738147,173.24112527760747,171.87373173241542
2025-06-25,18,42,F,0.91,6.816614473563175,13.234911948853618,3.6447979099537577,23.887647330521176,40.71261566928464,12.57314197255996
2025-06-26,0,42,F,0.47,203.31434866099423,199.44368105158728,146.52805648093377,382.39810840159504,365.4235817255538,275.34128476719354
2025-06-26,6,42,F,0.18,267.77088822247333,173.15033918283365,163.1456934568626,441.19312037476334,288.28771115301885,270.8463402464543
2025-06-26,12,42,F,0.01,199.31325572028197,96.47545241402116,93.07761164540709,382.87288049817647,173.51702849733786,172.12375711948448
2025-06-26,18,42,F,0.91,6.898153845907112,12.921062147266316,3.6429267128505165,24.170626315150066,39.61320785647074,12.55994758085744
2025-06-27,0,42,F,0.47,205.55533769415604,200.18051850749558,147.06156341371258,386.77774185044467,367.2617829730485,275.999920279484
2025-06-27,6,42,F,0.16,270.8155843806049,170.46172936875368,160.99805450675444,446.25971770108583,284.0541384789949,269.67826170441435
2025-06-27,12,42,F,0.01,203.95628155875963,96.31101404320987,93.04501265014335,389.2986921149444,173.37323632256044,172.18878851221288
2025-06-27,18,42,F,0.91,6.886340381423282,12.807063414903002,3.530918956165176,24.159024160363533,39.169105534122174,12.022009073696456
2025-06-28,0,42,F,0.48,204.47093313976168,202.7853910989859,147.0208356304258,386.5729552069584,370.9763577926598,276.12707430646975
2025-06-28,6,42,F,0.18,269.44671055958776,171.82244742063492,162.10643651919227,446.0382757336839,285.4601643191543,270.64429654645835
2025-06-28,12,42,F,0.01,203.32410452869587,97.076194130291,94.15459856059643,388.5628347753518,174.1984638956966,173.58505804582003
2025-06-28,18,42,F,0.96,6.65227451078101,12.357160130070552,3.5981813664330757,23.428001692715252,37.79200831627968,12.166990504316757
2025-06-29,0,42,F,0.48,203.92290747566574,201.63100034722223,146.62653840845508,386.6703640933427,369.5211230569599,275.9264827405304
2025-06-29,6,42,F,0.18,268.7478267243197,170.83423997281014,161.7132192438439,446.15375319619193,284.33458839337123,270.7588634701555
2025-06-29,12,42,F,0.02,202.589917901326,95.88813810626102,93.83020397149131,388.0929017028681,172.61143970308925,172.87056662634149
2025-06-29,18,42,F,1.0,6.843575615675268,11.935080577601415,3.598482716520791,23.93180430203126,36.59298055147818,12.167324415010386
2025-06-30,0,42,F,0.49,203.65422648572513,205.28124833002647,147.66297539059818,386.56281156399507,376.84205605307636,277.8003781080528
2025-06-30,6,42,F,0.18,268.41785228879627,170.92080373309818,161.4625757451099,446.0316756093644,284.79313841118005,270.95646131227835
2025-06-30,12,42,F,0.01,201.95412017180644,95.92340175815697,93.86864966058991,387.2910536591081,172.99598142710155,173.21857110489697
2025-06-30,18,42,F,1.0,6.870394915215014,11.534369951499121,3.6172697083061705,23.97189224003567,35.68194267727082,12.22890603660052
2025-07-01,0,42,F,0.49,200.8629783811963,203.91362641093474,146.1330020008369,381.03653197361933,374.6348925323258,274.4261142654878
2025-07-01,6,42,F,0.2,264.71689581807146,171.79852552910052,161.5875999475119,439.6473359751804,285.6810462968202,270.28355637823915
2025-07-01,12,42,A,0.02,196.52080919848078,94.54558956128747,93.14601698675779,378.1752995787748,170.7335592078409,171.79073272085708
2025-07-01,18,42,F,1.0,6.778146487921245,11.183065310846564,3.643761778328878,23.70837192165911,34.36475392357115,12.289565225622844
2025-07-02,0,42,F,0.48,204.50270430816994,203.6500700176367,144.82880508149285,386.0559460551577,373.8630979819289,270.60986158172557
2025-07-02,6,42,F,0.2,269.5198312290465,172.95772545194,162.47569038906207,445.434765788219,287.3202915785826,271.2427536858182
2025-07-02,12,42,A,0.03,200.69436461271061,94.22519691358023,92.86986711839305,385.28865629085203,170.38726047075394,171.5680031434051
2025-07-02,18,42,F,0.88,7.003298430731275,10.887615443121696,3.6880706966197905,24.70904787147996,33.209207649937035,12.360965118196075
2025-07-03,0,42,F,0.47,209.15552438537398,201.4194162973986,144.73161325381463,394.2066594525339,371.2280484206317,269.70014284449076
2025-07-03,6,42,F,0.19,275.7810155850665,170.95998460831865,161.1548353850319,454.8595526663534,285.4492366334099,269.61659877687805
2025-07-03,12,42,A,0.04,204.6614613767777,94.51258251763667,92.76708985324359,393.0324993994129,170.8009188697143,171.59104911050886
2025-07-03,18,42,F,0.91,7.197199479060037,10.613631283068786,3.6267041415567483,25.305868803992528,32.38651059254694,12.235802043637698
2025-07-04,0,42,F,0.46,209.02466197270525,198.61676258818343,143.32259948061716,393.9756524897511,366.93443691716254,267.9241772930697
2025-07-04,6,42,F,0.19,275.6288598947036,171.4209253490594,160.89987842790958,454.592345941606,285.67378386121214,269.28747820343716
2025-07-04,12,42,F,0.04,204.0859268587068,94.2804476190476,92.34041922110225,392.3204915251923,170.79330650006426,171.01528431350056
2025-07-04,18,42,F,1.0,7.0928986978377555,10.341512698412702,3.5671217877079364,25.159459035410904,31.621154975103433,12.111317058876661
2025-07-05,0,42,F,0.45,213.5239597523195,198.9167901675485,143.7249088598458,403.14246588681726,368.7825033819677,269.0357664953985
2025-07-05,6,42,F,0.18,281.62638145604785,172.72115244341563,163.19725454491103,465.18155345809294,289.388341886764,274.8664746436718
2025-07-05,12,42,A,0.02,207.97230486143846,91.56014943783066,90.00109582792672,399.6476866661547,165.7183837158918,167.15990427044693
2025-07-05,18,42,F,0.91,6.9527813214392244,10.146075198412703,3.6962463713213305,24.726631222608592,30.655187063247386,12.497213302036764
2025-07-06,0,42,F,0.46,213.47699496863157,200.14217122464729,143.07026759341525,403.9961541628618,371.1592139840225,268.4334364891275
2025-07-06,6,42,F,0.18,281.58763698170776,173.61588184156378,163.64549185187846,466.1676033991416,290.32478906323144,275.42785133166615
2025-07-06,12,42,A,0.04,206.43686809742238,91.44875116291885,90.2566530712118,398.996972528625,165.29985342328848,167.69654817580908
2025-07-06,18,42,F,0.88,6.677434151584596,9.86742096560847,3.709581945499588,24.048781668259227,29.50850743967844,12.502969248632755
2025-07-07,0,42,F,0.46,214.01267496469544,201.80923420414464,143.70848076963725,404.3298106249213,373.5793988953159,268.6566008718618
2025-07-07,6,42,F,0.18,282.37862332809397,172.02743185993532,162.19835929074284,466.56134909833196,286.728164426289,272.41584523635714
2025-07-07,12,42,A,0.04,208.72377336669896,90.31438778659611,88.99566317220895,401.09688500890127,163.29613515036104,165.00734696686018
2025-07-07,18,42,F,0.88,6.595651061212723,9.659547685185188,3.645314451590811,23.843970127699812,28.703043747160223,12.385819130393447
2025-07-08,0,42,F,0.45,216.22694559418443,197.95263332782187,142.1310874350513,406.2116260941726,366.92280647805984,263.85742177549963
2025-07-08,6,42,F,0.18,285.303064957917,171.13292746178718,160.84067250843873,468.7259432429099,285.4455495730363,270.8988442087146
2025-07-08,12,42,A,0.03,213.13234073673678,91.51694569554672,90.35856589138477,406.30660938078114,164.9626482097954,166.75744769628798
2025-07-08,18,42,F,0.86,6.582467180076379,9.616207771164024,3.574599312431402,23.870843601495697,28.575600706005883,12.171339241894524
2025-07-09,0,42,F,0.45,216.94934878813933,198.29635089285713,144.14109591312598,407.41349427422205,368.05094995266535,267.8666662226012
2025-07-09,6,42,F,0.17,286.22117772708697,166.86274679600234,157.05316071438492,470.10266709791847,276.85328116276423,264.3611846191075
2025-07-09,12,42,A,0.03,215.47373186754365,91.24761208112875,90.75272356561533,410.06404111396665,164.70981131105512,167.16052148886817
2025-07-09,18,42,F,0.87,6.543885693174592,9.349615244708998,3.64619798982467,24.004264110317877,27.840730690482665,12.526590785654832
2025-07-10,0,42,F,0.46,214.948518425329,200.17859230599652,145.10723422276294,405.2460806754059,370.5869142967613,269.89102071004083
2025-07-10,6,42,F,0.18,283.5719498777789,167.98661183862433,157.84007301707618,467.59998344037894,278.5709667547273,265.44876395499534
2025-07-10,12,42,A,0.04,212.87819107373278,90.76542040343915,90.67137789496716,406.9681116927579,163.86740412492264,167.13898480914085
2025-07-10,18,42,F,0.86,6.532701149702437,9.272589054232807,3.627569379530843,23.996993500574515,27.599326261454046,12.436349205384309
2025-07-11,0,42,F,0.46,214.62450471542058,198.95576941688714,144.71459330264457,405.1575040630658,369.3919071573131,269.35497389089886
2025-07-11,6,42,F,0.18,283.15372698231283,165.58698265358612,156.47560967283232,467.4996412484835,274.2160835667241,263.2214308815188
2025-07-11,12,42,A,0.04,212.78616085273745,90.66806987433861,91.0048716153269,406.72100479130074,163.92697645842642,167.93486237412182
2025-07-11,18,42,F,0.84,6.431125880041597,9.178111904761906,3.5869588389832376,23.81550304145903,27.27731225067525,12.371012117781408
2025-07-12,0,42,F,0.45,215.85254572064088,196.47507555114638,143.78905407811826,406.4966314835536,364.6348769368637,265.919371792792
2025-07-12,6,42,F,0.17,284.74456980182197,164.5224153255438,155.84986526771544,469.0414690383212,272.81686854954097,261.88867914481114
2025-07-12,12,42,A,0.04,212.6370497799751,90.40432969576719,90.66289809684915,407.274787771208,163.21747130585754,166.84876973265457
2025-07-12,18,42,F,0.84,6.4384300553574,9.175150396825398,3.472750428370833,23.81538874076977,27.29389082171969,11.953612562878936
2025-07-13,0,42,F,0.45,214.6123108408438,196.79133924713403,144.14537492279908,405.68807962961705,365.69713018724525,266.82130503305336
2025-07-13,6,42,F,0.17,283.1435011408113,163.4097946942975,154.6647761888706,468.11242900568874,270.2825025458027,259.7449494675139
2025-07-13,12,42,A,0.05,211.77830446242658,90.97350134479717,90.98949045777752,407.07666119383623,163.64024786448252,167.14049588006867
2025-07-13,18,42,F,0.83,6.379661966735427,9.197963921957676,3.6028987412768774,23.611022886289096,27.330075388339875,12.331932020517746
2025-07-14,0,42,F,0.47,210.68760368243423,197.60128125551145,146.36349852385234,394.28254265212513,367.90577984253747,270.7192684981278
2025-07-14,6,42,F,0.16,277.87919391592357,161.84370248383303,154.75446179386654,454.92953190522996,268.19823418663395,259.6962120687744
2025-07-14,12,42,A,0.05,210.1624604736517,90.50257208443563,89.62235480714256,402.9622098708898,162.41758511518202,164.4302581159017
2025-07-14,18,42,F,0.83,6.51669441433405,9.33056537698413,3.6397802063470346,23.80481963973058,27.743462785432172,12.472437970397134
2025-07-15,0,42,F,0.47,206.16902856236126,193.2657050595238,144.58995316234498,388.4918867058202,357.1880204604136,266.6405030296647
2025-07-15,6,42,F,0.17,271.91081472365073,161.59341895576134,154.43043804161977,448.24869290683614,267.28826194672786,258.69662790473944
2025-07-15,12,42,A,0.05,204.92552084281292,89.86057163249558,88.92306260663082,395.59275661215514,161.22217295344848,163.49555992648754
2025-07-15,18,42,F,0.83,6.580298046021815,9.310651951058205,3.6044251304462462,23.91928857231861,27.6661347858387,12.433160042969815
2025-07-16,0,42,F,0.46,207.05552847836276,193.46687405753968,146.33345622549342,391.07988730725873,357.77650779019206,268.91412371147743
2025-07-16,6,42,F,0.15,273.10399617189876,158.65698650426222,153.6758002564742,451.24571653923124,262.9414552946198,259.2011382591433
2025-07-16,12,42,A,0.05,207.78829807082943,91.34005001102292,90.59802572758153,401.59244486730427,163.12330750022352,166.07475401276855
2025-07-16,18,42,F,0.83,6.57941363007271,9.37900568783069,3.6799677202611725,23.824139464437852,28.031025434696755,12.720552232043513
2025-07-17,0,42,F,0.45,205.94126151237072,188.5418437114198,146.64479714349477,388.17165380066245,344.90214442466817,269.4876695407062
2025-07-17,6,42,F,0.15,271.5056940080541,156.74562908215754,151.2202300502839,447.86901189014446,258.5391247995755,253.6403572296744
2025-07-17,12,42,A,0.05,204.3467128471268,90.9908403053351,90.16308933685958,394.96265670199784,162.40307949682347,166.00420766181415
2025-07-17,18,42,F,0.83,6.587585815410818,9.585586243386246,3.6949197623518484,23.850630825825238,28.8007336417887,12.796494652475243
2025-07-18,0,42,F,0.45,204.0581904737751,189.49599899691358,146.74201431569438,385.7916188780511,346.34193082382654,269.20976884954666
2025-07-18,6,42,F,0.15,269.0036214553459,156.97634699074075,151.7071000309749,445.11899470236096,258.9317274083039,254.15680873125808
2025-07-18,12,42,A,0.05,201.67615379917416,90.71471459986772,89.54728529609916,390.85081659986514,162.093337435676,165.38166120195234
2025-07-18,18,42,F,0.83,6.740312735968755,9.506969907407411,3.69903254614238,24.16901655537876,28.520477230924058,12.802329522126245
2025-07-19,0,42,F,0.47,201.13120067024457,193.8241729001323,147.28128326455004,380.8350088022251,354.1096701963734,269.7892007302986
2025-07-19,6,42,F,0.17,265.18385761921394,156.54953980011757,148.8913203974359,439.4094502782416,257.8750304092774,249.57191161891137
2025-07-19,12,42,A,0.06,193.79335594283103,92.12755874118164,90.43945300021043,376.2025207427318,164.44942394686836,167.15433004471586
2025-07-19,18,42,F,0.83,6.740677284101511,9.515876851851855,3.702180296125898,24.098883638425708,28.605169991313907,12.847835634366241
2025-07-20,0,42,F,0.49,198.67917561740884,196.4875453042328,151.20721843779182,376.65214975796744,363.87697295944787,277.5946404440672
2025-07-20,6,42,F,0.2,261.917583210581,161.36553543503823,151.4151933057421,434.5758420441073,268.6979392217918,254.6696025000609
2025-07-20,12,42,A,0.06,192.61809863665195,91.85953301366843,90.19470234800174,373.6044455690748,164.19866886691537,166.97548497191005
2025-07-20,18,42,F,0.83,6.894875804401253,9.540464484126987,3.689629777778885,24.433438217147643,28.7018347937097,12.819360989968324
2025-07-21,0,42,F,0.49,194.6391757690174,194.66971333223108,148.62088882363878,369.28027914140006,361.02581766091566,270.17678433395366
2025-07-21,6,42,F,0.21,256.4599269923,162.40501738683128,150.82954040229907,426.0483631730123,270.50850651792496,254.39582596667597
2025-07-21,12,42,A,0.06,190.61689397880193,91.40763020282188,89.82758102125437,372.12972103008093,163.58503190985837,166.71238651346252
2025-07-21,18,42,F,0.83,6.884530791014371,9.61970578703704,3.7311797418792905,24.364563978148784,29.00919308157229,12.880847182923874
2025-07-22,0,42,F,0.49,195.00932180389808,191.8761645888448,148.8618222149408,370.149708341924,357.63381495523106,270.09420871035684
2025-07-22,6,42,F,0.21,256.8874889193031,165.06579381613756,153.00887624973666,427.0434272373552,273.87836525545515,257.283133494976
2025-07-22,12,42,F,0.06,192.77869830256685,90.94922614087301,89.10543632480507,375.4984065064785,163.00194230631666,165.53904877844244
2025-07-22,18,42,F,0.83,6.907863917963289,9.749863789682543,3.655793771504761,24.21537997921504,29.45578941545109,12.718436045292032
2025-07-23,0,42,F,0.49,195.6448397606268,191.90546824845683,148.31793526486464,371.80365907800126,357.6569476271175,269.7478325936565
2025-07-23,6,42,F,0.24,257.67191476443406,171.64374631834215,156.61638467093388,428.94192611053654,294.059215973299,266.76768917992376
2025-07-23,12,42,F,0.06,194.4979269560027,91.38643467261906,89.52998073490852,379.32902173352477,163.42951068866066,166.35747610103041
2025-07-23,18,42,F,0.83,6.919735188321503,9.930226091269844,3.617698500414162,24.218483889552285,30.078693135731232,12.602447790616722
2025-07-24,0,42,F,0.5,195.04517002816826,194.8609102458113,147.82597715494597,369.50561160465634,362.71415530542436,268.77355769877323
2025-07-24,6,42,F,0.24,256.8137965699457,170.2917009553204,156.54681112457723,426.2772447677716,292.47827172662255,266.61146528507027
2025-07-24,12,42,A,0.05,194.37842690379165,92.0065878968254,90.39393707426031,378.1628535034641,164.3179919534481,167.4449037709109
2025-07-24,18,42,F,0.83,7.019042220332156,10.091066170634925,3.622579188707658,24.34280710132279,30.67937923552974,12.612492309518712
2025-07-25,0,42,F,0.5,197.14256831878436,199.3780361772487,148.2802816370606,372.1876098267838,368.8019599205472,269.2547961167205
2025-07-25,6,42,F,0.24,259.60423618132586,170.07068674676663,156.3651685914456,429.3761715808675,291.94480789064187,266.4682744410757
2025-07-25,12,42,A,0.05,198.53100620507146,92.11524817570546,90.44150528333725,383.6703150863925,164.51253800821092,167.45723680481572
2025-07-25,18,42,F,0.84,7.141781520005693,10.479071130952384,3.6908749532534033,24.602332838468353,32.006708044155516,12.796729054975621
2025-07-26,0,42,F,0.51,195.61280603229002,200.34346509589946,148.16099748515956,370.57548827456293,369.68243923921256,269.42492592197175
2025-07-26,6,42,F,0.24,257.5341745723893,171.96109285714283,157.77331128294736,427.5109687282816,296.7415898503885,269.49005600495866
2025-07-26,12,42,A,0.05,197.61299036251333,91.81503187279542,90.06482504201061,382.6028211948474,163.7454690969124,166.92064311409786
2025-07-26,18,42,F,0.86,7.00925027954416,10.759515608465609,3.589447670074056,23.99932382964106,32.788420296931285,12.532333039646248
2025-07-27,0,42,F,0.51,195.64939589987864,200.60772903990298,147.85820400033663,370.6687642902536,368.97494357380356,268.75607823496347
2025-07-27,6,42,F,0.25,257.5588623659217,172.1183117835097,157.2787105029573,427.6093437984019,296.60996549263245,268.46413394214943
2025-07-27,12,42,F,0.05,198.7953330763125,90.60393696538802,88.75942293353278,383.22772716942916,162.07167837412075,165.41664222620184
2025-07-27,18,42,F,0.88,7.053188437412178,11.156352568342152,3.4618288621713416,24.10271584755711,33.79398083626644,12.139305317407667
2025-07-28,0,42,F,0.5,196.11753736993663,199.77301725088185,146.8874329423306,371.5165080107809,366.4534624326425,266.9795022723556
2025-07-28,6,42,F,0.25,258.1455952219037,173.12150320399763,157.92867423053954,428.5777123368104,297.39202763849414,268.67615101017714
2025-07-28,12,42,F,0.05,196.65943897294147,89.93425115189595,87.75884568571183,381.14959835214745,160.4440724315209,163.17373945392544
2025-07-28,18,42,F,1.0,6.748517944238645,11.497778990299823,3.5083253002640986,22.70344600612245,34.8647518085636,12.206840724666213
2025-07-29,0,42,F,0.49,200.2553995418717,200.08148732914464,149.15503781304415,377.70351556761557,366.28113277406976,270.93030028241833
2025-07-29,6,42,F,0.24,263.7495161675353,172.66348213550853,158.3050271917723,435.7473698586781,296.6777855261398,269.68131679573474
2025-07-29,12,42,F,0.05,201.14657268226034,89.26879755842151,86.97355191942839,388.0224568378644,159.44946450410995,162.29617918566734
2025-07-29,18,42,F,1.0,6.981122084232899,11.833594466490299,3.5438882493838286,23.29911636213411,35.90005347123577,12.27630356178084
2025-07-30,0,42,F,0.49,199.86391401027535,201.1077727402998,150.4392075929636,377.3384810047369,367.06624567192983,272.98506949443487
2025-07-30,6,42,F,0.24,263.1852115464517,172.81153059964726,157.23661214126793,435.32028414427623,296.72080355693015,268.70017382866274
2025-07-30,12,42,F,0.05,198.14783431079243,89.41996003637567,86.82100247602682,382.8479446707683,159.3387785966926,161.55844043630492
2025-07-30,18,42,F,1.0,7.031988959308032,12.302829750881832,3.647113616904408,23.357409605604776,37.417237823594284,12.57956586779111
2025-07-31,0,42,F,0.51,200.40585424607448,205.60770782076722,152.16186096074776,377.6212386341966,374.3307669100592,275.0251432926178
2025-07-31,6,42,F,0.23,263.9536696079986,167.21787764182835,152.87351342373435,435.6577184999357,286.9165006300303,261.64272785368564
2025-07-31,12,42,F,0.06,198.91161374468115,92.10050374228396,89.01632559073799,383.53862009221507,165.680787150119,167.19571399698103
2025-07-31,18,42,F,0.96,7.159224931881037,12.62073543871252,3.6510533312986166,23.570394655777243,38.45649314638527,12.569961090858932
2025-08-01,0,42,F,0.52,198.19848029227802,205.40769487985008,152.6393315857711,372.57474362870033,373.9138771442903,274.92885543922796
2025-08-01,6,42,F,0.23,261.00947901923706,167.34487621252205,153.76108991603624,429.82616562396476,286.98021696729523,262.42118987916723
2025-08-01,12,42,F,0.06,195.34354216510798,90.48900313602293,87.50096496899393,375.0922424999723,162.45734999955624,163.74435736980283
2025-08-01,18,42,F,0.86,7.195522065645173,13.021294301146385,3.7341546861447625,23.633519034155256,39.75723123303795,12.687738972036321
2025-08-02,0,42,F,0.52,200.08328536503316,208.52600582010584,154.51575043786798,375.7943852644268,378.3017811500282,278.901765362836
2025-08-02,6,42,F,0.25,263.55276560752736,169.8223419422399,154.25431752379632,433.54958410170025,291.0420350056985,262.44021363962094
2025-08-02,12,42,F,0.06,198.58733364526483,91.09536761463846,87.8767306711445,380.7165941618795,163.91748648185433,164.68038579448572
2025-08-02,18,42,F,0.74,7.2276262645775216,13.411439969135802,3.7907590494206325,23.670760342198037,41.20243308282069,12.847191949515521
2025-08-03,0,42,F,0.56,194.91090984845636,217.24867448743385,155.49740514425918,365.55155106739187,400.13504830703135,281.92282772680016
2025-08-03,6,42,F,0.26,256.6666628780285,169.9882582451499,152.89496893287452,421.71584593281506,291.2371106891616,259.5172905830362
2025-08-03,12,42,F,0.07,191.5645333914164,91.39978354276896,87.91507649842215,365.92367084326986,164.6815076603839,165.80393670561944
2025-08-03,18,42,F,0.01,7.331596343480958,13.88736493606702,3.8016617679466713,23.83548096359722,42.672918154345815,12.861052320833275
2025-08-04,0,42,F,0.55,195.62357601474008,215.16133633156966,154.62950393591254,367.21062021487745,397.65229739061016,280.20423643433975
2025-08-04,6,42,F,0.26,257.6923613057488,170.0470034538507,153.41225505554567,423.65590267763423,291.2766182514852,260.50930083179105
2025-08-04,12,42,F,0.09,193.6412306666333,92.13019430665786,88.40052214429181,369.6533885494737,165.99225175879508,166.51211603292953
2025-08-04,18,42,F,0.01,7.234415485364294,14.384334347442678,3.8366111233212483,23.671708232942287,44.20695938360627,12.926861389599509
2025-08-05,0,42,F,0.56,193.07746089697622,214.54177029320988,153.70123943700295,364.18690715624945,397.03291608948024,279.32376861296495
2025-08-05,6,42,F,0.27,254.23575452508234,172.79050071281597,154.08383069579935,420.1448709052628,295.00606394032445,261.0711842946463
2025-08-05,12,42,F,0.08,192.77666642420763,93.27817592041445,89.12464538081046,368.68190676516133,167.04671635770802,167.10772709035714
2025-08-05,18,42,F,0.0,7.316375409268977,14.897341920194002,3.9050325496795972,23.90493843487233,45.874481800535214,13.070539207365483
2025-08-06,0,42,F,0.57,190.23493928743062,215.3881479056437,153.21060225946528,359.4252176939248,398.85723011143074,278.81711751944493
2025-08-06,6,42,F,0.27,250.3098900546567,172.68969765946503,153.3179368596013,414.60686858070045,293.9305714495747,259.1384542330215
2025-08-06,12,42,F,0.08,191.51998744140474,91.7795573026896,87.2666168428548,367.24752717400247,164.81396939131076,164.4549803417607
2025-08-06,18,42,F,0.0,7.343930819748995,15.1693507164903,3.7268619260031626,23.957969476082766,46.94560638038868,12.299307312659254
2025-08-07,0,42,F,0.58,189.46174314795897,216.19670280533512,152.02756493512763,359.6134595693813,401.14257911125486,277.85541806500356
2025-08-07,6,42,F,0.27,249.34172502591193,171.84853652998237,153.23413291438828,414.8444235615762,293.07754298736023,258.89137534485553
2025-08-07,12,42,F,0.09,192.13537328204438,91.41556863425926,86.18961130813004,369.6693039637078,164.3219642068105,162.9749081673964
2025-08-07,18,42,F,0.0,7.263438112653657,15.588267912257493,3.7167972022038933,23.674290605206185,48.30465522439208,12.301492503056869
2025-08-08,0,42,F,0.6,187.93901148611542,221.2053698522928,155.27273773281186,356.250319470536,413.89320103587494,285.6029453951776
2025-08-08,6,42,F,0.27,247.28793159698657,172.34356344062314,153.51891265645904,410.9553849159116,293.1211299686372,257.9621221462843
2025-08-08,12,42,F,0.09,188.94994493974806,91.94029163910936,86.20756477133898,365.4912487443812,164.76981233855247,162.72683378386256
2025-08-08,18,42,F,0.0,7.243143616637966,15.985158939594353,3.6942204318710297,23.590821082773974,49.6210295298135,12.272085263126224
2025-08-09,0,42,F,0.6,187.54083398294978,217.62604276895942,154.40443469724894,354.3512680774436,409.9971507043804,284.5882334145486
2025-08-09,6,42,F,0.27,246.692186738659,171.361917835097,152.9441294152558,408.746232311838,292.1853357658514,257.11991064928446
2025-08-09,12,42,F,0.08,189.83652542083175,91.60442884700177,85.50727131990666,366.5771995193957,164.48093549660678,161.7877085679496
2025-08-09,18,42,F,0.0,7.396244332775247,16.598813051146383,3.6757563808914866,23.982231878049028,51.31625059219072,12.243112851028753
2025-08-10,0,42,F,0.6,186.93520652164293,218.62487642746916,154.05525932286704,352.0065206094663,410.9400148277567,283.67437371043263
2025-08-10,6,42,F,0.26,245.78586311333422,171.02771778365667,152.8202672772706,406.0147648793595,291.674775415331,257.1202196946684
2025-08-10,12,42,F,0.08,189.9872325529702,92.84665547839506,85.81867384935587,365.61153163694826,166.23175946742774,162.39303015840449
2025-08-10,18,42,F,0.0,7.385435743590791,17.1258074845679,3.6208227973470963,24.06409108791402,52.6344429494774,12.150971983571958
2025-08-11,0,42,F,0.58,186.69237283397678,215.4365246086861,152.9843313992951,351.89347390991577,405.29508475873723,281.8075404942012
2025-08-11,6,42,F,0.26,245.43720329845118,170.36628980011756,152.35507420342006,405.88125643832785,290.5693744917403,256.4877601737826
2025-08-11,12,42,F,0.08,190.30650811438704,92.68066179453264,85.62202029241213,366.54724627298884,165.90042187287577,162.14474160613304
2025-08-11,18,42,F,0.0,7.441637083694118,17.809371285273368,3.570438717601736,24.250860839704664,54.34138892948342,12.012204653118259
2025-08-12,0,42,F,0.58,186.33843691089868,216.54147775573193,152.6027406095204,351.26093292038667,406.08589713168476,280.86802457504194
2025-08-12,6,42,F,0.26,244.93810717315725,169.7738341637272,151.3006071874836,405.1467912735902,290.0915106856745,255.42147598549252
2025-08-12,12,42,F,0.08,189.8834678401603,93.4118325011023,85.59656521010378,365.55365970331775,167.01564891929866,162.45369293208742
2025-08-12,18,42,F,0.0,7.510590489458756,18.305521527777778,3.5667420000672876,24.496712251071195,55.77063010971339,11.996643831626601
2025-08-13,0,42,F,0.6,183.95177069403303,216.9273727292769,152.34738772295046,346.7483853825119,407.66673109922743,280.5011969234541
2025-08-13,6,42,F,0.27,241.8353240046895,169.6745086015579,150.23084533948898,399.94724033475796,289.2208120171399,253.71851607723227
2025-08-13,12,42,F,0.1,185.1797392041522,93.45365636022929,85.029658755305,355.9698334537852,166.63309972277844,161.45569360445228
2025-08-13,18,42,F,0.0,7.3986831324287134,18.778497817460316,3.54701139161064,23.90708394080991,57.11893593244887,11.970003912814716
2025-08-14,0,42,F,0.63,177.11235087991426,218.3978369984568,149.69377990219488,333.843498118294,409.6286399258822,277.9459116295898
2025-08-14,6,42,F,0.3,232.69896541633412,170.8779580871546,149.71922051160774,385.0295756826062,290.51105382043596,252.1330205349571
2025-08-14,12,42,F,0.1,178.277347181954,94.63614574514993,85.79698897618262,341.0333536545721,168.64593341016632,162.25359352684853
2025-08-14,18,42,F,0.0,7.254645497424799,19.423625066137564,3.6182859394880396,23.421159535691654,58.927023855741425,12.216232607135279
2025-08-15,0,42,F,0.63,178.57193826145695,219.5302318948413,151.12490682018722,335.30763105418316,410.5169383374255,279.744830726433
2025-08-15,6,42,F,0.29,234.53860125258504,172.19160053644913,150.6034235583279,386.68778157250506,292.2827835255781,253.78102572137635
2025-08-15,12,42,F,0.1,179.6571883305128,94.78563447971781,85.74545458487609,342.1025337188444,168.58476113159566,162.14207561480535
2025-08-15,18,42,F,0.0,7.46494547437024,20.005590443121694,3.606186786281713,24.132989022201407,60.325897346126936,12.199128709866859
2025-08-16,0,42,F,0.66,174.1520037130111,226.7685532297178,152.15898556502532,324.5101221783256,430.72559270814116,281.9434902488552
2025-08-16,6,42,F,0.31,228.60758829248866,170.39806858833037,147.19271283953043,374.1985538705966,288.24913350828325,245.38957062103262
2025-08-16,12,42,F,0.11,175.63664564450227,95.22593616622576,85.89324357975076,333.81472412282096,167.9760066642424,161.98346427855995
2025-08-16,18,42,F,0.0,7.435003621952183,20.42945830026455,3.496702137361414,24.053577721179344,61.74957300032951,11.880387946685904
2025-08-17,0,42,F,0.69,172.42025893761246,232.7222100914903,152.45694091524834,321.1102424832618,441.6931410355946,282.3860870151137
2025-08-17,6,42,F,0.31,226.29229114569105,169.8957537955614,146.74967856238388,370.2691517644447,287.7977161465997,244.91133649145414
2025-08-17,12,42,F,0.09,175.0304853475901,94.04273935185186,84.33665508253833,331.92484262436193,166.47490537743712,159.76905214458515
2025-08-17,18,42,F,0.0,7.618246037852718,20.967409556878305,3.5242846838179314,24.468047078035344,63.241586272359164,11.931325606096351
2025-08-18,0,42,F,0.69,171.62246978917545,232.82982233796295,151.781610865437,319.88430727448423,442.1199424876077,281.3887941386014
2025-08-18,6,42,F,0.32,225.11263695675257,171.95464321355084,147.3407727362675,368.82233463244484,292.04749461169587,245.83699337266717
2025-08-18,12,42,F,0.09,171.98678401550737,94.40340108024692,84.76481863399566,328.2232367270534,167.14096378164635,160.54826456344887
2025-08-18,18,42,F,0.0,7.6615901296473545,21.51646200396825,3.516752467680983,24.63663291979073,64.66273322282359,11.929827305458153
2025-08-19,0,42,F,0.69,167.92203171196684,232.69438012566138,148.74910353260984,313.80633295165495,441.642571943495,277.0303587551899
2025-08-19,6,42,F,0.33,220.20015821709842,172.28498874926512,147.1634350810278,361.80276803390905,292.6924510931509,245.57971298412534
2025-08-19,12,42,F,0.09,168.1433983536759,92.78764803240742,83.3700497836975,321.8349506619112,164.94386244735486,158.74686638225913
2025-08-19,18,42,F,0.0,7.763837270504191,21.940236640211637,3.424518708577949,24.977286602747675,65.76727187899156,11.74707183880538
2025-08-20,0,42,F,0.69,166.1977773050902,230.96120385802467,147.03743541441062,310.8323170942318,438.8545622472909,273.6787634379513
2025-08-20,6,42,F,0.34,218.02620249316004,173.68190372207522,147.51632643798672,358.3943819641914,293.9983091824303,245.60708190760596
2025-08-20,12,42,F,0.09,165.0673971709009,92.96507700617286,83.08258375636528,316.0830768060439,165.043019538762,158.18170910890439
2025-08-20,18,42,F,0.0,7.619073729623873,22.678605555555556,3.3148156786331167,24.159250949269907,67.44271610102224,11.266289956159534
2025-08-21,0,42,F,0.67,170.8562178955061,231.08370349977955,149.14077592277178,320.3972263217971,438.9006052169955,276.96718736268497
2025-08-21,6,42,F,0.32,224.13860024886392,172.65321475235154,149.21164858388113,369.42251285024844,292.6563812200439,249.2618309363921
2025-08-21,12,42,F,0.09,166.62308263712055,93.63923349316579,83.99256270246617,319.73510550457775,165.59961179983992,159.74568139556607
2025-08-21,18,42,F,0.0,7.700119598848834,23.14305734126984,3.2500505268093387,24.404108184330937,68.64528792685485,11.149610286918712
2025-08-22,0,42,F,0.67,171.21828162072217,231.98821028990298,149.62907084028498,320.0832139347339,439.67077907129794,277.5409554813254
2025-08-22,6,42,F,0.31,224.58279164098724,173.48682161963552,151.0163787586605,369.0535294673703,293.02862005112297,251.8278392631116
2025-08-22,12,42,F,0.08,167.3468736620246,93.6635313161376,83.85838093887477,320.19622051231124,165.68132972875486,159.79594195908263
2025-08-22,18,42,F,0.0,7.793326438570446,23.634294841269842,3.243846298125744,24.700700558449682,69.81807659097049,11.154661859368385
2025-08-23,0,42,F,0.67,169.44227443817505,232.98466052689594,147.66600887564655,316.24580286830457,440.44413056384633,274.44167217571294
2025-08-23,6,42,F,0.33,222.2464262239573,175.2952518408289,151.89037344878025,364.61989771946196,294.79842734753305,252.37736324313525
2025-08-23,12,42,F,0.07,167.85863440994547,93.67849999448855,83.98740676776328,320.0716065139413,165.5969063965932,159.94949282381333
2025-08-23,18,42,F,0.0,7.742480425348643,24.173870701058203,3.259552546933366,24.650857781077626,71.20089601101779,11.190640606144518
2025-08-24,0,42,F,0.66,170.99364115502627,230.50414125881832,148.46174119936884,318.27991626070434,435.9322214774398,275.49995922971374
2025-08-24,6,42,F,0.33,224.28687562527924,178.39935434303354,154.79952864601506,366.96826720253114,300.23907873071397,257.473624920423
2025-08-24,12,42,F,0.07,167.68829927906626,92.12384325947973,82.61363281584447,318.63249810183873,163.19070113279142,157.7476147614667
2025-08-24,18,42,F,0.0,7.693861292216059,24.54855,3.121883265267961,24.624589526503392,72.24376101650901,10.779018379352348
2025-08-25,0,42,F,0.65,169.90070279681234,226.5975982363316,145.7260213399654,315.23428768514725,430.38903004455307,270.85955102879586
2025-08-25,6,42,F,0.35,222.82100540007403,181.70167519473836,155.97421939948418,363.44306092071423,305.04456688418816,258.87289833635685
2025-08-25,12,42,F,0.08,165.41922904621944,91.60207061838625,81.97899331744985,311.9104411734015,162.31660243817527,157.09385002373986
2025-08-25,18,42,F,0.0,7.660498465590973,24.83136061507936,2.987762336879937,24.65744693075042,72.9821307394204,10.431121199345979
2025-08-26,0,42,F,0.66,174.82263911707253,237.50495230930338,146.1885874770723,324.3175717248112,460.9073840293264,270.9748926605005
2025-08-26,6,42,F,0.33,229.32046672283997,182.02912305629042,155.75027840559662,373.9298856769516,305.596591804015,259.562084331142
2025-08-26,12,42,F,0.06,172.06231857251632,91.73174587191359,82.08728749147198,325.4533297989868,162.74174550230353,157.07352938578077
2025-08-26,18,42,F,0.0,7.554859675863188,25.221867493386245,2.980516343224713,24.49071292463057,73.90300764495181,10.435572165713852
2025-08-27,0,42,F,0.66,173.30945277816048,238.4947947255291,144.25890427049168,320.6043409305077,461.85608101159863,268.0490164646241
2025-08-27,6,42,F,0.34,227.34188095213997,182.57085892857143,155.30559703697836,369.64008101400714,306.67925245316695,257.3155040170605
2025-08-27,12,42,F,0.06,170.33732808952914,90.65606053791889,80.60798644209356,319.2884737217231,160.81895955088845,154.19945312474215
2025-08-27,18,42,F,0.0,7.461792366600773,25.530969047619045,2.8867777982341276,24.34368550083549,74.72434967989597,10.089952399415452
2025-08-28,0,42,F,0.65,174.5978458010479,239.26082611331572,144.47725282427186,321.92964470384163,463.17313576270175,268.52261076218264
2025-08-28,6,42,F,0.35,229.09822962197137,185.72843900646677,156.67164122093922,371.17645273263327,314.9643954844912,259.87724552175274
2025-08-28,12,42,F,0.05,172.19514007472614,91.20995866402117,80.7303669791117,320.8745534450491,161.62652242407026,154.0024469583331
2025-08-28,18,42,F,0.0,7.513181457463907,25.689779497354493,2.795772787857401,24.6453729175228,75.10732065412425,9.857825768079582
2025-08-29,0,42,F,0.65,176.82232750452417,240.59388813381833,145.78104731596758,327.72395875257143,464.702061165233,271.9851463656472
2025-08-29,6,42,F,0.34,232.01244744433174,187.35077419165196,158.32290951133612,377.8666948403727,317.45197459524303,263.4156523004284
2025-08-29,12,42,F,0.05,172.45598112334767,91.87856570767195,81.41463715579756,321.31842971350426,162.45623143274912,154.77783286193232
2025-08-29,18,42,F,0.0,7.427724671258837,26.040960945767196,2.754789897276797,24.552434083824107,75.83535756459126,9.788900797283667
2025-08-30,0,42,F,0.66,174.34813258108818,241.24969053681656,145.30422871590187,322.2345513253182,465.84655974559564,270.53174045954165
2025-08-30,6,42,F,0.36,228.66411424081812,187.55409750514406,158.48398991683527,371.506937088291,317.92391925736297,263.04104099308887
2025-08-30,12,42,F,0.05,171.7315229759595,90.22124672619047,79.54404275728781,319.9669304750835,159.88703814100484,151.7529517864329
2025-08-30,18,42,F,0.0,7.392733539305285,26.411098412698415,2.688850957245621,24.621137270805637,76.52923650160143,9.629437402544344
2025-08-31,0,42,F,0.65,176.13475977795326,240.43671063161375,145.50640900373665,326.3979853815193,463.9020806780226,271.00359622420336
2025-08-31,6,42,F,0.32,231.01491942114077,182.80202976190475,156.60313600148535,376.3176407094891,308.85624152316154,261.9979347342005
2025-08-31,12,42,F,0.07,171.09745922862467,90.12337062940918,79.12186112177493,319.3318130459111,159.70180328195968,151.08455839458415
2025-08-31,18,42,F,0.0,7.282002255006444,26.679807440476196,2.6552006404883417,24.45413172765214,77.1327970611916,9.596439228676722
2025-09-01,0,42,F,0.65,176.77149114197758,240.37669926146387,145.9822537521081,326.95087419550947,462.2138781439596,271.97980370988506
2025-09-01,6,42,F,0.32,231.88208566368675,182.2529045010288,156.60127191910675,376.95674016120955,307.80860886530365,261.8045431876813
2025-09-01,12,42,F,0.06,171.98708680079656,90.49291531635804,79.22380833719163,320.22166949590553,159.8756164310474,151.13004170091872
2025-09-01,18,42,F,0.0,7.310826357680591,26.864572751322754,2.5804949864724156,24.66140491482029,77.57174386869664,9.455263879393286
2025-09-02,0,42,F,0.67,176.09152906645082,246.74391170083777,146.52205225932576,325.6827105324039,471.36504884949403,272.7978922476356
2025-09-02,6,42,F,0.33,231.03580172345943,182.73341621105232,155.32939330541066,375.4985209826597,307.8179787493359,259.13896902668233
2025-09-02,12,42,F,0.07,169.38452330101637,90.20848618276014,78.8626727059131,315.67466198311683,159.27485905642948,150.59015678878885
2025-09-02,18,42,F,0.0,7.217337632920389,27.0493537037037,2.572422315969668,24.590533016213403,77.95759403029611,9.452461816046128
2025-09-03,0,42,F,0.67,175.27556260646935,247.22008248456788,145.96867473345654,323.2687384962018,471.79573235119324,271.4048589502376
2025-09-03,6,42,F,0.31,230.02611911448966,178.16930613609642,153.12958533234067,372.7217856927824,293.1920459276782,253.75342411605612
2025-09-03,12,42,F,0.07,167.84818221945645,89.95267021053793,78.48031016935496,311.4754389705636,158.7505086637489,149.57472494971972
2025-09-03,18,42,F,0.0,7.24587547556652,27.30353492063492,2.5393628869235534,24.74276664153494,78.5107466019988,9.424827167694463
2025-09-04,0,42,F,0.66,174.89717575345495,243.24184318783068,146.196215526868,322.7997024970513,466.72652970876845,271.4316219292011
2025-09-04,6,42,F,0.31,229.57867276557968,177.65138566284537,152.4078856943526,372.18740968357105,292.618155681579,252.8707694387288
2025-09-04,12,42,F,0.06,168.06670229748278,89.63413905423282,78.13266528645364,311.6441082560256,158.29007430900475,149.15764965479465
2025-09-04,18,42,F,0.0,7.23980085855188,27.407497949735454,2.465119618866861,24.926809539864355,78.666551590652,9.30334700142672
2025-09-05,0,42,F,0.67,174.47329676662127,239.29123681106705,146.7575192328785,322.70569937529245,462.6152868476828,272.616410041098
2025-09-05,6,42,F,0.31,228.9898756543576,178.421149239418,152.79748042299934,372.0721343614553,293.5421076931257,253.2534694957254
2025-09-05,12,42,F,0.05,164.63055766197917,89.49101437389771,78.21669617028913,305.4913539566443,158.21956578752432,149.6002556463698
2025-09-05,18,42,F,0.0,7.131862170617099,27.300252017195767,2.3019450697200687,24.834528463309994,78.50100945604774,8.763667734135467
2025-09-06,0,42,F,0.67,174.9269992374619,239.7334130897266,146.43851416296397,323.27978720812484,462.73509359718696,272.33147787100467
2025-09-06,6,42,F,0.3,229.57093714154485,175.20178942533803,150.49005467364645,372.72844294027436,287.38673793556484,250.2707963967196
2025-09-06,12,42,F,0.05,166.57699672142255,90.35551607694005,79.01506406009854,308.5645010324576,159.5654279077263,151.23446326531806
2025-09-06,18,42,F,0.0,6.984149570950921,27.42348961640212,2.2720880877846557,24.592102500893823,78.74588405149615,8.743660879353982
2025-09-07,0,42,F,0.67,176.3342066204209,239.67613944003529,148.4856090645204,325.13894245415133,462.8042170292475,275.3660922841473
2025-09-07,6,42,F,0.29,231.55907859618324,174.16388942901236,150.0651501891546,374.90524235540363,286.59589335077743,249.79719548934466
2025-09-07,12,42,F,0.04,169.07761211777233,89.652300380291,78.1439500991247,312.3792179576916,158.80933950356132,150.31574001907478
2025-09-07,18,42,F,0.0,6.860252692359605,27.426468551587302,2.2208669199783855,24.441000048681083,78.77422444030198,8.684402381973614
2025-09-08,0,42,F,0.67,174.96610679384744,237.20058107363317,147.20802703473274,323.7759655041212,460.18109931265093,274.5171416783259
2025-09-08,6,42,F,0.31,229.83588980244437,176.3478687830688,150.12387366738676,373.3507074734572,291.1872946715204,250.39047923780637
2025-09-08,12,42,F,0.04,170.44789273634944,89.56609162257496,78.10754934016003,314.7440025727095,158.69162536310935,150.45465312145697
2025-09-08,18,42,F,0.0,6.8055043515241715,27.317790244709,2.1479143319434604,24.442275163553358,78.59004028852391,8.55068348492266
2025-09-09,0,42,F,0.67,172.89517981042357,238.2699377149471,145.86504882823988,319.95318052511004,462.1960013280523,272.23893115990126
2025-09-09,6,42,F,0.31,227.08451595174975,175.89383913506762,149.54119824156598,368.9292852096672,290.7519191034026,248.95333175704076
2025-09-09,12,42,F,0.06,169.71154474099384,89.29191873346562,77.47641590085557,312.7333814702344,158.49881795580708,149.25051627209058
2025-09-09,18,42,F,0.0,6.57856242044562,27.203048115079365,2.079315978765902,23.923188657550636,78.41270623534412,8.425027790965926
2025-09-10,0,42,F,0.67,175.25550845706482,238.6251414517196,146.78779033910678,324.9271527347661,462.8825679572505,273.42794452236313
2025-09-10,6,42,F,0.3,230.26610608786677,177.70249249706055,152.73511160722393,374.68496179096485,296.02141300185275,255.77871599581195
2025-09-10,12,42,F,0.05,172.2461302169803,89.2565835372575,77.42757262923233,319.41055974793784,159.35336335301824,150.14613540540407
2025-09-10,18,42,F,0.0,6.524636489318234,26.976459656084657,1.9296581864687394,23.892464257712273,77.97541616064917,7.904261201633816
2025-09-11,0,42,F,0.65,177.35164690818797,235.05901076388892,147.13676750770833,329.67192066122516,457.86398940129857,274.71969062544196
2025-09-11,6,42,F,0.3,233.11538000014488,179.68920949074075,155.8705589611273,380.1756113904367,298.813317498455,260.89130245868927
2025-09-11,12,42,F,0.04,174.42455772741852,87.07486305665785,75.55344612030902,325.7445750487495,153.17876188383082,144.5532273753339
2025-09-11,18,42,F,0.0,6.374315636000852,26.751888458994706,1.886092796459222,23.67972995036133,77.5856278956101,7.860794363933087
2025-09-12,0,42,F,0.65,179.93114658368972,240.16119515542326,149.78092310766112,335.8888858049779,471.35109629398875,285.55471642620614
2025-09-12,6,42,F,0.29,236.63049355273318,178.3905179159318,154.28688726262044,387.3735312561635,297.9118056533532,259.58749778970065
2025-09-12,12,42,F,0.05,178.00247000312456,86.13075563271606,74.57623778325097,335.6818056367529,151.54069376266008,142.6459840423513
2025-09-12,18,42,F,0.0,6.240415705165507,26.444605753968254,1.8175056487244576,23.516207511389766,77.03772202339285,7.724544359095316
2025-09-13,0,42,F,0.66,176.6156257829182,239.0505409556878,147.51315365382015,330.7666569485987,470.6735968277917,281.3045059434026
2025-09-13,6,42,F,0.28,232.2584707839072,179.37844423868313,156.26898693306364,381.4599801157971,298.86587758327283,262.9378939713231
2025-09-13,12,42,F,0.07,173.52089608379012,86.6048016148589,75.35223109936736,327.9763475158141,151.90554689236808,143.58435387601983
2025-09-13,18,42,F,0.0,6.184789803810795,26.051383531746037,1.7002409824691023,23.475385517643556,76.28101557727626,7.2956952120185585
2025-09-14,0,42,F,0.63,179.7126411985538,230.9116304398148,146.89497584380496,336.4820618500499,452.74117265733327,279.9433070001946
2025-09-14,6,42,F,0.27,236.4269893025794,180.2758755915638,157.91337844533982,388.0695743883683,299.4025589060448,265.8611645973642
2025-09-14,12,42,F,0.06,175.00625805347326,84.13517074514992,73.02654540463388,329.6242453124129,146.53390372497188,137.50797079706442
2025-09-14,18,42,F,0.0,6.039423238656575,25.641315443121698,1.6484650235371758,23.275527154123864,75.52209356549194,7.187156398297411
2025-09-15,0,42,F,0.65,178.33886934631798,234.4914845623898,145.6265745439831,334.60331329973445,457.4149098845204,278.3184910035138
2025-09-15,6,42,F,0.28,234.63349604971975,179.76807198706646,156.79496322614048,385.8989953795218,298.9087736635073,264.67493271155166
2025-09-15,12,42,F,0.05,172.59938828360652,83.2472585207231,72.03001664438558,326.44047261020654,145.45033397861758,136.11726213698446
2025-09-15,18,42,F,0.0,5.997790948913276,25.188352083333335,1.591388947574976,23.249077953316387,74.67124133827161,7.050042071618168
2025-09-16,0,42,F,0.63,181.97178855898346,235.08041919642855,146.9539016895931,341.704295623556,458.07756385815924,280.6789189137461
2025-09-16,6,42,F,0.26,239.58378775022507,176.78371610082306,155.18034382273868,394.1286994930441,295.0334952784998,263.3853948991092
2025-09-16,12,42,F,0.05,173.76318209208196,81.39287743055554,70.45013276304076,328.50113573980605,143.12122636638628,133.93308896597645
2025-09-16,18,42,F,0.0,5.80977202521183,24.622054166666665,1.4957250721811415,22.88526419278396,73.63243603465457,6.753264552877765
2025-09-17,0,42,F,0.64,182.20104423383393,237.767050843254,146.47671853942018,342.2526451466412,463.0132607086198,279.5431513221653
2025-09-17,6,42,F,0.27,240.025538381253,177.17484309229866,154.49199841956394,394.7971986620931,296.4801485603674,262.8892175174577
2025-09-17,12,42,F,0.05,174.2056937351701,81.43930056216931,70.62644397605703,328.8708798742117,143.59109150158116,134.50849082832423
2025-09-17,18,42,F,0.0,5.654602834401491,24.081845634920633,1.4447082375978952,22.63554692454677,72.65638209920373,6.650189752533655
2025-09-18,0,42,F,0.64,180.96542748838772,236.32453599537038,147.85896041777815,339.5443725040381,460.8013879068125,280.89418209369416
2025-09-18,6,42,F,0.28,238.4456468304752,178.78817896825402,155.19369234599097,391.675386991286,298.52616965290815,263.70088720396586
2025-09-18,12,42,F,0.05,169.89268133673355,80.7448244488536,70.33836325073977,321.01891349133587,142.67891055257743,134.0603792018126
2025-09-18,18,42,F,0.0,5.51655393556288,23.50199897486773,1.3959836490017916,22.42526369865176,71.65002687850797,6.564762100845718
2025-09-19,0,42,F,0.64,179.35329060427725,230.90021913029102,143.9317649066326,337.4845417359231,449.2812610012708,273.11700042954783
2025-09-19,6,42,F,0.29,236.3096378575818,179.5711854975015,155.2210068391454,389.29401011089004,300.8046112346051,264.1761834331542
2025-09-19,12,42,F,0.05,167.81823159591215,80.61715887896825,70.22506792501214,317.53931238044225,143.20700838684266,134.29674973495187
2025-09-19,18,42,F,0.0,5.385070556231281,22.88443131613757,1.336247154582789,22.231891454111548,70.57333264611013,6.433729906902125
2025-09-20,0,42,F,0.64,177.8622733908296,230.72833236882715,143.3213508581025,335.93836911623,449.0660945184606,272.5916854236747
2025-09-20,6,42,F,0.29,234.40519997819726,179.5798986478542,155.36393051923181,387.5213197418028,300.7012859817276,264.03375080755075
2025-09-20,12,42,F,0.06,165.25890032896314,79.65712151124339,69.53218773491054,313.97500898439347,141.72950478639657,133.30655665801223
2025-09-20,18,42,F,0.0,5.179205814219267,22.182352612433863,1.2566506574039678,21.768130093339888,69.31890464121228,6.173657465402799
2025-09-21,0,42,F,0.65,177.3491345899163,232.69085209435627,143.47136423368156,335.0149657024973,451.75023942326226,273.0787348356972
2025-09-21,6,42,F,0.29,233.82611312780017,180.85120040417402,156.08368452327753,386.47481456334293,303.4247765868223,265.7318375229526
2025-09-21,12,42,F,0.05,163.3953646576152,79.27270785383598,69.46565810949255,310.92186473719175,141.17678939839251,133.36685009749124
2025-09-21,18,42,F,0.0,4.921892272488248,21.541367394179897,1.2288445491763398,21.025188022101595,68.28961274442933,6.1295858323493535
2025-09-22,0,42,F,0.65,178.0582020659625,231.95164234457673,144.60388819626334,335.94827177396644,450.5965451799478,275.04053027363415
2025-09-22,6,42,F,0.3,234.80462876673448,183.52114518665488,158.1247845017112,387.5555954564694,307.864482174775,267.9524213133671
2025-09-22,12,42,F,0.07,162.95228037886412,79.74463148699296,69.88296312208338,310.06679366283254,142.24297944145084,134.40483452958742
2025-09-22,18,42,F,0.0,4.73253178098922,20.802060714285712,1.1479523806533627,20.62028824719481,66.92468036751305,5.814201011017313
2025-09-23,0,42,F,0.65,176.58697162092338,233.86812472442682,143.87285406936184,334.45761342675627,455.3095653112274,274.55077752996186
2025-09-23,6,42,F,0.31,232.89586166195016,183.46236385214578,158.0001492654959,385.8377491366515,307.3086751173275,267.0878275505276
2025-09-23,12,42,F,0.07,162.13739869372174,78.38768418761023,69.19944608417786,309.3617903573004,140.32863911551442,133.23669746350305
2025-09-23,18,42,F,0.0,4.532229905987037,20.087284027777777,1.0929319248989984,20.15921574924537,65.62484510009327,5.676454737822926
2025-09-24,0,42,F,0.65,174.28027144257132,231.08034151785716,142.26425172605835,331.31628418595636,450.80819877895647,272.7829353537608
2025-09-24,6,42,F,0.3,229.85326811868782,181.7594591380071,157.5259499695942,382.209507704286,306.13650981043486,267.02953251325613
2025-09-24,12,42,F,0.07,159.98303791067426,77.99031650132275,69.33009926982041,306.8802943198924,139.9661097002,133.64485239132458
2025-09-24,18,42,F,0.0,4.2927574532176855,19.377210912698416,1.0418880866519937,19.500956510613907,64.30743738945554,5.564302529927483
2025-09-25,0,42,F,0.66,174.20854088186005,233.77347084435627,141.73281854422683,331.10265257914915,457.2984851322094,272.02270497094304
2025-09-25,6,42,F,0.31,229.83444957961171,181.9671526161082,157.13069585852156,381.97206530678557,306.1778944100365,266.3826775063931
2025-09-25,12,42,F,0.07,159.91243908169642,76.30120658068785,68.34450396204099,307.0317222894021,136.7927390414219,132.129096247545
2025-09-25,18,42,F,0.0,4.141906869628176,18.57749457671958,0.9254548940191196,19.230202651326405,62.5912957876793,4.917139834900686
2025-09-26,0,42,F,0.66,173.10289413131932,232.50374497905648,140.44048859174353,330.0958914411309,456.44693954833275,270.5725873397601
2025-09-26,6,42,F,0.31,228.5197718209159,182.1003375624633,157.88047104925406,380.8509267300715,307.3975921235104,267.82914981785314
2025-09-26,12,42,F,0.07,159.00604709806555,76.24488478284833,68.50623060319533,306.33039444371116,137.09575804711892,132.811694792512
2025-09-26,18,42,F,0.0,3.868244477605336,17.858552645502645,0.8798063126415152,18.279223587083415,61.18694964822568,4.808369236457707
2025-09-27,0,42,F,0.65,172.814796688983,225.61285079365078,137.75702195904543,330.36134156529744,437.97945956698055,264.6426151601215
2025-09-27,6,42,F,0.31,228.2246121193043,180.64339631466785,157.10914191891908,381.1696929366699,306.0878465713184,267.00079152981164
2025-09-27,12,42,F,0.07,158.1514507200509,75.19754787808643,67.9883125919945,305.0776787642189,135.4423407226545,131.3987726655423
2025-09-27,18,42,F,0.0,3.7332833956063536,17.07447261904762,0.8069875410835601,18.057377770304956,59.4182288222264,4.457500910825859
2025-09-28,0,42,F,0.63,174.0078791192414,221.82952213955025,137.70000694910124,332.45676479318837,431.10246214978474,264.2783718616067
2025-09-28,6,42,F,0.31,229.884192283301,181.51212916299238,156.89159383296217,383.5984079670723,307.29268655293043,266.40745816740184
2025-09-28,12,42,F,0.07,157.68338378047932,74.5180455191799,68.0175217695574,304.4585774246487,134.40915782967616,131.33330379954862
2025-09-28,18,42,F,0.0,3.521106666907073,16.301507804232806,0.7547518039475609,17.482042214218893,57.68152917246022,4.293590193838616
2025-09-29,0,42,F,0.63,172.34939537040455,218.83794688602296,136.17875949768808,331.03100358623675,427.1002456280172,262.80097059648364
2025-09-29,6,42,F,0.32,227.8099931607945,183.03640909758965,157.3032173108867,381.98004761730493,310.7033990389101,267.5486561613818
2025-09-29,12,42,F,0.07,156.6468694539425,74.06416162918872,67.59208028830896,303.36796829650365,133.59333873755287,130.54505206645808
2025-09-29,18,42,F,0.0,3.306551760640665,15.552602976190476,0.7249359875832458,16.86528474791352,55.97648949761014,4.227520101245791
2025-09-30,0,42,F,0.63,171.2994763276437,218.97540566578485,136.31317207874704,330.11726553613596,427.7051529544459,262.9339225521481
2025-09-30,6,42,F,0.34,226.49506840759037,185.2204684707525,158.37412079439042,380.9345768842184,313.9326782816879,267.91046063493377
2025-09-30,12,42,F,0.07,156.29098133043388,73.60394276895944,66.54610386047733,303.2264583458448,132.90572138981702,128.68867114006008
2025-09-30,18,42,F,0.0,3.07594267295794,14.848351322751324,0.720307468290698,16.090698350619302,54.42023570771878,4.225862650577594
2025-10-01,0,42,F,0.64,171.60909610121718,222.76201226851853,136.78564054825665,330.46310338276885,433.3056715102118,263.70552453162594
2025-10-01,6,42,F,0.33,226.9541937192509,183.13218082378012,157.2664689941301,381.3380432905977,312.0404133679544,267.0580814046193
2025-10-01,12,42,F,0.08,157.2965356248827,74.00566287477955,66.70687847000019,304.8802336132453,134.68814314636083,130.33161514754633
2025-10-01,18,42,F,0.0,2.8986477956839245,14.042122255291005,0.6356080161991645,15.633844587636219,52.31092746605528,3.7873528774373186
2025-10-02,0,42,F,0.65,175.89111145004938,224.94680420524696,141.82398178725032,349.02940504123944,439.30822667663386,283.950883646264
2025-10-02,6,42,F,0.33,232.80276610645248,187.75273667328042,162.14548628436472,402.8212837333437,320.88120240210026,280.93927306695497
2025-10-02,12,42,F,0.07,162.0008667303238,74.09136786265431,66.38895032854786,319.39421366197774,135.47554219912655,129.4561214236606
2025-10-02,18,42,F,0.0,2.7167762826499673,13.30887218915344,0.6150000124321849,15.120453889266168,50.4893557485424,3.7649876988622535
2025-10-03,0,42,F,0.66,176.36357585972715,232.91789843474425,145.40114930861213,350.2227364426375,455.14453024782176,291.18530281098026
2025-10-03,6,42,F,0.33,233.50107703537384,189.5676911963551,163.0572188090331,404.2064705825502,325.1047282782448,283.4947938821604
2025-10-03,12,42,F,0.06,164.57842119212344,74.53756949404763,66.46990995431875,323.7375418988803,136.47074304644778,128.9617780460043
2025-10-03,18,42,F,0.0,2.537743536878296,12.58276742724868,0.5758624248707886,14.544835918912664,48.66536365891937,3.6229337299681763
2025-10-04,0,42,F,0.67,175.5270739269849,232.0787013117284,145.81853410544431,349.7923762816178,454.87973063192817,292.59173760657126
2025-10-04,6,42,F,0.33,232.4452020168298,189.21900271164023,161.70601607689022,403.7143392782981,325.3692159866829,282.0047252373666
2025-10-04,12,42,F,0.08,162.83155588566774,74.38459431768078,66.44876757377634,322.2234063683592,136.76981192523158,129.77671641674092
2025-10-04,18,42,F,0.0,2.4134216432519833,11.793162566137566,0.5182411428189867,14.270087969626877,46.398223334254155,3.3723394758828023
2025-10-05,0,42,F,0.68,173.41673656610507,237.28526142526454,144.97931106709123,346.9274510121123,465.277480187806,291.93823265904365
2025-10-05,6,42,F,0.33,229.6879289159345,185.77010227439743,158.58306821108013,400.4095106947269,320.2469225855373,277.1815202207758
2025-10-05,12,42,F,0.08,162.0411197154682,74.960650914903,67.12085694831299,321.6528925856727,137.81912998059428,130.82605968902243
2025-10-05,18,42,F,0.0,2.276002757263064,11.045078108465608,0.49199841674785516,13.881076140114551,44.27055049644617,3.2902548231610087
2025-10-06,0,42,F,0.69,173.57823433495267,242.9121902612434,147.6530421756069,346.2798487152451,474.6122314585636,296.751444502292
2025-10-06,6,42,F,0.33,229.96963826181775,183.52436319444445,156.20104570827942,399.6686825789695,316.55889324288796,274.0163133334485
2025-10-06,12,42,F,0.07,162.22323960415835,74.6239251818783,67.12137579475096,321.2531445956518,137.4676539749099,130.7145543255277
2025-10-06,18,42,F,0.0,2.143734100862774,10.376145171957672,0.48090270441664473,13.471019869192613,42.48562691029455,3.259901115188828
2025-10-07,0,42,F,0.7,167.7859867109604,234.64852246472663,146.89730024011914,336.8817333077895,449.2978415427093,296.6950613797602
2025-10-07,6,42,F,0.34,222.3444910873098,182.1615366181658,154.9666385148111,388.829816439895,315.3635424771164,272.6597408415007
2025-10-07,12,42,F,0.09,153.95512117287953,74.49445806327161,66.74495375766563,305.497586893603,136.57413376579254,129.84062460534628
2025-10-07,18,42,F,0.0,1.9744706599789028,9.687159226190479,0.4667897352357833,12.720069517037045,40.51982305858618,3.2121327310357026
2025-10-08,0,42,F,0.7,166.116685871182,233.01881996803354,146.19058820429387,334.6787586270415,447.72345307864174,295.68341019041947
2025-10-08,6,42,F,0.34,220.1868786643639,180.40185634185775,152.79162449127827,386.29366745618137,312.29229456485274,269.52019173592595
2025-10-08,12,42,F,0.08,153.1523663135219,74.05038291446209,66.1431231431464,304.7330799302537,136.6481676629589,129.4914258621439
2025-10-08,18,42,F,0.0,1.8641074795462216,8.960344510582011,0.42221996934874517,12.39534857958308,38.2172157578794,2.9589441657551308
2025-10-09,0,42,F,0.7,165.6287903632763,228.897736965388,144.79513474065268,334.5053630402964,442.68729829384915,294.0059006799126
2025-10-09,6,42,F,0.33,219.6246887919411,176.19814161522635,150.13169057068714,386.1086617938687,302.18021488317794,264.77883916874595
2025-10-09,12,42,F,0.09,153.32572082225357,73.00229015652558,65.41757084801746,306.3007377284795,134.9618980763784,128.3412934824127
2025-10-09,18,42,F,0.0,1.7037137142159766,8.376323743386244,0.3861471648976714,11.584766839013707,36.6520306954171,2.7077822932798234
2025-10-10,0,42,F,0.71,164.1420509141786,232.14610659722226,145.20292859127468,330.5437968457396,449.322803604162,294.89550449542986
2025-10-10,6,42,F,0.34,217.71558536354237,174.9882822751323,147.62758017879295,381.543277850832,299.786208866959,260.76029325440754
2025-10-10,12,42,F,0.08,154.8556001479467,72.36820028108465,64.38028277792463,310.4590071266241,134.1691489406955,126.80098408818209
2025-10-10,18,42,F,0.0,1.5720932003836816,7.747572552910053,0.3699811297159562,11.016361477734776,34.75063561125994,2.666094620814438
2025-10-11,0,42,F,0.71,165.45889194449745,233.10538567570543,146.64839523657616,334.59707999621463,451.92148079581676,299.8588562818992
2025-10-11,6,42,F,0.33,219.54910993514582,177.32476059303352,149.77271423989308,386.2373184498454,304.00353250201476,265.6322045493892
2025-10-11,12,42,F,0.08,158.19577464783333,72.53974851741623,64.54702226592448,318.6727899817914,134.50234325566507,126.86430948506467
2025-10-11,18,42,F,0.0,1.4456757023041658,7.134888921957672,0.3512823982815914,10.457504891987279,32.846621164015076,2.6114549015690063
2025-10-12,0,42,F,0.7,163.25139937562105,229.7235907186949,143.60461491635343,330.1992874930212,444.8445913762318,295.1541850274742
2025-10-12,6,42,F,0.34,216.65450447451389,177.06131573339212,149.0093521655107,381.1622396163613,303.9553172384717,265.07942178298725
2025-10-12,12,42,F,0.08,157.1114213384563,72.54817816358025,64.65153608821294,317.3250041457931,134.7475199869421,127.19087354227695
2025-10-12,18,42,F,0.0,1.328003605882125,6.516754067460316,0.3343411380213982,9.941247797498027,30.784563006367616,2.5582112056645103
2025-10-13,0,42,F,0.7,162.4303862459691,227.79963495921518,142.88802634363762,329.6777342191482,442.72473148653654,294.2223990457402
2025-10-13,6,42,F,0.34,215.62975039148336,178.2427393261317,149.11983776022598,380.56971088467293,305.6878228725966,265.5541412355022
2025-10-13,12,42,F,0.09,156.6857445347657,73.42409017305997,65.16523491327668,317.00757426835787,136.39879454254887,127.86636582713025
2025-10-13,18,42,F,0.0,1.195838108736707,5.916718551587302,0.31465108830184874,9.228182356287569,28.69789396103653,2.4977836479179256
2025-10-14,0,42,F,0.69,161.8056674504005,224.32814186507935,142.2538425816471,329.8282102984053,436.44355517232424,294.0840144647103
2025-10-14,6,42,F,0.34,214.84770401196283,176.767563010729,148.47044021196862,380.7487709577748,304.0776647087157,265.08387922849863
2025-10-14,12,42,F,0.1,155.3317438692068,75.29338135471781,66.8977466882922,315.9165671995174,139.88396889929518,131.6869004020005
2025-10-14,18,42,F,0.0,1.0688643830517224,5.372018154761905,0.3010887241247903,8.49751434603241,26.849282204582877,2.451835187729235
2025-10-15,0,42,F,0.7,160.59199077491178,226.24612986662262,141.96781846058207,328.7658439297564,440.035908316869,293.96981107022225
2025-10-15,6,42,F,0.34,213.29291352742206,177.21173975602588,148.88533741318517,379.53002650231826,305.2960294898329,265.99618600731134
2025-10-15,12,42,F,0.09,154.3235535327155,75.53839407517636,66.81373403746302,314.99840615087277,140.7550507619736,131.8043243530063
2025-10-15,18,42,F,0.0,0.9507379813981766,4.753382572751323,0.2669122044396266,7.851688098477539,24.22666407869054,2.243037941009929
2025-10-16,0,42,F,0.71,158.80733592763428,227.64917599757493,140.40233311686072,327.1865788135887,442.9080092098928,292.7403615874833
2025-10-16,6,42,F,0.36,210.9680123724784,179.26013190402705,149.7643912959639,377.7120425655584,308.0341070471113,267.7464941529015
2025-10-16,12,42,F,0.09,152.72355842721618,75.10223390101412,66.23561316835178,313.423354388307,140.29550742075574,130.77448782126802
2025-10-16,18,42,F,0.0,0.8158476491902642,4.2972036706349215,0.2579401325613281,6.769301824699605,22.668697021470347,2.2172344927821386
2025-10-17,0,42,F,0.71,158.05141238311455,228.07569115961198,138.9194771224764,325.358245252044,442.9291372794808,290.5355408494167
2025-10-17,6,42,F,0.36,210.02268179356747,178.73431402116404,149.82146377718954,375.60905528934853,307.36518552597533,267.7884169677757
2025-10-17,12,42,F,0.09,153.49661058032342,75.05896927910054,65.91609084484158,315.07548160312484,140.1526877183079,129.96686280653162
2025-10-17,18,42,F,0.0,0.7015846179162861,3.871348148148148,0.24616904829639694,5.844434584090916,21.216479724703934,2.1749255815105966
2025-10-18,0,42,F,0.72,156.5147948710191,233.17733134920636,139.00550430979862,323.6732099855932,450.95940790672785,290.4783205711492
2025-10-18,6,42,F,0.37,208.03903289147226,179.85299905937686,150.24588561596352,373.6730607130251,309.0615382727093,268.1239941092726
2025-10-18,12,42,F,0.09,150.6874385574374,74.41029588844798,64.74005650776121,311.78471293899156,139.22841621438982,127.53936985424856
2025-10-18,18,42,F,0.0,0.6071568466349303,3.357828108465608,0.22516972399208043,5.129466795837955,18.89633407559041,2.042674328129948
2025-10-19,0,42,F,0.73,153.21154056127438,234.0833455577601,135.56617379478544,319.00213512970134,452.81825550619374,286.07539953341376
2025-10-19,6,42,F,0.42,203.6919048427922,184.57125861992947,150.74260279142644,368.286517717807,316.0003059990524,269.3682573975883
2025-10-19,12,42,F,0.09,147.13256585452177,74.54800154872134,65.00510256954877,306.681148529111,139.46367328422323,127.8961600988262
2025-10-19,18,42,F,0.0,0.5247087841698391,2.9045701388888894,0.22361852118313988,4.463459864214991,16.869226346542526,2.0405630655562867
2025-10-20,0,42,F,0.72,153.64381475310833,233.2140794642857,135.18986076298935,319.2555859877099,452.4470580492949,285.1865128676703
2025-10-20,6,42,F,0.39,204.31537040247653,181.5062981261023,149.2738922936212,368.58490784652645,310.92810674693294,267.25231862007854
2025-10-20,12,42,F,0.09,147.66025372610648,74.48647065696649,65.0209903491774,306.68993800893156,139.82861248924243,128.15643525661085
2025-10-20,18,42,F,0.0,0.4540308644047046,2.516657903439153,0.20547126801205606,3.8619571547128624,15.212681267814993,1.928591235755777
2025-10-21,0,42,F,0.72,151.78774265830174,232.32345852072314,133.684303464755,316.23116346682093,451.6247794868023,282.33999810432306
2025-10-21,6,42,F,0.4,201.87782259725196,182.44174811507938,148.80760774463923,365.0956839958668,312.1690916918884,266.5884311937338
2025-10-21,12,42,F,0.08,143.21200761784618,74.4851522707231,65.09404795176931,299.08775998833124,139.84717870304385,128.0577035945839
2025-10-21,18,42,F,0.0,0.3998601937660722,2.1273111441798944,0.19255793700815124,3.4517341138600828,13.335736534848873,1.872574305693245
2025-10-22,0,42,F,0.73,148.9563160019729,232.50631310626102,131.74623868689224,309.0070411957044,451.31652058447133,278.5147864711402
2025-10-22,6,42,F,0.41,198.13951911073477,179.3097871399177,145.5944984457956,356.7567154781706,305.9724691535793,260.4206380064347
2025-10-22,12,42,F,0.09,141.00525819005435,73.90965788690477,63.982209844087734,292.3589936852241,138.151188942734,125.44845337996152
2025-10-22,18,42,F,0.0,0.3565371758662486,1.7624126653439156,0.17998746870087168,3.1429658614862794,11.43147629318765,1.8166944178923048
2025-10-23,0,42,F,0.73,145.6515781388182,231.236853885582,129.83211110788332,302.92950036787545,449.8498529109308,275.54540650676955
2025-10-23,6,42,F,0.42,193.77985331543798,179.12471460537918,142.13997170931302,349.745369720676,305.5452249087217,254.5217060349281
2025-10-23,12,42,F,0.1,136.8527799401852,73.51733663470017,63.497779772513994,282.55263269067086,137.84840115003198,124.48510367061728
2025-10-23,18,42,F,0.0,0.313142517824708,1.4517079695767197,0.15321536866512464,2.765204302379983,9.81689364153606,1.5057611905310422
2025-10-24,0,42,F,0.74,141.66690415259245,232.9803231812169,126.8286123373928,294.50784023903157,456.9077345086315,267.07622504233944
2025-10-24,6,42,F,0.46,188.4987494819509,181.9422099426808,141.72868705218923,340.0229860366826,308.74167245962315,254.7892380079722
2025-10-24,12,42,F,0.1,130.07175131012642,73.70997994378307,63.59118647992282,266.4691375271759,138.30960919979347,124.83807927709641
2025-10-24,18,42,F,0.0,0.28193256993094595,1.1783528108465608,0.12764733224169475,2.542379992447553,8.359113257424381,1.15921386555612
2025-10-25,0,42,F,0.75,140.75123220077086,233.10571132054673,126.23401630018402,293.4837501940169,456.7447315363858,266.2157502720529
2025-10-25,6,42,F,0.44,187.32084091331538,177.66754799750146,138.3222576065407,338.84749321251013,303.1775538802334,250.63358170766736
2025-10-25,12,42,F,0.09,129.7873340625137,72.53217156635802,61.88314178531115,265.7340184134575,136.68436141214616,122.23050929823819
2025-10-25,18,42,F,0.0,0.24926793974776848,0.9323312169312171,0.10810813173088547,2.2620694414860067,6.9511483239253575,0.8975579466958706
2025-10-26,0,42,F,0.76,137.220044467418,235.97551161816583,124.07480725251995,286.43522903743064,460.93598002149497,262.4905649849385
2025-10-26,6,42,F,0.45,182.6499433991958,176.0614873052616,135.28506986471953,330.7132392825797,301.4714308434967,245.29006974703992
2025-10-26,12,42,F,0.08,127.92212654985211,72.73526767526455,61.932402668995046,263.1294853898079,137.20304551031396,122.90054213592518
2025-10-26,18,42,F,0.0,0.22068448561844306,0.7134900793650794,0.09315090995196146,2.013745004374071,5.5852252617085885,0.7012457590400257
2025-10-27,0,42,F,0.78,134.68639064455448,235.18806065365962,123.84851722711214,282.99257916383084,460.3945192015739,262.0435580258285
2025-10-27,6,42,F,0.47,179.30958490611255,178.22609442974723,135.4475572204841,326.7436915951659,304.90346224920415,245.9825303867407
2025-10-27,12,42,F,0.07,125.99048743346424,72.61060237544092,61.945761928091954,259.5566812661428,136.6260625442253,122.85415378078152
2025-10-27,18,42,F,0.0,0.1955943343282714,0.5221549272486774,0.08041653367762604,1.7932009972867524,4.253322295515055,0.5159996964858775
2025-10-28,0,42,F,0.79,133.2060539123739,233.89139624669312,123.32197593748255,278.13035827528887,459.26645742077494,260.2792718073329
2025-10-28,6,42,F,0.5,177.3669187415583,181.10628496105235,136.19171568438728,321.1329393565375,309.5260730799169,248.98415343102565
2025-10-28,12,42,F,0.09,126.15953339777165,72.65814487433862,61.618899260241854,258.94826228935295,136.62773796650995,122.38665880669478
2025-10-28,18,42,F,0.0,0.1700457556509947,0.3838994047619048,0.07550241341596671,1.5275401846168757,3.3396566795770757,0.4816465807859956
2025-10-29,0,42,F,0.79,132.90125304462128,231.74746031194886,123.81006267690877,277.65531136919157,454.67891619934994,261.1787752612618
2025-10-29,6,42,F,0.49,176.991001437157,179.02511335978835,136.08629124433529,320.5883434757406,306.7149735320341,248.78378714182483
2025-10-29,12,42,F,0.09,126.55620503602735,72.97374442791005,61.6476319178468,260.18213462726777,137.21981421160692,122.59230289801275
2025-10-29,18,42,F,0.0,0.14660558644308044,0.2576979166666667,0.07302085258301033,1.258633458082282,2.3075684204886406,0.4720132248834635
2025-10-30,0,42,F,0.78,133.5640102381041,230.28496448963847,123.55872818978699,279.41580031007754,452.71177638286537,261.7499969130073
2025-10-30,6,42,F,0.47,177.9059899377925,176.78520932539683,135.26618168439217,322.62564748179943,304.49869550896864,247.4967877567229
2025-10-30,12,42,F,0.09,125.82241084372568,73.38194069113757,61.668249102940024,259.29655044338637,138.2737885232073,122.83881553226288
2025-10-30,18,42,F,0.0,0.12530234088811149,0.16788584656084654,0.07194175828602398,1.0116156162416314,1.5270374941689813,0.4703975103938705
2025-10-31,0,42,F,0.78,134.1478191482507,229.21553416556438,123.87599448572728,280.0688221261546,450.81252994844476,261.9926422998134
2025-10-31,6,42,F,0.46,178.7123671453219,174.43332224059378,133.22119469499978,323.38322346540946,299.98490960662247,243.98812115848347
2025-10-31,12,42,F,0.09,126.34367172064057,72.59417685736331,60.935343458424704,260.2537026984849,136.81167215137154,121.53870482754047
2025-10-31,18,42,F,0.0,0.10668283063280158,0.0997529761904762,0.06917968991636529,0.8150258740429477,0.7798501713928312,0.45918017330152344
2025-11-01,0,42,F,0.77,135.96092221130294,230.62934064704586,124.93331243610315,283.1096103911721,452.19601810287304,263.90947319695834
2025-11-01,6,42,F,0.44,181.15714519508546,174.12717035567314,134.15897667928738,326.8980303448203,299.7137070345112,245.13687911096537
2025-11-01,12,42,F,0.08,128.98895915028666,72.39945987103174,61.10097959069545,264.7190208513416,136.53644527584188,121.78974309058844
2025-11-01,18,42,F,0.0,0.09111655403208274,0.06868988095238095,0.06592544224207354,0.6543594200094311,0.4921562235640804,0.44291592856966694
2025-11-02,0,42,F,0.77,133.80943674928295,226.88539983465608,123.1179422098787,280.48948431497416,448.4535815349563,261.9253723194713
2025-11-02,6,42,F,0.45,178.3134695753965,173.0190577968842,132.32769270289475,323.8755105432792,297.18536914004375,242.08778210920153
2025-11-02,12,42,F,0.08,127.71660142148752,71.42282853284831,59.97937421926688,262.46281978538155,134.7635540411874,119.77559258343922
2025-11-02,18,42,F,0.0,0.07781272060947099,0.0605207671957672,0.06145090148221357,0.5289681944143019,0.4644304363251672,0.4108767784567553
2025-11-03,0,42,F,0.78,131.37700268224194,227.39554321538802,121.3627950421811,276.50662162325597,448.9516974909225,258.62561474510693
2025-11-03,6,42,F,0.46,175.0915665932288,172.40230629041739,129.80362769490566,319.2787144327074,295.76869518974746,238.7912075230988
2025-11-03,12,42,F,0.07,125.62090762470112,70.98022019951499,59.398637553263896,259.0812411058254,133.70209143030183,118.53563680303554
2025-11-03,18,42,F,0.0,0.06703596400600516,0.05574298941798941,0.05674639538832947,0.4315287531228366,0.4303363255739232,0.3719369727752813
2025-11-04,0,42,F,0.77,132.52207579673387,224.98380857032632,121.71170071265063,278.2945273219265,444.05764761756393,259.0531731487886
2025-11-04,6,42,F,0.44,176.63543953643605,171.30023918283365,129.92110435096959,321.344755630773,294.3912103744225,238.89227253183125
2025-11-04,12,42,F,0.08,126.3972914126921,71.70545819554673,59.84384915779029,260.5309822116153,134.6720074920374,119.42780824528609
2025-11-04,18,42,A,0.0,0.05887758966068591,0.051364153439153445,0.05246962971464918,0.36072949341754584,0.3997005758944692,0.33605640988151847
2025-11-05,0,42,F,0.77,131.94204072895866,224.27732106481483,121.14607028432265,278.12645509126725,443.4218354778015,258.86913378966943
2025-11-05,6,42,F,0.44,175.8749450074582,171.76002577895355,129.65121099209887,321.15156733023224,294.5621366061727,238.99576421820794
2025-11-05,12,42,F,0.07,126.09360874842638,71.93260508708111,59.78226875147342,260.82953946584354,135.16298570282723,119.58540228313328
2025-11-05,18,42,A,0.0,0.054056950265221934,0.04824305555555555,0.049489784507903825,0.3224711794453605,0.3830847781911284,0.31615680376817795
2025-11-06,0,42,F,0.76,131.4909413035745,223.06815192350092,120.74281873338211,277.5071104742373,439.87753954968565,258.42015680870145
2025-11-06,6,42,F,0.44,175.28314930390874,171.63888473691944,130.66632348648312,320.43692519667127,294.3290280802228,239.9836501914292
2025-11-06,12,42,F,0.07,125.07988078973956,72.14143051146384,59.40231329931485,259.2993332309996,135.79480664877894,119.26761265817761
2025-11-06,18,42,A,0.0,0.05051436387246528,0.045054497354497354,0.046418335356570625,0.3010341419779934,0.36481069487507917,0.2937801768951109
2025-11-07,0,42,F,0.76,132.58162086155906,222.30006222442682,121.54836369617843,279.23507088872714,439.12793980718357,259.70928335259663
2025-11-07,6,42,F,0.42,176.7446673784462,168.47712511022928,129.270723033758,322.4325093527318,289.7770329070765,237.35649789246756
2025-11-07,12,42,F,0.07,124.97676869043717,72.00541785714285,58.934196555738886,259.1828017360786,135.19717117366218,118.36390626034881
2025-11-07,18,42,A,0.0,0.04818414463044876,0.04277156084656085,0.044219571013367175,0.29024640542321667,0.354459102647591,0.28083771919391953
2025-11-08,0,42,F,0.74,133.79845329377375,218.82691413139332,121.72402444063592,280.13272059230945,435.02995344181915,259.8450648124435
2025-11-08,6,42,F,0.43,178.37247227800984,171.2985688712522,130.7328143595425,323.4691952044257,294.27526684168623,240.1052859084052
2025-11-08,12,42,F,0.06,127.85167840599104,71.27702887455906,58.0257770289597,263.26141818716593,134.5803257557153,117.34515390187296
2025-11-08,18,42,A,0.0,0.046450417091128064,0.040728902116402114,0.042225831981120274,0.2850084365103489,0.34542325391501666,0.2693371570818253
2025-11-09,0,42,F,0.74,130.89480319048513,215.78430223765432,118.93842179274976,275.53713552463654,429.5593502016319,256.76204114137676
2025-11-09,6,42,F,0.43,174.50483719761604,170.1772111919459,130.15568867874086,318.1627540975736,292.698988994547,239.6382190782594
2025-11-09,12,42,F,0.06,126.67112213788846,71.56872239307759,57.834041328354616,262.30597478844254,134.92370612753987,117.16980234439484
2025-11-09,18,42,A,0.0,0.04491514906813927,0.03920853174603174,0.0407140990643473,0.2815202871693839,0.33992250629281895,0.2622140957312713
2025-11-10,0,42,F,0.74,131.44373501587015,214.9697227733686,119.37780517716921,276.48322963479603,428.8931349088963,257.377196345565
2025-11-10,6,42,F,0.41,175.23987757007984,165.36969589947088,128.49797511019318,319.2552574643754,283.18964138490276,237.13614237092443
2025-11-10,12,42,F,0.06,127.8202286796942,71.425914175485,57.3827323431981,264.1278030046004,134.8335225949131,116.70519248010636
2025-11-10,18,42,A,0.0,0.04357001603222034,0.03809927248677249,0.03957582299125084,0.27802302306460724,0.33629131731165224,0.25740140867121253
2025-11-11,0,42,F,0.74,132.2120834470688,215.355666920194,119.48049677746096,277.11411211871183,428.9278639321749,257.5804152500477
2025-11-11,6,42,F,0.38,176.26660178245368,163.41678978542032,127.36397907278763,319.9837607198177,280.6469299369862,235.97898088920152
2025-11-11,12,42,F,0.06,128.41081751708404,71.31330678461198,57.32844538762311,264.75364403104317,134.7632034135395,116.94277470148076
2025-11-11,18,42,A,0.0,0.04230070610023903,0.03724603174603175,0.038644837368477035,0.2741058572217473,0.3340519865959148,0.25436559188848357
2025-11-12,0,42,F,0.73,130.46711808131494,212.62677302138448,117.91262140278639,275.05754200290545,424.3638497985051,256.01179688413526
2025-11-12,6,42,F,0.39,173.94164984955395,163.3663725676073,126.43211274254678,317.60904881119114,280.47077520244915,235.08251810470193
2025-11-12,12,42,F,0.06,125.74971222073351,69.79619332561728,55.94605367719821,260.8646330168229,131.30815053722984,113.70013034903724
2025-11-12,18,42,A,0.0,0.04068844536870094,0.03695277777777778,0.03823776498459477,0.26713539932019315,0.33359799136276264,0.2536473168908855
2025-11-13,0,42,F,0.75,120.17930798675026,208.06752559523812,109.08931114553965,235.94990769289257,415.9972247618409,223.58520091364213
2025-11-13,6,42,F,0.43,160.22576102455898,160.62808966784243,118.3423734768321,272.4514410917857,274.1445988192193,209.98924406897865
2025-11-13,12,42,F,0.08,118.49357915157707,69.13595487764549,55.200266997377646,236.39385592293786,129.79050316070231,111.70723051235638
2025-11-13,18,42,A,0.0,0.03910471778951774,0.036854894179894175,0.038023456229975064,0.2603733691852221,0.33350008700013933,0.25346222040118005
2025-11-14,0,42,F,0.74,118.9719228333221,202.62796038359787,106.94051019546022,234.08748381807575,402.75225977536985,219.18473675549217
2025-11-14,6,42,F,0.42,158.61712055925656,157.0914453924162,116.08617949580605,270.3009034294956,267.17432733701526,205.42125029036785
2025-11-14,12,42,F,0.08,116.8941011960357,68.87190806878307,55.330578778921954,233.42156238972007,129.00834566975095,112.67871925974401
2025-11-14,18,42,F,0.0,0.0363834718516961,0.036198544973544966,0.03618578792354145,0.24904897849623062,0.3320917718152731,0.24836895136217751
2025-11-15,0,42,F,0.74,118.3411552244307,201.5602510637125,106.4614584444696,232.68444589385032,401.61081101494926,217.66923938365548
2025-11-15,6,42,F,0.43,157.77718004340994,158.67260313786008,118.14280507237326,268.68081804363567,269.1904137539236,208.48052626931664
2025-11-15,12,42,F,0.07,116.66780703079115,68.40075543981482,54.72928007037697,232.11479082598063,128.069537200236,111.42224623876918
2025-11-15,18,42,Q,0.0,0.03333473390480885,0.034755621693121685,0.03335823655020401,0.23643003935258775,0.32695441807891623,0.23699066715548317
2025-11-16,0,42,F,0.73,118.04631862364607,196.41106533289243,105.20305580762134,232.523332431376,390.66765171531296,216.74172761837139
2025-11-16,6,42,F,0.43,157.38525990314037,158.12855432098766,117.45879786614533,268.49478561997086,268.7409910578928,207.95318406458253
2025-11-16,12,42,F,0.07,116.12320684074994,67.63458936838624,53.89984311837071,231.86338824428816,126.83093490657258,110.2503487787628
2025-11-16,18,42,F,0.0,0.029806086458113876,0.0323151455026455,0.029806086458113876,0.21696294455326942,0.3129905093161096,0.21696294455326942
2025-11-17,0,42,F,0.72,115.17351759047227,190.26484607032629,101.32024175646448,227.5229098001425,378.4071154509773,208.52611660637473
2025-11-17,6,42,F,0.44,153.5561610648957,157.0783593327454,116.37091541897789,262.72080231699834,267.73669727545,206.47409050666866
2025-11-17,12,42,F,0.07,112.71195223207829,67.1399427744709,53.37755677348311,225.58662237654568,126.2486976815143,109.67746711107223
2025-11-17,18,42,F,0.0,0.02624203424619615,0.02914384920634921,0.02624203424619615,0.19184194082970482,0.2889646151627177,0.19184194082970482
2025-11-18,0,42,F,0.72,114.92976936043954,188.15429029982366,101.33865088659957,227.3742782850013,374.4882841795706,208.2457074765015
2025-11-18,6,42,F,0.45,153.23245209534275,159.2589911302175,117.44240727390914,262.54918614763653,271.23478346818075,207.69144767773835
2025-11-18,12,42,F,0.07,111.9601254910474,66.49761512896825,52.54601119614718,225.21378255923017,125.55175709987031,108.56874399815659
2025-11-18,18,42,F,0.0,0.0229876949737533,0.02562612433862434,0.0229876949737533,0.16627442063003142,0.25696813316370615,0.16627442063003142
2025-11-19,0,42,F,0.72,115.70863704446404,188.48011968694885,102.00457668861124,229.33329897042555,374.9646624647086,210.19519462041166
2025-11-19,6,42,F,0.46,154.27175284893642,160.2986299382716,119.4352666921445,264.81127176548256,273.28576706388964,211.7402075843461
2025-11-19,12,42,F,0.07,113.48122523379224,65.85091166776895,52.41766726077888,228.6299520445849,124.33416216309212,108.33440392960587
2025-11-19,18,42,F,0.0,0.020517243939845577,0.02226137566137566,0.020517243939845577,0.1488104587410828,0.22404766744681764,0.1488104587410828
2025-11-20,0,42,F,0.73,113.6105698144565,188.66905098655204,101.40753441818947,225.79387504039966,375.0950081957452,209.02169139387024
2025-11-20,6,42,F,0.48,151.4748068793442,162.0434548206937,119.15742184249437,260.72429794321584,276.84478615869847,211.36394859288336
2025-11-20,12,42,F,0.07,110.00164355511,65.34523473324515,51.810690029837886,222.51185816534067,123.76348147759256,107.86033955967312
2025-11-20,18,42,F,0.0,0.01874435418384117,0.019125462962962966,0.01874435418384117,0.13892431440709466,0.19091355288697007,0.13892431440709466
2025-11-21,0,42,F,0.72,112.05577745235148,182.67270823963844,98.90042840467478,222.12309721792786,363.62518595876264,202.70882481055412
2025-11-21,6,42,F,0.48,149.40205545851535,160.38864029982363,118.84211236078039,256.4856490804678,275.45226004450194,211.31464198642294
2025-11-21,12,42,F,0.06,108.18722345601434,64.5063486717372,51.23378521459299,216.4540673247351,122.64625418609472,107.33680299174077
2025-11-21,18,42,A,0.0,0.017457578221679686,0.016082738095238094,0.017457578221679686,0.13323103140249531,0.15349546813105747,0.13323103140249531
2025-11-22,0,42,F,0.72,109.19742644025193,177.35158411044975,95.72372264456253,214.37320498231136,352.2561520170585,192.22938633916698
2025-11-22,6,42,F,0.5,145.59096870844277,158.01476737213403,115.18290497022222,247.53684398844092,271.0966772671716,202.21526731328865
2025-11-22,12,42,F,0.07,103.58827944045969,63.256429563492055,50.498266024001815,202.77957343663772,120.97850826920771,106.39147286669716
2025-11-22,18,42,A,0.0,0.017253451954736616,0.01379378306878307,0.017253451954736616,0.1330057310940606,0.12753863155798145,0.1330057310940606
2025-11-23,0,42,F,0.72,108.16712245781446,176.739005335097,95.15401021612455,212.92163584894598,351.36389833470884,191.60568614721853
2025-11-23,6,42,F,0.5,144.21740144099766,157.24990030129337,114.17649932339093,245.86071644869443,270.6118008870727,200.74432457501842
2025-11-23,12,42,F,0.06,102.70760275522454,62.63586572420634,49.951543172670746,202.04064400100498,120.0903007945915,105.68123126980842
2025-11-23,18,42,A,0.0,0.016962540192826586,0.011710714285714284,0.016962540192826586,0.13268289299711405,0.10129733024002464,0.13268289299711405
2025-11-24,0,42,F,0.72,108.67838532796489,176.65457022156085,95.69889908699614,213.61099712338626,351.5982698139085,192.9553104938626
2025-11-24,6,42,F,0.49,144.8992639321356,154.70632317019403,114.12069147282223,246.65672257180293,267.1269581023545,200.62650216753994
2025-11-24,12,42,F,0.04,102.97125512593972,60.67428139329805,48.283929770914774,203.00589824222072,117.0400189660025,103.42734221457819
2025-11-24,18,42,A,0.0,0.016365872498395006,0.010073544973544974,0.016365872498395006,0.13096847667674494,0.08089049173691029,0.13096847667674494
2025-11-25,0,42,F,0.72,107.53419914635977,173.93112972332455,94.45294507466804,211.0737827381588,347.9752567122279,189.974826731138
2025-11-25,6,42,F,0.49,143.3739117416156,153.09053497207523,112.76865118707542,243.72700008026985,265.69165361838884,198.99880508406747
2025-11-25,12,42,F,0.02,102.65323225891619,58.50434386022927,46.3753969180039,202.65919164076877,112.71882594810305,98.53304577833647
2025-11-25,18,42,A,0.0,0.015462941131401809,0.008791335978835978,0.015462941131401809,0.12662145549123716,0.06527295634001175,0.12662145549123716
2025-11-26,0,42,F,0.72,107.69668697314735,174.4266535989859,93.70233368545908,211.68886234993536,348.45832754491533,189.1467017364168
2025-11-26,6,42,F,0.46,143.5908814175167,148.1901036890065,109.89172201226297,244.43723377901046,255.89021628728457,194.67910372561334
2025-11-26,12,42,F,0.03,101.82938490467376,57.309966628086414,45.63997992178728,201.90911393397025,110.39707371550942,97.25738873275535
2025-11-26,18,42,A,0.0,0.014349913609590696,0.007813690476190478,0.014349913609590696,0.11946032811494034,0.054189668803439416,0.11946032811494034
2025-11-27,0,42,F,0.71,107.1126662742541,171.75740555555558,93.18486486272649,211.0169327864279,343.2910719679507,188.84298714521933
2025-11-27,6,42,F,0.44,142.81256817011416,145.93918638301002,106.9749821160814,243.66135760781881,252.46030556028808,190.89565598250584
2025-11-27,12,42,F,0.04,100.84432680183605,56.77614161155203,45.125504316827715,200.3889291961658,109.36101706787765,96.44535834082602
2025-11-27,18,42,A,0.0,0.013160539012975248,0.00711494708994709,0.013160539012975248,0.1106261689721852,0.04760213552854858,0.1106261689721852
2025-11-28,0,42,F,0.72,105.49921351108864,169.87444681988538,92.58157420458774,208.23149318737225,341.5730473531412,187.90084393172168
2025-11-28,6,42,F,0.47,140.66173890421004,146.50130640799532,106.29653617820006,240.44501063500346,253.25785003626666,189.1100740467262
2025-11-28,12,42,F,0.05,99.34133591835258,56.22487268518518,44.8899563917441,196.58740006722118,108.39230002323754,96.19048383828765
2025-11-28,18,42,A,0.0,0.011826756905168214,0.006746296296296296,0.011826756905168214,0.09862517121486229,0.045524864129047694,0.09862517121486229
2025-11-29,0,42,F,0.7,105.32430934810407,162.50344822530866,91.2247359216444,208.04023165017756,328.96925952805833,186.46715262739613
2025-11-29,6,42,F,0.45,140.42901226545538,144.8977190255732,105.05945684648384,240.22416284609054,250.55244388245552,187.9601297349256
2025-11-29,12,42,F,0.05,99.13239287481328,55.06564759700176,44.42796474111112,196.4372752540157,106.34434109570351,95.64478378910906
2025-11-29,18,42,A,0.0,0.010550913124275897,0.006522089947089947,0.010550913124275897,0.08607644829360264,0.044784695692322934,0.08607644829360264
2025-11-30,0,42,F,0.67,107.77506373427128,162.36819393738978,91.50819790979521,214.97225115876546,329.6061341479968,188.05644058957182
2025-11-30,6,42,F,0.4,143.69713512785637,140.05040980305705,104.68506079004013,248.22857115853265,241.442520350568,188.83701970226304
2025-11-30,12,42,F,0.07,102.62192197162206,55.07273101300706,44.12260734550079,207.331279621758,106.37413759936994,95.22698365997586
2025-11-30,18,42,A,0.0,0.009205184142642455,0.006492857142857142,0.009205184142642455,0.0705583015031919,0.04476845958423155,0.0705583015031919
2025-12-01,0,42,F,0.69,106.33822964516438,162.8835305776014,91.51580173401183,212.93655152005425,330.14355572985414,187.64911573256938
2025-12-01,6,42,F,0.42,141.78174237528893,139.63470471046443,104.30483676589249,245.87794869441143,241.5514821858247,188.24211461544934
2025-12-01,12,42,F,0.07,100.64202916132727,54.47924656084656,43.39849387922272,204.17494643275123,105.2207660449268,93.34104422948661
2025-12-01,18,42,A,0.0,0.007968737120393811,0.006336838624338623,0.007968737120393811,0.057505456682836936,0.044378895983678536,0.057505456682836936
2025-12-02,0,42,F,0.69,105.59074376827539,161.3248390376984,90.68853501772033,211.83592844666583,327.2908592558604,186.70257173701162
2025-12-02,6,42,F,0.42,140.78542884716907,139.21364881687242,103.06633108961073,244.60705929858787,241.31363022164808,186.9542899189473
2025-12-02,12,42,F,0.07,101.01911778267764,53.55708697089947,43.02905709111315,204.98204107047505,103.48921284645556,92.69123228553902
2025-12-02,18,42,A,0.0,0.006893269334221644,0.006096230158730159,0.006893269334221644,0.04697343914649997,0.043452479897691215,0.04697343914649997
2025-12-03,0,42,F,0.68,105.47922445165388,160.22630672398589,89.51432663605085,212.37633053023407,327.64950277271237,185.34595382018773
2025-12-03,6,42,F,0.42,140.63702495234227,139.44290504115227,102.64221433083523,245.2310623054079,242.29118171295983,186.82170793038568
2025-12-03,12,42,F,0.06,100.6443825267364,52.79163636463845,42.66487439057829,204.27504270401081,102.12923175434778,92.34264445849026
2025-12-03,18,42,A,0.0,0.005946237709876943,0.005760251322751321,0.005946237709876943,0.038323729907751375,0.04157188640677724,0.038323729907751375
2025-12-04,0,42,F,0.69,104.6428865794454,162.5046351576279,89.77308811755591,210.74224282553934,332.86587859412805,185.9655548742799
2025-12-04,6,42,F,0.41,139.52215563773294,136.37247998971193,101.63524208943974,243.3441806275109,238.04132337223874,185.90498843408062
2025-12-04,12,42,F,0.07,100.50353018191542,52.582118165784834,42.39629044249098,203.84899176455014,101.83529137448568,92.02574394322755
2025-12-04,18,42,F,0.0,0.0050962891974899605,0.005309920634920635,0.0050962891974899605,0.030835677576840227,0.038059967129302645,0.030835677576840227
2025-12-05,0,42,F,0.68,103.67176152668384,155.71718922508816,87.78004207340807,208.87529846691504,306.27424209863744,178.10363674455715
2025-12-05,6,42,F,0.39,138.22749851530656,132.78756426366846,100.27790813205141,241.188419117907,233.13269596008186,184.16059816052382
2025-12-05,12,42,F,0.07,101.00379581104859,52.089659909612,41.987582038428044,204.47236579007674,100.95613218672663,90.9805672693196
2025-12-05,18,42,F,0.0,0.004536125642602123,0.004969510582010582,0.004536125642602123,0.026457696744153707,0.035818162624700944,0.026457696744153707
2025-12-06,0,42,F,0.67,103.52613573823805,152.44421241181658,86.8105510628988,209.36566589080653,301.03259949887183,177.08629472381318
2025-12-06,6,42,F,0.4,138.033472258194,133.2019098324515,100.6807925298784,241.7546467402896,233.68962149476192,184.13189262494492
2025-12-06,12,42,F,0.07,100.95774470049024,51.22888261133158,41.77279279422235,205.63873476594975,99.19386813504568,90.60953202941441
2025-12-06,18,42,F,0.0,0.004133477359550376,0.004653240740740741,0.004133477359550376,0.023770047566667604,0.03369420049244969,0.023770047566667604
2025-12-07,0,42,F,0.65,103.95701762813931,148.15998657958554,86.05971010796512,210.62996308946646,293.2272317473402,176.5650129090088
2025-12-07,6,42,F,0.39,138.60807721556776,132.68693317166375,99.87781398696764,243.21453144375687,232.8636454078939,183.34071568519002
2025-12-07,12,42,F,0.07,100.22237238562847,50.672047128527346,41.285565042520446,204.87317657592493,98.23915127649026,89.17570003672589
2025-12-07,18,42,F,0.0,0.003867175938143074,0.0043728174603174606,0.003867175938143074,0.022350895017388562,0.03192123294037783,0.022350895017388562
2025-12-08,0,42,F,0.65,104.09360371988214,147.0239224977954,85.65584668006255,210.58628791960476,290.3333798308353,175.97568358858976
2025-12-08,6,42,F,0.38,138.79024979612672,129.9698102219283,98.59824057942764,243.16409972061646,228.00116551156566,180.29107385558714
2025-12-08,12,42,F,0.06,100.03595120867156,49.820513326719585,40.471734250724225,204.3463741352944,96.86311408867475,87.15567326026566
2025-12-08,18,42,F,0.0,0.0036931228362288774,0.0041044312169312164,0.0036931228362288774,0.02168616861203444,0.030162146574453815,0.02168616861203444
2025-12-09,0,42,F,0.66,101.87034593684362,148.35578348214287,84.52402779731406,206.35413759586277,293.93285470152955,173.56643631937382
2025-12-09,6,42,F,0.4,135.8259331067201,129.8974013594944,96.6965477293075,238.2772334639697,230.13103946161738,175.2816009133017
2025-12-09,12,42,F,0.05,99.24040391028811,49.24287829034392,40.29323085259716,203.60093293227212,96.36567969818829,87.18946323806307
2025-12-09,18,42,F,0.0,0.003582606356901578,0.0038997354497354495,0.003582606356901578,0.021396149309691387,0.029024673639753123,0.021396149309691387
2025-12-10,0,42,F,0.66,101.38649128864034,146.92880671296297,84.14102635916967,205.24123496268558,293.1266587869269,172.7962659410072
2025-12-10,6,42,F,0.41,135.1808261297874,129.3125669165197,96.42984790803935,236.99216419765713,229.93915109096466,174.86265069829415
2025-12-10,12,42,F,0.05,98.43781956577492,48.40336343694887,39.93911498983932,201.58832941151564,94.37709838579272,86.40996277405134
2025-12-10,18,42,F,0.0,0.003477268736426215,0.0037201719576719578,0.003477268736426215,0.021192144991130108,0.028087847713084733,0.021192144991130108
2025-12-11,0,42,F,0.67,99.72204116861248,146.8568583994709,83.72807040944467,201.31281672202186,293.52356849116046,171.47113493138428
2025-12-11,6,42,F,0.42,132.9615882222767,129.64653020282188,95.77281854842006,232.45601753974367,230.93349183868438,173.84661834335117
2025-12-11,12,42,F,0.04,99.43743554263443,47.25939351300706,39.473662879646334,203.31485781684373,91.5997388625531,85.19552842273491
2025-12-11,18,42,F,0.0,0.0034070758903170938,0.0035362433862433863,0.0034070758903170938,0.021100996139708682,0.027095030196987443,0.021100996139708682
2025-12-12,0,42,F,0.67,98.66260977629558,145.50365305886245,83.45307610653066,199.70703644073328,292.0161267240772,171.78496402268672
2025-12-12,6,42,F,0.42,131.5490487979361,128.5916307760141,95.23201642198995,230.6018221924294,229.34154626517648,173.33118245189308
2025-12-12,12,42,F,0.04,99.7548420241339,47.20228617173722,39.55074055241429,203.48577855814773,91.52201558578638,85.2852273791423
2025-12-12,18,42,F,0.0,0.0032911653080627103,0.0034333333333333334,0.0032911653080627103,0.020710758677596263,0.026701000219063194,0.020710758677596263
2025-12-13,0,42,F,0.68,97.12267134484163,143.78091575727512,82.7919641816836,197.2942102255815,289.7867708925935,170.0879794716699
2025-12-13,6,42,F,0.45,129.49583713989063,129.8225590755438,93.1246969101335,227.8157304730819,231.80722211736145,169.73611052616647
2025-12-13,12,42,F,0.05,97.68893799594402,47.353817179232806,39.550904884509876,201.6932115755588,92.07363825741028,85.64152009052425
2025-12-13,18,42,F,0.0,0.0031501763517507325,0.003362037037037037,0.0031501763517507325,0.020076447008161698,0.026488255858261006,0.020076447008161698
2025-12-14,0,42,F,0.68,97.17259831231058,145.2831391920194,82.92154700156838,197.61137988600348,291.2750499357476,170.53686984527397
2025-12-14,6,42,F,0.46,129.56244453408803,129.08755025720166,92.40221618426128,228.18196646491657,231.43698911242126,168.8749198664327
2025-12-14,12,42,F,0.05,97.86018891528087,46.90816390542329,39.399043345142694,202.34383946640284,91.70790881095769,85.6059746716791
2025-12-14,18,42,F,0.0,0.0030219544293626044,0.003310648148148148,0.0030219544293626044,0.019494133157141668,0.02635829626030544,0.019494133157141668
2025-12-15,0,42,F,0.68,96.26084099072555,144.37925284942682,81.75781558389104,196.67662658852583,290.6422591350328,169.51099869768746
2025-12-15,6,42,F,0.44,128.34681560387114,125.5413003968254,90.9408840097594,227.10260634727,225.85649824600898,167.17499586282474
2025-12-15,12,42,F,0.05,96.8010566585898,46.72767799823634,38.931007324975475,201.02281327963058,91.27850148688485,84.7053553781014
2025-12-15,18,42,F,0.0,0.0028772045448592475,0.003283399470899471,0.0028772045448592475,0.018770720374511225,0.02630982261196407,0.018770720374511225
2025-12-16,0,42,F,0.71,95.08633390514781,145.1453638999118,82.41137032156627,194.82453121326265,292.61353223623763,171.13970154648268
2025-12-16,6,42,F,0.44,126.78085210867627,124.32119822898298,89.64915630215593,224.96399083661353,225.17443499798998,165.5124774999388
2025-12-16,12,42,F,0.05,95.08593273072361,45.76227375440917,38.095140971183525,198.6079968607625,89.69879227939197,82.97639582133085
2025-12-16,18,42,F,0.0,0.002735308310574217,0.003278637566137566,0.002735308310574217,0.01803962469548259,0.02630371815208524,0.01803962469548259
2025-12-17,0,42,F,0.71,94.0387722503727,145.03270235339505,82.13151954113815,193.09084222383817,292.8702641028841,170.62982841759396
2025-12-17,6,42,F,0.45,125.38414930519126,123.138507723398,88.93843789861147,222.96209924418724,224.29744535562162,164.3382663798929
2025-12-17,12,42,F,0.06,93.89741589806883,44.98561063161377,37.672392704282444,196.35179872490744,87.95697217663684,81.96056853630157
2025-12-17,18,42,F,0.0,0.0025596571604226902,0.0032706349206349213,0.0025596571604226902,0.017213623097022956,0.026292992759554174,0.017213623097022956
2025-12-18,0,42,F,0.72,92.71205356525182,141.72892353395062,81.87027117929271,191.64346043966702,286.4829803909552,170.6326396449139
2025-12-18,6,42,F,0.45,123.61525480151653,121.55907517636686,87.23359307134253,221.29080673657737,222.8085000636761,162.24240276727613
2025-12-18,12,42,F,0.06,92.79654042136343,44.444086656746045,37.781312582510054,195.32376713098634,86.73621594329445,82.17700778604674
2025-12-18,18,42,F,0.0,0.0024025699101851046,0.003251653439153439,0.0024025699101851046,0.016592772821710084,0.026261534251009234,0.016592772821710084
2025-12-19,0,42,F,0.72,91.00549154415073,140.9636726521164,80.36575646575642,188.9624350454181,285.9584927811363,167.97113457178153
2025-12-19,6,42,F,0.47,121.33989812373895,121.03124744268078,86.32369638349478,218.19502528387633,222.2512836161234,161.0177404968345
2025-12-19,12,42,F,0.06,92.60761995437508,43.172973495370385,36.91243048870761,196.35285845200318,84.76651159621397,80.57110257021284
2025-12-19,18,42,F,0.0,0.0022178273943796608,0.0031697089947089947,0.0022178273943796608,0.01589150032879258,0.026000679681795702,0.01589150032879258
2025-12-20,0,42,F,0.74,88.93507162395778,142.00761739969136,79.532962032843,185.2446680269871,288.2785969105406,166.7641930598919
2025-12-20,6,42,F,0.46,118.57939668120264,117.30592217078191,83.39985908455652,213.902117719158,215.01634955804735,155.0782598504227
2025-12-20,12,42,F,0.07,90.23478085235647,43.326164726631404,37.25124524878682,191.68694220378754,85.01978948352007,81.21481670071228
2025-12-20,18,42,F,0.0,0.0020119995501715537,0.0030316137566137567,0.0020119995501715537,0.014903566688655175,0.025355007175879265,0.014903566688655175
2025-12-21,0,42,F,0.74,89.01439952953328,139.44533529541448,79.73032541443474,185.29453082668,285.19017575479086,167.01357026332389
2025-12-21,6,42,F,0.45,118.68525182634448,116.37348119488537,82.91564125655617,213.95969436413947,214.1273232698146,154.31733685611638
2025-12-21,12,42,F,0.06,90.08157397950382,43.04088720238096,37.435128137980165,191.63587299786954,84.78339177951766,81.83362535840683
2025-12-21,18,42,F,0.0,0.0018174882104077077,0.002868452380952381,0.0018174882104077077,0.013900092281178087,0.024458963175687347,0.013900092281178087
2025-12-22,0,42,F,0.74,88.2712124498051,138.40707341269842,79.43746642953424,183.96220377168686,284.28537484746903,166.4274228064153
2025-12-22,6,42,F,0.46,117.69441025777873,115.91698287771898,82.25916029074666,212.42125563042833,214.15078860394001,153.27264432829642
2025-12-22,12,42,F,0.07,88.12291997791448,43.05004288470018,37.685627235367726,188.10028199929127,84.86403509092408,82.16539249808191
2025-12-22,18,42,F,0.0,0.0015555864086798528,0.0026011904761904766,0.0015555864086798528,0.011328720630627752,0.022107571903077362,0.011328720630627752
2025-12-23,0,42,F,0.76,85.96949952991021,137.1865902006173,77.85316089437391,180.7752085257524,283.6125595038507,164.08850830046907
2025-12-23,6,42,F,0.47,114.62551661546533,114.13780454144622,81.61889073974528,208.74123052371237,210.88688766573327,152.73509769442614
2025-12-23,12,42,F,0.07,85.18681751781273,42.75287281746033,37.556697636312215,184.07451486771274,84.53821774006722,81.7544922061178
2025-12-23,18,42,F,0.0,0.0013876449515700222,0.002378306878306878,0.0013876449515700222,0.010121123291077287,0.020272490286934716,0.010121123291077287
2025-12-24,0,42,F,0.75,85.75137921286488,135.611201069224,77.90675828707515,180.72650372499115,281.95749839018845,164.1052164882204
2025-12-24,6,42,F,0.47,114.33473405375584,113.52617476484423,81.34356525568124,208.68499107748585,210.56835075237004,152.5091210922789
2025-12-24,12,42,F,0.07,84.9627445156044,42.531528339947094,37.76053456003984,184.0279410356199,84.22140954852645,82.12528957767567
2025-12-24,18,42,F,0.0,0.0012485109767301598,0.002152314814814815,0.0012485109767301598,0.009151944223285564,0.018199550658735898,0.009151944223285564
2025-12-25,0,42,F,0.75,85.30238876131972,134.37046338734567,77.15377516212104,180.3858663075477,280.61573616826036,163.20087240288254
2025-12-25,6,42,F,0.45,113.73610977047716,109.49742767489712,79.98181009836452,208.29165687396176,202.81052473589423,149.75745147183653
2025-12-25,12,42,F,0.07,83.89189632041185,41.94927967923281,37.37544791763697,182.5631480506763,82.99571366888226,81.37550436671492
2025-12-25,18,42,F,0.0,0.0011812414803919055,0.0019695105820105824,0.0011812414803919055,0.00894345063607694,0.016627385256744082,0.00894345063607694
2025-12-26,0,42,F,0.74,83.6623286398572,131.53288217041447,74.81394002117204,177.03938881562783,275.15004590338265,157.7546111394349
2025-12-26,6,42,F,0.47,111.54938709455607,109.83036021457967,78.75941330293605,204.4274775152834,203.57518936449912,146.87298151377365
2025-12-26,12,42,F,0.09,80.69157357432383,40.81680844907408,36.05029015541974,175.9289715599837,80.74740182771895,77.5257805015095
2025-12-26,18,42,F,0.0,0.0011228704234922413,0.0017777777777777776,0.0011228704234922413,0.008745845387947903,0.014688084109740618,0.008745845387947903
2025-12-27,0,42,F,0.75,83.10712149730912,131.51615418320105,74.21510109839389,176.41533159398128,275.0354198536713,157.12085141422426
2025-12-27,6,42,F,0.46,110.80911387423757,106.06925562169313,76.11570991244758,203.7068783053001,196.82918995098387,141.249608351312
2025-12-27,12,42,F,0.08,79.63738338103913,40.58806041666668,36.17012074401895,174.39778113453934,80.24059559160555,77.90011782672622
2025-12-27,18,42,F,0.0,0.0011160186273924087,0.0016281746031746034,0.0011160186273924087,0.008742674502012207,0.013300598208291712,0.008742674502012207
2025-12-28,0,42,F,0.74,82.66657178015802,129.09574899140213,74.08516933456376,175.9380600557486,270.86554460351243,156.97840638225048
2025-12-28,6,42,F,0.47,110.22172103517221,105.47702824808938,75.84045211958197,203.15577260332543,196.34198102372426,140.97230528716815
2025-12-28,12,42,F,0.09,79.20331950723339,40.49562793209877,35.99717963699498,173.8510683559955,80.19771132571624,77.2875848686219
2025-12-28,18,42,F,0.0,0.0011115006269978335,0.0014730820105820102,0.0011115006269978335,0.00874163285949257,0.011667949192544007,0.00874163285949257
2025-12-29,0,42,F,0.74,82.25857895106049,128.605421114418,73.59457218349225,175.4746626861218,270.91768526182005,156.79390347589907
2025-12-29,6,42,F,0.47,109.67774238717651,104.52675823045269,75.60155596630916,202.62068741228336,195.66220762850207,140.75249356262447
2025-12-29,12,42,F,0.08,80.21929790193961,40.182988514109354,35.784876885199225,176.3618666522195,79.68085601274133,76.98869718049006
2025-12-29,18,42,F,0.0,0.0010864703874180611,0.0013419973544973544,0.0010864703874180611,0.008693622182156273,0.010256586153482529,0.008693622182156273
2025-12-30,0,42,F,0.73,82.24148382897461,126.18150707120813,73.25256333001461,175.62661037659933,267.1662930585438,156.5354880236695
2025-12-30,6,42,F,0.45,109.6549696021863,101.94436998824223,73.97430189729408,202.79614149696948,190.5907546855652,137.9638138581051
2025-12-30,12,42,F,0.09,80.16706530278739,40.391036662257505,36.190513759754396,176.35021631428037,80.27339626831485,77.71658704741252
2025-12-30,18,42,F,0.0,0.0010452034076131244,0.0012261904761904762,0.0010452034076131244,0.008559566065513327,0.008994931700479792,0.008559566065513327
2025-12-31,0,42,F,0.73,81.7286402385112,125.632609909612,73.17609696636202,174.18838143499795,266.5648643906956,155.5799414006466
2025-12-31,6,42,F,0.46,108.9711943783753,101.86619113021754,73.35075346035042,201.13541776608173,191.41078345659494,135.86383957551442
2025-12-31,12,42,F,0.09,79.21999818209545,40.758346141975316,36.379159140130405,173.96962021396197,81.02385753314834,77.69461971028167
2025-12-31,18,42,F,0.0,0.000983144339486842,0.0011355158730158728,0.000983144339486842,0.00825262913775648,0.00801787231471208,0.00825262913775648
