date,hour,history_count,source,weight,mae_Q,mae_A,mae_F,rmse_Q,rmse_A,rmse_F
2025-01-01,0,0,Q,1.0,,,,,,
2025-01-01,6,0,Q,1.0,,,,,,
2025-01-01,12,0,Q,1.0,,,,,,
2025-01-01,18,0,Q,1.0,,,,,,
2025-01-02,0,1,A,0.0,842.9938874999999,94.51452500000002,102.52101539351855,1217.1863168434993,202.98535288965545,219.93330705730398
2025-01-02,6,1,F,0.0,1114.427238888889,91.12810493827163,87.69771296296301,1404.5735391984324,153.0355108166639,148.52823849015158
2025-01-02,12,1,A,0.0,856.0052069444444,32.69438449074073,35.07811249999997,1245.2014173902783,60.80436149920811,71.74340345898912
2025-01-02,18,1,A,0.0,17.80913888888889,0.0009138888888888889,0.012506944444444444,58.821414317619045,0.005129787736565932,0.06971676655281885
2025-01-03,0,2,A,0.0,452.0721697916666,118.58684155092594,120.01672390046298,865.8710180707274,236.5554439750208,237.1364926663387
2025-01-03,6,2,A,0.01,597.9805833333334,111.37502561728397,110.2036208194445,999.1806077051122,190.74377392281733,196.11235737640033
2025-01-03,12,2,A,0.0,453.00651388888883,28.159463773148175,34.8066505787037,883.2153513176307,54.51755942064681,71.22266459030624
2025-01-03,18,2,A,0.0,8.904629166666666,0.0009736111111111111,0.006313194444444444,41.593020945658324,0.005474270626201165,0.04929946492115652
2025-01-04,0,3,A,0.0,330.1009603645312,99.27398425925928,99.67346245849075,717.0430237573488,205.52932981581773,206.3034938689786
2025-01-04,6,3,A,0.02,436.9463966056355,102.4143649176955,106.05983653864044,827.453841373492,175.14622027738383,185.70421415941465
2025-01-04,12,3,A,0.0,335.272314504635,33.12973719135805,38.39776063548196,733.4475043337081,66.90533310219199,80.95334869754211
2025-01-04,18,3,A,0.0,5.936451067351168,0.0009435185185185184,0.004240419203020128,33.960559393950504,0.005309120384702089,0.04025399631898732
2025-01-05,0,4,A,0.0,268.9171744716789,97.77765005787039,99.42499860000557,630.7492116656755,197.20134517708004,200.539328789725
2025-01-05,6,4,A,0.03,356.1650646879211,106.58062577160496,109.31486419761471,727.8864065266052,178.97634412373986,187.58624490181037
2025-01-05,12,4,A,0.0,271.31891556743443,39.36714797453706,45.21695790391744,645.2381375073875,85.0237140679787,98.38941654905916
2025-01-05,18,4,A,0.0,4.4523799172346745,0.0009020833333333334,0.0032219311235636436,29.41070716564342,0.005088788056982614,0.034864148689723595
2025-01-06,0,5,A,0.0,224.98785421109253,95.03672726851853,95.56372221513496,565.9906154928624,189.50621699856222,192.01262875844628
2025-01-06,6,5,A,0.03,298.0708595077471,102.49948660493828,101.93814955544505,653.1573520433103,175.1396803514573,179.3673787766265
2025-01-06,12,5,A,0.0,228.68749505197303,38.066932962962966,42.35797650992373,579.5943717309267,81.06873754281432,91.99852644397185
2025-01-06,18,5,A,0.0,3.561950973463031,0.000853888888888889,0.002624584574142223,26.305736202119757,0.0048444641946590265,0.031189036883835328
2025-01-07,0,6,A,0.0,198.3112814244681,88.86118395061729,90.31540119603727,518.9467989343012,179.51557093029123,182.54102697252506
2025-01-07,6,6,A,0.04,262.8209127192618,99.37546712962964,99.37715553047634,598.8715816889329,169.5860120686904,174.1016435183232
2025-01-07,12,6,A,0.0,201.4678403472873,39.166217168209876,40.41906189675879,531.2667274543826,80.75398016374731,87.05386931830634
2025-01-07,18,6,A,0.0,2.9683220002900446,0.0008212962962962963,0.0022166762159709203,24.013741852909888,0.00467229818936788,0.028474467263705647
2025-01-08,0,7,A,0.0,183.75007959734114,98.70192318121696,100.67330158531736,487.57430828742616,208.24963472750605,215.63844390049107
2025-01-08,6,7,A,0.04,243.63369900664824,92.40365586419753,91.89534247046264,562.6770253612226,160.62299752983762,163.8945007963039
2025-01-08,12,7,F,0.0,192.5943608229728,38.825043386243394,37.91390634997368,503.45019979133707,79.09054970290617,82.21358817562997
2025-01-08,18,7,A,0.0,2.544302485485266,0.000790873015873016,0.001926493421773655,22.232404881681596,0.004513546629270952,0.026365192629154145
2025-01-09,0,8,F,0.06,170.61884976223507,122.53823220486113,122.60092643272573,460.8237007682971,281.64736903151766,275.56420566259175
2025-01-09,6,8,A,0.04,226.29617781614414,87.25095142746915,87.36750004811898,531.8122249860553,153.78029615915528,157.60660133729849
2025-01-09,12,8,A,0.0,179.64452061250032,36.86301594328704,36.295490924108215,476.6508297337082,75.517562160102,78.95688720700323
2025-01-09,18,8,A,0.0,2.226290784751004,0.0007597222222222223,0.0017117916954485024,20.79651049193526,0.004356787488760752,0.024665846641654336
2025-01-10,0,9,F,0.07,160.94557779505362,117.85329945987657,118.45877033805475,438.1655921476363,272.25412519755736,266.67005434028437
2025-01-10,6,9,A,0.04,213.53131743033725,86.05041532921813,86.26916070573944,505.6685147007253,152.55364345765898,157.23537791973266
2025-01-10,12,9,A,0.0,170.07434781249137,37.91144264403292,37.56588626016637,453.24990122935776,77.91658510547306,81.10930719353433
2025-01-10,18,9,A,0.0,1.978965446963359,0.0007141975308641975,0.001561897580642879,19.607138135495347,0.0041668370335540515,0.02326390170452077
2025-01-11,0,10,F,0.28,152.22376944776167,126.08644192129631,122.38249910468777,417.8829015896984,283.59288913649436,266.2970772212281
2025-01-11,6,10,A,0.05,202.0085070185817,90.17023592592594,90.91483845377874,482.2639366927848,162.53352925111943,168.3412644849191
2025-01-11,12,10,A,0.0,160.90000087439714,41.17985594907407,41.058769852509066,432.60707712527324,83.5529344178564,88.00028658175795
2025-01-11,18,10,A,0.0,1.781104529593054,0.0006716666666666667,0.0014413351486096543,18.60096448160442,0.003990829766129122,0.022078409433410846
2025-01-12,0,11,F,0.32,143.41848437482665,122.44656260521887,117.89572197191679,399.88679309737694,275.64508996131667,259.27208055948466
2025-01-12,6,11,A,0.07,190.355072626752,91.2502955667789,91.14074249873545,461.49710404261924,163.87304031288446,167.75367947638924
2025-01-12,12,11,A,0.0,150.92636785693819,41.52999158249158,42.08192395262336,413.7061511067751,83.22938131802754,88.91973767066226
2025-01-12,18,11,A,0.0,1.6192190238672255,0.0006303030303030303,0.0013433925540945906,17.735323767362615,0.003825241789413415,0.02105958535514417
2025-01-13,0,12,F,0.44,136.1301471842869,121.56570478395062,114.74773173341126,384.290366284195,271.80528820622857,261.8070295341489
2025-01-13,6,12,F,0.1,180.70973992684608,99.57619611625515,97.1424230567843,443.4995450042645,182.42031336760903,178.81279622840663
2025-01-13,12,12,A,0.0,141.36880045111224,40.62268053626543,40.76113767816927,396.59216739733114,82.06357022636786,86.69442396904068
2025-01-13,18,12,A,0.0,1.4843183267237319,0.0005868055555555556,0.0012656646866948261,16.98027975280653,0.00366719377524357,0.020174045611719874
2025-01-14,0,13,F,0.45,134.21306874529367,124.85391575854703,116.39621957471735,373.290938513595,273.0526111349248,260.8849444915528
2025-01-14,6,13,F,0.11,178.21494161645006,109.33344199905035,105.07851657088796,430.81047203375977,207.3044781332019,198.34805196278057
2025-01-14,12,13,F,0.0,139.76804259467963,40.91195012464387,40.09331808248026,385.8070307390288,81.91197962345687,84.90008265637893
2025-01-14,18,13,A,0.0,1.3701954409354,0.0005626068376068375,0.0012237529012119833,16.314125109241886,0.0035523285970667836,0.01940091689768851
2025-01-15,0,14,F,0.45,128.50001529483063,120.79052276785715,111.8530643273455,360.88827786410843,265.5131005558445,252.92288791393
2025-01-15,6,14,F,0.13,170.6500867270437,108.71353328924164,103.58798067925161,416.4981538561222,204.88475236004706,194.35608534133164
2025-01-15,12,14,F,0.0,133.08757896155305,42.18995739087303,40.63980329374377,372.5532930064385,84.19419044311475,84.97276650228616
2025-01-15,18,14,A,0.0,1.2723744938554662,0.0005482142857142857,0.001186497823720129,15.720684335105352,0.003471742506544233,0.018711339025557296
2025-01-16,0,15,F,0.51,123.79365070614418,124.13739847222223,111.4209099507958,350.17545663905463,273.3861569001042,257.7720121476187
2025-01-16,6,15,F,0.14,164.42045899714748,107.66045823045268,101.95471594624526,404.1364287598569,201.67326510417095,190.31578014045587
2025-01-16,12,15,F,0.0,128.37967845238245,41.895663287037046,40.69927446023702,361.93914230480306,83.3693102561219,85.8082151135699
2025-01-16,18,15,A,0.0,1.187620144837974,0.0005664814814814815,0.0011780152083445388,15.187624004416168,0.003559148358390956,0.018113706249712588
2025-01-17,0,16,F,0.54,121.02522703531515,123.7634300925926,108.64502758821557,341.34540975956867,270.14753157681815,254.4081257063878
2025-01-17,6,16,F,0.14,160.76905234353652,104.55446140046297,99.31056088468793,393.9484537498708,196.88624766029625,186.10705623612873
2025-01-17,12,16,F,0.0,125.48937978034779,43.56819318576389,42.18075963026311,353.12333319654596,85.89203047636323,88.45491815400408
2025-01-17,18,16,A,0.0,1.1134868757240146,0.0006208333333333334,0.0011973791962368102,14.705353813304805,0.003991301305478091,0.017625432956079774
2025-01-18,0,17,F,0.56,117.74689774435636,121.258772045207,106.44506465424915,332.71561029962936,264.65087847320495,250.9902333880854
2025-01-18,6,17,F,0.14,156.43308616079688,103.11097750544663,98.31184994516903,383.9906151869357,193.8572033321313,183.64129593075882
2025-01-18,12,17,F,0.0,121.03266139168346,43.20995339052288,41.712270333703245,343.47945748951105,84.67341750830313,87.16052766081819
2025-01-18,18,17,A,0.0,1.0480806149996742,0.0006893790849673202,0.0012199123852950178,14.26628883856823,0.004572304020107104,0.017202830304477425
2025-01-19,0,18,F,0.58,114.89994129109398,123.20202938528809,104.60168518844905,324.77422583555904,267.5434453840625,248.54038568488988
2025-01-19,6,18,F,0.18,152.66837102136594,107.08964871399178,99.96159122452195,374.82706630613825,200.61111177377606,185.65560445753326
2025-01-19,12,18,F,0.01,116.51972332187108,43.816941859567905,42.17152370837139,334.34359001506795,84.81676074425974,87.19447894613732
2025-01-19,18,18,A,0.0,0.9899305144930068,0.000754320987654321,0.0012287398016487241,13.864340750468438,0.005077859834007548,0.016796352670303303
2025-01-20,0,19,F,0.62,112.65561716711912,123.86608233430799,103.49411742553562,317.8982817311882,267.0075189970115,249.95440858592949
2025-01-20,6,19,F,0.18,149.70388052609752,106.12279221897339,99.34174853977098,366.8935141916643,198.6904333396118,184.72230393837347
2025-01-20,12,19,F,0.01,115.58828299255808,43.530051279239764,41.655128196569706,328.3599834307115,84.09236618698274,85.97582744103731
2025-01-20,18,19,A,0.0,0.9379376576850726,0.0008616959064327486,0.0012728185037862254,13.494558589591014,0.006114234183372666,0.016538842202880044
2025-01-21,0,20,F,0.65,109.6847692007638,123.82676453703704,101.1530342642742,310.7548871517281,265.2039214619447,248.17991941941608
2025-01-21,6,20,F,0.21,145.76789555564153,105.34943219135805,98.62148768776923,358.6502091628621,196.94646891973008,183.094945032602
2025-01-21,12,20,F,0.01,111.62290533684225,43.371217083333335,41.40873561486724,320.47716766666707,83.68941411422747,85.64162011547815
2025-01-21,18,20,A,0.0,0.8911336423937032,0.0009661111111111111,0.0013020451714808754,13.152868920930981,0.007016031245971218,0.01627133427383909
2025-01-22,0,21,F,0.63,112.37304193460061,123.15826076940036,102.98496963253316,311.4157856005643,263.0065596071387,247.38306910626304
2025-01-22,6,21,F,0.22,149.3750168673632,106.82873784538508,99.8234908883776,359.42221819127553,197.95854806562903,184.92956906502977
2025-01-22,12,21,F,0.01,113.26333981462597,43.337757220017636,41.549938587038596,319.29902566336983,83.45231071520197,85.41194460329575
2025-01-22,18,21,A,0.0,0.8488036872144911,0.001092989417989418,0.0013450231933272929,12.835886005639528,0.008163250824344676,0.016092955817956518
2025-01-23,0,22,F,0.58,112.26546805919251,121.40133338594276,101.08170504413802,307.8461636442647,259.2462244675084,237.85857331011135
2025-01-23,6,22,F,0.23,149.25226717508806,106.44503845398431,97.85086659754933,355.3062119826525,196.6806790169902,182.00722995634874
2025-01-23,12,22,F,0.01,113.88993090887887,43.415596380471385,41.096315603347854,316.4654274935104,83.56578811401322,84.5176139529357
2025-01-23,18,22,A,0.0,0.8103312315562933,0.0012357323232323233,0.0013934158997277268,12.540769035958448,0.009448405215226066,0.015974972088129626
2025-01-24,0,23,F,0.59,113.47053692847372,122.78268405797103,102.72649140874034,306.5133469492284,261.3951390028491,240.9191275103803
2025-01-24,6,23,F,0.22,150.87790620527207,107.28546152710682,99.56515083286475,353.7736542287299,197.881581729342,185.59741840484745
2025-01-24,12,23,F,0.01,114.76046467996942,42.98088002214171,40.515518255350855,315.04518326629756,82.65127592854344,83.47268628947684
2025-01-24,18,23,A,0.0,0.7752046410951572,0.0013874396135265701,0.0014380348149640662,12.265114395470047,0.010768723723265415,0.01587202045941941
2025-01-25,0,24,F,0.59,112.10072538495034,122.0350203414352,101.47843809203042,302.30001938593955,259.3890532721971,237.50767158448485
2025-01-25,6,24,F,0.23,149.06879839028352,107.4785754501029,99.17116748282457,348.9129811426435,197.3383726883315,184.68038320995666
2025-01-25,12,24,F,0.01,112.11050585302104,42.82394443479939,40.342022637503156,309.3575051036138,82.22962367425652,82.70625710200856
2025-01-25,18,24,F,0.0,0.7430225004470067,0.001562152777777778,0.0014961694284882255,12.006872971832632,0.012328469855642324,0.015868711271263367
2025-01-26,0,25,F,0.56,112.3194998996331,121.47556753703705,99.7059859728558,300.15332241463153,256.7614922252088,231.31213023716924
2025-01-26,6,25,F,0.23,149.37641280278407,110.25031281481482,101.31144064514706,346.4392598175036,201.73818639610315,188.2073874925033
2025-01-26,12,25,F,0.01,113.98188208388405,42.76889701851853,40.16957512995466,309.3675496872138,81.95958090803863,82.37550265992387
2025-01-26,18,25,F,0.0,0.7134311295470879,0.001759,0.001565851769310127,11.764285422380222,0.014084026807384001,0.015956921048861556
2025-01-27,0,26,F,0.59,112.33400357149817,125.81935540420228,98.53627968904439,298.7263279149107,265.7058913620464,230.7436938532718
2025-01-27,6,26,F,0.23,149.41044302743123,109.94629401709402,100.54555359973173,344.79651997794497,200.33380430317405,186.57627143032954
2025-01-27,12,26,F,0.01,115.28649945743162,43.44259595797721,40.690417461487826,310.39681480884303,83.3943828231811,83.21571883733023
2025-01-27,18,26,F,0.0,0.6860971875546933,0.0019454059829059828,0.0016113435375992254,11.535831336433699,0.01559128379389845,0.015930487615537704
2025-01-28,0,27,F,0.62,111.17669088823959,127.81170643004116,98.38202743172445,294.6576410226663,267.4396603109741,231.6295032059067
2025-01-28,6,27,F,0.23,147.8809623606013,109.5963412780064,99.78588332690416,340.10179856176285,199.14763253649218,184.84175770999826
2025-01-28,12,27,F,0.01,113.53010801676237,43.26294877400549,40.349835150268106,305.64379235936804,82.86710911637623,82.44449922900401
2025-01-28,18,27,F,0.0,0.6607956267574742,0.0021470164609053498,0.0016611102965687536,11.32018974833439,0.01723877549765169,0.015949499590434225
2025-01-29,0,28,F,0.63,110.11566648790769,128.1133199239418,96.4726808279023,290.8908420815123,268.05868307483615,229.03721071274458
2025-01-29,6,28,F,0.24,146.4788891618299,108.99180869708995,97.96803264696244,335.75551521917856,197.59570626436062,182.37188171323513
2025-01-29,12,28,F,0.01,112.98006833244371,43.644853563161384,40.52913566648836,302.18680524462195,83.29033454252041,82.81635095974279
2025-01-29,18,28,F,0.0,0.6373362568816658,0.0023885912698412702,0.001742258865792748,11.116206429283041,0.01936643026042089,0.016200417410180835
2025-01-30,0,28,F,0.73,84.49689382722845,129.75232981977516,77.70992175473164,182.70173040337636,269.08651710002766,166.20661947980494
2025-01-30,6,28,F,0.46,112.66206309991045,112.11920105820107,89.74991796157694,210.96578637915567,203.30752144241126,166.70287331373999
2025-01-30,12,28,F,0.16,87.1383553481077,45.73692636408731,40.77586156273361,194.6866723122016,87.0206230836526,82.88242997254734
2025-01-30,18,28,F,0.0,0.0014010948738496982,0.002667757936507937,0.0014010948738496982,0.009926107525673033,0.021424985645750967,0.009926107525673033
2025-01-31,0,28,F,0.72,85.3762750125443,129.98127253637568,77.68469087171698,183.89637691419367,269.1736747178727,166.3101801056766
2025-01-31,6,28,F,0.44,113.83453374814765,111.99836568562611,90.62544970769106,212.3452453400757,203.25553823930312,168.40183444522873
2025-01-31,12,28,F,0.14,89.67926236830506,48.27358060515873,42.54666062538454,198.5607961781508,92.4662021495325,87.8353383948186
2025-01-31,18,28,F,0.0,0.001529853432967051,0.0029877976190476187,0.001529853432967051,0.010672972828926418,0.023856665444087342,0.010672972828926418
2025-02-01,0,28,F,0.73,85.63775481624431,131.9491744212963,78.3258454930581,182.85290593765276,271.97511018869824,166.54352084641528
2025-02-01,6,28,F,0.44,114.18313923004177,112.72314151234568,89.84889704288211,211.14034883343345,203.72882021667732,166.81330568532826
2025-02-01,12,28,F,0.14,88.88101114819187,49.1081679728836,42.567062425916575,195.64672223361117,93.45262356919206,87.2436223217936
2025-02-01,18,28,F,0.0,0.001686104395403649,0.003369146825396825,0.001686104395403649,0.011666748480865973,0.02678101691615709,0.011666748480865973
2025-02-02,0,28,F,0.74,84.5249858043193,133.3422424685847,77.59447490012748,179.19750602194847,274.0819326155606,164.4338371465672
2025-02-02,6,28,F,0.46,112.69943973249345,114.27375953483246,90.16491312878692,206.91945658038244,206.27763563664746,166.7192894935742
2025-02-02,12,28,F,0.14,88.54299364949256,48.750156630291,41.84361439701605,192.52392210498274,92.30902163242246,84.73181883194925
2025-02-02,18,28,F,0.0,0.0017115582085062454,0.0036586309523809523,0.0017115582085062454,0.011701918940031029,0.028363792626213746,0.011701918940031029
2025-02-03,0,28,F,0.74,84.5250014063425,134.71115484457673,77.96930533922507,179.11359537752907,275.4441241555012,164.59094328938394
2025-02-03,6,28,F,0.45,112.6994621034386,114.38128052248679,90.16288190408869,206.8225649140759,205.6700058949141,166.3957936694301
2025-02-03,12,28,F,0.14,88.40803915296648,50.10400980489419,42.47853738241073,192.3549614088941,94.56362767021041,85.97096709612873
2025-02-03,18,28,F,0.0,0.0017254941750543284,0.00390922619047619,0.0017254941750543284,0.011717923540800469,0.029491061835318903,0.011717923540800469
2025-02-04,0,28,F,0.74,85.52055749076622,138.24379107142857,78.31202880683118,180.9339240237077,280.15613979091785,165.26994850241582
2025-02-04,6,28,F,0.43,114.02684323895856,114.80688056657851,91.11397030272077,208.9244993778367,206.03465867715434,167.5213561406025
2025-02-04,12,28,F,0.14,89.24459751742592,50.35348778935186,43.25862192021547,194.35930283424193,95.46128102487346,87.75049227634311
2025-02-04,18,28,F,0.0,0.0018138366532953647,0.004088988095238096,0.0018138366532953647,0.01204009958007989,0.030094669905915764,0.01204009958007989
2025-02-05,0,28,F,0.71,86.78003141061272,138.6164146577381,77.64351417940105,182.86286282268586,279.69743404326385,161.7749629509355
2025-02-05,6,28,F,0.43,115.70608126377658,116.93002566137567,91.70341902262612,211.15184602391332,207.9281921593364,168.01872492447535
2025-02-05,12,28,F,0.13,89.27739039860856,51.18422295800265,44.946101428227315,194.62781216215464,96.69932980574393,91.12294531460105
2025-02-05,18,28,F,0.0,0.002008043031736699,0.004155853174603174,0.002008043031736699,0.01342063756413298,0.030202542959003903,0.01342063756413298
2025-02-06,0,28,F,0.68,88.15429081183147,132.08253760747357,76.82971591319925,185.02338149895357,260.59148881616187,158.3028240727525
2025-02-06,6,28,F,0.42,117.53836401258464,118.57550943562612,92.17532301233072,213.6465980761257,209.64807367475507,168.5460716612992
2025-02-06,12,28,F,0.13,88.67969581926728,52.51592574404763,45.66824434467302,192.48905748855205,98.70417152369549,92.22625859120218
2025-02-06,18,28,F,0.0,0.002211882735405742,0.004186210317460317,0.002211882735405742,0.01480222866359498,0.03023306737820756,0.01480222866359498
2025-02-07,0,28,F,0.7,87.64151012686871,138.30265717592593,76.29414015226763,183.90484942774683,273.529386293981,157.206691637149
2025-02-07,6,28,F,0.44,116.85458250937214,121.21305009920636,92.1826141021234,212.35502845734416,212.71098473397234,167.93082264774333
2025-02-07,12,28,F,0.13,87.84895352118076,52.666667278439164,45.8717291435561,191.16950779990324,98.49004231658024,92.01812818153967
2025-02-07,18,28,F,0.0,0.0024362080181629057,0.00418343253968254,0.0024362080181629057,0.016260839246064217,0.030232038318198394,0.016260839246064217
2025-02-08,0,28,F,0.7,90.04601727494057,138.51743927744712,78.70750136114218,189.27733029312074,274.8287080221882,164.10375074428705
2025-02-08,6,28,F,0.44,120.06052203073975,125.05940188492063,95.02842234889884,218.55863498674518,219.2972814100287,173.77567331838932
2025-02-08,12,28,F,0.11,91.27024532846565,52.67831363260583,45.63184750067013,198.9409898006281,98.45325749084752,90.91962336504488
2025-02-08,18,28,F,0.0,0.002665876650151416,0.004225198412698412,0.002665876650151416,0.017284750233546333,0.03026983542254461,0.017284750233546333
2025-02-09,0,28,F,0.7,91.62641827002828,140.90805906911376,79.35404474718318,191.87510962295553,277.1587889483811,165.47292882420496
2025-02-09,6,28,F,0.42,122.16764988134454,124.21111011904762,95.3111182103068,221.55829216037446,218.03926162929696,174.15046317777114
2025-02-09,12,28,F,0.08,92.58418652286483,53.16818786375662,45.339630068564894,200.59482048546536,99.34668202311242,90.41173523800896
2025-02-09,18,28,F,0.0,0.002887592575101295,0.004299007936507937,0.002887592575101295,0.018064853478805435,0.03036558561402266,0.018064853478805435
2025-02-10,0,28,F,0.68,94.51672082630863,142.31019618882274,80.2504375164597,196.85164656328058,279.20772354247043,166.91146885256603
2025-02-10,6,28,F,0.39,126.02131168779404,123.89127674162259,94.62515434048797,227.3047020313478,216.34124196673807,173.40376156667236
2025-02-10,12,28,F,0.08,95.64544807029071,55.02057342923282,46.30328113973128,204.8713295098437,102.49753548572737,91.80391277753056
2025-02-10,18,28,F,0.0,0.0031086962909233577,0.004415178571428572,0.0031086962909233577,0.01873909444675283,0.030573911063166464,0.01873909444675283
2025-02-11,0,28,F,0.68,95.81158980041123,141.98459969411377,80.77112938429063,200.30481780355257,279.06791298512456,169.59204444621489
2025-02-11,6,28,F,0.4,127.74773270307995,122.5442355489418,92.74370383816277,231.29208070933694,210.72175865570685,167.2578841408185
2025-02-11,12,28,F,0.11,94.36561666695349,55.58773888062171,46.01313069075617,203.4933314771153,103.46147474310133,91.39224870319994
2025-02-11,18,28,F,0.0,0.0033208089478419223,0.00456875,0.0033208089478419223,0.019384408517156365,0.030954717150846155,0.019384408517156365
2025-02-12,0,28,F,0.68,96.92350555184863,147.20048656580687,82.56435655325642,201.44657902215886,288.77495472734404,172.90105889289515
2025-02-12,6,28,F,0.41,129.23021139742724,123.21060248015874,92.8222164541587,232.61047298554269,211.159508549899,167.62481267605494
2025-02-12,12,28,F,0.11,96.11798883630847,55.232062541335985,45.75821563662443,205.23930541203725,102.65716655454159,91.0780817331788
2025-02-12,18,28,F,0.0,0.0035222336208340552,0.004747222222222222,0.0035222336208340552,0.019969488088523685,0.03146958534183922,0.019969488088523685
2025-02-13,0,28,F,0.68,97.81825814865716,146.2668199239418,82.81748328567905,202.19846782829597,284.16506143996725,172.07043074345486
2025-02-13,6,28,F,0.4,130.42315172543843,123.3692943893298,92.73560698494789,233.4786793774506,211.06825616095742,167.67318040780665
2025-02-13,12,28,F,0.12,96.42264727338339,56.002379902447096,46.272114079408034,204.90756264656335,103.75031384219437,91.93384741366998
2025-02-13,18,28,F,0.0,0.0037098307420599572,0.004949107142857142,0.0037098307420599572,0.020561581684531042,0.03219184540709472,0.020561581684531042
2025-02-14,0,28,F,0.66,101.64934564702378,147.0411699652778,86.06080717125501,209.654182759828,285.176595721774,178.7050565455377
2025-02-14,6,28,F,0.37,135.5312113802597,124.8260452601411,93.45390183946061,242.08779741451528,212.47693044088547,168.51088857668512
2025-02-14,12,28,F,0.06,98.65293308660988,56.234143220899476,46.3459738218347,207.45791912971228,104.23102294822861,91.84961397535662
2025-02-14,18,28,F,0.0,0.003933438720471103,0.005222222222222222,0.003933438720471103,0.021576532183442014,0.03355463295667444,0.021576532183442014
2025-02-15,0,28,F,0.66,103.10793193113417,150.9753264054233,85.91838466968171,212.49039291904097,289.73295357088034,178.68807542217942
2025-02-15,6,28,F,0.36,137.47594482562576,124.76026403218695,93.25576244470967,245.3627708013563,212.29574606664374,168.63679520027947
2025-02-15,12,28,F,0.06,98.87402397161235,57.274329877645506,46.95774882714876,207.60416537287588,105.45613024851254,92.42651370312522
2025-02-15,18,28,F,0.0,0.004090418944027839,0.005469940476190476,0.004090418944027839,0.022138493439538966,0.03474355926951477,0.022138493439538966
2025-02-16,0,28,F,0.66,103.4076767454052,152.19775077711643,85.96493523517118,212.82575065918806,290.33151182732115,178.77701757429472
2025-02-16,6,28,F,0.35,137.87555914117374,123.04041356922397,92.81568988026427,245.75000854761453,207.93383242694918,167.66160525597638
2025-02-16,12,28,F,0.05,99.74964279566406,57.082275992063494,46.93913524210245,208.20241284644945,105.44264394965646,92.39027243879724
2025-02-16,18,28,F,0.0,0.004243174968278432,0.005749999999999999,0.004243174968278432,0.022699716934587614,0.03616690311531222,0.022699716934587614
2025-02-17,0,28,F,0.66,105.08930961526612,154.06524153439156,86.76124884764612,216.04671786775907,293.92994971713046,179.5369891051515
2025-02-17,6,28,F,0.35,140.11769425787642,124.50163915343914,93.85295248343108,249.46926110600762,209.33481777765974,169.6723296345508
2025-02-17,12,28,F,0.07,99.01365665142507,58.7826095734127,48.28429225628452,206.7474078504165,107.90437588002877,94.45385705158688
2025-02-17,18,28,F,0.0,0.004374266594871448,0.006042857142857143,0.004374266594871448,0.023275729273289754,0.03786730119773523,0.023275729273289754
2025-02-18,0,28,F,0.67,107.27919024213291,162.48851477347884,91.14277603056001,218.46423948594014,318.5121516684958,188.6939683095965
2025-02-18,6,28,F,0.33,143.03748455816094,124.80243179012346,94.85056486492522,252.26077459959947,209.2048439609788,170.9007825856886
2025-02-18,12,28,F,0.11,100.5237091915137,60.086449280753975,49.26557152828528,208.36839446851786,110.1302605255144,96.70582930164241
2025-02-18,18,28,F,0.0,0.0045310135434067,0.006392757936507938,0.0045310135434067,0.024042998416338807,0.04006486741760761,0.024042998416338807
2025-02-19,0,28,F,0.68,104.44531221395721,164.51172382605822,89.73674574013906,212.1310474490325,320.7791363126272,184.3169750752133
2025-02-19,6,28,F,0.35,139.25892006127216,125.93374855599646,95.29022816683204,244.9478343031146,210.6656671645824,170.21187006037636
2025-02-19,12,28,F,0.13,97.6152977663284,60.768728736772495,49.14062356606906,202.1152187073146,111.00185787979986,96.48689267821688
2025-02-19,18,28,F,0.0,0.004701450450919559,0.006789583333333333,0.004701450450919559,0.025008660568628847,0.042808281422329175,0.025008660568628847
2025-02-20,0,28,F,0.69,104.04189306882883,164.82873644179895,89.74798096901854,210.9752274624621,320.93073197777477,184.05999753968752
2025-02-20,6,28,F,0.36,138.72099695624766,126.71771548721343,96.1783553274349,243.61320832695685,211.13546158444166,171.04566959221924
2025-02-20,12,28,F,0.14,96.55391865311766,61.2163494212963,49.42478664252398,199.15282116917913,111.81147333697915,96.65956478285482
2025-02-20,18,28,F,0.0,0.004846574941383459,0.007196130952380953,0.004846574941383459,0.025792148686899056,0.045652044170056194,0.025792148686899056
2025-02-21,0,28,F,0.69,102.65498795364502,165.1784113343254,87.66023791110987,207.50845377106336,321.1006352713397,178.65078404976614
2025-02-21,6,28,F,0.37,136.87180082065333,127.87111340388007,95.94924798374838,239.61012287477897,212.63050418665242,169.22346643327646
2025-02-21,12,28,F,0.14,95.79756355608824,62.29300524966932,49.91814960801124,195.74052389478032,113.17618972879737,97.53071660403464
2025-02-21,18,28,F,0.0,0.004768695443330874,0.007409523809523809,0.004768695443330874,0.025668577258969236,0.04676095258341019,0.025668577258969236
2025-02-22,0,28,F,0.7,101.49619892346239,168.63826086309524,87.23833538486672,205.31695122029396,325.84407529369327,177.84669512816717
2025-02-22,6,28,F,0.38,135.32675451685483,130.47627175925925,96.16297600112124,237.0795936966689,215.80267874254199,169.3399334982833
2025-02-22,12,28,F,0.14,95.81102298644662,62.750218088624344,49.678625601897174,195.2219032047016,114.01626590589466,97.37893228902884
2025-02-22,18,28,F,0.0,0.004801703680924196,0.007461210317460317,0.004801703680924196,0.025801782188041696,0.04697436220285571,0.025801782188041696
2025-02-23,0,28,F,0.71,101.77127321522033,168.67256009424602,87.77358160475207,204.5100890193491,326.564897585311,178.4159864199302
2025-02-23,6,28,F,0.37,135.69348635261588,128.28985512566138,93.3945993498733,236.14790945804864,211.43314784436456,163.7451901967387
2025-02-23,12,28,F,0.16,94.97104775369634,63.23477975363757,49.884249844889226,191.74283329090815,114.7816530207948,97.85667687225582
2025-02-23,18,28,F,0.0,0.004912979985334502,0.007376190476190476,0.004912979985334502,0.026438200425518803,0.04667651703012439,0.026438200425518803
2025-02-24,0,28,F,0.71,101.67438069850873,165.78481163194442,89.22394715493604,202.87481915552542,320.70087367116025,180.26574645647054
2025-02-24,6,28,F,0.39,135.5642350478463,131.38094555776013,95.63637573040914,234.25966241863412,217.50725491017982,167.2257743069501
2025-02-24,12,28,F,0.17,94.34726268797858,64.89111468253968,51.286667694970724,187.94438795550496,119.29805917869454,103.34863682376408
2025-02-24,18,28,F,0.0,0.005145481076025139,0.0071534722222222225,0.005145481076025139,0.02803122137667568,0.04615468567676131,0.02803122137667568
2025-02-25,0,28,F,0.71,102.28222309605252,166.97849713955029,89.4844178281082,203.5946703580087,321.94270664294856,180.51529468407696
2025-02-25,6,28,F,0.4,136.37450284157472,134.85236665564375,98.04970140941457,235.0908748588354,223.6981938510887,171.8027304171053
2025-02-25,12,28,F,0.17,94.39354441103463,65.61681468253967,51.8957448987239,187.99879930225666,120.26521597891318,104.0721672668757
2025-02-25,18,28,F,0.0,0.005816160960041656,0.007368948412698414,0.005816160960041656,0.03246544652398168,0.04764646268870368,0.03246544652398168
2025-02-26,0,28,F,0.74,105.49528250342354,173.13410189318782,94.87084257460629,209.7573377932543,332.48598292841115,191.7622385769543
2025-02-26,6,28,F,0.4,140.65828523729226,141.44925718694887,104.67586663276363,242.20690991786802,239.48422345764507,185.40968692918617
2025-02-26,12,28,F,0.19,94.74032119950171,65.77154500661375,51.745545750561554,188.66153455503587,120.55231433432522,103.89849762409446
2025-02-26,18,28,F,0.0,0.00666597152012818,0.007859623015873016,0.00666597152012818,0.03956611746872216,0.05247181074271259,0.03956611746872216
2025-02-27,0,28,F,0.75,104.86221337001273,173.42397506613756,95.81278288819597,208.64128118369632,333.4222692593871,192.87958223041196
2025-02-27,6,28,F,0.4,139.81384996484607,139.3363082451499,102.86147634367254,240.91819816634478,235.39175219711726,182.59686457274594
2025-02-27,12,28,F,0.11,93.83525719973869,65.3749105406746,51.69116271130602,186.7620947968068,120.44225102785295,103.37990411482244
2025-02-27,18,28,F,0.0,0.008010003527934514,0.008963492063492064,0.008010003527934514,0.05400844118701485,0.06647820847752256,0.05400844118701485
2025-02-28,0,28,F,0.75,106.1219567491718,171.5667847883598,97.71191312597654,210.61741593098952,331.1551732987848,195.423045372788
2025-02-28,6,28,F,0.38,141.4931233645182,138.0544055224868,101.84932894525545,243.20004133394872,233.34734232525554,181.1315337788915
2025-02-28,12,28,F,0.13,92.59489532255456,63.86384518849207,49.72644243956722,184.39251468461887,117.49310853858537,99.01943692832428
2025-02-28,18,28,F,0.0,0.009169225533859666,0.010101091269841269,0.009169225533859666,0.06325299210685206,0.07911689243550199,0.06325299210685206
2025-03-01,0,28,F,0.75,106.85701086899034,171.33641685681215,98.26572197895834,212.69671802919135,330.1408117593207,197.0950359265707
2025-03-01,6,28,F,0.4,142.4726505794444,139.76410415564374,103.14140291397231,245.60101112359183,235.3135927706411,182.57814351779692
2025-03-01,12,28,F,0.12,93.91136176886249,63.98312178406085,50.4241948583838,187.88865608480657,118.16770123824337,101.20178494307591
2025-03-01,18,28,F,0.0,0.010903894892107089,0.012000992063492063,0.010903894892107089,0.08149654028988541,0.10384285708826568,0.08149654028988541
2025-03-02,0,28,F,0.73,112.56643341897359,176.0657121445106,101.39663193572758,226.47683024547774,339.9005403926539,203.04522334754526
2025-03-02,6,28,F,0.37,150.08462358619346,141.0184343143739,106.99909429022885,261.5129127970678,238.56422766690997,193.04852150621477
2025-03-02,12,28,F,0.12,95.00451001605991,64.3480464699074,50.38928401392905,189.6327462706018,118.59954328685191,101.43962937545406
2025-03-02,18,28,F,0.0,0.012483984656699934,0.014039682539682538,0.012483984656699934,0.09262903169066547,0.12467654818235331,0.09262903169066547
2025-03-03,0,28,F,0.68,122.12649616346503,176.537568791336,107.4291093269177,255.09657698293165,340.36381941074507,218.16216675831367
2025-03-03,6,28,F,0.32,162.83073857928431,141.97807753527337,109.73878143543736,294.56014871695294,239.42327979013473,198.47960319595796
2025-03-03,12,28,F,0.05,107.6376476499135,64.34301840277777,51.67751702007778,237.0762414220381,118.24916951542401,103.1113141590442
2025-03-03,18,28,F,0.0,0.014067397024214223,0.016417460317460317,0.014067397024214223,0.1028026215692424,0.14704630378336345,0.1028026215692424
2025-03-04,0,28,F,0.67,126.09478405056667,179.3714202876984,109.20357370309196,262.0415597465884,345.4896367336283,220.30773586139114
2025-03-04,6,28,F,0.3,168.1212121267896,143.58633543871255,113.81324651200805,302.5795227646782,241.74013318684885,204.56518522554666
2025-03-04,12,28,F,0.05,109.95917162066004,64.05158854993384,51.26329726768896,239.92090357450496,117.79452317605727,102.33399549045181
2025-03-04,18,28,F,0.0,0.016014556467691697,0.01959831349206349,0.016014556467691697,0.11807920578155695,0.17771943911035284,0.11807920578155695
2025-03-05,0,28,F,0.7,124.74024085849912,178.7571761160714,109.480960467774,259.7799600800766,344.279295666161,222.0505134082247
2025-03-05,6,28,F,0.32,166.31449509294603,144.71628778659613,114.9421526027932,299.96805020599174,243.2088663268735,206.08041157244494
2025-03-05,12,28,F,0.09,107.37819692856107,64.65748081183861,51.42051639325713,235.02847572538923,118.99266074681708,102.74683240928174
2025-03-05,18,28,F,0.0,0.017600683971449652,0.023012301587301588,0.017600683971449652,0.12857281184562014,0.20563874241239752,0.12857281184562014
2025-03-06,0,28,F,0.7,125.15256183926812,181.9797154348545,109.59201583407429,258.9597457809659,348.01734526216495,221.14264797972112
2025-03-06,6,28,F,0.32,166.86357398762985,145.28684952601415,116.2639154811392,299.0209459284141,243.27012473706074,207.02436903166486
2025-03-06,12,28,F,0.11,109.80743667276448,65.96672628968254,52.83247304881377,237.40879303026858,120.70487275518643,105.59296060485742
2025-03-06,18,28,F,0.0,0.019633100107882526,0.027293849206349207,0.019633100107882526,0.14402654246346,0.24220235083499914,0.14402654246346
2025-03-07,0,28,F,0.66,125.54224850075379,176.85610598544972,109.58430495389176,259.1063284170713,338.20490179989974,220.11242614027466
2025-03-07,6,28,F,0.3,167.3824026552171,143.91591479276897,116.82867843171933,299.19020204767577,241.28506858449092,207.60426284989722
2025-03-07,12,28,F,0.1,109.74242349614161,65.7926853257275,52.26343185042579,237.17433194553493,120.84074458084424,104.92878572165337
2025-03-07,18,28,F,0.0,0.021613379628953034,0.03204007936507937,0.021613379628953034,0.15782848871907865,0.2800160953423814,0.15782848871907865
2025-03-08,0,28,F,0.66,124.21191796446467,176.5461833912037,106.91979810683425,256.75329526141223,336.73897348238137,214.8416287812315
2025-03-08,6,28,F,0.29,165.60825177291304,140.20997125220458,114.25839484531053,296.47315239843493,234.4415222959121,202.64465808972628
2025-03-08,12,28,F,0.12,108.0606009603459,66.1020409970238,52.87133274301466,233.2104173128589,121.4123174105514,106.61309827560558
2025-03-08,18,28,F,0.0,0.022869276825558057,0.036434027777777774,0.022869276825558057,0.16372995915256883,0.30929572202135985,0.16372995915256883
2025-03-09,0,28,F,0.66,123.74023105810338,175.473006167328,106.80598595844572,255.60464865679836,335.68924735238136,214.40089767480944
2025-03-09,6,28,F,0.31,164.9793053700893,140.98386919091712,113.89599747092497,295.1468094394165,235.17357496808086,202.12893857337
2025-03-09,12,28,F,0.11,108.93986793627356,65.94838953373015,53.08852693950951,233.54483273267806,121.06655180899817,106.57916333024605
2025-03-09,18,28,F,0.0,0.023546093926407913,0.040500694444444436,0.023546093926407913,0.165826930784111,0.33268658479174784,0.165826930784111
2025-03-10,0,28,F,0.7,123.2773240102639,180.80557699239418,108.85219891542732,255.48453662959403,348.99122812627417,221.09050334997698
2025-03-10,6,28,F,0.31,164.36196717177543,140.9206734347443,115.06186103506693,295.0081158301968,234.97194648312515,203.60863826349714
2025-03-10,12,28,F,0.09,110.57253408299898,65.35787086640211,53.18683745537517,238.07409882782682,119.85965509790103,106.23000065349967
2025-03-10,18,28,F,0.0,0.023556607202105215,0.04363442460317461,0.023556607202105215,0.16591077377049174,0.3462804046733143,0.16591077377049174
2025-03-11,0,28,F,0.69,124.50088999850074,179.0049209242725,109.26042061757947,260.07364395137057,347.20870285566457,222.50139579891814
2025-03-11,6,28,F,0.26,165.99261945966813,138.99692375440918,115.05066286671367,300.30715770948876,231.08993658061092,204.4009781336443
2025-03-11,12,28,F,0.09,113.65427079430236,66.04404193121692,54.82444498079262,247.22769594319453,121.56698472030747,110.07391556758247
2025-03-11,18,28,F,0.0,0.025173063814874757,0.04517460317460317,0.025173063814874757,0.17464822122013005,0.3498879844843317,0.17464822122013005
2025-03-12,0,28,F,0.68,126.17880731821292,181.16607358630952,109.2959020365356,262.86958943286334,352.55183573095644,221.8915850268394
2025-03-12,6,28,F,0.25,168.22892372080548,140.15476238977072,116.55590556861624,303.53563338871345,232.80440024144065,206.6640220592788
2025-03-12,12,28,F,0.09,114.01526903779293,67.8137775297619,56.831752041685064,247.83385308719187,124.90501422872325,114.24674067834694
2025-03-12,18,28,F,0.0,0.028182339210838785,0.044990972222222224,0.028182339210838785,0.1989397744899472,0.3498418987160089,0.1989397744899472
2025-03-13,0,28,F,0.69,127.69666559983936,183.96812497519838,111.36421509657934,264.7783999085935,356.93773657532034,224.96952961782037
2025-03-13,6,28,F,0.27,170.2516749653074,143.94649240520283,119.2208888322849,305.73973446827154,238.50308261003212,209.53476203013895
2025-03-13,12,28,F,0.09,114.32866406816625,67.25885094246031,56.027302080418444,248.5505530592524,124.194648618558,112.6857868834355
2025-03-13,18,28,F,0.0,0.0315419626929599,0.045505357142857146,0.0315419626929599,0.2169834186852976,0.3504687091188436,0.2169834186852976
2025-03-14,0,28,F,0.68,129.17652397838347,184.6454323082011,111.88992752443095,270.71719500876844,358.09748658878965,226.26038501455864
2025-03-14,6,28,F,0.25,172.22377759568286,143.25203404982364,120.37961746181652,312.59726199407095,237.5476444447535,211.15551057274575
2025-03-14,12,28,F,0.11,115.31189608962904,67.24669976025132,56.147911265619285,253.1304864125059,124.13499948758823,113.00267037090342
2025-03-14,18,28,F,0.0,0.034862844310830615,0.046425992063492065,0.034862844310830615,0.23123740785088942,0.35226486250146294,0.23123740785088942
2025-03-15,0,28,F,0.66,131.972657996938,181.66472356150794,113.32054860602037,275.0785161983264,355.57706023182817,227.5408486425654
2025-03-15,6,28,F,0.31,175.95089563030567,147.6586294973545,121.75315555224977,317.6332797324346,243.23092067237567,211.7416386270701
2025-03-15,12,28,F,0.11,118.0923822319207,67.24766888227515,56.48861487124261,256.54501257000936,124.50480888197133,113.69726771615734
2025-03-15,18,28,F,0.0,0.03858764345664259,0.048327579365079365,0.03858764345664259,0.24540127633724348,0.35816816810937485,0.24540127633724348
2025-03-16,0,28,F,0.63,135.9297143336767,178.92440013227514,115.02396005059651,282.5083704984389,352.4393356497163,229.91924104714937
2025-03-16,6,28,F,0.32,181.22591148153262,153.21338709215166,125.23828769140559,326.212534758982,256.2582301696486,218.27032546510688
2025-03-16,12,28,F,0.09,120.7586672111002,68.86597581845238,58.08628103505301,259.74680714332385,127.97695809828336,116.9859582665927
2025-03-16,18,28,F,0.0,0.04222372421905755,0.05066319444444444,0.04222372421905755,0.2582070037412258,0.36669346131805064,0.2582070037412258
2025-03-17,0,28,F,0.63,136.57094192316114,178.097884036045,115.4204906870596,283.57661008324635,351.4210932580266,230.56460748729987
2025-03-17,6,28,F,0.33,182.07998098123343,155.94738881172842,127.09349878248943,327.44602983877803,261.01779707187677,220.90542668630144
2025-03-17,12,28,F,0.08,120.83564494104142,68.55813492063493,58.07518784635624,259.90856935346187,127.72072230384254,117.12268083565547
2025-03-17,18,28,F,0.0,0.04540187822920893,0.053166071428571424,0.04540187822920893,0.2678685107769061,0.37636239606874006,0.2678685107769061
2025-03-18,0,28,F,0.59,141.5762124012839,172.84537664517194,115.71404426029744,292.8359686025613,334.46842921098545,231.31029663726335
2025-03-18,6,28,F,0.35,188.75231516595684,160.46365450837746,128.13683708656518,338.13781226286284,267.16592664963366,221.9878710221964
2025-03-18,12,28,F,0.06,125.10259395276115,67.48132153604496,57.338323840119735,266.85869592835394,126.53934389929165,115.40714849800678
2025-03-18,18,28,F,0.0,0.04953061584636129,0.05714841269841269,0.04953061584636129,0.28577621343317766,0.39832062918075484,0.28577621343317766
2025-03-19,0,28,F,0.6,142.2715207466777,177.59073282076716,116.81840607173018,293.64819037176864,347.27281398761414,233.56798321852307
2025-03-19,6,28,F,0.34,189.67813545058632,160.51200785934745,128.49214395302306,339.07568081231676,268.0045579793787,222.48955879841702
2025-03-19,12,28,F,0.05,125.69193207407469,67.35825888723544,57.309438697031496,267.34717037831876,126.19853773651118,115.4249564909507
2025-03-19,18,28,F,0.0,0.05227422336006637,0.06043065476190476,0.05227422336006637,0.29321226403125533,0.4136192811176742,0.29321226403125533
2025-03-20,0,28,F,0.61,144.47227557085856,181.52745147156082,117.5528462150448,296.24158584390193,352.46160336038855,234.3562683333753
2025-03-20,6,28,F,0.35,192.61125267443907,163.04317568342154,131.75953960487516,342.07027192591374,271.4914348282831,225.91127037646305
2025-03-20,12,28,F,0.04,128.74235156822516,69.57585903604497,59.73935779630924,272.0182553516279,130.57602631295384,120.15523154212251
2025-03-20,18,28,F,0.0,0.05687565716946288,0.06606984126984126,0.05687565716946288,0.31763641630659895,0.45203353006340946,0.31763641630659895
2025-03-21,0,28,F,0.63,143.9650308212327,185.83629294808202,118.86964198623755,295.5829638701654,359.2551549595213,236.7331267153007
2025-03-21,6,28,F,0.38,191.93378748504966,167.96904239417992,134.58347614884386,341.3097568335008,282.1881525499844,232.35628860265126
2025-03-21,12,28,F,0.05,127.67880399313533,70.11154734623017,61.17897329035374,270.79894990490396,132.34686498449287,123.34157920805178
2025-03-21,18,28,F,0.0,0.06058823152573863,0.07164871031746033,0.06058823152573863,0.3313813697484598,0.48500216673341895,0.3313813697484598
2025-03-22,0,28,F,0.62,149.93207940014557,190.3684515873016,124.4359446635183,303.43846661177105,369.6663162682488,247.39059425249798
2025-03-22,6,28,F,0.34,199.88862197613514,165.67716569664904,134.63255207805364,350.38050647084424,279.75732389371564,232.67058352653208
2025-03-22,12,28,F,0.04,133.93400415889943,70.2280966683201,62.08668192479724,279.18340966696894,132.54777955641643,124.90131961604945
2025-03-22,18,28,F,0.0,0.06390923314123936,0.07780863095238096,0.06390923314123936,0.34368998850761273,0.5206268335301847,0.34368998850761273
2025-03-23,0,28,F,0.63,149.80106014615734,191.2790281911376,124.69130249372269,303.41757538265273,370.8076699345657,247.70088536872208
2025-03-23,6,28,F,0.36,199.71260840533242,168.99655317460318,138.60477360251892,350.35637680680554,288.4789012709639,240.3772394208234
2025-03-23,12,28,F,0.05,133.9146960314275,71.35380610119049,63.60544556498958,279.40364996992383,134.99389334938667,128.96371640953188
2025-03-23,18,28,F,0.0,0.06782103176129538,0.08550823412698412,0.06782103176129538,0.36238251437802665,0.5698924184624952,0.36238251437802665
2025-03-24,0,28,F,0.63,151.9525822979292,195.71005679563493,127.84770964631923,306.5366839635895,380.2297573776775,255.0401653406642
2025-03-24,6,28,F,0.35,202.57734286475701,168.48855085978838,139.45925445427793,353.9579505636624,287.31246167814567,242.15475277289053
2025-03-24,12,28,F,0.03,137.96617696698408,70.51837660383599,63.216176749326756,286.03086664113727,132.8732420495668,127.31411477881825
2025-03-24,18,28,Q,0.0,0.06992262835913016,0.11149786706349207,0.09816710988857212,0.36861723294682835,0.7189309560182598,0.6047322752834322
2025-03-25,0,28,F,0.62,152.94292582868547,193.84854562665345,128.72975125384966,307.77796959398233,379.1859335182044,256.73001886832225
2025-03-25,6,28,F,0.34,203.8882240829724,165.83436419753087,137.8310016792319,355.39085819449576,283.2676735606304,239.78150856298961
2025-03-25,12,28,F,0.04,140.25095133214657,71.694845692791,64.36148706988155,288.43036343372,135.06823245452338,129.59469401585199
2025-03-25,18,28,Q,0.0,0.06942862424985112,0.1767919642857143,0.16316976349334175,0.368309457109916,1.2612056769214952,1.1967726163474772
2025-03-26,0,28,F,0.62,151.5097424678574,194.75308793816137,125.60048955070678,305.9208803205141,384.85125874453064,251.56308470920868
2025-03-26,6,28,F,0.35,201.96391595281102,162.81630527998237,135.4546892127809,353.24576097965553,274.6542891574731,233.2957948927685
2025-03-26,12,28,F,0.04,139.56585503958945,71.54310248842593,65.04600734487246,287.4686749865423,134.92854949030436,130.44415768098708
2025-03-26,18,28,Q,0.0,0.07059718448312441,0.2823554563492064,0.25831409575143954,0.3730849695820571,2.0921777438734317,1.927416921873368
2025-03-27,0,28,F,0.62,154.77988493330037,197.51867743882275,128.06929844701088,312.22616151787935,389.9990712520322,255.97010274242743
2025-03-27,6,28,F,0.34,206.30732091596522,163.49679081238978,137.83221730347884,360.525435155314,275.65585138025756,236.5224064488382
2025-03-27,12,28,F,0.03,141.4572333547528,72.21882328869047,66.66134478853719,289.61503385697745,136.17709010270548,133.12672990887273
2025-03-27,18,28,Q,0.0,0.07387115580323228,0.4470453869047619,0.3972096435752258,0.3911451146064111,3.3396756730145354,2.927905490343613
2025-03-28,0,28,F,0.63,154.2691296096777,199.8413003554894,127.7283942846958,311.19808675255337,392.17370834921127,255.2017199269797
2025-03-28,6,28,F,0.36,205.60120673225074,166.48327444885362,139.63606157482315,359.3363353119368,279.22516804168123,238.31394881932258
2025-03-28,12,28,F,0.02,143.04694865065719,72.97833875661377,68.54565050551534,291.1205661751025,137.40111101814728,135.55367756784858
2025-03-28,18,28,Q,0.0,0.08394351431876877,0.6490835317460316,0.5512328107029034,0.4620660019105131,4.598860602516558,3.795673640973234
2025-03-29,0,28,F,0.64,154.0528383457444,204.95756639384922,128.18862062168483,309.86390681832324,400.15323841154185,255.38109913937285
2025-03-29,6,28,F,0.36,205.282060910816,164.57301959876543,138.54945360191212,357.79289211243633,278.08246398613295,237.13605943364314
2025-03-29,12,28,F,0.02,143.1756155348881,72.28674602347886,67.98074245840786,289.89053456025647,136.30025305245238,134.1342536088178
2025-03-29,18,28,Q,0.0,0.09869662119945845,0.9050643353174603,0.7342103544060506,0.6110011398558991,6.090894472335118,4.751759400981394
2025-03-30,0,28,F,0.64,153.5158154833333,201.56174485780426,129.31390488671494,305.7254986159719,393.1805283578719,256.1629685485106
2025-03-30,6,28,F,0.35,204.53120509059866,161.0151943121693,133.98715840944456,353.01047877659494,272.93106524096385,227.8577364564879
2025-03-30,12,28,F,0.02,147.10259916285133,72.39210291832012,68.3559029026857,295.53789389423764,135.96710618044546,134.23445271734346
2025-03-30,18,28,Q,0.0,0.11942832493505996,1.208063095238095,0.9334971393268323,0.8410611069193858,7.696230328149203,5.670290979470965
2025-03-31,0,28,F,0.67,146.15649757716824,207.9873773561508,127.20841889679586,284.06037615450225,405.7557046721037,248.99932048842834
2025-03-31,6,28,F,0.39,194.68443150472967,160.18405832782187,131.55173826897615,327.9892044395331,272.5943543134182,223.55886283595092
2025-03-31,12,28,F,0.04,137.39614658046744,73.80910278604497,69.5791254508572,262.10903975781883,139.47117691516428,138.64824945872522
2025-03-31,18,28,Q,0.0,0.14128768248487425,1.5497563988095238,1.1373889122688752,1.0459499725645462,9.345066764360203,6.49207605180717
2025-04-01,0,28,F,0.68,145.86370592171326,207.04542020502643,129.28558136687232,283.4408323997863,403.93783853216974,253.4986073733997
2025-04-01,6,28,F,0.4,194.25269232922852,162.05911654541447,129.09885543194247,327.2682942347558,277.05651819272776,219.3710751531655
2025-04-01,12,28,F,0.04,140.39145635096313,75.32351137566137,71.31764849642576,269.4964663361071,140.8690110764978,140.72162507423852
2025-04-01,18,28,Q,0.0,0.16191449397858831,1.8948266865079368,1.3104670425027023,1.2097805421628178,10.771745108960785,7.027360065963213
2025-04-02,0,28,F,0.66,150.83781983649644,211.598771412037,129.9792111676675,295.34807694425837,412.771977151056,254.7302581246364
2025-04-02,6,28,F,0.39,200.83868360768824,163.56739486331568,130.19956022665366,341.01207829847357,279.733377684908,220.56607496408293
2025-04-02,12,28,F,0.04,144.57975808354303,75.08819890873016,70.93790229206526,280.1842226532475,140.31137950510822,140.0433555296411
2025-04-02,18,28,Q,0.0,0.19113820006795454,2.314572867063492,1.5278552802342835,1.4889405611755797,12.578610996510907,7.789523821950352
2025-04-03,0,28,F,0.63,155.42298275104292,209.67754784226193,130.81432748402725,303.53068658704996,411.13930464248665,255.97359049323344
2025-04-03,6,28,F,0.38,206.91405796680206,164.85465969466492,131.49322780326915,350.45699857411654,281.1810315737527,222.0634495198583
2025-04-03,12,28,F,0.04,146.6771144996157,74.68274428736771,70.19017587710273,283.47499189137693,139.73667448755805,138.77387043899623
2025-04-03,18,28,Q,0.0,0.2232592574136655,2.824909523809523,1.7968172875715012,1.7815352727404037,14.853161490885045,8.82983236264192
2025-04-04,0,28,F,0.65,158.04217454877266,216.29343633432538,134.19629845336584,307.33615430730794,418.9840123899242,260.82663856038977
2025-04-04,6,28,F,0.36,210.36718303868864,164.09837669753088,131.71938384028286,354.84729692184567,280.7772512087407,223.2312707121848
2025-04-04,12,28,F,0.05,149.7196707451363,75.45871794808201,70.91451475030595,288.8105267977857,140.12224133976017,139.07346872428627
2025-04-04,18,28,Q,0.0,0.2501502715033895,3.361537896825397,2.0422086420850887,1.9660665733836373,17.02090862509619,9.611997169778524
2025-04-05,0,28,F,0.63,160.27595822347405,212.8548734457672,135.68522581798888,311.06026544399606,415.09012867575035,262.9466143920254
2025-04-05,6,28,F,0.37,213.30057061432473,164.90428371362435,131.13051556863056,359.14254599757584,281.3883740023938,221.99447445242947
2025-04-05,12,28,F,0.03,154.34675228747852,75.75965119874337,71.2115273592362,297.1814143520424,140.85013516523503,139.48340312362825
2025-04-05,18,28,Q,0.0,0.28844992063566766,4.008971527777778,2.3476562625859803,2.2821670057248955,19.740463209195124,10.700391898340694
2025-04-06,0,28,F,0.63,162.90449078376759,216.28643018353176,138.28067740669317,314.922006800468,419.80271652993986,267.40973768383526
2025-04-06,6,28,F,0.37,216.75412039267437,167.01615249669314,135.39688499542666,363.5950840217139,283.65943110704563,227.62712670820196
2025-04-06,12,28,F,0.04,155.76492963984964,78.69732262731482,74.65356551875158,299.9793099959341,145.7690131359269,146.45774574295123
2025-04-06,18,28,Q,0.0,0.3191585382689168,4.632712103174603,2.5702226277134725,2.4612740854930344,21.96332717704306,11.234066121400996
2025-04-07,0,28,F,0.63,161.7177233794732,213.63285212466928,136.67095563214468,312.7026436226795,412.4256830338245,262.597134139479
2025-04-07,6,28,F,0.36,215.1212116589371,164.98281944444443,134.99931786274337,361.02535678025635,281.00836433915725,227.37588473748846
2025-04-07,12,28,F,0.05,152.96684256789095,79.27319756944445,75.64649184001809,294.63787359432126,146.3756750535117,147.6855741269679
2025-04-07,18,28,Q,0.0,0.3518014827033817,5.29392931547619,2.7917298210958346,2.644639676081087,24.20998850466506,11.735347230187717
2025-04-08,0,28,F,0.64,162.3867475450156,219.0187290839947,138.78691880837164,312.4330839425435,418.2335438392798,265.6266187677392
2025-04-08,6,28,F,0.36,215.942279818242,164.25708056106703,133.22578407645923,360.70064216763865,280.2242959519959,225.15217095606914
2025-04-08,12,28,F,0.05,152.7270138784956,78.74726639384919,74.75845021108628,290.501158238352,144.94719138330873,145.47154765336865
2025-04-08,18,28,Q,0.0,0.3809687200186805,5.987492509920635,2.9941504447273144,2.807206577992656,26.44896532005516,12.143149708110144
2025-04-09,0,28,F,0.64,162.01884308539908,218.95371345899468,139.88229563937125,311.5440991297711,416.46219363040245,267.926977649738
2025-04-09,6,28,F,0.36,215.4131132728921,163.72727436618166,132.7250375254636,359.67039209322843,279.46056589448716,224.24844503439695
2025-04-09,12,28,F,0.05,153.08210065469507,78.39883650793651,74.13327277501365,291.5393015490108,144.17558760489413,144.09419207753157
2025-04-09,18,28,Q,0.0,0.41822899021721566,6.683579365079366,3.1524518979343017,3.08356060274365,28.507373340451846,12.39583126862499
2025-04-10,0,28,F,0.62,166.28100923651044,217.79704634589945,141.0892510519441,319.1480911280496,414.8049354042174,272.30033549479424
2025-04-10,6,28,F,0.33,221.04419450933176,160.83113230268964,132.9421311150582,368.4462671737738,275.94536917517786,225.54698104594584
2025-04-10,12,28,F,0.05,159.49452780302082,80.37865673776454,75.4804036751123,301.46027528821196,148.2027230899466,146.1108608611591
2025-04-10,18,28,Q,0.0,0.4809760284633059,7.518709771825396,3.415666342172862,3.7182729047975207,31.2319737851346,13.058584964029018
2025-04-11,0,28,F,0.64,163.24147281741108,218.33008075396828,139.88975589995005,312.3563590320318,414.6679429751944,269.827193123055
2025-04-11,6,28,F,0.36,216.93426072275682,166.9438253527337,135.55410027661233,360.5959626982749,286.31739107463846,230.6300853325023
2025-04-11,12,28,F,0.05,156.81914022789056,81.13524266699736,76.24437812141117,296.26826306566625,149.20446367789566,147.3214889828612
2025-04-11,18,28,Q,0.0,0.5473049244356303,8.293078075396824,3.5733850386841466,4.169101560765396,33.38254756370996,13.297726354901984
2025-04-12,0,28,F,0.65,162.8067963545964,223.07001358300266,140.37169187458892,311.49265423746346,419.2015826376071,269.9254097795708
2025-04-12,6,28,F,0.33,216.29304086533415,164.33316111111108,136.83145626812095,359.5912661786268,282.8638004873396,232.73150820920313
2025-04-12,12,28,F,0.06,161.39200683133348,81.91834316302909,76.23562092970111,303.7234318959262,149.77971948936155,147.15308718816735
2025-04-12,18,28,Q,0.0,0.6606966476953956,9.222046031746032,3.8409562474081445,5.219516417262841,36.247438086669234,13.946375909396819
2025-04-13,0,28,F,0.66,162.67414195439656,230.3307249669312,140.6676889020261,309.7127356357089,428.3136408341896,268.8936389057069
2025-04-13,6,28,F,0.32,216.00953984679032,157.81694270833333,134.07873586824414,357.5144863036625,270.2742339786045,227.6885960171726
2025-04-13,12,28,F,0.06,162.3540181211576,81.30174518022484,76.15126011156703,306.3864943278809,148.2720273642542,147.155129883961
2025-04-13,18,28,Q,0.0,0.7422139104377199,10.008463541666666,3.925488953261579,5.595731418696915,38.157920958663766,14.013748279426569
2025-04-14,0,28,F,0.66,161.55077121760553,229.6450408316799,139.26338099402503,307.68068226111484,426.50024049411803,267.1646448614199
2025-04-14,6,28,F,0.31,214.48641149399256,155.53741469907408,132.18916689068232,355.1660755779123,265.88274353648217,224.29797278601214
2025-04-14,12,28,F,0.06,164.04939400351583,81.86499574239416,76.44503947021585,308.54900823610575,148.7466937656503,147.73024461469439
2025-04-14,18,28,Q,0.0,0.8575617997115961,10.834308432539682,4.039828229847222,6.252927444815396,40.15109394440938,14.137395224584937
2025-04-15,0,28,F,0.67,156.52144578128429,231.98526673280423,137.5989431177497,298.7482497393764,429.4129954697047,262.0723439576046
2025-04-15,6,28,F,0.32,207.7047896454659,154.68283420965608,132.77253999766376,344.83899377522874,264.7881973213178,225.63496232133116
2025-04-15,12,28,F,0.08,162.6430115043182,84.22461240079363,78.60995610937704,304.8691861796752,151.00890832851053,151.27746752395944
2025-04-15,18,28,Q,0.0,1.024561136077508,11.857793948412699,4.306992006793941,7.516922142383372,43.03781121467505,14.761014443161988
2025-04-16,0,28,F,0.66,160.20423213944161,228.03768030753966,139.48227873322193,304.03633950519907,419.74945232994276,265.3604293408417
2025-04-16,6,28,F,0.31,212.52160461394172,154.25965410604056,132.47327549909966,350.932486048807,263.73482605047286,225.6479283219524
2025-04-16,12,28,F,0.08,165.6021382646385,85.60469107142856,79.65807599857784,308.16910658056275,152.47138145262338,152.29309058894202
2025-04-16,18,28,Q,0.0,1.2115125019451636,12.908696527777778,4.544529474618076,8.811521610068773,45.88523567824454,15.277318759475687
2025-04-17,0,28,F,0.65,160.93521953906264,225.52359347718254,140.68318936727604,306.1611099270777,416.0840668462832,267.3011497350173
2025-04-17,6,28,F,0.31,213.3909260613612,154.68419136353614,131.591279560961,353.36919728598207,264.16403675717936,224.6988303848819
2025-04-17,12,28,F,0.08,163.9391378815269,83.5697630042989,77.91108880183346,306.1233201539834,148.60834598986196,149.03606631689
2025-04-17,18,28,Q,0.0,1.375233220979943,13.862540426587302,4.669639882220272,9.606504419611358,48.103794651215274,15.429217845885818
2025-04-18,0,28,F,0.65,161.73050602330935,222.07385893683866,140.36267613047323,306.7374518536277,410.61780149645324,266.5815495804441
2025-04-18,6,28,F,0.28,214.34578945663597,149.10468610008817,127.20297975419942,354.01773161884756,251.47409991350293,215.277817056776
2025-04-18,12,28,F,0.08,164.3280986134818,84.47060532407404,77.90150334516474,306.3469328516554,148.6657134847024,148.6438674756104
2025-04-18,18,28,Q,0.0,1.5103510591839162,14.794196825396826,4.771391719213347,10.119137013609642,50.13515057223593,15.525236395632632
2025-04-19,0,28,F,0.65,158.06556597442156,217.04155470403438,136.22902724671627,301.0320992142888,400.6776205709701,258.26270537063357
2025-04-19,6,28,F,0.3,209.41214989743457,150.14710434854496,128.45631411937345,347.42292054663164,252.31921344678247,215.84022475302277
2025-04-19,12,28,F,0.11,160.7536534711571,86.77109147652114,79.80302410291335,301.49846907120974,151.34609211373456,151.06432558578376
2025-04-19,18,28,Q,0.0,1.673593195662106,15.835313392857145,4.914885384923255,10.805394699076716,52.5505963299861,15.735527429846249
2025-04-20,0,28,F,0.65,157.99408542724035,224.16852695105823,137.08600863020988,300.7991531756841,410.24388647385314,259.09874291139425
2025-04-20,6,28,F,0.3,209.19237352114408,151.01787530864198,127.08780367250878,347.12971468389543,248.18342459075447,209.52628850184377
2025-04-20,12,28,F,0.1,159.37176616823635,86.50936034226187,79.36599168903453,299.53178564937946,150.15054958181858,148.98313778302742
2025-04-20,18,28,Q,0.0,1.8734186299940427,16.915148908730156,5.089172657700142,11.785050980550514,55.05670521030612,16.010908542875587
2025-04-21,0,28,F,0.65,156.6841179223218,222.15072220568783,135.40781258711448,297.8662798899284,405.34230618163105,254.3216854111577
2025-04-21,6,28,F,0.3,207.36406178250718,148.784567074515,125.14558348818917,343.73022855085026,244.61211719972647,205.90805325811093
2025-04-21,12,28,F,0.12,155.1141898943619,87.1646907572751,79.72319996244879,291.8076843038457,150.62870692058382,149.00609266221633
2025-04-21,18,28,Q,0.0,2.007671035391399,17.769712748015873,5.1795728710269575,12.161586485130254,56.649873928442425,16.173272505508695
2025-04-22,0,28,F,0.66,159.02117705501476,228.33993381283068,138.89574107904158,301.2624446359673,416.7385558656698,261.58248884172946
2025-04-22,6,28,F,0.3,210.3474386736795,149.8828934468695,125.49308851327193,347.6230229815201,245.363173806098,206.150904601844
2025-04-22,12,28,F,0.11,159.640063829493,86.03030019014547,78.95602022235305,299.2420412691065,148.88934979934845,147.7449769158352
2025-04-22,18,28,Q,0.0,2.2711285799134524,18.846747023809524,5.32813538220704,13.571793660440855,59.242201199596416,16.542257210699585
2025-04-23,0,28,F,0.66,159.9974736137908,227.85461238425924,141.0749186297701,302.1796525199815,412.0261586744709,265.669046781402
2025-04-23,6,28,F,0.29,211.58502521492733,148.1337731867284,123.74814920715316,348.67472132493293,241.8301454001129,203.22884252004076
2025-04-23,12,28,F,0.09,164.2144095742861,87.61776100363754,80.2685399015451,305.23835696078197,151.17816115204275,150.1243121554803
2025-04-23,18,28,Q,0.0,2.4475546209308314,19.773292509920633,5.363655431854391,14.146184044113538,61.27128487101197,16.5965327885774
2025-04-24,0,28,F,0.67,158.49659387144249,229.14343266369045,140.33112423519964,297.82525402144057,413.7901197786977,264.337685292592
2025-04-24,6,28,F,0.29,209.49168978638664,148.69039111000885,123.49394790748403,343.62520179774475,242.61320853582563,202.63742355683203
2025-04-24,12,28,F,0.09,164.17760462863575,86.0254204447751,77.85279547941325,304.84408229284645,148.66796555359826,146.70324601454112
2025-04-24,18,28,Q,0.0,2.6462860766512306,20.71604965277778,5.360461410433249,14.85079305140761,63.496394107588884,16.621509067330937
2025-04-25,0,28,F,0.66,161.0038623327203,229.4470705274471,142.51280345667402,302.0561638024092,414.7939294714391,267.74150633335853
2025-04-25,6,28,F,0.28,212.77672564561138,148.67390936948854,124.32576444571566,348.507057188971,242.98325405228965,204.12945987412394
2025-04-25,12,28,F,0.08,168.06011532293113,89.32748513558198,81.11446904053619,311.8589543941672,154.1559870524128,153.16812455745549
2025-04-25,18,28,Q,0.0,2.8536340601449446,21.667230109126983,5.3572424620666705,15.583988802908493,65.79606281886248,16.62745766825214
2025-04-26,0,28,F,0.66,161.95688053318506,229.91715863095237,143.99443985702203,303.52452707593494,412.9480466171437,269.3236299981599
2025-04-26,6,28,F,0.28,213.95336138564906,151.9820098930776,127.74984835406455,350.1866386494677,246.29319535250073,208.1945664936458
2025-04-26,12,28,F,0.07,170.0695141774327,90.32490218253966,81.75199159472207,314.9656905859615,155.38141819954367,154.01461728799774
2025-04-26,18,28,Q,0.0,3.0855432328093473,22.620845188492066,5.326505946770791,16.407024320804343,68.18070355558879,16.58137036723822
2025-04-27,0,28,F,0.66,164.09738951384992,230.6235032490079,146.00873463954764,310.05214570642704,414.0384259190625,275.4553655460502
2025-04-27,6,28,F,0.27,216.69859767836604,155.89636937279542,132.38354781873286,357.70882672739606,251.4422578885613,216.5726629628396
2025-04-27,12,28,F,0.09,169.68608154737746,91.52759538690474,82.67770295397771,315.50820967698877,157.7601693691898,155.96894283704464
2025-04-27,18,28,Q,0.0,3.295974770005157,23.37604007936508,5.242708083652902,17.00466423192835,69.89510626523479,16.40111916736378
2025-04-28,0,28,F,0.65,164.95374424981344,226.23064284060843,145.43061137748208,311.02786836241575,403.50059979939556,273.9176414356759
2025-04-28,6,28,F,0.29,217.78697107423307,161.9102491347002,136.74849719785982,358.83146481075624,261.04003589289243,223.58989673845815
2025-04-28,12,28,F,0.08,170.50073903239294,91.20335115740738,82.02443095387508,316.3022399483516,156.3877291755936,153.17549430441449
2025-04-28,18,28,Q,0.0,3.3831769666136275,24.00199330357143,5.167187942147357,17.10547433733988,71.20305266591498,16.260367026819686
2025-04-29,0,28,F,0.62,170.47653209948683,224.57504641203704,146.8070733738642,325.9416800757888,400.2640096481138,277.14750001746506
2025-04-29,6,28,F,0.29,225.12377248368992,163.0456353505291,135.5409362655701,376.06670891161764,261.34415159383167,222.35328883729096
2025-04-29,12,28,F,0.09,172.14529075929863,90.43078173776453,80.28496007131658,319.1519379703664,155.50596891390924,150.96733854015613
2025-04-29,18,28,Q,0.0,3.5999140597639565,24.69056453373016,5.103825883122538,17.63446716742357,72.7032935735032,16.120308761935295
2025-04-30,0,28,F,0.62,169.5301643451991,221.8007345155423,149.0082089746733,320.2445791992363,393.8816551000876,279.5909666543594
2025-04-30,6,28,F,0.29,223.75562272364505,162.24680498787478,137.07080857370093,369.4634834618376,258.67422432320325,223.87596722559545
2025-04-30,12,28,F,0.08,170.36146805183716,90.34011562499998,80.38770371365597,312.03274559241476,155.37328926146432,150.93390809154081
2025-04-30,18,28,Q,0.0,3.703826753516164,25.22944360119048,4.985290830683952,17.76372927101838,73.82216370784589,15.865148016319475
2025-05-01,0,28,F,0.66,168.09453382302527,224.33122351190477,151.18858891942114,317.09310381172406,396.8097144998082,283.73276894162626
2025-05-01,6,28,F,0.29,221.7350278691634,163.04402671957672,139.50690790022844,365.804376104176,260.7138246975178,228.59833091601195
2025-05-01,12,28,F,0.07,170.93873734895755,90.45350887896824,80.88552005679519,312.98014549881617,155.69428899941352,152.28907340733295
2025-05-01,18,28,Q,0.0,3.970435281902659,25.774380753968256,4.823680884362683,18.55059193368259,75.10202693786268,15.40084199181986
2025-05-02,0,28,F,0.64,167.41124960004146,218.86949293154763,149.63023473852965,315.2054712408787,389.56767428263754,280.57856344478085
2025-05-02,6,28,F,0.31,220.75496644182036,166.16990671296296,140.4699322572264,363.61562482200867,264.14688176813866,229.38829776301583
2025-05-02,12,28,F,0.07,169.43602113029706,91.3161239666005,81.68365595771641,309.5371351471676,157.05722930909678,153.62903893155683
2025-05-02,18,28,Q,0.0,4.15161474538483,26.237223611111112,4.673053643903222,18.872585121836494,76.12649203721018,15.006534778550103
2025-05-03,0,28,F,0.6,174.39087729240612,221.61639082341267,152.80250861409215,328.4105721529504,391.9071191185506,286.7641591625879
2025-05-03,6,28,F,0.3,230.04282701309737,167.6485820712081,139.98767171925198,378.878462606263,266.5520846116026,229.21187279062076
2025-05-03,12,28,F,0.07,175.12094989262528,90.3372120701058,80.83637886066033,323.76572043068177,155.63948474378805,152.26556826694383
2025-05-03,18,28,Q,0.0,4.24884607990036,26.34262142857143,4.637274532967627,18.993996492325486,76.31069701210252,15.024314418166517
2025-05-04,0,28,F,0.6,172.77053324934505,219.15780284391533,150.37922244128413,325.49360601071453,388.4530493748289,282.42857868294055
2025-05-04,6,28,F,0.3,227.84603894909193,167.17905824514992,137.30160364511403,375.5072629850454,265.9761363760579,225.10295790127253
2025-05-04,12,28,F,0.08,174.44833675391257,89.0857429728836,78.718356089936,321.77708152786767,153.23987157087333,147.35720479913905
2025-05-04,18,28,F,0.0,4.578633777292702,26.626171825396824,4.57425542701562,20.02359537024805,76.9420553839716,14.839439722662862
2025-05-05,0,28,F,0.58,176.43454980320425,216.2310529679233,151.60935740621923,329.1643747441295,383.6662262824811,283.6497816034809
2025-05-05,6,28,F,0.3,232.5881185495309,172.12878508597882,141.027987972676,379.7202544929329,275.309734719879,232.27009079509517
2025-05-05,12,28,F,0.08,178.8484756109836,89.39645572089945,78.29291490454558,327.1948788713721,153.1856965169774,146.6395135550816
2025-05-05,18,28,F,0.0,4.921259713064197,26.809722569444443,4.554760767805625,21.080767388164855,77.38113950797049,14.824808927183412
2025-05-06,0,28,F,0.57,176.42443884533955,215.12961828703703,149.0015772491518,327.5083968120818,381.191881528415,278.75900144089655
2025-05-06,6,28,F,0.3,232.5774125682154,172.58302126322752,142.32973257415873,377.81423114170457,275.87462466025323,232.6616816056181
2025-05-06,12,28,F,0.09,178.48248758179327,90.0517718005952,79.01805487824201,326.27630149218606,153.98232313571916,147.49379873389273
2025-05-06,18,28,F,0.0,5.120932201622513,27.031993601190475,4.444416951069501,21.417597398017463,77.86716811449558,14.570153721105232
2025-05-07,0,28,F,0.55,178.74966969896235,214.1756552662037,148.82543364505327,330.67620351201316,377.7447656965296,279.14004667480316
2025-05-07,6,28,F,0.3,235.6099665047175,174.70221899801584,144.63037247271922,381.4684996039173,278.4196590882068,236.2065609919517
2025-05-07,12,28,F,0.09,179.6857320788463,89.25366458333332,78.2248170188238,327.27909531395693,152.36779637990927,145.973502500443
2025-05-07,18,28,F,0.0,5.316649374130977,27.316589583333336,4.3431155188086406,21.744894751817228,78.49001075773221,14.386864305059403
2025-05-08,0,28,F,0.57,173.88247562024955,215.434919130291,147.36718866209372,322.52274873056956,380.1476593030101,274.81895638874454
2025-05-08,6,28,F,0.3,229.11008883563792,173.73448532297175,142.7255958430963,372.0461126804257,276.99631829379746,233.89838497891878
2025-05-08,12,28,F,0.1,175.06988144779135,88.88257801752644,77.96434982677853,319.4277983176996,150.63910795325174,145.4828175641848
2025-05-08,18,28,F,0.0,5.322362900729257,27.33147371031746,4.188056654099588,21.685353214169815,78.46282534870066,13.93318289322413
2025-05-09,0,28,F,0.55,175.95797151766266,213.61606104497355,146.49501217357545,324.77914437942263,378.0904562503834,274.2208954485489
2025-05-09,6,28,F,0.3,231.81961542945157,170.90683809523807,141.2692629787588,374.6474877558333,269.73414371361804,230.11121331029173
2025-05-09,12,28,F,0.09,180.552645764757,87.84747217261902,77.01811378590799,326.4685183413461,149.134362522078,144.49095564040843
2025-05-09,18,28,F,0.0,5.55982330963783,27.569711706349207,4.100371063801445,22.258024570538133,79.01431410226516,13.76611478098078
2025-05-10,0,28,F,0.56,173.97742447747325,215.83810182705025,148.27919205102722,321.5876041426627,385.7332824685634,277.2401636524761
2025-05-10,6,28,F,0.32,229.17508367924188,172.11954203042325,140.81450703030478,370.9606670071957,272.16548336406066,230.22760543743212
2025-05-10,12,28,F,0.09,174.23414936070571,87.59933684689153,77.63409758856626,317.632615955418,149.48237126109262,145.9866457629523
2025-05-10,18,28,F,0.0,5.683382128575115,27.46481850198413,3.9681347645679614,22.406301040825905,78.72380805551379,13.320150360307016
2025-05-11,0,28,F,0.54,175.35855375402193,209.64858486276458,148.5780814758686,324.0404266543455,376.07581738022543,278.45517979722126
2025-05-11,6,28,F,0.32,230.93683462453276,173.49612935405642,141.03837337976785,373.78196922361957,273.6187057849303,230.53803017110457
2025-05-11,12,28,F,0.08,175.33181119716068,87.56118420965608,77.1841583409905,319.91559562367314,149.11995943889823,144.83423519076578
2025-05-11,18,28,F,0.0,5.867743117260024,27.52655863095238,3.987372173383891,22.777655321364886,78.83872740118572,13.390152057873959
2025-05-12,0,28,F,0.53,177.30426019430976,207.76710868882273,148.83943963424605,325.3379393425259,374.32137960705955,278.7669547838057
2025-05-12,6,28,F,0.32,233.35764030974573,174.7154454861111,141.60279171274166,375.2447251862131,275.4322516685361,231.38526353829633
2025-05-12,12,28,F,0.08,176.10811481990396,86.17981023478835,76.58446866623866,319.8687276551891,147.5713421115294,143.6208689179844
2025-05-12,18,28,F,0.0,6.288865586158501,27.509226240079368,4.073064597704495,24.47508461368332,78.85988035415794,13.595661229779187
2025-05-13,0,28,F,0.51,182.48288735490647,205.747118791336,148.9007464102134,333.8638734242473,369.944055464562,279.53198965842944
2025-05-13,6,28,F,0.3,240.1609965552038,173.96677066247796,143.08562948586237,385.0789598568585,274.901707913204,233.97323420976664
2025-05-13,12,28,F,0.06,177.2887039101457,84.97838141534392,75.39421949547815,324.29317151007376,146.23749688185688,141.35203077026625
2025-05-13,18,28,F,0.0,6.347797966980386,27.345221329365078,3.8732893713052126,24.43509010556631,78.41244295742158,12.959612456268246
2025-05-14,0,28,F,0.53,178.3321504996108,208.2112093501984,146.9839512245093,328.0966491526773,374.1667831094018,275.43160722951575
2025-05-14,6,28,F,0.3,234.53294261239392,172.6479903824956,142.13890834607008,378.39344605513264,273.2883391996394,232.58338805386674
2025-05-14,12,28,F,0.05,174.6195802724704,84.91950669642857,75.61885900275917,321.0175567279797,147.5490482585801,142.63811465301808
2025-05-14,18,28,F,0.0,6.554751356496348,27.370997718253967,3.820890957239413,25.03169117554021,78.44245486241961,12.64842846881899
2025-05-15,0,28,F,0.56,176.37921538084194,211.54929484126987,148.07775079897254,324.5022186141111,378.9363029306211,275.85306203006064
2025-05-15,6,28,F,0.32,231.99521555666084,175.73845489417988,144.59795038334678,374.25282219693065,279.64326642556887,237.38770369710215
2025-05-15,12,28,F,0.05,174.3244076151187,86.03261099537038,76.87148443965972,320.22709967334947,149.24022466473446,144.95703793627192
2025-05-15,18,28,F,0.0,6.623770078818814,27.25815233134921,3.782654009397868,25.037017647976416,78.13630078982749,12.545123960720096
2025-05-16,0,28,F,0.56,177.17600512908098,212.5274491815476,147.5091437959621,325.64021582807726,379.90019710473643,275.194481656343
2025-05-16,6,28,F,0.34,233.05217167852678,181.38000981040562,148.12653816709894,375.5744274440685,289.7502589933837,242.1994524149711
2025-05-16,12,28,F,0.05,174.76641373335022,84.66818422619048,76.18190932856271,320.6486356221565,147.75084942537256,143.62982658021045
2025-05-16,18,28,F,0.0,6.758435002874358,26.924941220238093,3.97405590024159,25.238503647246638,77.44091426812578,13.339543200729365
2025-05-17,0,28,F,0.53,181.66434238081456,211.02579457671956,148.91616800182913,331.4565701661329,376.94660667693614,277.23848391437315
2025-05-17,6,28,F,0.32,238.90029024520751,179.38953078703702,148.10608268688338,382.27111541207427,288.1713625344165,242.41601488863938
2025-05-17,12,28,F,0.04,177.00702782945294,83.13348406911376,74.2564926198269,323.5290136145466,146.0392898185404,141.2615525861282
2025-05-17,18,28,F,0.0,7.045550368387848,26.73164365079365,3.875231369288944,26.03509964619578,76.90976154331686,13.11541175026389
2025-05-18,0,28,F,0.48,185.33666967008264,204.48348974041005,148.54891177837837,337.90998624661756,366.5747485730643,278.1590494291085
2025-05-18,6,28,F,0.31,243.8279250583644,177.98448380731924,148.37883794521017,389.7465052616081,286.60747572272095,242.61835397226224
2025-05-18,12,28,F,0.04,181.74774350684282,84.38683927744712,74.87615694072375,332.31697494488543,148.13536850034842,142.35105674032292
2025-05-18,18,28,F,0.0,6.976972856341236,26.460435466269843,3.8230923688550313,25.727510456585772,76.06658163045311,12.935313686770387
2025-05-19,0,28,F,0.47,186.84683091289875,203.0393648396164,148.2178010336526,340.2192132877037,362.73883210978227,277.0606249306707
2025-05-19,6,28,F,0.32,245.8404165464418,179.45305596891535,150.15512785320823,392.4202993324919,288.1775925745168,244.23101223026345
2025-05-19,12,28,F,0.03,184.42193503879056,83.02368816964287,73.66549497832142,336.121679321912,145.66777533513647,139.39895276879315
2025-05-19,18,28,F,0.0,7.01618114399339,26.271789335317457,3.87086650839727,25.727436275711415,75.56264607726843,13.02963422078285
2025-05-20,0,28,F,0.45,189.48151614264376,197.98724911541004,146.33695303434507,347.62203550607137,351.6086374049893,273.5666289499996
2025-05-20,6,28,F,0.3,249.40049953670479,179.90901862874782,153.31942107900485,400.99799467549354,289.73212439688956,250.57391619131707
2025-05-20,12,28,F,0.03,187.75643292199288,85.54049148478836,75.73967082032465,345.38545566332425,149.7092103330628,142.66550180906006
2025-05-20,18,28,F,0.0,7.100289187662331,25.99048834325397,3.7140477178476097,25.588459429913378,74.62585621969517,12.553119414789649
2025-05-21,0,28,F,0.44,189.81295157286374,194.71664665178574,145.88073956208984,348.8064240236469,346.55562715592157,272.83528385841964
2025-05-21,6,28,F,0.3,249.80727117494087,179.10688717482364,153.03880388544158,402.3660606633304,289.2870522906062,250.66234821827624
2025-05-21,12,28,F,0.03,188.40125942235676,85.19631353339948,75.14639472613366,347.6642055515276,149.39588423226965,141.68419343444057
2025-05-21,18,28,F,0.0,7.11854148992282,25.761118055555556,3.637512627077573,25.45935312505509,73.94114077147064,12.413828393541777
2025-05-22,0,28,F,0.43,192.00177074299918,193.60120588624338,145.76743547953643,353.21338984191254,342.3049524388648,271.5781108556832
2025-05-22,6,28,F,0.3,252.64477033848985,179.74369084545853,153.19328100972703,407.4506247306307,289.5135972872415,251.9774934201857
2025-05-22,12,28,F,0.03,192.13091725333993,85.36045617559526,76.07579634343804,356.6392605525435,149.44321903857417,142.8599000134262
2025-05-22,18,28,F,0.0,7.0721183676527675,25.29996160714286,3.662933057463953,25.16354432491406,72.6346581375313,12.41835216956378
2025-05-23,0,28,F,0.45,189.52227015824545,196.47051975859787,146.44209710086096,349.75568033256496,346.9637521494625,271.5226865469618
2025-05-23,6,28,F,0.31,249.29823242830645,179.0256917272928,152.38296934290045,403.45166935160546,288.2107099856709,250.79142600497133
2025-05-23,12,28,F,0.04,187.26754985753092,82.52490155423281,73.12699430842677,350.0083644570112,143.8829623458668,136.70974616633688
2025-05-23,18,28,F,0.0,7.108674706750856,24.76247132936508,3.6824136225126765,24.9930105967328,71.08073905194419,12.444792424147941
2025-05-24,0,28,F,0.44,189.16975351217098,193.60782617394182,145.13976984003676,349.1124671445914,342.4675264041779,269.76232667335154
2025-05-24,6,28,F,0.3,248.87097950412038,179.16806450066136,152.1972422615402,402.7210478813005,288.48445782436187,250.54890907933284
2025-05-24,12,28,F,0.07,184.81008980710124,87.29166049933863,77.24339803971827,347.1753863832642,155.0516784593605,144.9901991789502
2025-05-24,18,28,F,0.0,7.320558720960799,24.38734221230159,3.61896839573717,25.463357518428936,69.76071489333462,12.284632914495868
2025-05-25,0,28,F,0.44,187.5109995412555,192.279760176918,143.35280624827132,344.34635202023316,339.7343422978546,264.2853838284289
2025-05-25,6,28,F,0.3,246.66796924394134,175.25323910934745,148.85335888137286,397.2221332432131,283.6801766128581,244.90305284923951
2025-05-25,12,28,F,0.04,185.49646427949736,88.29375118220901,78.28371070612613,346.50988210611155,156.48403266126837,146.76022459378257
2025-05-25,18,28,F,0.0,7.5468009525112505,24.099853720238094,3.527282655955847,26.041880889018504,68.82229574959192,12.142137050645108
2025-05-26,0,28,F,0.44,188.58678904556598,192.1812226190476,143.71546853132514,345.9346180469011,340.69484455598206,265.8861600301545
2025-05-26,6,28,F,0.3,248.03907961483043,173.8909484953704,148.68578231383498,399.04962412226274,283.10926518249386,244.9508137263274
2025-05-26,12,28,F,0.07,185.76322413415804,88.62138385416668,78.95699712730386,347.3677181233313,157.55483349837183,148.9333155245699
2025-05-26,18,28,F,0.0,7.818035230167461,23.743242509920638,3.549881967537957,26.616296458662216,67.91333292348531,12.134265767795336
2025-05-27,0,28,F,0.48,183.6096829179043,196.72538145667988,146.82204423727003,334.07676346235985,350.6173581607546,271.2584592378022
2025-05-27,6,28,F,0.29,241.35060402176558,172.1465043761023,150.7375795792642,385.33724087684635,279.5031902499523,246.811392097067
2025-05-27,12,28,F,0.06,179.75217024656735,89.26959398974869,80.23624474609724,337.9446256516786,158.69306216209932,150.60178864033404
2025-05-27,18,28,F,0.0,7.793105450085263,23.193589087301586,3.6932549774481074,26.470665728658236,66.48442606187594,12.613687768567797
2025-05-28,0,28,F,0.48,182.19486385252821,196.21779851190476,144.71120513759095,332.1768284679963,349.34936443664253,268.44682135688856
2025-05-28,6,28,F,0.32,239.42543162359183,177.84153720238098,154.48239528672065,383.13832370570924,292.0481296917635,254.5188624389563
2025-05-28,12,28,F,0.06,180.7240052704294,90.09145894510583,80.44207841149736,339.1960903275682,160.15166274923317,151.18417783606122
2025-05-28,18,28,F,0.0,8.201770413861883,22.733951686507933,3.7763808188746113,27.709606279296157,65.41511588058172,12.821351720953094
2025-05-29,0,28,F,0.47,182.76313423168264,193.0731763888889,142.34187782496758,333.96726930810604,344.18821490109394,263.9162150456458
2025-05-29,6,28,F,0.32,240.23827824850912,177.17960438712524,152.85940451867245,385.2213674437657,290.4646414067344,251.463212236497
2025-05-29,12,28,F,0.04,181.94651882006445,90.06211261574074,80.39030579488232,342.08353472411125,160.67304799493564,150.957448459788
2025-05-29,18,28,F,0.0,8.071289195140324,22.19353869047619,3.825975645240911,27.28850300479645,63.88742121118197,13.009631110637184
2025-05-30,0,28,F,0.48,183.2057037089881,193.96996660879628,142.17934109726394,335.19780599570754,345.1737182466485,263.51583540580754
2025-05-30,6,28,F,0.32,240.87011219665507,180.23233647486774,154.79674020101913,386.6487687165567,296.6176644687864,254.54015397968027
2025-05-30,12,28,F,0.04,181.76039206979428,89.665313301918,80.3266715554401,342.3576388830788,159.78699707242737,150.4065692153403
2025-05-30,18,28,F,0.0,8.146276107089545,21.68463774801587,3.8624163837517136,27.3625509842179,62.5441554856954,13.063394684182303
2025-05-31,0,28,F,0.52,177.01490407020842,195.99916066468253,143.0222061448113,324.0182509557061,350.77060658329447,265.1227119839026
2025-05-31,6,28,F,0.33,232.61099493591794,179.3475368772046,156.79243435726423,373.7265590057331,296.00297250729375,258.28516072121124
2025-05-31,12,28,F,0.07,173.7934516262111,90.66163583002647,81.06427140010882,323.76949630215034,161.4510008162286,151.90752467785208
2025-05-31,18,28,F,0.0,8.265628092482388,21.30927123015873,3.831137576669862,27.538142783216042,61.75051439361434,12.833454671204086
2025-06-01,0,28,F,0.53,178.38656587824107,200.60164971891535,145.08646515846513,326.06730184048416,357.68135547264234,267.33645303689093
2025-06-01,6,28,F,0.31,234.40409887709188,180.03266711309524,158.59554714463448,376.090151211339,298.2570028394606,261.24678022567326
2025-06-01,12,28,F,0.05,174.64888035430374,90.6830228587963,81.66491142534146,325.7033747772418,162.6698724810363,153.9686386408932
2025-06-01,18,28,F,0.0,8.276729230794432,20.927646974206347,3.7275099235333196,27.390629024274684,60.70980567630463,12.615515492261396
2025-06-02,0,28,F,0.51,186.62226083429275,204.51616321097882,146.46357531914362,353.6229534060091,363.9737134440725,271.63142650215906
2025-06-02,6,28,F,0.25,245.53749776701721,176.48427269069668,155.72731749768732,407.97351086589424,291.48431908898317,256.65150427911317
2025-06-02,12,28,F,0.03,180.61959265236607,91.9569189484127,84.3049365215593,344.23256533242943,165.74672525492596,159.3206912849592
2025-06-02,18,28,F,0.0,7.949499180047369,20.464896924603174,3.6935514409147023,26.57974141502122,59.59429834710286,12.419588284466085
2025-06-03,0,28,F,0.5,190.32460416627424,208.744650380291,148.0675583650994,359.9965633188551,377.2844343890899,275.908802291366
2025-06-03,6,28,F,0.25,250.4043475710468,177.19354391534395,157.21767902882323,415.3240682429053,292.9037376512978,259.67114830479517
2025-06-03,12,28,F,0.02,188.18849067677482,92.89089732142857,85.59191078919098,356.7696345808589,167.78875254030768,161.87994476869247
2025-06-03,18,28,F,0.0,8.04069944536464,20.03043030753968,3.689782103810715,26.9238240401043,58.40304598496653,12.401521487472356
2025-06-04,0,28,F,0.49,190.2839805149366,204.85156752645503,146.1138908227975,359.97974559446413,371.85434814372945,272.0326914932227
2025-06-04,6,28,F,0.29,250.27887186441205,181.20047268518522,157.40967992254855,415.2857742521503,299.34970392005425,258.8094383297444
2025-06-04,12,28,F,0.02,186.51889308132064,93.23596603835979,86.1028937233749,354.89804731557786,168.7608875943707,162.97690837437642
2025-06-04,18,28,F,0.0,8.11475904016771,19.578997916666665,3.7275019279528228,27.183706909067613,57.08577659483947,12.451724875813952
2025-06-05,0,28,F,0.52,192.91616707658747,213.50174384093916,146.085829551561,365.7216330278934,390.9460736366141,271.63565403111426
2025-06-05,6,28,F,0.29,253.82961692240565,186.82883234126982,163.9575946263404,421.92553540945664,309.01956519811154,271.22636410268603
2025-06-05,12,28,F,0.03,190.93674034448514,93.43315045469576,87.08578471738147,365.4196923071857,169.37267388627353,164.04905512741306
2025-06-05,18,28,F,0.0,8.196713225434086,19.061045585317462,3.786701023946244,27.24541428956267,55.8962949267768,12.537712807769392
2025-06-06,0,28,F,0.53,193.25962959496263,214.48451707175929,147.76521730206022,366.3464192069129,392.2747763200315,274.08654780155285
2025-06-06,6,28,F,0.28,254.35799991250937,184.98087560626104,162.8660361880572,422.6574815023293,307.04483495339286,269.27626941940025
2025-06-06,12,28,F,0.01,190.3905769984821,93.77231605489418,88.1030200175046,365.9780193498331,169.89747808634198,165.4010731769887
2025-06-06,18,28,F,0.0,7.987878156769313,18.586181200396823,3.7946507976877633,26.772800724677186,54.419801784729685,12.556199211552522
2025-06-07,0,28,F,0.48,202.14590259616375,207.1766979001323,148.61549763028987,381.28217684067533,378.983635527407,275.09623065111583
2025-06-07,6,28,F,0.24,266.1060042626737,185.44634481371256,167.99143609328712,439.8932198743112,307.2202920040429,277.36104207500784
2025-06-07,12,28,F,0.0,204.5484494979653,93.96104603174602,88.3887737645596,390.5579051328378,169.67450187158286,165.44475548653983
2025-06-07,18,28,F,0.0,7.988980049420333,18.1138941468254,3.778037082417887,26.80117477861367,53.2454810821534,12.465374313859515
2025-06-08,0,28,F,0.49,202.89132110761577,211.17422117228836,146.82022018782047,383.29309374627985,384.35271583799033,272.8452063145583
2025-06-08,6,28,F,0.21,267.25644035836103,185.7191557649912,170.32053874443093,442.2449564375387,307.3025983660582,280.53867706884836
2025-06-08,12,28,F,0.0,204.42147508045866,93.99733796296297,88.63242348460993,390.80109282906267,169.6029745627197,165.34764627330492
2025-06-08,18,28,F,0.0,7.831126821693034,17.753525148809523,3.765697843863476,26.479873848304752,52.19403961924665,12.413159087048957
2025-06-09,0,28,F,0.5,207.70897819210973,218.44662133763228,152.3737037399627,393.2955538840405,395.96368127149555,285.75800623165634
2025-06-09,6,28,F,0.18,273.85371707533596,184.2752054618607,170.95492672335183,453.8347560314887,305.85238176839783,282.042148665765
2025-06-09,12,28,F,0.0,204.881186780729,95.26504741236772,89.70880060600052,391.05097807928814,171.24136097530237,166.65403780348655
2025-06-09,18,28,F,0.0,7.4628123716512285,17.44868814484127,3.642561048753151,24.9691548328083,51.21044416497509,12.131688917098854
2025-06-10,0,28,F,0.5,204.7334121397886,218.70425634093917,149.80790560541593,388.1005811652655,396.4228643022239,282.32606142353194
2025-06-10,6,28,F,0.18,269.99676905934547,181.19153609457675,168.74378797993123,447.8544443388703,301.78853353057707,279.00262328206236
2025-06-10,12,28,F,0.0,203.6967706363484,95.67914222883597,90.78365313335794,387.5559733744271,172.12553797591428,168.26856828167914
2025-06-10,18,28,F,0.0,7.529683941114197,16.931392757936507,3.7178133071935804,25.368008242164603,49.77517795406207,12.35700133374396
2025-06-11,0,28,F,0.49,206.99135052610933,214.27804192294974,150.43534086374459,390.19251243625445,390.18214114077864,283.3115950593608
2025-06-11,6,28,F,0.19,273.07730082948007,183.41030877976192,171.59211558088097,450.28811421344926,304.9095967740769,283.0239460863139
2025-06-11,12,28,F,0.01,205.046566216923,94.76373637566137,90.2812315744382,388.3877039599761,170.55005518200855,166.94722719736794
2025-06-11,18,28,F,0.0,7.251135392825939,16.128551587301587,3.689451357289619,24.438304805142657,47.277107262251086,12.321200080799294
2025-06-12,0,28,F,0.48,209.93226656007005,213.76629247685185,151.14554268922345,395.21170505415404,389.628269215167,285.4797296638225
2025-06-12,6,28,F,0.18,276.95861583219823,180.48956131503527,168.94094259116133,456.08355434512316,298.999273881654,278.75647704511897
2025-06-12,12,28,F,0.01,207.13933441426826,93.76976715443122,89.16915468772721,391.81660771540237,169.30368940543738,165.1127983603871
2025-06-12,18,28,F,0.0,7.077930264221773,15.569493154761902,3.7171273119264416,24.151201318489306,45.74519872127808,12.367043133581884
2025-06-13,0,28,F,0.47,209.18197548386865,210.35626767526455,151.43693447940908,394.5739454270754,385.93452160711456,285.99573859134
2025-06-13,6,28,F,0.15,276.0203624050564,174.2208795249118,163.67001151801097,455.3536032575996,288.6809371205606,272.4146030332409
2025-06-13,12,28,F,0.01,206.95017968408368,94.18746813822752,89.40466958573471,391.7878414031317,169.7414925676059,165.347870293535
2025-06-13,18,28,F,0.0,6.955698553616184,15.183308482142856,3.5813326582560805,23.840445947648128,44.8445753334952,11.714087373896579
2025-06-14,0,28,F,0.47,207.1348812404184,209.05196965939155,150.8280340191537,392.3119319214229,385.5443605192905,285.5982013563848
2025-06-14,6,28,F,0.17,273.45841248847586,177.51377277336863,166.02233977550569,452.765508522697,292.59842635139876,274.6087120498951
2025-06-14,12,28,F,0.01,204.77978370907536,94.40788443287036,89.95241068161528,389.3401458768126,170.25797597600962,165.77232384445176
2025-06-14,18,28,F,0.0,7.065890473372873,14.494174305555557,3.7594241064240803,24.225221050231703,43.021135155182876,12.151687195842278
2025-06-15,0,28,F,0.49,205.3367367650454,210.14531109457675,150.87369175784957,389.2725056645348,387.9548190955728,286.42397997013165
2025-06-15,6,28,F,0.15,270.9373832903974,175.03190979387128,165.16156217497465,449.2296153018183,290.0315839355866,275.1983404735711
2025-06-15,12,28,F,0.04,199.64186833587533,94.89659642857143,91.29533675064754,382.14842617192915,170.64137901496306,166.6541141791808
2025-06-15,18,28,F,0.0,7.17620816242886,13.757914153439156,3.9024640397589643,24.369641063831097,41.37270882437455,12.61300385854275
2025-06-16,0,28,F,0.5,204.31902561906827,213.64797676091268,152.65007767058958,387.5344428105854,394.3929895003769,288.9824110625524
2025-06-16,6,28,F,0.15,269.5007562359905,173.2012953373016,163.59415704912857,447.20854591905993,288.3933009266619,273.9479479823037
2025-06-16,12,28,F,0.04,198.80608706727534,96.23125414186508,92.86188685885905,380.5760711567739,173.38152016396597,170.30156954713237
2025-06-16,18,28,F,0.16,7.647375569128056,13.298984242724872,3.8037354914173194,26.27782601615951,40.28486021096675,12.37118764411406
2025-06-17,0,28,F,0.52,198.72971640627443,212.84741693121697,149.32784083278645,377.75141187560797,392.2404615675299,281.9538224061567
2025-06-17,6,28,F,0.17,261.9423867913045,172.66756232363318,162.32412357993263,435.8799654873497,287.5097415280593,271.03628222614316
2025-06-17,12,28,F,0.05,189.85774787004394,95.90307338789684,93.28192919717823,365.51767658329123,172.5853757851569,170.69510558357777
2025-06-17,18,28,F,0.16,7.373954219494354,12.690261623677252,3.8167997616383453,25.737592690860865,38.39668224397157,12.366189514789898
2025-06-18,0,28,F,0.51,198.9369882062832,209.86543899636246,146.21207431066813,378.6331882863432,387.1944961760722,275.93402281596303
2025-06-18,6,28,F,0.18,262.28767993023627,174.1371717537478,163.58833209568013,436.9041473247911,288.9666411778455,271.78493487308083
2025-06-18,12,28,F,0.05,189.40245522297332,95.97441779927249,93.68593198766352,366.7395253334141,172.6839019285794,171.56209631519528
2025-06-18,18,28,F,0.02,7.248158015940972,12.07061579034392,3.8468416844588806,25.578677491907563,36.54016963715508,12.38952728949476
2025-06-19,0,28,F,0.5,196.67637328100346,207.00127156911375,144.32400608269973,374.91979982473475,384.3282317632423,273.621828292998
2025-06-19,6,28,F,0.19,259.2429982671663,180.56758391203704,168.81327976428528,432.6058331799882,302.10906565026795,281.0311639774674
2025-06-19,12,28,F,0.05,185.5306409640771,95.87198559854497,93.16380065155502,359.06101730570566,172.8379140988826,171.07993230108644
2025-06-19,18,28,F,0.57,7.19215402461857,11.749657953042332,3.7943049494433057,25.54081671807252,35.5867934939866,12.319504909811146
2025-06-20,0,28,F,0.49,202.08957400704503,206.36342825727516,145.2561265425078,384.65989555645046,382.2282929150958,276.6600768492338
2025-06-20,6,28,F,0.19,266.42455501570544,179.888714175485,167.81116213145333,443.85199312667265,301.1037098158465,280.3729326604434
2025-06-20,12,28,F,0.02,193.74412206242113,98.46292862929894,95.38591755195188,375.1612155311095,178.30234462199033,176.620044120741
2025-06-20,18,28,F,0.7,7.130975813158041,11.403087417328047,3.6426552789552913,25.4438916203138,34.59240538726776,12.056601322403903
2025-06-21,0,28,F,0.49,204.14618495250326,204.24815699404766,144.98501563326957,386.57642751434713,380.6586747893598,276.4725925403268
2025-06-21,6,28,F,0.18,269.0662983420151,177.70640794201938,166.64421969316913,446.04826260412545,299.0420516458082,279.9338759582354
2025-06-21,12,28,F,0.01,195.89699983689724,93.41798934358465,91.1562862721118,377.1520610915424,168.0433283052457,169.04213720500047
2025-06-21,18,28,F,0.88,6.755449460656744,10.940459441137572,3.6730473431959654,24.483109250834666,32.83236281377243,12.135555734051165
2025-06-22,0,28,F,0.47,208.31112392928,202.37208115906088,145.47751327085805,397.18736083510214,379.1539049225782,278.9317917364069
2025-06-22,6,28,F,0.17,274.6245634959854,179.34800672398586,168.88319031867405,458.30595113325876,301.4604697867944,284.1097806478197
2025-06-22,12,28,F,0.0,202.4605521976702,94.49545335648148,92.51710547772223,394.5924345936514,170.49481296901695,171.1631177334626
2025-06-22,18,28,F,0.96,6.401822995021006,10.397322536375665,3.728017189681317,23.52002832391684,31.026558018992706,12.220156394915557
2025-06-23,0,28,F,0.47,209.46117224558398,202.88752296626984,145.33151406337612,397.8716346778404,379.89895716485717,279.1089303668091
2025-06-23,6,28,F,0.18,276.08227135331725,176.52179369488536,166.37486369112887,459.0708472057172,295.40234235076565,278.6305157939649
2025-06-23,12,28,F,0.0,202.5242312901855,93.45977339616402,91.20666736455779,393.9092552151931,168.59291608972381,168.2641442767777
2025-06-23,18,28,F,0.87,6.266058058383082,10.005063111772495,3.6291594907049602,23.10611642885484,29.76088542013226,12.032821897115069
2025-06-24,0,28,F,0.47,208.81186099089817,198.81030486937837,141.1095270533093,395.58644791137203,371.39848281433814,269.203545035745
2025-06-24,6,28,F,0.17,275.2240885553354,174.9675255621693,165.91344413298097,456.4309826115127,293.51619693636167,278.12022370322404
2025-06-24,12,28,A,0.0,203.08129965958148,93.4266376653439,91.76160158046076,393.9638693729161,168.6291063723178,169.50808500190607
2025-06-24,18,28,F,0.88,6.249177919961978,9.805351455026463,3.41788737291321,23.080920506522446,29.14314292393961,11.436513726396587
2025-06-25,0,28,F,0.46,211.05839528351726,198.19111070601855,143.03539196682686,399.8705667968061,369.70193166112927,271.71802777502836
2025-06-25,6,28,F,0.15,278.3652843272437,169.9087994212963,161.91774978335496,461.40220948581947,283.3635198979483,271.6340678263162
2025-06-25,12,28,A,0.01,201.80610944925405,94.65153055555557,94.15470868155792,393.03701723878476,170.16796044549983,172.71985870051284
2025-06-25,18,28,F,0.91,5.932344292187626,9.89476812169313,3.5809844578426318,21.786202632652614,29.291777926959075,12.401947634861035
2025-06-26,0,28,F,0.48,210.67296235153123,201.82623548280424,143.23150850596303,398.65933519117175,374.7070660634723,272.4952250157112
2025-06-26,6,28,F,0.16,277.6990091878291,169.67494053130508,161.4941609525331,459.9654891246298,282.9027568361824,270.8337334713036
2025-06-26,12,28,A,0.0,202.6381359625752,95.00670729166666,94.8913626814374,393.47908657436307,170.39249315855437,173.77068292643173
2025-06-26,18,28,F,0.91,6.121733326907135,9.75199679232805,3.5106931364231775,22.440718379088825,28.82150894112676,12.155145831852474
2025-06-27,0,28,F,0.48,213.4920838830564,204.57091820436509,143.813437987869,404.0942119324322,379.56233080517376,273.20005813001046
2025-06-27,6,28,F,0.14,281.49803580745635,166.85614231150794,160.02683385659938,466.25003196183417,278.7379034592384,270.8690723169413
2025-06-27,12,28,A,0.0,209.59861117617632,94.2302574156746,94.5528221924241,402.3760305126961,169.90548595372806,173.897429567457
2025-06-27,18,28,F,0.91,6.092242053913043,9.690078753306885,3.5061339276602888,22.498953769550162,28.555024824709143,12.149728642503279
2025-06-28,0,28,F,0.48,213.64561566160674,205.2886746693122,142.1986632786645,404.33589513418235,378.1358705852721,267.65067461458386
2025-06-28,6,28,F,0.16,281.7020765073418,166.17480547839506,159.88652790355655,466.5290813344852,277.15907244366133,269.0842519885399
2025-06-28,12,28,A,0.01,208.5302984198925,94.95747444609786,95.6228392951919,401.69397533557185,170.46720630894583,175.14715356924546
2025-06-28,18,28,F,0.96,5.938574688935138,9.487542774470905,3.4152638833704283,22.218282792523414,28.16154902460259,11.697866920494521
2025-06-29,0,28,F,0.46,215.3015021958473,198.9794789351852,140.75938281461555,408.4690215136007,368.8930440307588,265.6656431209743
2025-06-29,6,28,F,0.16,283.98636713847753,165.70671910824515,159.67143716688798,471.3133379674385,275.1527415372767,267.9520615166384
2025-06-29,12,28,A,0.01,209.98096502180124,93.60548813657407,94.83012607726675,405.8727892566998,167.73901036767435,172.9206385797859
2025-06-29,18,28,F,1.0,5.9884040093136,9.141081977513233,3.485171768895414,22.42196590123578,27.16619885739335,11.843859670671788
2025-06-30,0,28,F,0.49,206.0393272298289,201.84365730820107,141.60005535338288,384.85141963837987,375.0890522194802,266.7851709057576
2025-06-30,6,28,F,0.17,271.63396496794417,165.4979723434744,161.26274228626414,444.0206730988805,275.07391655346964,270.227590596991
2025-06-30,12,28,A,0.02,202.5929725927186,91.40778947585979,92.22067761966564,388.97113245875835,164.38605044508978,168.80144078918065
2025-06-30,18,28,F,1.0,6.156240802182247,8.846664897486779,3.5139030193866487,22.67191900196494,26.52690944615413,12.011015311384952
2025-07-01,0,28,F,0.49,200.46692363485144,194.42126011078045,139.88586054453557,377.2973934740474,358.6171649578684,263.12815034439745
2025-07-01,6,28,F,0.18,264.27846469615713,167.52185719797177,162.523755998928,435.3056530259646,277.32484170593017,271.46243253116234
2025-07-01,12,28,A,0.02,193.98748250555977,90.10212953869048,91.01788531261009,377.1057965171262,161.7510142840507,166.43355118624842
2025-07-01,18,28,F,1.0,6.043821658837981,8.698143601190482,3.5210019335700893,22.15204050544891,26.034048507571818,12.0679953933916
2025-07-02,0,28,F,0.49,205.2803592913232,197.3041160300926,141.87601412195642,384.63911337383524,364.2797858253633,265.31803769432867
2025-07-02,6,28,F,0.14,270.6870034615948,162.58252213955026,159.9441999586489,443.78944826270515,269.8683204022562,268.26127376724423
2025-07-02,12,28,A,0.03,204.97968731750368,90.08208506944445,90.94493534909738,394.0279082907595,161.95887849968577,166.6998698709035
2025-07-02,18,28,F,0.88,6.268113945560173,8.52925823412699,3.5446292635597128,23.300148261472444,25.453070440036363,12.11325254676086
2025-07-03,0,28,F,0.43,213.5649650307657,185.47343210152115,141.5362004971314,396.93205630109776,338.60197223840873,263.1513565461944
2025-07-03,6,28,F,0.13,281.6510745940653,156.69545191798943,153.7390237312323,457.9820262163749,258.6096158835481,255.97487021271613
2025-07-03,12,28,A,0.03,211.27588570427682,89.25334579199735,89.70087281527589,404.329194339691,160.29615358386687,165.3747522890273
2025-07-03,18,28,F,0.91,6.561997566048804,8.433180456349213,3.4442112055670235,24.249666329251497,25.21313619351143,11.90529217377419
2025-07-04,0,28,F,0.43,209.67913994519841,184.86335933366402,140.12483513006964,392.2817981120851,338.04003048342764,260.51915881723585
2025-07-04,6,28,F,0.15,276.42511561916115,158.6673688712522,154.77578080650892,452.5996982070612,260.98437845776334,256.8354514320508
2025-07-04,12,28,A,0.04,205.6998607602495,89.26822867063491,89.06367310819797,397.3249311875883,160.65624632872678,164.82619697545996
2025-07-04,18,28,F,1.0,6.562263458840708,8.103238492063499,3.4448341983830795,24.240227093044826,24.151593993869206,11.905248437938452
2025-07-05,0,28,F,0.44,207.8282364713493,188.43356545138892,139.48461758823294,392.0682145391871,344.0488230523387,259.4852605705496
2025-07-05,6,28,F,0.16,274.03924899822505,161.3440010251323,155.58955771910047,452.3716872923789,267.3550001116574,260.3363010757127
2025-07-05,12,28,A,0.05,198.10295568707102,89.64909795800264,88.67392767752112,385.15782338908696,163.060904822916,165.5022588778239
2025-07-05,18,28,F,0.91,6.570537337862261,8.292861011904767,3.606551765926676,24.236608577854884,24.80647974059364,12.463405369450891
2025-07-06,0,28,F,0.45,206.7221995569565,186.5774689401455,141.15596378633785,390.4888891541175,342.2744656763199,261.49102092034724
2025-07-06,6,28,F,0.17,272.4957760791604,160.97724899691357,154.15329597430815,450.5358326325842,267.45934215715806,259.17519852029113
2025-07-06,12,28,A,0.06,196.72664505573024,91.13210439814813,90.08635293315672,382.92834493735444,165.41084736969174,168.26764284124963
2025-07-06,18,28,F,0.88,6.504670440832047,8.157470089285722,3.5567008420704798,24.169927832030925,24.316356062163464,12.379032824411334
2025-07-07,0,28,F,0.45,202.87479920695327,185.2587810433201,139.38749290318094,381.8669241315605,337.52114583080186,252.25022572786767
2025-07-07,6,28,F,0.19,267.3553368770044,161.70025322420636,153.72433305544124,440.5709668293098,268.6614582282707,259.21419924669135
2025-07-07,12,28,A,0.06,200.30560577480517,90.16126731977512,88.86861558029103,387.32878531187055,163.8569011390355,166.80149252731624
2025-07-07,18,28,F,0.88,6.592358437485298,7.952776438492071,3.5325983469571103,24.357169477274322,23.48619964309861,12.326895019484837
2025-07-08,0,28,F,0.44,207.4615438284439,181.71346946097884,141.55711037606,388.60298209006834,333.2445326653571,255.36061746718323
2025-07-08,6,28,F,0.19,273.3762082675583,163.2817847387566,153.09672715426976,448.33438273357774,269.8947065813508,258.04719187549415
2025-07-08,12,28,A,0.05,205.3774418101787,91.66779517195765,90.32484599644496,394.76062940838324,165.69404769493445,168.11025630619042
2025-07-08,18,28,F,0.86,6.48990346328244,8.028515972222229,3.534663919939873,23.888870709492732,23.84041067802819,12.327317365294887
2025-07-09,0,28,F,0.44,208.92031580813278,184.11281854332012,143.16684315617132,391.36223356900905,338.4554225310831,259.86993144543845
2025-07-09,6,28,F,0.19,275.1803394357436,161.81182159391534,150.9240951374345,451.4919090970077,267.3048166381753,254.24052962623904
2025-07-09,12,28,A,0.05,210.15698728463343,92.02091653439153,90.94093203059217,402.46719418791287,166.3377830187575,168.96905867658873
2025-07-09,18,28,F,0.87,6.857270565093084,7.853471081349211,3.6660580345353924,25.463055959523338,23.57545152936875,12.91815726375781
2025-07-10,0,28,F,0.44,206.78907171788362,183.8408820767196,142.83766744188713,388.0173855266858,337.76916550240225,259.0114875634196
2025-07-10,6,28,F,0.19,272.356632130351,161.54092468584656,150.98599667996382,447.6284298829261,267.6431323114723,254.63452327657814
2025-07-10,12,28,A,0.04,208.5096998141787,92.08483478009259,91.50517747285492,399.9699790991936,166.56436293126814,169.76936675524655
2025-07-10,18,28,F,0.86,6.9466189022854135,7.968986855158734,3.67792369022242,25.55867648772303,23.93931883860821,12.95882985175548
2025-07-11,0,28,F,0.44,207.59570424743993,183.77724600694447,142.2113034079186,389.4145689456566,337.615727602286,258.01097507891996
2025-07-11,6,28,F,0.2,273.4355688318638,162.99604619708995,152.07581976345045,449.24322923231637,269.79681026453625,256.24199194357993
2025-07-11,12,28,A,0.05,208.5648727569856,92.05090032242063,92.00442913542375,400.07372886606504,166.47958003727885,170.75076822960756
2025-07-11,18,28,F,0.86,6.928258784668091,8.104375744047623,3.588367895643137,25.52812501029154,24.3100906696124,12.707181725475358
2025-07-12,0,28,F,0.44,209.70472138857872,184.55005564649468,143.08302652694206,393.21886225802535,337.99687384396566,259.28195374693655
2025-07-12,6,28,F,0.2,276.12643154629677,160.8287158675044,150.8810380257793,453.62878569050406,267.2897925965346,255.27841176761322
2025-07-12,12,28,A,0.05,210.63164933403857,91.85542686011904,91.61878239453327,402.91059178412905,165.62223532612987,169.75255634414899
2025-07-12,18,28,F,0.87,6.631591686899606,8.316748710317462,3.4264840217136974,24.36293457489567,24.817285098151913,12.308364975375229
2025-07-13,0,28,F,0.45,207.16458851387165,188.50871936177248,144.50178927776182,390.8518356485529,344.71634357096826,261.16345438308855
2025-07-13,6,28,F,0.2,272.91324136882145,160.62742309854497,149.4755257507447,450.9214085744359,266.4973417376052,253.08301650055634
2025-07-13,12,28,A,0.04,211.92950018795227,91.79037461144179,91.15658250485566,404.62466802780847,166.14573098647068,169.85246896977483
2025-07-13,18,28,F,0.88,6.670244201873586,8.800570618386244,3.4058685717558213,24.468214644212225,26.062721917211228,12.239762199766119
2025-07-14,0,28,F,0.44,211.15439240334197,188.8321603091931,146.35573706823624,398.79911800873043,346.13475672898113,265.3505141551638
2025-07-14,6,28,F,0.19,278.31084810314513,160.4474916446208,149.39201769910642,460.1172245063103,265.93191078344813,252.24722795151368
2025-07-14,12,28,A,0.04,216.77581130819325,91.99991714616401,90.22518026370311,415.2380840183678,165.4590499234081,167.04310419588631
2025-07-14,18,28,F,1.0,6.2770176230132915,9.151753852513227,3.5606737095844925,22.526462929292062,27.1625524177029,12.631542542134287
2025-07-15,0,28,F,0.44,211.3513703742105,188.50032016369047,146.28828403898197,398.90189872419893,345.6053042150488,264.9316539721242
2025-07-15,6,28,F,0.19,278.7207143251217,159.89849720568785,149.2808430805539,460.2636746632583,264.6017639413467,251.53888204394514
2025-07-15,12,28,A,0.04,218.32426468633687,90.6040388640873,88.85846046717477,416.4772812310249,163.5992157089711,165.28685616077996
2025-07-15,18,28,F,1.0,6.619890922582255,9.352170667989418,3.527245575651785,23.41350724254367,27.702889746099874,12.606575835635516
2025-07-16,0,28,F,0.43,213.12000168219265,188.5058610863095,147.95570171300753,402.0742080789441,345.03206823246325,266.7162177215786
2025-07-16,6,28,F,0.18,280.9610577095867,160.7023740410053,150.94665828564644,463.9158679790934,266.84472681231864,256.574547156282
2025-07-16,12,28,A,0.05,218.34185148483303,92.29136751818783,90.62218116228588,418.12664194905665,165.5630987287214,167.94875324275114
2025-07-16,18,28,F,1.0,6.857796129704831,9.80005767195767,3.6485442189232686,23.875182735688004,29.152049628599983,13.044537300724143
2025-07-17,0,28,F,0.44,212.40384053484786,192.46718634259258,150.37995202999008,401.2409140859942,350.4171006249377,270.0726623764415
2025-07-17,6,28,F,0.18,280.0359915284492,154.29538470568784,145.80554721858107,462.95837119154265,253.6469941563988,246.96975920647304
2025-07-17,12,28,A,0.05,216.70573466750284,93.12980284391534,91.44750971594708,416.2909524790116,166.59462707827672,169.50090895154497
2025-07-17,18,28,F,0.96,6.92302635103891,10.115987880291005,3.741006795500676,23.947437114769183,30.25608008489235,13.277957396526054
2025-07-18,0,28,F,0.45,207.85556471747708,190.94235478670635,149.20281232158254,392.7209410603907,348.5984666485383,267.36724010370114
2025-07-18,6,28,F,0.17,274.0990513902079,154.03982546296297,146.35477480762714,453.12978497408125,253.38988831935566,247.0476196155695
2025-07-18,12,28,A,0.06,209.19913816415087,89.76158602843915,88.29304793674598,401.7543463100599,159.8898051698597,162.7612400041236
2025-07-18,18,28,F,0.86,7.056577878711015,10.266397999338624,3.8113041352395944,24.30492501540334,30.66004879704171,13.362821699800518
2025-07-19,0,28,F,0.46,210.00831920999357,196.42972215608467,151.84435432542645,397.7183782959247,358.9159660070751,271.4871114779814
2025-07-19,6,28,F,0.18,277.10981127265245,154.85562939814815,145.82640565706825,458.92550372729755,253.89539352968958,246.0955267467422
2025-07-19,12,28,A,0.06,208.64853568243595,92.46447496693122,90.86763017746621,401.5964255353553,164.1093377514635,166.97537991278125
2025-07-19,18,28,F,0.74,7.214201109792098,10.259607622354496,3.817751172142259,24.52361907246648,30.71919401801281,13.389558467317705
2025-07-20,0,28,F,0.5,203.20093239282403,205.99502469411374,154.6631831664169,383.9013279262673,379.91963214738263,277.8478990169643
2025-07-20,6,28,F,0.22,268.13749071328726,162.14687019400353,149.23129855444162,442.9737171557355,268.9194748967743,251.30968323103272
2025-07-20,12,28,A,0.07,199.39525284771105,89.33486851025131,87.65415962285853,381.8782423220386,158.10957251931916,161.1380534670091
2025-07-20,18,28,F,0.01,7.4519714981257215,10.557035548941798,3.810028072213715,25.012558055799182,31.430693964922394,13.354796500227822
2025-07-21,0,28,F,0.52,200.64180464803218,206.5721172949735,153.54634916398095,381.6432824735512,382.8943338666609,275.77828028256346
2025-07-21,6,28,F,0.22,264.8202172502692,163.4266269510582,149.38091026900642,440.39326832411984,271.36749171019204,252.27325485610734
2025-07-21,12,28,A,0.07,196.18116395326064,88.96198626818781,87.52228973451626,379.2766422827763,157.68918867020412,160.64498213130784
2025-07-21,18,28,F,0.01,7.361856282472263,10.96104065806878,3.9000576238888294,24.82108000421134,32.56969650959733,13.495301421189474
2025-07-22,0,28,F,0.5,200.58099627778168,204.2194225446428,153.50335162172124,381.4801727208038,380.5426200593146,275.43852912797627
2025-07-22,6,28,F,0.22,264.6855339929364,166.04877161596121,151.66546692200367,440.19562389301836,275.2051427289493,256.0300878356349
2025-07-22,12,28,F,0.07,200.40781708919522,88.60482491732803,86.75852288468438,384.8151325908765,157.42671244923164,159.47682895351437
2025-07-22,18,28,F,0.0,7.496415263815084,11.215239914021161,3.8855519953489166,25.11763658217044,33.29601729805706,13.488963739884321
2025-07-23,0,28,F,0.51,198.9125717314992,202.99879946263226,152.15504113455827,378.51645443264505,379.2603322334737,273.84743766673466
2025-07-23,6,28,F,0.26,262.2940149742942,176.0391186563051,157.08654679266488,436.7431710783048,304.8460156820266,269.9130938243976
2025-07-23,12,28,F,0.06,202.99439150143203,87.2786230406746,85.169498953418,389.36691885494423,155.3460573600476,157.51669425590882
2025-07-23,18,28,F,0.0,7.405816464963429,11.171522800925922,3.640501676751459,24.921951009717937,33.25569019377437,12.36011844055422
2025-07-24,0,28,F,0.53,197.528498610831,206.89213626818784,152.7729401069119,376.3660682887491,385.8120458698759,275.41587762063074
2025-07-24,6,28,F,0.26,260.52297835340664,176.20160397376543,158.59591866006002,434.2851464824169,305.0428958806855,271.34130496521897
2025-07-24,12,28,F,0.07,199.73709118953278,87.06647037863759,84.80169307251786,384.894148831822,154.92612496894773,156.59708376720016
2025-07-24,18,28,F,0.0,7.259262825859341,11.324499189814812,3.6772882909108664,24.409222576407046,33.921236953352235,12.439687935459132
2025-07-25,0,28,F,0.54,196.56282142081116,209.15254417989422,152.78745371346304,372.9322879375775,388.1313663969375,275.4567299906245
2025-07-25,6,28,F,0.26,259.20334010613783,173.63431559193123,156.23889947559516,430.315170099619,300.2569055953497,265.8659562801165
2025-07-25,12,28,F,0.07,198.8122666535514,87.89381933697092,85.103697905354,383.3691056481385,155.95293659465213,156.64533715364306
2025-07-25,18,28,F,0.0,7.338860261489801,11.691320056216927,3.813984676567382,24.51104571521493,35.30370708668482,12.884078567473647
2025-07-26,0,28,F,0.54,193.8476905792109,205.3890806547619,152.24617360021054,368.42905171369637,383.67554742170944,275.3360000834742
2025-07-26,6,28,F,0.26,255.5896085076782,177.72174092813052,159.2935653143817,425.1115537751125,308.97562639153495,270.94984322246995
2025-07-26,12,28,F,0.07,196.21311245980158,86.516141046627,83.54030212820524,380.3833757116317,153.91227736171285,154.29362706823343
2025-07-26,18,28,F,0.0,7.601354126517599,12.097707523148147,3.7400757044976682,25.050064997555435,36.3467328590371,12.702729749974292
2025-07-27,0,28,F,0.56,192.92646940136473,208.61040413359788,152.00740910632143,365.1782129247627,387.1742689791001,275.37422949766267
2025-07-27,6,28,F,0.26,254.15393675280035,176.95801750992064,158.43337078636813,421.3100003360905,307.92091499158414,269.87606815456536
2025-07-27,12,28,F,0.07,193.9499910983551,86.97029471726192,83.28301396366372,374.7112293548513,154.36081094006704,154.23466296645918
2025-07-27,18,28,F,0.0,7.490627395034224,12.589822139550263,3.690307715061812,24.621004989561264,37.63218580082885,12.597584085398687
2025-07-28,0,28,F,0.53,193.01399194538553,205.38563014219577,151.27540195074354,364.7924163478549,379.42474556213074,272.87486145420667
2025-07-28,6,28,F,0.26,254.09237063565155,176.5023445436508,158.54776654397153,420.82939933003115,306.8762383187139,268.87286956202865
2025-07-28,12,28,F,0.08,190.86406526897784,87.24752823247353,83.24643039654315,371.15917078331444,154.21798765739146,154.1437121010823
2025-07-28,18,28,F,0.0,7.464560112663503,13.244097800925925,3.6246835340546726,24.529908369439582,39.196872201620614,12.332865906078052
2025-07-29,0,28,F,0.52,197.81834814728748,207.09920830853173,153.83794205150824,372.69664559061255,380.2215511725125,276.92841678898895
2025-07-29,6,28,F,0.24,260.49131731550034,173.96499723324519,157.6384770749932,429.96549835571324,303.7563559675811,269.3399631035896
2025-07-29,12,28,F,0.08,196.79639309571323,87.9878853835979,83.67206062617986,380.6842216238308,155.5538079611328,155.95044954069496
2025-07-29,18,28,F,0.0,7.678417613961836,13.666055357142856,3.6539090159799823,25.1707481740508,40.44899872505505,12.355061163945875
2025-07-30,0,28,F,0.55,191.9788027594413,206.05199308035714,154.15582666304613,365.2133553356318,377.31365849595574,279.4479077332518
2025-07-30,6,28,F,0.26,252.7857504063441,173.91787947530864,155.72038641007293,421.3343835620048,302.88140860674923,266.17435645453895
2025-07-30,12,28,F,0.09,185.58265977009603,88.76656248346562,84.19814865255145,362.88521539201616,156.0617561615117,156.10805924104116
2025-07-30,18,28,F,0.0,7.291193808806109,14.193437251984125,3.7878234141167915,23.59694995944144,42.20167434508063,12.761084218339048
2025-07-31,0,28,F,0.62,183.55186807205425,213.28370885416666,152.7429609193639,348.37224425457214,388.8162527623862,279.8408934097129
2025-07-31,6,28,F,0.29,241.5019793015645,174.95442346230158,155.17898266063796,401.8687092278433,304.1867929527127,264.6897542140042
2025-07-31,12,28,F,0.1,176.90586951593235,92.25386743551589,87.15245202421255,343.3158974264732,165.19291318325122,164.0557769135528
2025-07-31,18,28,F,0.0,7.135192203850072,14.760314186507935,3.8220558438093235,22.915018679514272,43.72005908411927,12.81254239684002
2025-08-01,0,28,F,0.62,185.85030148640425,216.54982669477513,156.2329395916619,351.220617991597,392.24294473301717,284.6431140761499
2025-08-01,6,28,F,0.27,244.49548370250554,173.77464047067897,156.40007235954494,405.1531677057216,302.9614584107778,267.0532311328992
2025-08-01,12,28,F,0.09,180.63054502202291,92.77576190476192,87.92382933711876,347.7271503757132,166.20704447519404,165.6946516168106
2025-08-01,18,28,F,0.0,7.284910864869169,15.422759821428569,3.8739616660604765,23.145385830898647,45.47245870319397,12.903791012383573
2025-08-02,0,28,F,0.62,183.9851733715737,218.6619804728836,157.53575575630754,342.76477736518166,394.4218311951189,286.24118955272667
2025-08-02,6,28,F,0.31,241.95587456923442,173.3581921902557,151.41771980915448,395.36830786972274,301.43976053759997,254.2576093354039
2025-08-02,12,28,F,0.08,181.81954301263676,92.72081660879633,87.78002660457297,346.5313183602846,165.37260866777973,165.04320022205215
2025-08-02,18,28,F,0.0,7.167716875364189,15.83850659722222,3.803046933066695,22.86417599491934,47.06181089830296,12.67195834022511
2025-08-03,0,28,F,0.67,180.4619962490173,228.03183605324074,159.64320769279735,336.72001050018315,421.0475338434947,291.76066901723703
2025-08-03,6,28,F,0.32,237.24310234046644,173.90657132936505,151.35074619199952,388.38431382080364,302.7775950941821,254.0085791369135
2025-08-03,12,28,F,0.08,180.15205013866122,94.42200192625664,89.38863083175978,343.1552311027083,169.59486249484294,169.67667180140432
2025-08-03,18,28,F,0.0,7.383066282865549,16.427238492063488,3.864028068547231,23.192048463114613,48.86702570487413,12.769863001556965
2025-08-04,0,28,F,0.63,181.87752382065085,222.91567615740738,158.74148163050873,339.62244248449224,414.93600852000435,290.3858413541411
2025-08-04,6,28,F,0.32,239.0528783197995,173.55115108575836,151.5356606683244,391.7311448632763,302.00345356212006,254.60358628927108
2025-08-04,12,28,F,0.1,179.90041724008702,96.18348317625663,90.90708336196558,344.6909863886562,172.49716284334073,172.3348245522409
2025-08-04,18,28,F,0.0,7.224204694610434,17.092243105158726,3.9109029554967125,22.83889019296155,50.80645733938621,12.862111214963873
2025-08-05,0,28,F,0.67,174.08763394508586,223.6940103174603,153.61398061694078,328.5193525898906,415.26018211955136,284.13352002775474
2025-08-05,6,28,F,0.35,228.6231229060834,177.4538854387125,153.25574215173708,378.8875768698117,307.36929230121575,255.4717990839049
2025-08-05,12,28,F,0.12,172.54778819078783,96.06848300264554,89.9707523669124,333.87042650632105,171.67897578964707,170.55717178555776
2025-08-05,18,28,F,0.0,7.350040263750875,17.727052678571425,3.9150112536615804,23.133790273544907,52.736870087472965,12.849750536527642
2025-08-06,0,28,F,0.68,170.98678103245413,223.8288062251984,151.44041969865614,323.5700355205802,414.8709445726772,280.17991004166714
2025-08-06,6,28,F,0.37,224.49835281859836,178.6492257164903,153.4843714827351,373.1561411942362,308.08447984616555,254.62652450600442
2025-08-06,12,28,F,0.12,165.87549281004567,95.44944838789684,88.62244476278065,323.3503355820354,170.31916688610244,168.73686852429842
2025-08-06,18,28,F,0.0,7.132411982049231,18.62437132936508,3.7030082117552956,21.709629984399264,54.78306091928323,12.055464469265052
2025-08-07,0,28,F,0.66,172.4427994354762,225.85340123181217,149.22700582267228,326.45895168625594,419.2570177706592,276.5799038545507
2025-08-07,6,28,F,0.34,226.3536719100288,175.46782756834216,152.3191918254836,376.4803820329828,304.09367611441553,253.7698530394323
2025-08-07,12,28,F,0.12,171.52390927504254,95.98192963789684,88.2324621380164,333.72790879511376,171.04787167341016,168.4222612410505
2025-08-07,18,28,F,0.0,7.217838771333966,19.22551507936508,3.649345169353498,21.920546281041503,56.46330434038778,11.952119748942904
2025-08-08,0,28,F,0.69,173.4638440390986,237.94531885747355,154.31428421735748,327.77227255163325,443.11777684027237,287.098707170816
2025-08-08,6,28,F,0.33,227.69934272946696,176.99101349206347,154.6774824254577,377.9969749089242,306.24030326849345,258.0416637249656
2025-08-08,12,28,F,0.11,173.8442873066923,96.13859006283072,87.70386993082944,337.8598610172225,171.12402031302605,167.4372328512744
2025-08-08,18,28,F,0.0,7.310268658807597,19.900649305555557,3.672420067784443,22.141045641227482,58.24673084994929,12.000608589492094
2025-08-09,0,28,F,0.69,171.17804805507006,237.01512549603174,152.0477069899737,322.4522922307811,442.37466223067594,283.0236217123399
2025-08-09,6,28,F,0.35,224.6235019125974,176.43405924272486,153.21329673485354,371.8329703751991,305.33914168506044,254.94203154926228
2025-08-09,12,28,F,0.1,174.32951188117752,96.75762317294975,88.07095402525674,337.81235249912856,172.27919558181554,168.44551234823783
2025-08-09,18,28,F,0.0,7.3752961050619055,20.62303675595238,3.729788193665549,22.485865509611447,60.213573979991715,12.145908421826835
2025-08-10,0,28,F,0.66,173.785845717046,231.7297847056878,152.13877591992954,325.3238393252216,434.4974511702621,283.07302194503166
2025-08-10,6,28,F,0.34,227.94991009726195,177.13360374228392,154.8695261293061,375.1191506863683,306.1720861251435,257.1615853682448
2025-08-10,12,28,F,0.09,177.2943571576166,96.4152193369709,87.32003286427404,341.57473124457584,171.51873454773965,166.87976568601306
2025-08-10,18,28,F,0.0,7.4970646745966425,21.03284732142857,3.5272054370604327,23.13319416124831,61.426213509898325,11.57491735051707
2025-08-11,0,28,F,0.66,170.04648095714265,228.59652233796297,147.23356701649263,317.2791444578762,429.0174372062021,274.49503326363055
2025-08-11,6,28,F,0.37,222.97097904173563,178.2818533179012,154.07340012941995,365.8174833600071,307.27196817413096,255.60528266491784
2025-08-11,12,28,F,0.09,172.8090440538216,94.6749240410053,86.49916034546705,330.5541614254297,169.52283213585633,166.21447621896985
2025-08-11,18,28,F,0.0,7.54365480622235,21.564873759920633,3.432606971916899,23.370240292123366,63.076201216881685,11.326639006715308
2025-08-12,0,28,F,0.66,170.72103615765758,229.3349191550926,147.8913574863173,317.8691060202122,429.6393625305338,275.40986641078325
2025-08-12,6,28,F,0.37,223.81940337041686,179.79248000992064,154.08470590586396,366.4922362564588,309.7969854974553,256.26140482978803
2025-08-12,12,28,F,0.09,171.42440300158086,95.42902084160053,86.2007948949241,328.5004647250045,170.34038722532406,165.43960536451726
2025-08-12,18,28,F,0.0,7.439260323993392,22.190447966269844,3.484782849472111,23.0791619543246,64.77031677368898,11.41783380065079
2025-08-13,0,28,F,0.67,170.62472261482864,232.49486403769842,147.05975598732525,314.45777824803656,435.86920462318653,272.51633541182696
2025-08-13,6,28,F,0.37,223.78399521078103,179.10880528549382,150.7752961689912,362.5627144700526,307.5623743955633,248.75182079221256
2025-08-13,12,28,F,0.1,171.0668490174879,93.25249459325399,82.86778822869013,321.582086478579,167.23260159128478,160.1273556411284
2025-08-13,18,28,F,0.0,7.497018199094178,22.62849642857143,3.3548198797325104,23.42723780142499,66.0538452894858,10.921743579887636
2025-08-14,0,28,F,0.66,170.321599082081,230.25742203207673,145.81665391919108,314.1917089162203,433.48413550201604,271.4441916720084
2025-08-14,6,28,F,0.36,223.44098170648542,177.89394542548501,149.4178456985077,362.2695403226255,305.30349398104,246.5675173180598
2025-08-14,12,28,F,0.1,172.17183720651764,94.72130395171958,83.5117735655472,322.4042021578814,169.6905795628758,160.32633389547993
2025-08-14,18,28,F,0.0,7.562587089069776,23.190238690476193,3.3409462668699863,23.6134178358366,67.82381631843894,10.972465361587163
2025-08-15,0,28,F,0.66,171.44976162672114,229.91470868055555,146.47232257088035,315.085798632661,432.5831684566249,272.3491690871204
2025-08-15,6,28,F,0.37,224.72758531501975,181.4902491898148,150.04128566478968,363.2372066240742,309.33513368061296,247.50562053866693
2025-08-15,12,28,F,0.1,172.6714125572575,95.37460849041005,83.59484589342792,322.9114043407715,170.38276600518728,160.19905508641057
2025-08-15,18,28,F,0.0,7.649212566442937,23.851169295634918,3.325246407339642,24.186324779917793,69.44057816686423,10.937246727660026
2025-08-16,0,28,F,0.69,167.35944103549917,237.85013594576722,147.82918729604214,306.79758482124254,456.69016759121524,275.13191705970326
2025-08-16,6,28,F,0.39,219.1748450081372,182.1167942074515,150.39137639720443,353.6325530141179,310.4202692709352,247.4351342742737
2025-08-16,12,28,F,0.1,170.86789023957792,94.2966640955688,82.13099133503519,321.2513798566994,168.3667049902718,158.04640843791287
2025-08-16,18,28,F,0.0,7.61202684463827,24.663233184523808,3.3103936749641147,24.169005114232537,71.46672274812292,10.928500995153186
2025-08-17,0,28,F,0.69,167.33382453726193,240.92946612103174,146.03043340836265,307.1628093020995,459.54475183125385,271.5925306293698
2025-08-17,6,28,F,0.34,219.0578379818255,173.77257653769837,147.14036131503187,354.04400838873215,295.76665468385943,245.34028635707568
2025-08-17,12,28,F,0.1,170.34522512213746,94.4069139054233,81.31326178925784,320.19501317136246,168.78917418394772,157.22335134633872
2025-08-17,18,28,F,0.0,7.589725791009246,25.297887698412698,3.3148635368859587,24.222387340191254,73.17676914650016,10.964707275427894
2025-08-18,0,28,F,0.69,168.3497402371903,242.49894455191802,146.8910374184569,307.83017389835,460.0175297466463,272.43440578765245
2025-08-18,6,28,F,0.34,220.3344018236833,176.0246919642857,148.9777925311849,354.78421181740725,300.58993604736037,247.9815248804067
2025-08-18,12,28,F,0.09,172.36044082986328,94.6549236359127,81.26544242920205,322.3329547403669,169.15419803909683,157.32653351475983
2025-08-18,18,28,F,0.0,7.757947445434774,25.79791076388889,3.2190848071178064,24.764273876160402,74.57348892588205,10.797208992656484
2025-08-19,0,28,F,0.69,166.83060869054702,242.94079276620369,145.39644919944158,305.2993444338266,460.1860951631429,270.87460764195134
2025-08-19,6,28,F,0.34,218.34521221425118,174.11057713844798,145.14015848346952,351.86140745562955,298.047681753285,242.78308369557473
2025-08-19,12,28,F,0.09,168.4244918868423,94.42542800925926,81.81623473308991,315.75936692183546,168.55202249353582,158.30361577948736
2025-08-19,18,28,F,0.0,7.773863492093793,26.31407524801587,3.193763638375822,25.037940640593927,75.86106354233199,10.778720068222043
2025-08-20,0,28,F,0.7,164.74972212482785,242.69642195767196,144.74501695645907,301.2184432163662,459.96122115855144,269.1302917238094
2025-08-20,6,28,F,0.3,215.71177102883246,164.86905769951497,140.09484945957857,347.17139794657214,267.20430376944415,229.59699853734887
2025-08-20,12,28,F,0.09,166.01119260698073,94.38888003472223,81.40172366485564,309.8497207813571,168.7105451991693,157.0410767310209
2025-08-20,18,28,F,0.0,7.906278377046642,26.97604027777778,3.2190065184476646,25.37851228066295,77.59826142580783,10.917720603999776
2025-08-21,0,28,F,0.67,170.50564351889037,238.17507195767197,148.6790280092789,315.8123967041499,453.537521452818,276.6695966728344
2025-08-21,6,28,F,0.28,223.3438376487283,165.0831953813933,142.2087449978976,364.02234358640357,267.93501698812287,234.6795565528112
2025-08-21,12,28,F,0.09,166.87668341417208,94.53380317460318,82.00483406750914,314.34228965225304,168.45750331067353,158.57668244848838
2025-08-21,18,28,F,0.0,7.968234970060431,27.54697361111111,3.1236381332554846,25.64621418171815,78.92729472673929,10.763911398962431
2025-08-22,0,28,F,0.68,168.7092742003466,232.69250717592593,148.291685513628,312.31102591559767,447.13268949642764,276.4515316185407
2025-08-22,6,28,F,0.3,220.90340202135596,168.1202485063933,145.44207220163076,359.964436225859,271.55353210934413,238.6929053387254
2025-08-22,12,28,F,0.09,161.78867394241533,94.3733250330688,82.21257580855345,305.02959193595166,168.20922197539215,159.38803712270823
2025-08-22,18,28,F,0.0,7.905576162515221,27.83721130952381,2.920695350643335,25.670214393654756,79.78835878073315,10.125796255228828
2025-08-23,0,28,F,0.65,170.44892399740627,233.5118487929894,147.40810985022165,314.08421898963286,447.4715366676704,275.7210081318585
2025-08-23,6,28,F,0.28,223.19480902364884,165.8299543430335,144.43390104609605,362.0112392619556,264.0447796411855,236.57476683706275
2025-08-23,12,28,F,0.05,166.0001154051868,94.65062904265875,82.55893687373137,310.5290916115193,168.36080295589937,159.58611369794465
2025-08-23,18,28,F,0.0,7.731436905606332,28.438281349206346,2.933099493574061,25.319921972530924,81.2873192475203,10.188421845216654
2025-08-24,0,28,F,0.66,170.1809563965931,233.35333769014548,148.80216742977285,314.04667780686594,446.8455512035272,276.58184857209824
2025-08-24,6,28,F,0.3,223.00526125785785,170.0489869378307,148.04581270469703,362.01388655084213,272.5250122548402,243.54479892380272
2025-08-24,12,28,F,0.05,165.26894949208295,94.07023405257938,81.99485101937965,309.37984572265214,167.7807138286165,158.92301963907596
2025-08-24,18,28,F,0.0,7.631253484079406,28.88886676587301,2.89654594180034,25.23564493046079,82.43153080773561,10.152447960563903
2025-08-25,0,28,F,0.64,171.8291405436555,229.06903178736772,148.31766840625028,317.90399043783265,442.9775788869676,277.8474982283152
2025-08-25,6,28,F,0.3,225.32396337040066,173.31774963073195,149.67360211606606,366.5049315039794,278.6306438582743,247.47065263298964
2025-08-25,12,28,F,0.08,169.91549641811025,94.50164634589947,81.65337244317446,316.9263745773126,168.17629373532148,158.28151370633955
2025-08-25,18,28,F,0.0,7.644988405041784,29.15212628968254,2.780011075750937,25.421573023508074,83.09070337128051,9.962915863842992
2025-08-26,0,28,F,0.67,173.20222973701178,244.63551763392857,144.54430292827126,320.78908536885115,486.6761232496703,269.2609085228004
2025-08-26,6,28,F,0.31,227.07714015807858,173.94695858686063,148.01461049751484,369.81662186813537,279.41268086322697,244.47660516474363
2025-08-26,12,28,F,0.04,174.6978835217209,94.2984613343254,81.54614835843809,326.3295727967659,168.39186256563622,157.94613934110973
2025-08-26,18,28,F,0.0,7.480497310027688,29.434580208333333,2.6821956494859074,25.17164308993847,83.8254803140602,9.808999918899078
2025-08-27,0,28,F,0.67,173.28830983402028,244.58639406415344,142.47226090713173,319.7935116088107,486.7311828846918,265.6017544896296
2025-08-27,6,28,F,0.3,227.1960618181191,175.34136653439154,151.23174148619978,368.6637927972831,283.2304735726462,249.8916621405762
2025-08-27,12,28,F,0.04,176.6260921529381,94.14551827050266,81.29333828904122,328.46424428995056,167.69608445092882,157.45694206802315
2025-08-27,18,28,F,0.0,7.502501240643942,29.642266617063495,2.5080404909178484,25.309958733310477,84.41184822435942,9.24675328915751
2025-08-28,0,28,F,0.66,173.69182786730795,242.94686378141535,142.4768744560747,320.2430569799125,484.149656992091,266.68208850694487
2025-08-28,6,28,F,0.32,227.75283154940834,182.06122675264552,154.73247221719473,369.1773564538372,299.4311870501625,256.7549218203984
2025-08-28,12,28,F,0.03,176.63102416257027,91.79398522652117,78.92222215013311,327.2400740058612,160.50945159607662,149.97016368991956
2025-08-28,18,28,F,0.0,7.453961139413212,29.71955396825397,2.458085980338852,25.519131987350892,84.60934941357611,9.222980168910718
2025-08-29,0,28,F,0.65,175.79133553584634,243.72164466765875,142.5065868066138,327.286293439027,485.51572389050676,269.2114674984592
2025-08-29,6,28,F,0.32,230.60350402784985,184.04867243165788,156.3273597986747,377.32699565832576,303.04059524794707,260.1763468945246
2025-08-29,12,28,F,0.03,174.86779660151038,91.8459298859127,79.07185937925955,324.3972396828691,159.88810037315048,149.22724015494273
2025-08-29,18,28,F,0.0,7.404881787131509,29.79589796626984,2.3422569519376473,25.63488982341259,84.82679190376835,8.990594623018932
2025-08-30,0,28,F,0.67,171.40559003407606,245.5152492311508,140.34198140065632,319.531590835212,489.562907156043,264.04294634487655
2025-08-30,6,28,F,0.3,224.77683422258855,181.45326274250445,156.25250056093523,368.3624052700046,298.3590107557538,260.79357152978287
2025-08-30,12,28,F,0.05,168.36481967847794,91.15329363425926,78.36400194996509,312.13820063220817,158.03246066452704,147.4986512634889
2025-08-30,18,28,F,0.0,7.461862021883744,29.75909528769841,2.1648890338797426,25.889209149886373,84.74841710897559,8.413908812344868
2025-08-31,0,28,F,0.65,175.03670728706936,240.7770789103836,141.37245782853296,326.71362405562314,476.4289582420394,265.65081444341854
2025-08-31,6,28,F,0.29,229.6598755279558,181.36752746913584,156.35554242495593,376.671982085553,296.9467442263353,260.33331078883566
2025-08-31,12,28,F,0.05,168.69464160352342,87.42024914021164,74.41021351722404,312.9536752758019,150.25191323760524,137.8092283082454
2025-08-31,18,28,F,0.0,7.37758036541395,29.745699305555558,2.0903363810262205,25.892849769304284,84.73856371882766,8.269102621700197
2025-09-01,0,28,F,0.67,172.36367733888844,244.39516168981487,140.988549453127,322.07366682966506,479.45755828901815,265.25745461047757
2025-09-01,6,28,F,0.31,226.10480378717614,181.73547852182543,155.2805788938447,371.30084958729503,297.48348287667875,258.3872055519044
2025-09-01,12,28,F,0.03,163.6999481545055,86.50606778273809,73.36036180471964,304.46380130362337,147.90557072451836,135.1220773095888
2025-09-01,18,28,F,0.0,7.476472590946711,29.68139826388889,2.01588341861558,26.226679071819643,84.58998412375762,8.097565369499646
2025-09-02,0,28,F,0.67,175.10209853199362,252.52263465608468,143.9892225739016,325.0889248692466,491.56636877349774,269.18053547076966
2025-09-02,6,28,F,0.3,229.88560479050213,180.9631448633157,155.05509853337426,374.8177255184329,295.5044263697366,257.78667240997675
2025-09-02,12,28,F,0.03,165.3196024044083,84.00029031084655,70.96463159375254,306.05375677186817,144.84123278577286,131.8583807227277
2025-09-02,18,28,F,0.0,7.3478585992922,29.443257589285714,1.886636644784024,26.091531502456004,84.07141219046906,7.727690573173314
2025-09-03,0,28,F,0.66,176.47350671005734,250.7467013310185,143.28269530707254,325.9585733466162,488.9729892180127,267.73389418126646
2025-09-03,6,28,F,0.31,231.8683585640436,184.2585313712522,157.09038779112726,375.8704678038922,303.7773620944831,262.50774165557766
2025-09-03,12,28,F,0.03,167.48668366850958,84.5382924024471,71.70290239910742,307.938146059109,145.56619380553246,132.8650810232501
2025-09-03,18,28,F,0.0,7.258733448689717,29.37279910714286,1.8592531181320446,26.04676451349748,83.9405265091637,7.68792156691559
2025-09-04,0,28,F,0.67,175.681647519075,247.4598468419312,145.11766820039517,322.44089195109865,483.9714473760204,268.95186129966464
2025-09-04,6,28,F,0.31,230.87839996290828,184.90587767306,157.5398255060942,371.8130534361309,304.3806442166551,262.90928079734147
2025-09-04,12,28,F,0.02,163.6340847126904,84.39432600859789,72.21013267335357,298.0662504905487,145.2004261489715,133.43008662533194
2025-09-04,18,28,F,0.0,7.223806944706676,29.053344246031745,1.799771915905317,26.21298998683587,83.26632122696101,7.588422587790844
2025-09-05,0,28,F,0.65,176.36424934156992,236.28134461805558,141.72466732713997,323.906635955506,463.36156532810827,260.83449190480803
2025-09-05,6,28,F,0.31,231.75625619219443,182.7506942901235,155.46622110070405,373.4985445530138,300.87317525818514,259.3801060001547
2025-09-05,12,28,F,0.02,162.3331857368981,84.21990343915343,72.5647561549279,294.2508161683812,145.4229292180638,134.38924713171093
2025-09-05,18,28,F,0.0,7.1719380924585,28.66395967261905,1.7255716333409405,26.28938586210427,82.44146168701917,7.436139704588982
2025-09-06,0,28,F,0.66,174.92693846097913,238.5501361359127,141.53701298954016,322.73435762327955,465.02266673827734,261.3439473703017
2025-09-06,6,28,F,0.31,229.9077341120071,183.4815483134921,155.60956979064775,372.1550050374545,302.1493633304627,260.46331677818074
2025-09-06,12,28,F,0.03,161.32381941068772,84.64277189153441,73.50008541293434,293.15750826589164,145.9442036703553,136.61361421190296
2025-09-06,18,28,F,0.0,6.983211983781111,28.33472237103175,1.6345732648374218,25.92184109442629,81.68488238250052,7.155140322597575
2025-09-07,0,28,F,0.66,177.02496954953168,240.1872986524471,144.50255479095847,325.67658684322896,466.7740200885515,266.55142221085555
2025-09-07,6,28,F,0.3,232.8137599770739,181.66227497795418,154.29851058983155,375.58094141140873,300.6822859717113,259.27609634220005
2025-09-07,12,28,F,0.02,162.58556044555831,82.17876207010583,71.42819695548826,293.72092370741933,142.15615583208523,133.73162256736595
2025-09-07,18,28,F,0.0,6.702852818187448,28.040813740079365,1.5903738990087473,25.17174789191862,81.04734533284864,7.096351997217146
2025-09-08,0,28,F,0.67,175.42459288519152,238.03171483961643,143.8743708763382,323.3825835005847,463.9148038135876,266.1066956904425
2025-09-08,6,28,F,0.31,230.6904003916413,185.47471301807767,155.1798655343048,372.9264243854783,307.7535449398441,260.23509834110854
2025-09-08,12,28,F,0.02,161.07614220192144,82.57567297453704,71.74182180253821,291.23784981407476,142.38437657017107,134.4665439129244
2025-09-08,18,28,F,0.0,6.510361014408585,27.506726240079367,1.4908969555672589,24.813247473261267,79.82171767783389,6.732850258523664
2025-09-09,0,28,F,0.66,177.6534624965748,239.6918982473545,145.67856130547213,327.6911377082765,466.5270728131703,270.0835244290369
2025-09-09,6,28,F,0.31,233.7109304833891,183.14500469025575,155.44210076985374,377.9122547435075,304.70200955413145,259.94955976913616
2025-09-09,12,28,F,0.04,166.53850844696353,81.80801473214285,71.29885543087512,301.959452970625,141.55726627548816,134.22961321459914
2025-09-09,18,28,F,0.0,6.280375510442133,27.01234523809524,1.4227699840279031,24.329234067083746,78.69819230664301,6.575711478487254
2025-09-10,0,28,F,0.66,178.93440940398898,238.59864616402115,147.0366092850462,333.7598128054439,463.10663890507544,273.78551835223396
2025-09-10,6,28,F,0.3,235.43192353111,185.95985531856263,159.63663827272129,384.9275270527387,312.5814229240889,269.0351601460352
2025-09-10,12,28,F,0.03,166.18224628933817,82.47095324900793,72.42327725637175,307.65005212769444,144.20689466617605,137.21672500824894
2025-09-10,18,28,F,0.0,5.980123844140391,26.49038000992064,1.361793606403941,23.574728546010338,77.50722767964986,6.45289064170647
2025-09-11,0,28,F,0.65,183.91081211446485,238.27546950231482,149.0997492190756,342.3614487962538,462.54058592365755,276.1520300938457
2025-09-11,6,28,F,0.29,242.12660117728063,188.1713005676808,164.4076314528539,394.87598239839787,316.02008558114596,277.10647911106577
2025-09-11,12,28,F,0.03,171.12668533412904,80.91194340277778,71.47934520244377,320.27250151855617,140.7910576730099,135.86773596613025
2025-09-11,18,28,F,0.0,5.814697411714148,25.752709275793652,1.2237661292660968,23.3102214891036,75.71094266689796,5.74411577629085
2025-09-12,0,28,F,0.65,187.88911396975342,247.49627158564815,154.35263745264567,352.05273290888005,484.0723878370319,294.15655388854424
2025-09-12,6,28,F,0.27,247.63332215272774,183.07301653990302,161.8931398409286,406.1345931493491,311.07711726460604,275.1344910044761
2025-09-12,12,28,F,0.04,178.14846753094054,79.79344363425925,70.88670826493745,338.2105375301905,139.42891344188928,135.3705915527474
2025-09-12,18,28,F,0.0,5.44811621106207,25.081282787698413,1.1909399597245933,22.172622084921315,74.23704995769185,5.725608168995779
2025-09-13,0,28,F,0.63,187.68060647643432,237.08496206183864,150.68292063400648,351.62101121995374,457.801516739359,286.21537239947264
2025-09-13,6,28,F,0.28,247.4321983063622,186.82875566578485,165.08027057547676,405.6437315359572,316.5687981402797,279.30955466015627
2025-09-13,12,28,F,0.04,178.6459186715686,79.78911478174604,71.5839734439288,338.0654911957821,140.13255952951252,136.1443845002679
2025-09-13,18,28,F,0.0,5.292396148152106,24.271394444444446,1.1083552007282282,21.944229992105125,72.27371169861202,5.357597826523278
2025-09-14,0,28,F,0.59,191.40056964042927,225.31596657572751,150.0770089048593,358.52887003705274,438.296285208488,285.6644758239693
2025-09-14,6,28,F,0.28,252.44514957579892,189.47675402336858,168.23697538766757,413.63087402715536,319.21125039924544,283.9560752009827
2025-09-14,12,28,F,0.04,180.11570919748604,79.56064901620371,72.21050247485171,339.812559439772,139.28335728048677,136.79606082463908
2025-09-14,18,28,F,0.0,5.0148320840713305,23.438097321428575,1.0502985781260974,21.271303830502777,70.31442792661286,5.197829416292814
2025-09-15,0,28,F,0.59,191.95212315636465,225.40816949404763,148.45532119830122,360.268669585849,439.100700894044,283.9309590115524
2025-09-15,6,28,F,0.27,253.33416695925033,185.27129424603177,165.54337781657682,415.6747166026445,311.91049959808595,281.4823067326881
2025-09-15,12,28,F,0.05,180.81932364223582,79.44926933697091,71.86493230432279,342.1420898445151,139.94576810305017,137.31812632419454
2025-09-15,18,28,F,0.0,4.728505923509316,22.60007822420635,1.0228576753377012,20.541392877028912,68.35995852915214,5.148531384423748
2025-09-16,0,28,F,0.59,195.16226921561082,227.2730689236111,149.57783970751544,367.907707987505,441.15910802113586,285.8534288840555
2025-09-16,6,28,F,0.26,257.6985672057734,184.2019764660494,165.56734015813092,424.51157712940767,310.70841711120124,281.6352179275522
2025-09-16,12,28,F,0.06,180.97746379839697,78.97632709986773,70.85305068393288,343.4710362864593,139.24612111126086,135.41164234359098
2025-09-16,18,28,F,0.0,4.4189423958123335,21.74977896825397,1.0218207990663688,19.620855208857304,66.52653489857602,5.151253910810821
2025-09-17,0,28,F,0.6,194.9916814255697,234.03757670304233,149.7209188908985,368.0730681893812,452.5481519471446,285.73526386948777
2025-09-17,6,28,F,0.27,257.4973566507379,183.8886347718254,164.34053992377176,424.7033650477531,311.6316026247287,280.46746770015
2025-09-17,12,28,F,0.06,179.58293765644945,78.16078372189155,70.27443625224349,341.9455450800742,138.12104654610363,135.07308256954752
2025-09-17,18,28,F,0.0,4.185705639215658,20.7292314484127,0.8978470502024639,19.088108897291715,64.00647327168956,4.6127892995860735
2025-09-18,0,28,F,0.63,187.60661382479867,233.7146499751984,147.1335950880307,354.30134706599597,453.13652876969275,281.5200397084258
2025-09-18,6,28,F,0.29,247.81424178244575,184.6702738921958,161.69059654921136,408.830529335779,312.5350197994089,275.6775902750963
2025-09-18,12,28,F,0.06,176.428307324462,76.64031607142857,68.10209497533883,335.5714898489758,136.5958803782986,131.1694587033744
2025-09-18,18,28,F,0.0,3.9424902764050334,19.763927529761908,0.8682448526421778,18.47994271586341,61.809634627058095,4.585477546436803
2025-09-19,0,28,F,0.64,185.66635751443124,236.31333211805557,146.0559269145486,352.9851140707469,457.3491559284442,280.5116097046227
2025-09-19,6,28,F,0.3,245.2896120543587,186.11755930886244,161.2104020396143,407.31522324133647,317.3477371943647,276.6335627400725
2025-09-19,12,28,F,0.07,174.5513242075236,76.56903140707671,67.49658228298281,334.0773542184355,137.36938040816884,130.17858343506836
2025-09-19,18,28,F,0.0,3.69788483529885,18.775854017857146,0.811021352470011,17.78832444078758,59.596382839735085,4.411825641995612
2025-09-20,0,28,F,0.65,183.80804648405189,233.63063325892858,145.79648430703094,351.0559083449042,455.1915304908313,280.47651255688044
2025-09-20,6,28,F,0.3,242.86166254395724,182.86102945326283,158.69126559432266,405.0893889257781,313.8546118534798,272.7151718175992
2025-09-20,12,28,F,0.08,170.429910759704,75.725555448082,66.51021434113449,329.1183601024069,136.66563909275146,129.46110580321485
2025-09-20,18,28,F,0.0,3.5303841883678406,17.635759623015876,0.7254353593714519,17.461219755298163,56.8241930279041,4.104693091785769
2025-09-21,0,28,F,0.65,183.319085869381,235.00985095899475,144.68155849610244,349.6212002409026,458.09398677403857,279.4468795962988
2025-09-21,6,28,F,0.29,242.25876635104325,180.81137283399468,156.85663844489554,403.4352326568358,310.84720088294995,269.77470648327215
2025-09-21,12,28,F,0.07,170.85495522544002,77.1385162285053,67.70236184348697,330.7444673949296,139.16967232050598,131.48173488486992
2025-09-21,18,28,F,0.0,3.3391111450049276,16.52207341269841,0.6876473629230008,16.99049308071808,54.21849325298613,4.006942668904117
2025-09-22,0,28,F,0.66,182.28272986086787,236.6275885003307,145.5696884603384,347.7052390621269,459.08578222931044,280.99815026630887
2025-09-22,6,28,F,0.29,240.94641409172633,181.011058305776,157.47549132241556,401.22955111650225,311.4620198746145,270.03093240145006
2025-09-22,12,28,F,0.08,169.10862105278864,76.88876534391534,68.38757917912868,327.9420580906244,139.88412803218338,133.21421147863865
2025-09-22,18,28,F,0.0,3.151704779319719,15.52092390873016,0.6728920375770383,16.491756385950122,52.03257933731952,3.9733760292790334
2025-09-23,0,28,F,0.65,173.36753491343387,223.87967777777777,144.42459568965776,333.2578286200553,420.5909619242385,280.5896028672545
2025-09-23,6,28,F,0.31,229.18249577908213,181.9423412037037,157.8553099932243,384.561273558518,312.3270554138986,269.49567608932375
2025-09-23,12,28,F,0.1,156.53702318338895,75.4129283151455,66.79273726797948,304.2857645508302,137.21051111480847,130.46324018566992
2025-09-23,18,28,F,0.0,2.9053156691791644,14.488572767857143,0.6534062219835398,15.573893431505097,49.62501957809345,3.917701704619639
2025-09-24,0,28,F,0.66,172.08095061144496,221.37318422619052,144.1011305011435,330.6942687977033,418.1596014887753,279.68549490373437
2025-09-24,6,28,F,0.31,227.5510759606028,177.89170559964728,154.51134087125254,381.611319741906,306.7502441308864,264.7189264120461
2025-09-24,12,28,F,0.1,155.53541374920553,74.25387853835979,65.91266734402275,302.9201490977297,136.22923403350904,129.7520503411433
2025-09-24,18,28,F,0.0,2.7434658290195477,13.397859226190478,0.5874853123593097,15.17708445658837,46.80478159654617,3.6077649116798605
2025-09-25,0,28,F,0.67,169.73764170329926,222.02638912863756,141.67156106135178,328.17957821961653,424.02514306332034,277.09186286266817
2025-09-25,6,28,F,0.31,224.5453116429459,172.2520158399471,150.27214960248384,378.7284901653057,291.58827538278973,256.5256233205911
2025-09-25,12,28,F,0.11,153.74778571697306,72.35817582671957,64.7397493462872,301.5069961613086,132.96079816140838,128.13096956865996
2025-09-25,18,28,F,0.0,2.5056752073161803,12.521811309523809,0.5354694261125637,14.18460198739387,44.88776112490274,3.3011057290641457
2025-09-26,0,28,F,0.66,165.87061156691377,217.77949394841272,138.4483837532632,318.77816284803515,419.1919632933196,270.42196340126907
2025-09-26,6,28,F,0.31,219.48857187989594,173.61459424603177,149.74206198949514,367.8825250788773,293.70820576308813,255.61195041033963
2025-09-26,12,28,F,0.12,152.4965115193343,71.9240871031746,64.0569949217194,300.26811516220044,132.79727620080632,127.86910259132095
2025-09-26,18,28,F,0.0,2.3099922759626845,11.577556845238096,0.5127710303867188,13.488524738412059,42.55885244700592,3.2511720693140904
2025-09-27,0,28,F,0.66,165.05943719734142,214.3948763310185,136.74846000553143,319.4996446815528,413.2618949747949,268.0542094811426
2025-09-27,6,28,F,0.31,218.5155918258665,171.7507424217372,148.76858591323895,368.7348346906629,292.0307700368182,254.3589850849976
2025-09-27,12,28,F,0.11,150.49778185571498,71.76111582341271,64.62971409177835,298.73529969457724,132.3574379915007,128.25443884341098
2025-09-27,18,28,F,0.0,2.122851629089873,10.65829449404762,0.4875985507210231,12.8040441017388,40.226797978905644,3.1854369436239454
2025-09-28,0,28,F,0.65,164.14350354919415,213.0186833829365,134.8735209240007,316.75980618098686,408.83696941074277,263.65934044850843
2025-09-28,6,28,F,0.32,217.36174727506588,171.83772563932982,147.67341431590052,365.5766919601618,293.31355226879214,252.8095599912141
2025-09-28,12,28,F,0.1,150.22411194991943,70.99892624007937,64.6431931966269,297.6712520150159,131.64922683843844,128.18498089227606
2025-09-28,18,28,F,0.0,1.9483824088601893,9.730438244047619,0.46419028207478735,12.171684788796089,37.70112969800502,3.1208511595771204
2025-09-29,0,28,F,0.65,161.71659657983068,210.1908159887566,132.65345061572074,314.30302696513,405.9255518862503,260.76123211537015
2025-09-29,6,28,F,0.34,214.22626306934487,177.19994885912698,150.04149011430326,362.75390582601347,305.02459470846645,257.1722931091675
2025-09-29,12,28,F,0.1,149.35011480958224,70.01179310515873,63.72121690741236,296.8734470646721,130.55111586274825,126.87279169898515
2025-09-29,18,28,F,0.0,1.7515355498748844,8.829956101190477,0.4357463087840512,11.298170935895033,35.14531469551423,3.0470623225196514
2025-09-30,0,28,F,0.63,159.64252958233632,201.28803371362434,130.3545939580945,312.36190758430746,391.0131392445161,257.310465835485
2025-09-30,6,28,F,0.36,211.53411224044766,177.84115552799824,149.59255898392362,360.51972063307,307.4656863394486,256.45752183154667
2025-09-30,12,28,F,0.1,148.78417893096855,69.5186128885582,63.2693106996462,296.8967278921952,129.81894839627495,126.05540627471822
2025-09-30,18,28,F,0.0,1.5617710521501216,8.012571676587301,0.4155913668573664,10.403021705524644,32.88106359305532,2.9906734100696353
2025-10-01,0,28,F,0.65,159.2500223669496,206.0093166335979,131.37144107124928,312.709655505484,399.1343292888262,259.3219952837287
2025-10-01,6,28,F,0.35,211.10388293597433,172.31336973104058,146.22104506421533,360.9345372061327,297.5056396478771,250.90929147233612
2025-10-01,12,28,F,0.11,150.18372271512013,70.46836903108465,63.63793650785158,299.8488971424235,133.68622186382672,128.80283852689755
2025-10-01,18,28,F,0.0,1.3854368572227478,7.083921279761906,0.3633742123610817,9.61185616044698,29.66873567986106,2.733429202116438
2025-10-02,0,28,F,0.63,171.996547063782,210.73251348379628,142.0612084283512,355.20456977480524,410.40635972561813,294.355918981973
2025-10-02,6,28,F,0.32,228.1799776600375,180.23522189704588,157.06130634874523,410.0299314471526,312.7270612838276,278.8973026959585
2025-10-02,12,28,F,0.09,157.77793006343362,71.21964638723546,64.40387769608165,325.8020799947577,135.3689136610071,130.34113346514383
2025-10-02,18,28,F,0.0,1.1836981062075602,6.399034970238096,0.34845872360347024,8.285634545747762,27.760419845326584,2.7011273609654483
2025-10-03,0,28,F,0.66,171.5446928400054,223.1324996114418,146.28166315413804,353.9967118160306,435.48031149562735,303.78978289460446
2025-10-03,6,28,F,0.32,227.6702040928803,184.84006144179895,160.9198009306239,408.64678132363923,320.9836348491676,285.60796703666307
2025-10-03,12,28,F,0.08,161.71046923763168,71.94315771329364,64.59804276019946,332.06113141304496,136.67696009954278,130.08567188030597
2025-10-03,18,28,F,0.0,1.0143982119070165,5.7609844246031745,0.3315713833694148,7.152452648281317,25.981645417054605,2.6490403523780492
2025-10-04,0,28,F,0.65,171.3490360316908,222.02978112599206,146.46377192494148,354.14153265247387,435.2223338338619,304.33488976703205
2025-10-04,6,28,F,0.34,227.50620633657627,186.8557742724868,161.3843438876773,408.82795977687726,323.46658252681647,286.0235891092244
2025-10-04,12,28,F,0.09,160.3819541515546,70.69424640376985,63.630507397226644,330.6843286404787,134.9542273438898,128.19623305664228
2025-10-04,18,28,F,0.0,0.8753450140579256,4.992790773809525,0.30232907612555815,6.276488394372011,23.139783506631275,2.4870749179038163
2025-10-05,0,28,F,0.69,165.80475131511932,229.7670206679894,143.5169152876128,347.26114437101353,450.6817414042563,300.9239543310553
2025-10-05,6,28,F,0.36,220.19853673748477,187.4583062059083,160.46646572773716,400.89251342409233,323.8845632543579,285.41243255966117
2025-10-05,12,28,F,0.1,154.71421088862678,72.03275985449736,65.14754371717348,323.31965635370665,137.1529341480375,130.72016844011625
2025-10-05,18,28,F,0.0,0.7548785814345936,4.316781101190476,0.3032431869545449,5.460811496319437,20.65701040658222,2.486482997310873
2025-10-06,0,28,F,0.7,169.74733185531335,237.63644556878307,149.10573069867806,351.6834284103934,465.25726703059183,309.80999130295
2025-10-06,6,28,F,0.33,225.52458605946072,184.08249124779542,158.7904135284746,406.00778614695764,317.43388944226064,282.9147350753281
2025-10-06,12,28,F,0.1,157.5785167198236,72.0883966848545,64.84902132506726,326.57620938821697,137.31260564135872,129.5885084706109
2025-10-06,18,28,F,0.0,0.6523330290496867,3.739658680555555,0.27949363446071407,4.724586405976778,18.628367584077978,2.351349259943057
2025-10-07,0,28,F,0.72,165.538440087817,239.2033947585979,145.8985204105318,345.8099681245097,468.2080297242596,305.77403391283
2025-10-07,6,28,F,0.35,219.9671028614187,183.34850481150795,156.09512005359173,399.2293160716146,316.93481099317916,280.6522018499854
2025-10-07,12,28,F,0.1,151.06324816954947,72.10227032903441,65.55182331326219,315.881151146647,136.57140058979002,129.6935193359924
2025-10-07,18,28,F,0.0,0.5743596693276111,3.160746875,0.2634062841907296,4.222965226886262,16.32992627680937,2.2850677263105723
2025-10-08,0,28,F,0.73,159.5800759551961,236.17691183862433,141.20879091191625,334.538810012856,464.9744858261338,299.0460069425452
2025-10-08,6,28,F,0.36,212.0772206828648,179.39041230158733,151.10173721839615,386.21750025905504,308.32807461150264,271.7929152051814
2025-10-08,12,28,F,0.1,147.98544629775049,71.33621733630953,64.36955615033973,306.8346073455526,134.31611113623214,126.88834041939569
2025-10-08,18,28,F,0.0,0.5117077259859226,2.618093898809524,0.24688316523785722,3.8452877963619243,13.998042825306138,2.2179843415022678
2025-10-09,0,28,F,0.73,156.10754304994043,233.70495308366404,138.38906146173284,327.67515848661543,462.49303485124153,294.67025196714064
2025-10-09,6,28,F,0.37,207.51679473710274,176.8246249393739,145.51130017502186,378.3008397327226,304.457322307883,263.2075195247193
2025-10-09,12,28,F,0.11,144.98276880482288,70.68512587632277,63.69528919432116,297.7448348407442,133.75258992575195,125.47592013417999
2025-10-09,18,28,F,0.0,0.4480582567359011,2.1562068948412696,0.20816753299652616,3.382590083980576,12.021004758388456,1.8366705120289697
2025-10-10,0,28,F,0.73,152.10769203157966,231.69901183035716,135.1196980131606,319.01897265192406,453.10507273331405,283.66014888770854
2025-10-10,6,28,F,0.42,202.23114174406368,178.94531897045852,144.83623153729627,368.3085552705355,305.80074065803717,263.203266698973
2025-10-10,12,28,F,0.1,140.14749181874353,71.20209685846562,63.84893474294444,284.2311556103808,134.60821903969295,125.40108974666579
2025-10-10,18,28,F,0.0,0.4023980299587718,1.7503481646825398,0.170970173424895,3.109643547508886,10.236147514311696,1.4106750627673126
2025-10-11,0,28,F,0.74,154.67048927644495,236.59751631117726,138.35244049603975,325.45871386589613,462.2996053901475,292.9175734979462
2025-10-11,6,28,F,0.38,205.71279294944642,178.37273727403,145.48200703525896,375.7554872738088,306.0459145034901,266.2684939866939
2025-10-11,12,28,F,0.08,145.3771375245428,70.05571398809523,62.173117107270706,297.33154913557365,132.27863157206556,121.9311443578671
2025-10-11,18,28,F,0.0,0.3531908696238005,1.384353373015873,0.14145115759847587,2.7658046663645433,8.51204905204351,1.0874987893519792
2025-10-12,0,28,F,0.74,150.34484455267025,238.9950193287037,134.85807811103953,316.9524876296386,465.1373601829023,287.74220106242717
2025-10-12,6,28,F,0.41,200.00114828585757,176.5456876818783,141.4466985595477,365.93957097223824,303.8055016020926,260.58256671278906
2025-10-12,12,28,F,0.08,141.85238653099793,70.03976026785713,61.89171733425544,293.26528196524885,132.67517188302003,121.83462892174815
2025-10-12,18,28,F,0.0,0.3104509162522764,1.058857242063492,0.11915055275255393,2.4611043007385915,6.839461645258658,0.8437413033680026
2025-10-13,0,28,F,0.76,148.50095268836515,234.35738728505288,135.34527831321543,314.3620422668308,458.30637386819114,288.33792971991494
2025-10-13,6,28,F,0.42,197.5991852998216,179.4474795304233,141.92660719624334,362.9562318188325,307.64314993802225,260.8113478457733
2025-10-13,12,28,F,0.09,139.8294825312442,71.77131526124339,63.31584964371819,289.1259868682724,134.34770224532718,122.61358756056258
2025-10-13,18,28,F,0.0,0.2735433306818573,0.7739479662698412,0.10077662970588928,2.190497892830524,5.20842262669861,0.6118086495383476
2025-10-14,0,28,F,0.78,144.85291686911918,236.39421865906084,133.88728931995803,306.1372944680711,461.09584515695855,286.237350240371
2025-10-14,6,28,F,0.45,192.78147918310881,180.93891522817458,141.47381602430315,353.46374580072273,308.95074083386413,261.2695653880992
2025-10-14,12,28,F,0.11,137.67244507009545,74.85104619708994,65.85360714076022,285.489621365385,140.01693359198862,128.60142938561017
2025-10-14,18,28,F,0.0,0.23649713605203948,0.5682035714285715,0.09468212269949752,1.8645818498833393,4.089599669344296,0.5697122911256159
2025-10-15,0,28,F,0.79,144.05992652167413,233.4653198660714,133.79847475508058,304.4242961322565,456.03735122151363,286.12494396457805
2025-10-15,6,28,F,0.47,191.7694212832972,184.313876366843,144.66166934803127,351.49100697633526,316.6045900155299,266.88496354477974
2025-10-15,12,28,F,0.11,137.66347336482767,75.68693267195768,66.16641026304075,285.3555889952905,141.35024200055443,128.91418750680924
2025-10-15,18,28,F,0.0,0.2029361691847462,0.3801045138888889,0.09255906839464104,1.5347552753499245,2.8256113656955573,0.5598492736491746
2025-10-16,0,28,F,0.78,142.44451017794486,234.44680684523811,131.67172730162272,302.67002409734863,458.2278256101202,283.6035217605434
2025-10-16,6,28,F,0.48,189.66194827591306,185.61380707671958,145.61431195859214,349.4711922203431,318.27391077302815,268.6784491462907
2025-10-16,12,28,F,0.1,137.88040034841433,75.93044018683862,66.40571559235958,285.6835208176792,141.6739234397365,128.91350039887257
2025-10-16,18,28,F,0.0,0.17274751514775283,0.2461512896825397,0.09270664124462154,1.2318023013767072,1.8696149635458847,0.5605340344869131
2025-10-17,0,28,F,0.77,144.41143200982592,232.04455266203703,132.67479102202896,304.72736434424047,454.0955780116059,284.24918224692715
2025-10-17,6,28,F,0.46,192.325822096173,181.49538707561726,144.7517668791057,351.85176842518274,310.6599141988962,265.45997355584893
2025-10-17,12,28,F,0.08,140.85075421351502,75.88261903935185,66.5684279950404,290.2508554963342,140.88868399448006,128.44978045584367
2025-10-17,18,28,F,0.0,0.14670918498600705,0.14433492063492062,0.09045447391135263,0.9911790842666428,0.9540449610154063,0.5498225726343724
2025-10-18,0,28,F,0.79,142.90572068126335,242.22363460648148,132.7066790212412,303.3514531321206,467.76289515166144,284.5250656821409
2025-10-18,6,28,F,0.47,190.35848348191962,183.89119893077603,145.15366555012642,350.2677866243841,314.548715358443,266.7527413373112
2025-10-18,12,28,F,0.08,139.46662675339914,76.77253345734128,66.64280272525617,289.6298086976122,142.28724333835902,128.4697149889403
2025-10-18,18,28,F,0.0,0.12513853240460457,0.09793561507936507,0.08735186471959079,0.7948323711571942,0.6011331809178369,0.5326733540152392
2025-10-19,0,28,F,0.79,140.81857850656883,242.27603884755288,130.3633456277836,300.5931497503718,468.32374099619824,282.09500484481663
2025-10-19,6,28,F,0.49,187.61244754956206,187.24236230158732,143.44952013210985,347.0868894281192,319.5218844058597,264.36699751874573
2025-10-19,12,28,F,0.07,138.19136224091818,75.09170261243385,65.27855909268122,286.9553316472143,139.59662636536683,126.11660681287606
2025-10-19,18,28,F,0.0,0.10707758570983307,0.08561785714285713,0.08253485701894696,0.6424996703578902,0.5670702092004997,0.49631078063005046
2025-10-20,0,28,F,0.78,138.80301191591025,239.9253705191799,127.60877394371386,296.9353921750899,466.60860034019464,277.4863851400345
2025-10-20,6,28,F,0.48,184.95651284525428,182.45244242724868,138.91906287084606,342.86638810017325,312.33934541420695,258.14989128962895
2025-10-20,12,28,F,0.06,138.138102222785,74.68843172949735,64.9536950778913,285.82413732868076,138.7507628689113,125.84641238648102
2025-10-20,18,28,F,0.0,0.09260963953181227,0.0786220238095238,0.07717528660529874,0.5242982647909683,0.5252205568457249,0.45063149122210244
2025-10-21,0,28,F,0.78,140.45461905264233,237.37489894179893,128.97720548385905,299.31899720069737,461.1233256315832,278.903109082811
2025-10-21,6,28,F,0.45,187.18387188634182,181.6140810846561,140.1851876159384,345.62090070723445,312.0251506439558,258.5225346383689
2025-10-21,12,28,F,0.06,138.15042183315018,75.95421685681217,65.31389253555042,286.01165623268605,140.84075861828012,126.87158185467649
2025-10-21,18,28,F,0.0,0.08182094211068748,0.0723859126984127,0.07220900219163237,0.4385925708360416,0.4876823831809792,0.408136812838945
2025-10-22,0,28,F,0.78,140.94847624309136,240.73760354662699,129.89911902856207,299.946527995452,463.84869677209997,280.00425229202773
2025-10-22,6,28,F,0.45,187.86130001918042,182.2853473214286,140.36959061390826,346.34674889735345,312.3404069581511,258.59986213234293
2025-10-22,12,28,F,0.06,137.71557670840835,76.34996532738096,64.80262338029418,285.650054777402,141.5573635731658,126.08945820599394
2025-10-22,18,28,F,0.0,0.0757934281132355,0.0681826388888889,0.06894267947725832,0.39270903286580355,0.46750673742068166,0.3849306158107422
2025-10-23,0,28,F,0.78,141.07536799990206,234.47054406415344,130.77710819570723,300.69475401832796,451.45129539769755,281.3413124310237
2025-10-23,6,28,F,0.46,188.04470678102004,183.90764355158728,141.46130226124933,347.2114469953164,315.1002485709138,259.982562783194
2025-10-23,12,28,F,0.06,136.53719662186228,76.73613848379628,64.69491965599079,284.4745029903427,142.32713827107318,125.94017383155406
2025-10-23,18,28,A,0.0,0.07155088400894627,0.06402936507936506,0.06540684123510429,0.36731063869260944,0.44550880239998963,0.35839218999151845
2025-10-24,0,28,F,0.81,140.7351290016632,248.21113888888894,132.39202892376537,300.9958178655101,484.72402510335934,286.1474787980321
2025-10-24,6,28,F,0.46,187.6017886442803,182.83582511022925,139.28023180932578,347.55950816487376,313.06737915408434,257.06910301488494
2025-10-24,12,28,F,0.06,134.74702384903185,75.99108637566137,63.82840793927548,283.08585930441023,141.2156987990853,124.68738178500296
2025-10-24,18,28,A,0.0,0.06864834955048506,0.06098303571428571,0.06270148912486269,0.3545303087985879,0.43305567165433145,0.3429752364941802
2025-10-25,0,28,F,0.81,139.58525974411606,248.32425285218255,131.91318861928033,298.54393139373025,484.5274428805336,284.76953112130417
2025-10-25,6,28,F,0.46,186.07654149737883,182.36498319003525,137.34568223094274,344.7285456687131,312.33970767928867,255.2248482953999
2025-10-25,12,28,F,0.05,136.0997436852628,75.79105031415344,62.56452482047357,283.904110626185,141.9299641781615,123.67549957986151
2025-10-25,18,28,A,0.0,0.06637296436422807,0.05818234126984127,0.060036086699216375,0.3483235196020974,0.42216426923444617,0.3290870967726661
2025-10-26,0,28,F,0.82,136.2188176626942,246.53495079365078,129.08453976620456,292.9495018181526,481.68724379800057,281.2998203976625
2025-10-26,6,28,F,0.46,181.59377624964117,181.30079123677245,137.10235753864833,338.2687718535736,310.7734946714588,254.76339298197234
2025-10-26,12,28,F,0.06,135.47382335154524,76.88648225033069,63.20137373601128,283.34736036198586,143.3113205526955,125.16891076464039
2025-10-26,18,28,A,0.0,0.06419881213838619,0.05607073412698412,0.05789723713269824,0.3441222078379799,0.415541782264479,0.3204277356841005
2025-10-27,0,28,F,0.84,135.45761606758956,249.93334014550263,129.2958450529243,292.4866254632622,486.9621810455555,281.6505870822302
2025-10-27,6,28,F,0.45,180.58355457722737,178.05582224426811,135.7565113882437,337.73435545109453,303.20362536644757,253.30066234153912
2025-10-27,12,28,F,0.05,134.83475061151842,77.2689304563492,63.39735064107705,282.96206379211094,144.27081904144973,126.50879240246934
2025-10-27,18,28,A,0.0,0.06206978404072592,0.054406150793650784,0.05607849447927167,0.3397522790988207,0.41108541399471515,0.3144354256453225
2025-10-28,0,28,F,0.83,138.02213559270612,249.64705479497354,131.2757553074359,296.52101507405246,486.42813463251485,284.62882534983544
2025-10-28,6,28,F,0.42,184.00634270672532,178.0307012014991,138.26098457759485,342.3929006676595,304.00446641207196,258.434912057966
2025-10-28,12,28,F,0.07,135.78029189940364,77.5576302579365,63.51365201392063,283.96166822347874,144.54858785224567,126.58964998467985
2025-10-28,18,28,A,0.0,0.06009701985191469,0.053101091269841263,0.0546132167542717,0.33491421952155886,0.4083184934742673,0.3106755292873891
2025-10-29,0,28,F,0.84,136.92991684067584,247.51574876818782,130.90668379683788,295.47875960476955,482.9787755592639,284.4813656417112
2025-10-29,6,28,F,0.42,182.55256822759705,177.72803357583774,137.88813562147067,341.1894229758763,303.5976595353225,258.1022602040038
2025-10-29,12,28,F,0.06,133.47244177316642,76.6129060515873,62.674922156991975,281.1421976452682,141.8097167371507,124.0481644187219
2025-10-29,18,28,A,0.0,0.05764232535439185,0.05259494047619047,0.05396630477823258,0.32633366671250363,0.40771333558991807,0.3097694654481083
2025-10-30,0,28,F,0.84,124.11596200688074,241.72189040178574,118.40562913732835,244.758943354474,472.5114447083666,239.0869081492605
2025-10-30,6,28,F,0.44,165.4690775294558,168.21898287037038,124.05262554040995,282.62321984168295,286.89754768642734,220.0985739204549
2025-10-30,12,28,F,0.09,122.16062349456485,75.57617531415342,61.03437853699091,245.84808485341313,140.73898402341283,121.1239983098374
2025-10-30,18,28,A,0.0,0.05527936376225026,0.052448015873015875,0.05365747142293625,0.3180303255859985,0.4075931047109807,0.30954239883590234
2025-10-31,0,28,F,0.8,122.34272244721659,230.75978571428573,113.86705616115307,241.39668755842933,450.8673208877206,231.14637755797273
2025-10-31,6,28,F,0.44,163.1065472192808,163.41600587522046,118.45035602353953,278.7408269723959,277.77037057003884,209.62295878939472
2025-10-31,12,28,F,0.11,117.19920000029933,73.65394245205026,58.98097127245832,236.6361536238772,137.87712488854487,118.02364416883245
2025-10-31,18,28,F,0.0,0.051293775930607965,0.051332341269841264,0.05099725003837598,0.30415343434200914,0.40579173562113446,0.3033181911592783
2025-11-01,0,28,F,0.79,124.45881891052889,231.45659226190475,114.70656548347385,244.8157843573742,451.16275733161183,232.4234125088198
2025-11-01,6,28,F,0.42,165.92957731134072,160.22328091931215,119.34985498671573,282.68886567545553,272.85433218215275,211.23299075719407
2025-11-01,12,28,F,0.08,119.66601565663238,72.74785377810845,58.48853236651316,240.19002797742039,136.31517179088985,117.24459907830172
2025-11-01,18,28,Q,0.0,0.04692655453798932,0.04905059523809524,0.04696180850608207,0.28871911490733687,0.3994333888186798,0.28940775132791147
2025-11-02,0,28,F,0.76,123.90813614414785,219.41005857308198,113.31095082454486,244.3532800601769,432.1936169715562,232.13402252121162
2025-11-02,6,28,F,0.42,165.1970773402363,161.68480611772486,119.70237651147909,282.154819312366,274.3493404491079,211.5144585794955
2025-11-02,12,28,F,0.08,119.36817778446901,71.83178265542327,56.991246766742336,239.85646833846437,134.60628535697413,114.5990003519599
2025-11-02,18,28,F,0.0,0.041826090024538354,0.04523740079365079,0.041826090024538354,0.2648658915291527,0.38222006984934076,0.2648658915291527
2025-11-03,0,28,F,0.76,118.9808823818018,213.3526179315476,107.95043255179104,236.04703034380879,418.5821784189497,220.5841640033437
2025-11-03,6,28,F,0.46,158.62930658884295,164.32797294973545,119.57559480594651,272.5635983990521,279.1289524019323,210.46333285219205
2025-11-03,12,28,F,0.09,114.2051230836028,71.42320787037038,56.771806172964666,231.1390346419759,134.29783810818074,114.43909560897771
2025-11-03,18,28,F,0.0,0.03665757403456549,0.040320634920634923,0.03665757403456549,0.2340722461357454,0.3526408697188001,0.2340722461357454
2025-11-04,0,28,F,0.73,120.4716685420941,209.38260693617724,108.17119922727184,238.7437808359938,412.15861417834867,221.88464031403595
2025-11-04,6,28,F,0.46,160.61891845277154,165.65039505070547,120.9834847866697,275.6775504988163,279.93967345933436,212.23356929397448
2025-11-04,12,28,F,0.09,115.2002785431078,71.22942851355819,56.47899179418154,233.26219614370643,134.36073735461244,114.51149903299678
2025-11-04,18,28,F,0.0,0.03192606370183866,0.03488015873015873,0.03192606370183866,0.2027128255118282,0.31323777392880475,0.2027128255118282
2025-11-05,0,28,F,0.73,120.81898289810994,208.26093587136242,108.12827342954114,239.53158400071882,411.2267050302192,222.1171761497299
2025-11-05,6,28,F,0.45,161.08317547524422,164.928959755291,120.89525346248834,276.58723195049333,279.2065093984694,213.04366620106387
2025-11-05,12,28,F,0.09,114.94727740156226,71.07721179728836,56.4237052173738,233.4851488010944,133.98832289809587,114.34736884796526
2025-11-05,18,28,F,0.0,0.028390035098047706,0.029707043650793654,0.028390035098047706,0.18131321164567452,0.2726550840369394,0.18131321164567452
2025-11-06,0,28,F,0.74,118.53086811374655,213.2820115658069,106.5941629447599,235.3218503496127,419.61605134245775,219.5617339783004
2025-11-06,6,28,F,0.46,158.0330024108973,165.41313052248677,121.59410532049051,271.7262514715125,279.2825882442677,213.2957411264548
2025-11-06,12,28,F,0.09,111.37902566820203,71.06688635912697,55.85782283102197,225.8992522248816,134.2268498413024,114.05952235091019
2025-11-06,18,28,A,0.0,0.02587618180091245,0.024907440476190475,0.02587618180091245,0.16920934154266123,0.23172812577629337,0.16920934154266123
2025-11-07,0,28,F,0.72,118.52996648798442,203.0104273892196,104.13978563401069,233.8569047095269,402.6604656663023,213.0129254258552
2025-11-07,6,28,F,0.45,158.03219490225172,163.84785849867725,122.28424266255652,270.0346784765323,278.23182203511493,214.5738486450979
2025-11-07,12,28,F,0.1,107.67826433306999,71.37991346726189,56.03187065720312,215.28431293903355,134.35210610626172,114.4716192475924
2025-11-07,18,28,A,0.0,0.02412869233283521,0.020355357142857144,0.02412869233283521,0.16227683250423272,0.18539258168879924,0.16227683250423272
2025-11-08,0,28,F,0.7,117.56877922125585,192.97716901455027,100.34283324284094,227.72511007423404,385.11355107100525,200.0854098775747
2025-11-08,6,28,F,0.46,156.75063534016255,162.71145483906525,120.30951475994058,262.95429153877285,276.6796848340336,207.80038718378594
2025-11-08,12,28,F,0.09,104.98163749295152,69.86703635912698,55.08153108553342,202.17349017692013,132.47628844645558,113.54661463326012
2025-11-08,18,28,A,0.0,0.024013701270316358,0.017054464285714284,0.024013701270316358,0.16210250981541863,0.15319475748287897,0.16210250981541863
2025-11-09,0,28,F,0.7,115.60860927149025,192.10975066137567,99.22942929576425,225.10106663485823,383.53546753905704,198.9043729863826
2025-11-09,6,28,F,0.47,154.13724635971911,161.5115688271605,119.36936377356616,259.9243072183208,275.60594127462565,206.20740071673046
2025-11-09,12,28,F,0.09,104.56366314906766,69.52974258432539,54.49758185937354,201.92095856192915,131.91962487059186,112.58710392992353
2025-11-09,18,28,A,0.0,0.023749723639210983,0.014119940476190473,0.023749723639210983,0.1618006460212985,0.12050822252621839,0.1618006460212985
2025-11-10,0,28,F,0.7,115.23661973468225,190.94594770998677,98.5355673752431,224.5434134049967,383.0035947969537,198.21839221702723
2025-11-10,6,28,F,0.45,153.64145383723954,157.89038371913583,118.63008347250653,259.2803850192488,270.49398381432997,206.2552265918822
2025-11-10,12,28,F,0.05,106.05184102697505,67.0145291087963,52.18674313759121,205.0326433445501,128.0888962675822,109.94874954011583
2025-11-10,18,28,A,0.0,0.02313341081815434,0.012027182539682537,0.02313341081815434,0.15996029941354725,0.09542601077141405,0.15996029941354725
2025-11-11,0,28,F,0.7,115.25215357733879,187.8293212962963,97.5767293764723,222.66193107432352,378.33249724388253,194.9357270333479
2025-11-11,6,28,F,0.44,153.66245889618392,157.81499569003526,116.96230296487963,257.10783685675375,272.0006579747785,204.19385413971338
2025-11-11,12,28,F,0.04,108.40278940278444,63.54850103339946,48.83352505941328,208.7689845929608,121.42221263675258,101.75328770271761
2025-11-11,18,28,A,0.0,0.02192553672289639,0.010413492063492064,0.02192553672289639,0.15471439985285998,0.07613641162153083,0.15471439985285998
2025-11-12,0,28,F,0.69,114.06271332655434,185.58028136574072,96.25140405355714,221.67957858835635,372.8107125984654,194.11575879612806
2025-11-12,6,28,F,0.42,152.07698741917213,151.54531894841267,112.09843163094297,255.97351513985578,258.25741190312675,196.41965547421634
2025-11-12,12,28,F,0.04,107.32296074714716,61.85506790674602,47.41142371145777,207.7231389124594,118.39246192210624,99.50021453801345
2025-11-12,18,28,A,0.0,0.020362553178534033,0.009276587301587301,0.020362553178534033,0.14598574525183397,0.06268730853046453,0.14598574525183397
2025-11-13,0,28,F,0.69,114.05450515245597,181.36003788029103,96.75538282312787,221.59024970814994,365.7357785125188,194.84156243966677
2025-11-13,6,28,F,0.42,152.06660063815838,152.28715854276896,110.71871121986585,255.87036886570792,261.1581700720428,194.51053510193955
2025-11-13,12,28,F,0.05,106.43296114997494,62.27022785218252,47.75782786920625,206.44316261880678,118.6122284933245,100.02424698107237
2025-11-13,18,28,A,0.0,0.018583709106440756,0.008511805555555555,0.018583709106440756,0.13513131368380552,0.05483132332761213,0.13513131368380552
2025-11-14,0,28,F,0.72,112.92545851531668,184.96090344742066,99.09471282454639,220.73086659265584,372.39474332334675,199.81427220980646
2025-11-14,6,28,F,0.43,150.56186224141396,152.37575849867724,110.84469641665015,254.87804113994815,261.5217767468663,195.29977658269078
2025-11-14,12,28,F,0.06,106.80670516120009,62.662565897817444,48.67662076563876,207.56732646743058,119.08466521228765,102.98566579061134
2025-11-14,18,28,A,0.0,0.016596492810131497,0.008260019841269842,0.016596492810131497,0.12038922237696793,0.05299180838537577,0.12038922237696793
2025-11-15,0,28,F,0.68,114.08857656180821,174.60416069775133,98.44124616088128,222.4472564390683,355.39944257770253,200.19741997846248
2025-11-15,6,28,F,0.42,152.11342706448283,155.08518039021163,113.74693325672267,256.8599603251929,264.6644982574177,200.63194104335506
2025-11-15,12,28,F,0.06,109.3525068615852,61.6799357308201,48.58349458872742,210.60265562193956,117.21145504454417,102.82961824067631
2025-11-15,18,28,A,0.0,0.014611844962743478,0.008182043650793652,0.014611844962743478,0.10493281442320336,0.05260490982501931,0.10493281442320336
2025-11-16,0,28,F,0.68,113.05691840867685,173.25860033068784,97.9288295116302,221.46649690504393,352.8162331877598,199.76246924751368
2025-11-16,6,28,F,0.4,150.73856932800697,147.79424975749558,110.82562312862898,255.72747892648215,251.89184313786672,197.60659591825862
2025-11-16,12,28,F,0.06,108.200172367969,61.6626415839947,48.548927690378356,209.99180008314445,117.32383462210885,103.40738273279028
2025-11-16,18,28,A,0.0,0.012524534867005839,0.00839861111111111,0.012524534867005839,0.08579416128849914,0.05317170020209014,0.08579416128849914
2025-11-17,0,28,F,0.7,112.0418861113593,173.2125954778439,98.28823433087356,220.10236656574125,352.40563496413654,199.58034501740377
2025-11-17,6,28,F,0.41,149.38577205308948,147.44058305776014,110.43207316147387,254.15231836191475,251.54373659573028,197.10355640921952
2025-11-17,12,28,F,0.06,105.15606447878129,61.068604861111105,47.39764986441747,204.68983784589912,115.90854524769432,100.51969870582016
2025-11-17,18,28,A,0.0,0.010649783811924211,0.008387599206349208,0.010649783811924211,0.06965705761610733,0.05312849101508232,0.06965705761610733
2025-11-18,0,28,F,0.71,110.2514801410237,172.94964242724868,97.36232031656128,217.0942297053135,351.6156415891607,197.70258892661278
2025-11-18,6,28,F,0.42,146.99904710855492,148.57436933421516,109.79956479974327,250.67882204640628,254.21609577723552,196.698707321286
2025-11-18,12,28,F,0.07,104.18542497935131,60.12096461640211,46.758493740781425,204.16302596069806,113.84534658277664,99.12157446455346
2025-11-18,18,28,A,0.0,0.009050921139132674,0.008219345238095237,0.009050921139132674,0.056599405881517545,0.052323492496807705,0.056599405881517545
2025-11-19,0,28,F,0.7,109.70855751893279,170.1376217096561,96.57330861081832,218.1257233042908,348.6676311137535,198.6795954487884
2025-11-19,6,28,F,0.44,146.27557129016728,150.87367649911815,112.3751001945339,251.869888889627,258.19593237167203,202.48262116709145
2025-11-19,12,28,F,0.05,106.69939686335731,59.24809800760581,46.984146798344725,210.58083231815738,112.25269271835445,99.99368730188647
2025-11-19,18,28,F,0.0,0.007677828096318067,0.007866964285714286,0.007677828096318067,0.04586345052169722,0.050235569771209874,0.04586345052169722
2025-11-20,0,28,F,0.71,108.04603056339788,169.85324873511905,95.71971254995188,214.93230843261315,348.42053584710226,196.704135753843
2025-11-20,6,28,F,0.44,144.05922508296203,151.20273526234567,111.8219092537862,248.18245141000352,260.04228087945114,202.64180314237095
2025-11-20,12,28,F,0.05,104.70606422721005,58.42697302414021,46.16730215928472,207.76258529867042,111.18714756480516,99.1329749060134
2025-11-20,18,28,F,0.0,0.006461011274600956,0.0073331349206349206,0.006461011274600956,0.036515381591710944,0.04611100047797016,0.036515381591710944
2025-11-21,0,28,F,0.67,107.6910019812182,156.23758941798945,92.63601504898932,213.72601256054014,300.8190551664965,186.2639423057626
2025-11-21,6,28,F,0.42,143.58610070891027,146.61496450617284,110.82477438476786,246.78954113142512,253.65899129085122,201.56282421442032
2025-11-21,12,28,F,0.05,107.32070003757539,57.39664995039682,45.24548789171898,211.08574757673358,109.49066689156115,97.27777415708401
2025-11-21,18,28,F,0.0,0.005685542394872397,0.006943055555555556,0.005685542394872397,0.03105986413488541,0.04353788215496572,0.03105986413488541
2025-11-22,0,28,F,0.67,107.3397806356666,152.96632549603177,91.90620591479619,213.6775924398934,294.828586496147,185.29564001160745
2025-11-22,6,28,F,0.45,143.11798464213751,148.89356633597885,111.75160838788024,246.73363051965774,256.96161319743135,201.6219418825713
2025-11-22,12,28,F,0.05,106.07855559146172,56.142100983796304,45.045094672682886,210.15120842581794,106.8990813018199,96.70505213950564
2025-11-22,18,28,F,0.0,0.0051691379342525936,0.0065472222222222225,0.0051691379342525936,0.027820892912667077,0.04103274776186563,0.027820892912667077
2025-11-23,0,28,F,0.66,106.76546153826497,150.14025990410053,90.37920020832448,213.06009312612932,287.8275193580356,183.24070178258674
2025-11-23,6,28,F,0.45,142.35233534856033,148.32830717592594,110.52811271531506,246.0206037858995,256.5470084613701,200.284243515303
2025-11-23,12,28,F,0.05,104.03060083905656,54.89065734126985,43.898975295353374,208.27738529761328,104.87234242465539,94.11526758462198
2025-11-23,18,28,F,0.0,0.004867998113851619,0.006188194444444445,0.004867998113851619,0.026231475231648014,0.038929225438659426,0.026231475231648014
2025-11-24,0,28,F,0.63,109.48894471348078,146.55715163690476,91.10526552802257,217.11927819414865,278.44582483157933,185.33135006338796
2025-11-24,6,28,F,0.41,145.98370383885623,144.16782264109347,109.97634909539558,250.70774699850386,249.46010379214198,198.70211510971038
2025-11-24,12,28,F,0.05,105.30063406995743,53.866833788029105,42.935496663754215,210.60964407977056,102.94091853308178,91.61184952169144
2025-11-24,18,28,F,0.0,0.00470063793704276,0.005825892857142857,0.00470063793704276,0.02560090455825004,0.03681496296366293,0.02560090455825004
2025-11-25,0,28,F,0.65,106.34513472009799,146.45381887400794,89.08318092129764,210.982253784087,279.0179725020928,181.46700849422476
2025-11-25,6,28,F,0.41,141.7919686831947,138.915290244709,105.92858004106625,243.6213215997633,240.06052901527414,189.8904982913736
2025-11-25,12,28,F,0.03,102.41299336181227,53.62034467592593,43.23667476170175,206.22594896877638,103.25857884172876,93.23438533511236
2025-11-25,18,28,F,0.0,0.004622914272650179,0.0055414682539682535,0.004622914272650179,0.02542520346854362,0.035442736623532325,0.02542520346854362
2025-11-26,0,28,F,0.66,106.25307741446322,147.48410979662697,87.19801232448386,210.36564796289943,282.8524341558866,177.49874527095002
2025-11-26,6,28,F,0.41,141.66924125383673,138.0613618606702,104.86870330921651,242.90932652485967,239.47245796353522,188.57887038564937
2025-11-26,12,28,F,0.03,100.5732431677973,52.191265972222226,42.27275163013544,202.57500545834387,100.08619096875881,91.03736907304743
2025-11-26,18,28,F,0.0,0.004552659934511575,0.005278174603174603,0.004552659934511575,0.025350295820199386,0.034297921231375685,0.025350295820199386
2025-11-27,0,28,F,0.66,102.76749423216982,146.65546844411378,85.21827773372976,203.20329273069288,281.64508088930216,172.96136422659225
2025-11-27,6,28,F,0.44,137.02181562439557,139.34477266313934,103.20122380377671,234.63895107006536,240.46498238652782,185.99278959642936
2025-11-27,12,28,F,0.02,100.41327428557986,51.02174156746032,41.503374293321215,202.4761884163292,96.60117895320059,88.80921060663206
2025-11-27,18,28,F,0.0,0.004534812335048464,0.004994940476190477,0.004534812335048464,0.025394901717517578,0.03307255626912748,0.025394901717517578
2025-11-28,0,28,F,0.66,101.43852355408285,143.0329216435185,84.51866078919103,200.60279415315733,276.3387563283246,172.26305582445954
2025-11-28,6,28,F,0.46,135.24987973450519,139.59736332671957,104.36993578404828,231.63615396675527,240.27582319079374,186.93111816111974
2025-11-28,12,28,F,0.0,100.347250510083,51.32866278108466,42.09737345593775,201.53779611212224,96.93712848494229,89.71080777050305
2025-11-28,18,28,F,0.0,0.004425074394557009,0.0048249007936507935,0.004425074394557009,0.025012009999105675,0.03257487970351407,0.025012009999105675
2025-11-29,0,28,F,0.68,96.95080138646507,140.03479597387565,82.17198118792054,191.6158496868059,272.78458253754354,167.22569618430146
2025-11-29,6,28,F,0.5,129.26628408747453,140.0470219356261,101.29689334770933,221.25892434977175,241.5848210469776,182.32624389377443
2025-11-29,12,28,F,0.03,94.68177734018906,50.771815046296304,41.554381440973586,191.44866348269127,96.15631341000939,88.96498227610881
2025-11-29,18,28,F,0.0,0.0042900710428943065,0.0046839285714285715,0.0042900710428943065,0.024348610494455875,0.03229523282919731,0.024348610494455875
2025-11-30,0,28,F,0.65,101.76701898405132,145.50023000165342,83.01899896104476,204.11839361588707,283.939271139729,169.08505350527892
2025-11-30,6,28,F,0.43,135.68794587825187,137.78939031084656,102.6719627700183,235.6956186005437,238.8666052795306,186.15635406179683
2025-11-30,12,28,F,0.06,100.54934306611995,50.566556332671965,41.464471195022966,208.54892464507125,96.01343953264208,89.1469274250849
2025-11-30,18,28,F,0.0,0.0041662810095902955,0.004575992063492063,0.0041662810095902955,0.023717319064993362,0.03211696351210829,0.023717319064993362
2025-12-01,0,28,F,0.64,101.24485236029389,143.1573515625,81.9442784179262,203.71480526410892,280.85458332808315,168.03972018083067
2025-12-01,6,28,F,0.42,134.99177651834452,133.30104005731923,100.89600910596677,235.22959493952408,232.0729689810079,183.97798362634924
2025-12-01,12,28,F,0.06,100.66978452772422,49.93697127149472,40.93476644806114,208.66699874802336,95.10265363317417,88.26608081254672
2025-12-01,18,28,F,0.0,0.004008799203395251,0.0045127976190476185,0.004008799203395251,0.0228777102798274,0.032044239478105245,0.0228777102798274
2025-12-02,0,28,F,0.66,100.0576210099546,141.88644464285713,82.14346206154926,201.82117592195502,278.4472834464783,168.35083405780784
2025-12-02,6,28,F,0.42,133.40885585244132,133.4841955357143,99.98351701260346,233.04302014141624,233.899165693109,182.98660377924168
2025-12-02,12,28,F,0.05,100.08316138812849,48.73166001984128,40.02509980736013,207.39945565229326,93.2540650515464,86.5847605605368
2025-12-02,18,28,F,0.0,0.003844461620991079,0.004484027777777778,0.003844461620991079,0.02201245189714578,0.03202277819635108,0.02201245189714578
2025-12-03,0,28,F,0.65,101.25425182713414,144.6610820353836,82.22705430027608,203.94114537852644,285.04828052494963,168.48760899293316
2025-12-03,6,28,F,0.43,135.00441993650654,133.80966621472666,99.91606303038174,235.490950044641,235.50748701386738,182.4385380681764
2025-12-03,12,28,F,0.05,99.5417373758734,47.63851224371693,39.07371476312917,205.28107661198305,90.99729717816537,84.7563582450968
2025-12-03,18,28,F,0.0,0.003627359280218007,0.00445843253968254,0.003627359280218007,0.02102271500390345,0.03199939406048333,0.02102271500390345
2025-12-04,0,28,F,0.66,100.80328591370842,143.62526891534392,84.03977915852178,203.765747649623,282.4348369344554,172.7216281680314
2025-12-04,6,28,F,0.42,134.40321628175636,131.00803643077603,98.11634559296084,235.28841821952855,233.10793410497382,180.69091068154816
2025-12-04,12,28,F,0.06,99.67267071012603,47.39716996527778,39.17990982966835,205.9202362461652,90.29014272473987,84.81063025681773
2025-12-04,18,28,F,0.0,0.0034237719964832925,0.004412500000000001,0.0034237719964832925,0.02027392067575872,0.03194792669080843,0.02027392067575872
2025-12-05,0,28,F,0.69,97.37033999935036,148.33682938988093,83.27412200741477,197.6954238611579,293.961266654456,170.83517419931874
2025-12-05,6,28,F,0.43,129.82603534957087,129.30148384038802,96.15257034389393,228.2790120870784,231.47650329609664,178.15335067271664
2025-12-05,12,28,F,0.05,98.78756452994902,46.11744945436509,38.390054580350736,205.15223426070116,88.38931997944637,83.07598424293003
2025-12-05,18,28,F,0.0,0.0031763210687151067,0.004279960317460318,0.0031763210687151067,0.019423970775387323,0.03161870867216494,0.019423970775387323
2025-12-06,0,28,F,0.71,94.17678341081252,148.7502002728175,81.6625179519782,192.78988649097278,294.6543589674758,168.5797333673652
2025-12-06,6,28,F,0.43,125.56804146765504,125.21999463183424,92.60429809139677,222.61458546184923,222.65545754059713,170.3724578271114
2025-12-06,12,28,F,0.06,95.7588431270116,45.718830919312175,38.20154186964421,200.1814587462567,87.95142877879684,83.25773782435773
2025-12-06,18,28,F,0.0,0.0028975547668615353,0.004068849206349206,0.0028975547668615353,0.018223164567791644,0.03081854020934348,0.018223164567791644
2025-12-07,0,28,F,0.7,95.81213931917544,145.09847730654764,82.57495803182528,196.17801370802476,290.1965919451064,170.58767590836462
2025-12-07,6,28,F,0.42,127.74863627656875,125.06537420634922,92.07011935552092,226.5268578491405,222.28210405169006,169.49569411050103
2025-12-07,12,28,F,0.06,95.8006987231553,45.5414693535053,38.38384129965704,200.09652103421897,87.79476721911759,83.66043013969015
2025-12-07,18,28,F,0.0,0.0026268524433918886,0.0038171626984126986,0.0026268524433918886,0.01699792803564011,0.0297061449805116,0.01699792803564011
2025-12-08,0,28,F,0.72,94.43241912360757,148.01463973214285,82.45863650316107,193.4007204241846,296.05470976944014,170.1122615244636
2025-12-08,6,28,F,0.43,125.90911291629772,124.95599372795418,91.30127354439955,223.31991584586942,222.74352104099657,167.22360160640451
2025-12-08,12,28,F,0.06,93.15833440498442,44.86082918320107,38.04089124221077,195.08574012161358,87.27912299224116,83.35845695972606
2025-12-08,18,28,F,0.0,0.0022544442467387254,0.0034138888888888886,0.0022544442467387254,0.01385077562711504,0.02679692294583614,0.01385077562711504
2025-12-09,0,28,F,0.73,92.5095293273683,149.14722963789683,81.72498222981305,191.33585871950896,300.39714726579234,169.0545792946722
2025-12-09,6,28,F,0.48,123.34533969312487,127.75161856261025,91.66416326236529,220.93561895240438,231.76520372875623,168.49548181929975
2025-12-09,12,28,F,0.05,92.02467148920975,44.451987516534395,37.96500545436113,194.09405146738493,87.07542187207926,83.21048658890014
2025-12-09,18,28,F,0.0,0.0020198702369085097,0.0030816468253968255,0.0020198702369085097,0.012377229122685861,0.02452641453455101,0.012377229122685861
2025-12-10,0,28,F,0.74,93.30897665166398,148.96879930555554,83.2366609591035,192.3763682266237,303.35843362991375,171.59542416470427
2025-12-10,6,28,F,0.46,124.4113326479472,126.64732509920637,92.52165612795699,222.1370958600138,231.26559421578838,170.05695774592328
2025-12-10,12,28,F,0.05,92.50460279072857,44.523661218584664,38.680255574186624,194.73618562223396,87.22273335771817,84.83502364409019
2025-12-10,18,28,F,0.0,0.0018255604059797593,0.0027460317460317463,0.0018255604059797593,0.011195543268481599,0.02195734591617438,0.011195543268481599
2025-12-11,0,28,F,0.73,93.43006177967405,149.9058896081349,83.29577552665955,192.84366001090982,304.82889750765895,172.4686472559733
2025-12-11,6,28,F,0.44,124.5728183260324,121.74664367283953,90.22366684369725,222.67667794326945,222.64933809708802,166.1312636924766
2025-12-11,12,28,F,0.04,93.57640808115092,42.76133326719577,37.58694898413042,196.52886623227653,84.4089319764912,83.19022684831198
2025-12-11,18,28,F,0.0,0.0017329009134492929,0.0024700396825396826,0.0017329009134492929,0.010942073760137503,0.019997198712549874,0.010942073760137503
2025-12-12,0,28,F,0.72,91.87875286167683,145.07332472718252,80.43594746593789,189.47634746763427,296.4412156121662,165.72137019367767
2025-12-12,6,28,F,0.44,122.50443957730009,120.6662839506173,87.17361856025047,218.78844034079174,221.31315878092283,160.8446583700365
2025-12-12,12,28,F,0.06,91.49031124244661,41.14950960648148,35.68010118837308,190.72997570476318,81.30061927310184,77.92301067779407
2025-12-12,18,28,F,0.0,0.0016553161151578771,0.0021845238095238094,0.0016553161151578771,0.010706277341699827,0.01757641761990214,0.010706277341699827
2025-12-13,0,28,F,0.71,92.63109309114527,144.78758930224868,80.40301184898901,192.63748158634147,295.93162587575813,166.58618971488158
2025-12-13,6,28,F,0.43,123.50756295606175,116.94821482583775,81.90123744421369,222.43860361109913,215.30478546401918,150.82257899569865
2025-12-13,12,28,F,0.06,91.1977121043617,41.177446387235456,35.77791414803022,194.6678267023227,81.82572221062594,78.77393645958522
2025-12-13,18,28,F,0.0,0.0016497182084021583,0.001960218253968254,0.0016497182084021583,0.010704094412139703,0.015833079258613082,0.010704094412139703
2025-12-14,0,28,F,0.7,92.59755567714463,142.7181693617725,80.47464689021288,192.82961774414875,291.75543435972014,167.0493602815905
2025-12-14,6,28,F,0.45,123.46285428665777,118.12330002204587,82.17739203682152,222.6604633364828,217.43872720108396,150.76716477085554
2025-12-14,12,28,F,0.06,91.9736508962654,40.74214446097885,35.27717039944565,195.71592486720797,81.27258942231798,77.19880387182334
2025-12-14,18,28,F,0.0,0.0016498919814114546,0.001730654761904762,0.0016498919814114546,0.010704829424976936,0.013774363336193085,0.010704829424976936
2025-12-15,0,28,F,0.72,90.61186748218172,144.52422810019843,79.17800067404829,189.9756089017982,295.18215858471683,165.6718623550664
2025-12-15,6,28,F,0.46,120.81528839730615,117.02238454585537,81.42099323081497,219.3649377901888,216.57631487994104,149.88635193275147
2025-12-15,12,28,F,0.07,90.33877972337011,40.80481070601853,35.17092952300746,194.18167841128326,81.39690455816114,77.11861697319559
2025-12-15,18,28,A,0.0,0.0016103294825601264,0.0015299603174603173,0.0016103294825601264,0.010645700265279527,0.011961183914434249,0.010645700265279527
2025-12-16,0,28,F,0.73,90.70651535915648,144.8692173363095,79.82430688603016,190.74825344712482,296.5578015015458,168.28523047793877
2025-12-16,6,28,F,0.44,120.94151847277185,113.24370569885363,79.2961088492674,220.25711086943792,209.92629277193558,146.5724995436137
2025-12-16,12,28,F,0.06,89.88898940262213,40.12641645171959,34.888136073267646,193.64164064941622,80.47827148212218,76.6816777728193
2025-12-16,18,28,A,0.0,0.0015474837070700374,0.0013589285714285715,0.0015474837070700374,0.010481282456874349,0.010334370147677427,0.010481282456874349
2025-12-17,0,28,F,0.74,88.31418570697292,143.08980987103172,78.30258746195855,185.50160844308678,294.735717512556,163.96737593999683
2025-12-17,6,28,F,0.44,117.75177015962655,109.1887764329806,75.12671017592265,214.1988070602164,203.45177600728115,135.98912402094808
2025-12-17,12,28,F,0.07,85.57156339797714,39.77926024305556,34.404528897696274,184.22506763892156,79.80625466446703,75.22759028523369
2025-12-17,18,28,A,0.0,0.0014536549289133772,0.0012209325396825396,0.0014536549289133772,0.010105196750258907,0.00904107963861319,0.010105196750258907
2025-12-18,0,28,F,0.74,87.18309373993954,142.87182038690477,77.34376176822681,184.37159796796638,296.8871500498355,162.9952625190988
2025-12-18,6,28,F,0.42,116.24367429415582,104.68656105599649,73.4909548332452,212.89398336020045,193.64826932475194,132.35192254485662
2025-12-18,12,28,F,0.08,85.57137096758217,39.715164244378315,34.873620634807416,184.36442885988427,79.53304301597325,76.08800730958954
2025-12-18,18,28,A,0.0,0.0013635053904283477,0.0010967261904761907,0.0013635053904283477,0.009738261135766106,0.0077749298215584375,0.009738261135766106
2025-12-19,0,28,F,0.73,86.95453762568333,140.44687400793654,76.33514086971667,185.04391152165473,294.0389875607911,161.4018020369272
2025-12-19,6,28,F,0.43,115.93895890008717,104.81176921296296,73.29078201592515,213.6703041873812,194.15322570347828,132.10663750072538
2025-12-19,12,28,F,0.09,84.30885908061111,39.37985070271165,34.60426547591903,184.12077025395286,79.15412275210048,75.74171202430922
2025-12-19,18,28,A,0.0,0.0012690660918851712,0.000985813492063492,0.0012690660918851712,0.00931764180454382,0.006570711982150865,0.00931764180454382
2025-12-20,0,28,F,0.72,87.17524699681464,139.96121894841272,76.26371743241816,185.4677863818482,294.69081496169343,161.74456028436467
2025-12-20,6,28,F,0.4,116.23327729930239,101.64818703703706,71.90814654453628,214.1597527270989,188.83744657194262,130.53282106620895
2025-12-20,12,28,F,0.08,84.95138961079672,39.97163910383599,35.23433734800185,185.23124127089727,80.24222524156139,76.7552097726043
2025-12-20,18,28,A,0.0,0.0011515226634687661,0.0009112103174603174,0.0011515226634687661,0.00863778806896435,0.005813303195913579,0.00863778806896435
2025-12-21,0,28,F,0.72,86.87952487906844,136.16924560185188,76.19880033906693,184.84628860943727,289.68038560028594,161.65619428199943
2025-12-21,6,28,F,0.39,115.83902193773936,100.19694016754852,71.72970672808766,213.44210892539454,186.7840479080023,130.33844631631263
2025-12-21,12,28,F,0.08,85.62461998548655,40.13727480158731,35.74003943118728,186.08573962972133,80.94814507481479,78.02125024923939
2025-12-21,18,28,A,0.0,0.001032145665582665,0.000856547619047619,0.001032145665582665,0.007883067925752241,0.005279142471850446,0.007883067925752241
2025-12-22,0,28,F,0.72,84.62586041744255,133.57470249669313,74.3108281957227,180.9375472098031,287.20550160370726,157.52211151901668
2025-12-22,6,28,F,0.41,112.83417332570421,99.70637328042329,70.43709967124033,208.92868313457228,186.87594294546187,129.078879013106
2025-12-22,12,28,F,0.09,83.7793383049372,40.578171345899484,36.15142440759531,182.4660705103185,81.62152268595877,78.29766450911978
2025-12-22,18,28,A,0.0,0.000917981683581612,0.0008186507936507936,0.000917981683581612,0.007120002150370893,0.00493286476217469,0.007120002150370893
2025-12-23,0,28,F,0.73,82.90510415266444,132.71251201223546,73.02176302250585,178.24039086847714,286.63467237473014,155.39746297879466
2025-12-23,6,28,F,0.42,110.53986620695855,99.38590004409174,69.8882309440255,205.81427526242635,186.56418418070226,127.93701138122968
2025-12-23,12,28,F,0.09,82.20316729112922,39.92129446924604,35.393492525209105,181.1173860481562,80.03198438703838,75.83377527209969
2025-12-23,18,28,A,0.0,0.0008125924531487108,0.0007939484126984127,0.0008125924531487108,0.006380575268844156,0.004730298532476487,0.006380575268844156
2025-12-24,0,28,F,0.73,81.14475168613063,127.35710257109788,72.91130394060671,175.83138975048024,275.86783923240483,155.49455636236095
2025-12-24,6,28,F,0.44,108.19276637353092,99.54942556216933,69.4065573981466,203.03260038296213,187.04473294757884,127.47525470947264
2025-12-24,12,28,F,0.1,82.02300016354313,39.68741047453705,35.3884320732878,181.10050145694743,79.84593259563619,75.83889577454126
2025-12-24,18,28,F,0.0,0.0007104492292432278,0.0007845238095238095,0.0007104492292432278,0.005596423084323976,0.004664097932484857,0.005596423084323976
2025-12-25,0,28,F,0.73,81.33908888305442,125.2796246279762,73.03725779558098,176.40467972000977,274.0571229190789,156.02858568995913
2025-12-25,6,28,F,0.43,108.45191303870284,97.62452048059966,70.27161924609169,203.69457862568578,185.19569213526586,128.88333152366232
2025-12-25,12,28,F,0.1,81.00431542783863,40.02993495370371,35.9725049854919,179.9420726643325,80.38373839329888,76.98710918930205
2025-12-25,18,28,F,0.0,0.0006147628075657428,0.0007936507936507937,0.0006147628075657428,0.004819337053708911,0.004715290898127947,0.004819337053708911
2025-12-26,0,28,F,0.75,80.17013120846951,127.4485564732143,72.44930039612849,175.20274290803053,277.9045636160817,155.90559564854743
2025-12-26,6,28,F,0.45,106.893334526933,97.36933920855381,69.66835257830412,202.30670154824156,185.33380261716184,128.2493673655199
2025-12-26,12,28,F,0.11,78.832061645157,39.5504695436508,35.26997831799504,177.59727129177045,79.6117816979496,75.49000368356384
2025-12-26,18,28,F,0.0,0.0005406630876175422,0.0008072420634920635,0.0005406630876175422,0.004232373579272079,0.004792869414267639,0.004232373579272079
2025-12-27,0,28,F,0.75,80.76279478561578,128.12321963458996,73.05535399095248,176.76319965366332,278.2882075726729,157.23128064242286
2025-12-27,6,28,F,0.44,107.6835794776561,96.84248528439154,70.41260872967835,204.10856179723982,184.377604279329,129.76427413754587
2025-12-27,12,28,F,0.09,80.10999262092399,39.963554960317474,36.11253675687578,179.1478523124305,80.20396898148853,76.97685041859354
2025-12-27,18,28,F,0.0,0.0004595032174182462,0.0008411706349206349,0.0004595032174182462,0.003437244926501669,0.004912428560811787,0.003437244926501669
2025-12-28,0,28,F,0.8,75.39418047750696,123.34993291170638,70.82378665418987,161.7377740766242,267.5279495283715,152.56695410956402
2025-12-28,6,28,F,0.48,100.52544818898069,95.93417742504408,67.42523807006343,186.75869479642824,183.93755722532785,123.9041796485196
2025-12-28,12,28,F,0.09,73.07226867138604,39.79698696263228,36.37093685134942,157.96663505483497,80.24466211683978,77.7457701179198
2025-12-28,18,28,F,0.0,0.0003840095935389073,0.0008689484126984127,0.0003840095935389073,0.0027479924034185077,0.0050118658804056805,0.0027479924034185077
2025-12-29,0,28,F,0.79,75.92241007020347,121.79543128306881,70.72762192894666,163.15368575417835,266.06797768800203,153.37409302040638
2025-12-29,6,28,F,0.47,101.22977207092083,94.7786633377425,67.32827233564522,188.39364877462833,182.1513734298414,123.78201004099917
2025-12-29,12,28,F,0.08,74.52196758969981,39.62421779100529,35.9810924827146,161.31360328483802,79.6946339046726,76.96023076589968
2025-12-29,18,28,F,0.0,0.0003263837124605857,0.0008953373015873015,0.0003263837124605857,0.002271112777992885,0.00511891431166402,0.002271112777992885
2025-12-30,0,28,F,0.79,75.22759023207254,120.23464447751324,70.35415064020948,161.50935919819875,264.6154602464933,152.2916050593613
2025-12-30,6,28,F,0.47,100.30335824108074,92.67045109126987,66.06063213702014,186.49494401620603,178.2264705747019,121.50560887760693
2025-12-30,12,28,F,0.1,72.9073462595159,40.371889153439156,36.46799436577653,159.07603093628535,81.00286660272535,77.24383783529319
2025-12-30,18,28,F,0.0,0.0002788222492198959,0.0009142857142857143,0.0002788222492198959,0.001906836414244842,0.005189802271671592,0.001906836414244842
2025-12-31,0,28,F,0.82,74.0826811992188,118.24707648809526,70.67623062369525,159.48561331106237,259.0811887750883,153.44285142477207
2025-12-31,6,28,F,0.49,98.7768254292168,94.50860563271604,68.1709764532348,184.15812355152602,183.20684055101356,128.19393867094473
2025-12-31,12,28,F,0.09,74.56282034639591,41.198162673611115,37.55914865190226,164.77254160904664,82.47663480495109,79.1334660433608
2025-12-31,18,28,F,0.0,0.00023318804073291458,0.000929861111111111,0.00023318804073291458,0.0015976589813767256,0.005263960086631622,0.0015976589813767256
