date,hour,history_count,source,weight,mae_Q,mae_A,mae_F,rmse_Q,rmse_A,rmse_F
2025-01-01,0,0,Q,1.0,,,,,,
2025-01-01,6,0,Q,1.0,,,,,,
2025-01-01,12,0,Q,1.0,,,,,,
2025-01-01,18,0,Q,1.0,,,,,,
2025-01-02,0,1,A,0.0,842.9938874999999,94.51452500000002,102.52101539351855,1217.1863168434993,202.98535288965545,219.93330705730398
2025-01-02,6,1,F,0.0,1114.427238888889,91.12810493827163,87.69771296296301,1404.5735391984324,153.0355108166639,148.52823849015158
2025-01-02,12,1,A,0.0,856.0052069444444,32.69438449074073,35.07811249999997,1245.2014173902783,60.80436149920811,71.74340345898912
2025-01-02,18,1,A,0.0,17.80913888888889,0.0009138888888888889,0.012506944444444444,58.821414317619045,0.005129787736565932,0.06971676655281885
2025-01-03,0,2,A,0.0,452.0721697916666,118.58684155092594,120.01672390046298,865.8710180707274,236.5554439750208,237.1364926663387
2025-01-03,6,2,A,0.01,597.9805833333334,111.37502561728397,110.2036208194445,999.1806077051122,190.74377392281733,196.11235737640033
2025-01-03,12,2,A,0.0,453.00651388888883,28.159463773148175,34.8066505787037,883.2153513176307,54.51755942064681,71.22266459030624
2025-01-03,18,2,A,0.0,8.904629166666666,0.0009736111111111111,0.006313194444444444,41.593020945658324,0.005474270626201165,0.04929946492115652
2025-01-04,0,3,A,0.0,330.1009603645312,99.27398425925928,99.67346245849075,717.0430237573488,205.52932981581773,206.3034938689786
2025-01-04,6,3,A,0.02,436.9463966056355,102.4143649176955,106.05983653864044,827.453841373492,175.14622027738383,185.70421415941465
2025-01-04,12,3,A,0.0,335.272314504635,33.12973719135805,38.39776063548196,733.4475043337081,66.90533310219199,80.95334869754211
2025-01-04,18,3,A,0.0,5.936451067351168,0.0009435185185185184,0.004240419203020128,33.960559393950504,0.005309120384702089,0.04025399631898732
2025-01-05,0,4,A,0.0,268.9171744716789,97.77765005787039,99.42499860000557,630.7492116656755,197.20134517708004,200.539328789725
2025-01-05,6,4,A,0.03,356.1650646879211,106.58062577160496,109.31486419761471,727.8864065266052,178.97634412373986,187.58624490181037
2025-01-05,12,4,A,0.0,271.31891556743443,39.36714797453706,45.21695790391744,645.2381375073875,85.0237140679787,98.38941654905916
2025-01-05,18,4,A,0.0,4.4523799172346745,0.0009020833333333334,0.0032219311235636436,29.41070716564342,0.005088788056982614,0.034864148689723595
2025-01-06,0,5,A,0.0,224.98785421109253,95.03672726851853,95.56372221513496,565.9906154928624,189.50621699856222,192.01262875844628
2025-01-06,6,5,A,0.03,298.0708595077471,102.49948660493828,101.93814955544505,653.1573520433103,175.1396803514573,179.3673787766265
2025-01-06,12,5,A,0.0,228.68749505197303,38.066932962962966,42.35797650992373,579.5943717309267,81.06873754281432,91.99852644397185
2025-01-06,18,5,A,0.0,3.561950973463031,0.000853888888888889,0.002624584574142223,26.305736202119757,0.0048444641946590265,0.031189036883835328
2025-01-07,0,6,A,0.0,198.3112814244681,88.86118395061729,90.31540119603727,518.9467989343012,179.51557093029123,182.54102697252506
2025-01-07,6,6,A,0.04,262.8209127192618,99.37546712962964,99.37715553047634,598.8715816889329,169.5860120686904,174.1016435183232
2025-01-07,12,6,A,0.0,201.4678403472873,39.166217168209876,40.41906189675879,531.2667274543826,80.75398016374731,87.05386931830634
2025-01-07,18,6,A,0.0,2.9683220002900446,0.0008212962962962963,0.0022166762159709203,24.013741852909888,0.00467229818936788,0.028474467263705647
2025-01-08,0,7,A,0.0,183.75007959734114,98.70192318121696,100.67330158531736,487.57430828742616,208.24963472750605,215.63844390049107
2025-01-08,6,7,A,0.04,243.63369900664824,92.40365586419753,91.89534247046264,562.6770253612226,160.62299752983762,163.8945007963039
2025-01-08,12,7,F,0.0,192.5943608229728,38.825043386243394,37.91390634997368,503.45019979133707,79.09054970290617,82.21358817562997
2025-01-08,18,7,A,0.0,2.544302485485266,0.000790873015873016,0.001926493421773655,22.232404881681596,0.004513546629270952,0.026365192629154145
2025-01-09,0,8,F,0.06,170.61884976223507,122.53823220486113,122.60092643272573,460.8237007682971,281.64736903151766,275.56420566259175
2025-01-09,6,8,A,0.04,226.29617781614414,87.25095142746915,87.36750004811898,531.8122249860553,153.78029615915528,157.60660133729849
2025-01-09,12,8,A,0.0,179.64452061250032,36.86301594328704,36.295490924108215,476.6508297337082,75.517562160102,78.95688720700323
2025-01-09,18,8,A,0.0,2.226290784751004,0.0007597222222222223,0.0017117916954485024,20.79651049193526,0.004356787488760752,0.024665846641654336
2025-01-10,0,9,F,0.07,160.94557779505362,117.85329945987657,118.45877033805475,438.1655921476363,272.25412519755736,266.67005434028437
2025-01-10,6,9,A,0.04,213.53131743033725,86.05041532921813,86.26916070573944,505.6685147007253,152.55364345765898,157.23537791973266
2025-01-10,12,9,A,0.0,170.07434781249137,37.91144264403292,37.56588626016637,453.24990122935776,77.91658510547306,81.10930719353433
2025-01-10,18,9,A,0.0,1.978965446963359,0.0007141975308641975,0.001561897580642879,19.607138135495347,0.0041668370335540515,0.02326390170452077
2025-01-11,0,10,F,0.28,152.22376944776167,126.08644192129631,122.38249910468777,417.8829015896984,283.59288913649436,266.2970772212281
2025-01-11,6,10,A,0.05,202.0085070185817,90.17023592592594,90.91483845377874,482.2639366927848,162.53352925111943,168.3412644849191
2025-01-11,12,10,A,0.0,160.90000087439714,41.17985594907407,41.058769852509066,432.60707712527324,83.5529344178564,88.00028658175795
2025-01-11,18,10,A,0.0,1.781104529593054,0.0006716666666666667,0.0014413351486096543,18.60096448160442,0.003990829766129122,0.022078409433410846
2025-01-12,0,11,F,0.32,143.41848437482665,122.44656260521887,117.89572197191679,399.88679309737694,275.64508996131667,259.27208055948466
2025-01-12,6,11,A,0.07,190.355072626752,91.2502955667789,91.14074249873545,461.49710404261924,163.87304031288446,167.75367947638924
2025-01-12,12,11,A,0.0,150.92636785693819,41.52999158249158,42.08192395262336,413.7061511067751,83.22938131802754,88.91973767066226
2025-01-12,18,11,A,0.0,1.6192190238672255,0.0006303030303030303,0.0013433925540945906,17.735323767362615,0.003825241789413415,0.02105958535514417
2025-01-13,0,12,F,0.44,136.1301471842869,121.56570478395062,114.74773173341126,384.290366284195,271.80528820622857,261.8070295341489
2025-01-13,6,12,F,0.1,180.70973992684608,99.57619611625515,97.1424230567843,443.4995450042645,182.42031336760903,178.81279622840663
2025-01-13,12,12,A,0.0,141.36880045111224,40.62268053626543,40.76113767816927,396.59216739733114,82.06357022636786,86.69442396904068
2025-01-13,18,12,A,0.0,1.4843183267237319,0.0005868055555555556,0.0012656646866948261,16.98027975280653,0.00366719377524357,0.020174045611719874
2025-01-14,0,13,F,0.45,134.21306874529367,124.85391575854703,116.39621957471735,373.290938513595,273.0526111349248,260.8849444915528
2025-01-14,6,13,F,0.11,178.21494161645006,109.33344199905035,105.07851657088796,430.81047203375977,207.3044781332019,198.34805196278057
2025-01-14,12,13,F,0.0,139.76804259467963,40.91195012464387,40.09331808248026,385.8070307390288,81.91197962345687,84.90008265637893
2025-01-14,18,13,A,0.0,1.3701954409354,0.0005626068376068375,0.0012237529012119833,16.314125109241886,0.0035523285970667836,0.01940091689768851
2025-01-15,0,14,F,0.45,128.50001529483063,120.79052276785715,111.8530643273455,360.88827786410843,265.5131005558445,252.92288791393
2025-01-15,6,14,F,0.13,170.6500867270437,108.71353328924164,103.58798067925161,416.4981538561222,204.88475236004706,194.35608534133164
2025-01-15,12,14,F,0.0,133.08757896155305,42.18995739087303,40.63980329374377,372.5532930064385,84.19419044311475,84.97276650228616
2025-01-15,18,14,A,0.0,1.2723744938554662,0.0005482142857142857,0.001186497823720129,15.720684335105352,0.003471742506544233,0.018711339025557296
2025-01-16,0,14,F,0.95,72.42220522086878,126.2533180059524,72.24095354868066,159.86606594595568,277.73276059156836,159.1069839703521
2025-01-16,6,14,F,0.6,96.56283186202312,108.84134060846561,80.2276999759351,184.59743241233147,204.70566331333612,153.77083278593054
2025-01-16,12,14,F,0.1,76.40642641723517,42.5528974867725,40.645248090255585,172.06156936114652,84.75150989442872,86.08849798286461
2025-01-16,18,14,F,0.0,0.0003688059771945455,0.0005416666666666668,0.0003688059771945455,0.0020902455927630068,0.0034194645918971143,0.0020902455927630068
2025-01-17,0,14,F,0.95,73.73280664155064,124.50294274140212,73.5955449532959,161.42264409068008,274.6111621033234,160.56777423045605
2025-01-17,6,14,F,0.56,98.31026220213698,103.58009508377425,80.723501197174,186.39481403015625,197.7481691631676,153.64111841912447
2025-01-17,12,14,F,0.14,78.70121776484193,45.769440244708996,42.14466265616816,176.2706323403163,89.48053492211614,88.53751560698569
2025-01-17,18,14,F,0.0,0.0004665484464928625,0.0005704365079365079,0.0004665484464928625,0.002798209978891159,0.0037316455581189074,0.002798209978891159
2025-01-18,0,14,F,0.99,72.2424557543189,125.96979799933864,72.2405219897167,155.7109090986714,275.6750896642183,155.59505920997728
2025-01-18,6,14,F,0.57,96.3230910654743,103.26025163139329,80.03940784651188,179.7994705551274,197.63636601298833,151.38117329686173
2025-01-18,12,14,F,0.16,75.12416429605103,45.369999718915345,41.064362378778625,167.2877367962747,88.01542842047485,85.81236093376246
2025-01-18,18,14,F,0.0,0.0005726609243539226,0.000634920634920635,0.0005726609243539226,0.0034824318195752478,0.004398385345873375,0.0034824318195752478
2025-01-19,0,14,F,1.0,70.89501752521258,130.46613776455027,70.89501752521258,148.13871099655123,284.46408646849153,148.13871099655123
2025-01-19,6,14,F,0.57,94.52645854520729,107.23508384038803,78.83574538719003,171.0558493210276,206.37632062126409,146.8631039900137
2025-01-19,12,14,F,0.2,72.29138268028156,45.08831154100528,39.59958449524147,157.39223863123888,84.75753840937286,80.6309372290123
2025-01-19,18,14,F,0.0,0.0006592565668158899,0.0007121031746031746,0.0006592565668158899,0.003928639159311545,0.005074733162114701,0.003928639159311545
2025-01-20,0,14,F,1.0,72.53696107998572,134.16228057208997,72.53696107998572,150.80738635170422,289.7048075704844,150.80738635170422
2025-01-20,6,14,F,0.57,96.71567374693697,107.41682993827163,80.72257977044276,174.13737018333018,206.45136742184906,149.88581376423957
2025-01-20,12,14,F,0.19,75.19570725705275,45.48116496362433,39.488699026780104,162.33499687438396,85.14621622901639,80.44144265959618
2025-01-20,18,14,F,0.0,0.0007900449072305117,0.000864484126984127,0.0007900449072305117,0.004879641512867172,0.006507957583202422,0.004879641512867172
2025-01-21,0,14,Q,0.99,71.70197824774766,138.81201335978835,71.70079802716175,150.1278781165093,294.3888776452592,150.15900836837383
2025-01-21,6,14,F,0.6,95.60231677123281,107.9097029320988,82.04970084418554,173.35274164951917,207.57128542517492,150.4955654417276
2025-01-21,12,14,F,0.19,73.1179331895087,45.17335990410053,39.72263370702463,160.50061987251124,84.91639956953114,81.45056895592086
2025-01-21,18,14,F,0.0,0.000910060438127999,0.001028174603174603,0.000910060438127999,0.005544332146494571,0.007808016332438031,0.005544332146494571
2025-01-22,0,14,F,0.95,76.68452310323035,135.38642956349207,76.5183449257704,163.11141661712057,286.486859057279,162.16369832228017
2025-01-22,6,14,F,0.57,102.24567579772071,114.04127883597886,86.56017564834112,188.34484054422182,214.19968828325318,161.02479479857678
2025-01-22,12,14,F,0.2,73.59782931045254,45.594114136904764,41.42371541173328,161.85410050226525,85.54983763518189,84.11226815489253
2025-01-22,18,14,F,0.0,0.001054288079104112,0.001244047619047619,0.001054288079104112,0.0063963387380476374,0.009474805773441715,0.0063963387380476374
2025-01-23,0,14,F,0.82,78.92067851459676,120.75167691798943,76.77641170822392,166.05848041159192,245.52965837078818,157.81510796412232
2025-01-23,6,14,F,0.56,105.2271753801989,117.41308818342154,86.49819478930968,191.74781668699373,217.42738247096847,159.74362144947833
2025-01-23,12,14,F,0.19,76.31587964966661,47.15992805886244,41.55775205454917,165.99052504879546,87.83429333194752,84.09648256592057
2025-01-23,18,14,F,0.0,0.0012114868736015692,0.0015077380952380952,0.0012114868736015692,0.007305390408881886,0.011377104724171343,0.007305390408881886
2025-01-24,0,14,F,0.83,82.95086779995808,125.95157415674603,80.86339660140371,175.85671063511094,254.1694951609973,168.9258293850514
2025-01-24,6,14,F,0.55,110.60071327487306,120.936562654321,92.87479885353225,203.06183839434715,222.19043340075024,172.72209599514287
2025-01-24,12,14,F,0.13,79.20153980906244,46.23980405092593,40.93976956065839,176.0500123349657,85.55675659203717,81.93913218744582
2025-01-24,18,14,F,0.0,0.0013584087513134008,0.001820238095238095,0.0013584087513134008,0.008120967865517779,0.013392273003134164,0.008120967865517779
2025-01-25,0,14,F,0.78,83.44140819722793,119.14114778439153,80.62629048031928,178.68288887769287,240.61455176438767,169.34449760787393
2025-01-25,6,14,F,0.53,111.25472079864197,119.84167511022929,91.87617060782593,206.32522792428202,218.83570463746258,169.81415523603056
2025-01-25,12,14,F,0.13,77.26086655203811,43.99829335317462,38.589982077554204,174.30694424033734,81.27121074011133,75.82239536506752
2025-01-25,18,14,F,0.0,0.0015353367712586333,0.0021982142857142855,0.0015353367712586333,0.009137920624534307,0.015785438211332922,0.009137920624534307
2025-01-26,0,14,F,0.71,87.88458352626674,120.71264284060848,81.8247466382454,187.71111993904665,240.888122435246,171.5029847396675
2025-01-26,6,14,F,0.52,117.17889436966641,125.17889779541446,97.99095804325732,216.7501311806375,227.1027598600074,180.93769187327112
2025-01-26,12,14,F,0.1,84.95407183362722,43.74232271825398,38.11841033205416,190.86765158225776,80.94790807547395,75.2053701388078
2025-01-26,18,14,F,0.0,0.0017406411526937628,0.002645833333333334,0.0017406411526937628,0.010306086084561163,0.01851261742618407,0.010306086084561163
2025-01-27,0,14,F,0.68,91.9373090462507,129.46534165013227,81.71857428014985,197.84984679975423,260.364135388791,171.74035083346047
2025-01-27,6,14,F,0.41,122.58247425650423,118.83494936067021,98.29809463860771,228.4573245368598,214.50081802399853,183.18349972030848
2025-01-27,12,14,F,0.09,92.93024146284823,45.859666319444464,40.06534578353321,210.0300287780982,84.51840270800085,78.41413008611677
2025-01-27,18,14,F,0.0,0.001907639695517282,0.003109920634920635,0.001907639695517282,0.011065990147628501,0.02097432387241033,0.011065990147628501
2025-01-28,0,14,F,0.7,89.78576859240368,130.55822633928574,79.00069347780088,195.068626030405,262.12003407339415,167.74661348149357
2025-01-28,6,14,F,0.35,119.71369590874177,109.84046203703706,91.52045836914337,225.2458474030063,191.262187512511,167.12651954679848
2025-01-28,12,14,F,0.12,89.16631162298206,45.44601894841271,39.4477324286232,204.8130866060544,83.74426146796522,77.68337619592383
2025-01-28,18,14,F,0.0,0.0020672278779714694,0.003618253968253968,0.0020672278779714694,0.011878233424085472,0.023694013375561134,0.011878233424085472
2025-01-29,0,14,F,0.68,91.73131768098473,135.43611708002643,78.62497147443621,197.47054188931753,270.58031816237644,166.99867658585723
2025-01-29,6,14,F,0.34,122.30769159661605,109.27008410493826,89.28241521691885,228.01934092228683,190.02727309148324,164.93640633501224
2025-01-29,12,14,F,0.12,92.87255770333435,45.09974973544974,39.39301251374175,209.37472244270788,82.37656190955326,78.31734957224344
2025-01-29,18,14,F,0.0,0.002298019907865367,0.004228968253968254,0.002298019907865367,0.013220924339804582,0.027167337853233726,0.013220924339804582
2025-01-30,0,14,F,0.64,96.57158243358812,133.25134163359792,77.57029252894849,202.98444655623098,260.1530723713128,162.4631886319862
2025-01-30,6,14,F,0.32,128.76129433779784,115.39706150793651,95.54944999132752,234.38624957946192,201.89969776490526,174.81125342711238
2025-01-30,12,14,F,0.21,97.87028427898022,48.920955241402126,40.52958198666127,214.94328810404033,89.2320528417273,78.95889370662925
2025-01-30,18,14,F,0.0,0.002433383770504851,0.004793849206349207,0.002433383770504851,0.013881141688794205,0.03010593432773731,0.013881141688794205
2025-01-31,0,14,F,0.64,97.01974338353796,135.45960233134923,76.59308219380347,203.9080303938714,263.6240580267828,161.59196845252865
2025-01-31,6,14,F,0.34,129.35880529415832,120.41663628747797,98.41740265036306,235.45271232189572,208.61756695569255,179.6573220222891
2025-01-31,12,14,F,0.14,100.6573069717682,50.77772096560847,42.948658594600936,218.58966977455114,95.35843407883947,87.12750238591346
2025-01-31,18,14,F,0.0,0.0025931584194412395,0.00540515873015873,0.0025931584194412395,0.014832218948223393,0.03353141502607359,0.014832218948223393
2025-02-01,0,14,F,0.64,99.03305387816974,137.928550843254,77.95481480028019,206.4569766497453,268.2240967231213,164.76714594095557
2025-02-01,6,14,F,0.34,132.04318739460922,122.18603139329808,97.07962992038057,238.3959819273467,209.64429685288025,177.75868723546006
2025-02-01,12,14,F,0.14,102.63785800033273,52.84633622685186,44.060131401510205,220.38623586579072,98.59041567967186,88.65953923586787
2025-02-01,18,14,F,0.0,0.002799547866453375,0.006103373015873015,0.002799547866453375,0.016127576037755543,0.037617814137402915,0.016127576037755543
2025-02-02,0,14,F,0.64,98.15495408342603,136.21834717261905,76.84744406529919,205.61715549353553,263.2907045115874,163.52342811150575
2025-02-02,6,14,F,0.34,130.8724209197796,121.31243522927689,98.7225460688993,237.42623999066205,206.17890341768765,179.95152581039468
2025-02-02,12,14,F,0.13,104.79460461870356,52.412001719576736,43.95639529959596,222.16796435133952,99.28781713913223,88.75127913705165
2025-02-02,18,14,F,0.0,0.0027638598501966015,0.00660515873015873,0.0027638598501966015,0.016075932573696546,0.039790156416116884,0.016075932573696546
2025-02-03,0,14,F,0.64,96.51304173269928,135.2600291170635,75.37996195763007,203.52025039267764,260.4036396330338,159.31174597110356
2025-02-03,6,14,F,0.34,128.6832504599402,121.34573110670193,97.14826749329644,235.00494254570074,204.88566455288353,176.87665066185934
2025-02-03,12,14,F,0.13,101.62037104888022,54.72685464616404,45.358252691995084,218.28470204535182,103.12459075400955,91.24405421939122
2025-02-03,18,14,F,0.0,0.0026609434428781454,0.006953968253968254,0.0026609434428781454,0.015836936664708708,0.0411957758082603,0.015836936664708708
2025-02-04,0,14,F,0.62,99.33913673378478,137.6755687830688,76.09554387698081,207.209531483154,265.16054390474693,160.66100520356946
2025-02-04,6,14,F,0.32,132.45136970668435,121.70405820105822,96.50661580557055,239.264957407378,204.48648517533755,176.66213752950495
2025-02-04,12,14,F,0.12,105.37126184534313,55.53361567460319,46.591302225927485,223.1381370742455,104.95197679876003,93.53199656145378
2025-02-04,18,14,F,0.0,0.0027176128684627304,0.007149801587301588,0.0027176128684627304,0.016099328459467703,0.04183793965343471,0.016099328459467703
2025-02-05,0,14,F,0.63,96.87553971799508,141.84639975198414,72.25982016454532,200.67964263615028,272.7390489245473,148.8638492638878
2025-02-05,6,14,F,0.31,129.16648672983249,119.81877248677249,93.22551063946369,231.72489119424452,201.46155893533884,170.22598365016597
2025-02-05,12,14,F,0.11,104.95695148676458,56.77433177910054,48.12539489807916,222.62798719984985,106.68995290257695,97.50799588157828
2025-02-05,18,14,F,0.0,0.0029617979843692853,0.0070676587301587305,0.0029617979843692853,0.017869355780323632,0.04164871256037223,0.017869355780323632
2025-02-06,0,14,F,0.64,97.38790310906619,143.4133982969577,75.30224843044736,202.21741884913766,274.82910134694924,156.2850978282543
2025-02-06,6,14,F,0.29,129.8495526449704,119.73793068783068,94.33229967023597,233.5005621722874,201.56875487757085,172.3356182529451
2025-02-06,12,14,F,0.06,101.04351198886795,57.87192342923282,49.511439466501685,215.75731760403264,108.49038605902184,99.50008642212259
2025-02-06,18,14,F,0.0,0.0032122785972099146,0.0068646825396825395,0.0032122785972099146,0.01961742128294446,0.04121453887023018,0.01961742128294446
2025-02-07,0,14,F,0.67,92.33215245377936,150.65374019510585,70.62179957652079,191.61525150854595,291.60678672199583,142.12210327666392
2025-02-07,6,14,F,0.36,123.1084517438712,121.4895375440917,89.74165583611983,221.2582337680271,202.78889850822503,160.13497061872232
2025-02-07,12,14,F,0.12,96.49636723329905,59.0935305059524,50.78992154873031,205.1778608470538,109.91186593127442,101.0162849878792
2025-02-07,18,14,F,0.0,0.003514007285012411,0.006546626984126985,0.003514007285012411,0.021514638432934732,0.04060294700579695,0.021514638432934732
2025-02-08,0,14,F,0.68,96.65062635265322,157.89373077050266,76.26527462213366,199.30940958244875,305.23151047281004,157.97343844587965
2025-02-08,6,14,F,0.37,128.8663232628375,130.27712865961198,96.99211834720856,230.14268221373385,219.75788869454462,176.22272147955417
2025-02-08,12,14,F,0.02,105.27962410489319,61.35833391203704,52.281853405331205,220.8441170493413,113.05343040330382,103.64066803089882
2025-02-08,18,14,F,0.0,0.003796416529044198,0.0062521825396825385,0.003796416529044198,0.02267208830107784,0.03979127810829986,0.02267208830107784
2025-02-09,0,14,F,0.7,95.36825301378981,161.10347529761907,76.8829295890434,195.95063367305363,309.2036562725099,159.254076754542
2025-02-09,6,14,F,0.34,127.15640539302267,123.24332244268078,91.33815856803498,226.26430183133206,208.5822995550337,165.6841106047866
2025-02-09,12,14,F,0.06,100.21430121210243,62.59405300925927,52.520208057888325,209.8716359841558,114.83450107092135,103.3696730876394
2025-02-09,18,14,F,0.0,0.004034543997508828,0.00595218253968254,0.004034543997508828,0.023376536356762363,0.03874816867152338,0.023376536356762363
2025-02-10,0,14,F,0.68,97.09613260636655,155.15505072751324,78.78230075276954,195.84835876428286,296.8575799517077,161.93865741274425
2025-02-10,6,14,F,0.38,129.46014911908384,128.94760412257494,90.93139750616852,226.1462049130596,218.1661408616307,163.10051585849908
2025-02-10,12,14,F,0.07,98.3606546777332,64.18148053902118,52.53489264580321,199.57933340336908,117.76302121202598,103.48692352746802
2025-02-10,18,14,F,0.0,0.0043097528863294335,0.005720436507936508,0.0043097528863294335,0.024080099323325773,0.037810128451144724,0.024080099323325773
2025-02-11,0,14,F,0.67,101.83741100841877,153.41097304894183,82.4728915024647,205.4075733979611,295.0438744544764,171.5710461436576
2025-02-11,6,14,F,0.42,135.78176949741814,135.24800906084656,93.73727425175365,237.18423519578712,228.53029289316768,166.5764452147317
2025-02-11,12,14,F,0.05,99.5649217109249,65.7294588128307,52.445034936149476,202.1649610249291,119.98104926703994,103.45350069845237
2025-02-11,18,14,F,0.0,0.004574390017712375,0.005519246031746032,0.004574390017712375,0.0247066419782808,0.03681009043640762,0.0247066419782808
2025-02-12,0,14,F,0.68,102.11569342271254,158.9648560515873,86.50374163207664,205.34564394065208,305.8892616269919,178.60849462201136
2025-02-12,6,14,F,0.45,136.15273119823843,137.1511208553792,95.87424918646377,237.1127251972818,230.36126320083542,168.86848826103184
2025-02-12,12,14,F,0.07,99.3634199692826,65.36437534722224,52.094579709117895,201.0188313916635,119.54534594862035,102.35775956636094
2025-02-12,18,14,F,0.0,0.004746447333802743,0.00526547619047619,0.004746447333802743,0.024955321449272927,0.03525060789749387,0.024955321449272927
2025-02-13,0,14,F,0.72,99.06493386372622,159.28229821428573,87.39323986557602,201.40942192579146,306.3004133561155,179.87873432512572
2025-02-13,6,14,F,0.45,132.085009113079,131.34152727072308,89.17601821237015,232.56756750620005,219.85479198801875,159.13222338801467
2025-02-13,12,14,F,0.0,94.97501026778656,63.08380456349206,49.71012114100328,194.35431911468828,116.47272637986477,99.7582524350326
2025-02-13,18,14,F,0.0,0.004986277713615063,0.005104365079365079,0.004986277713615063,0.025551344155541104,0.034150586227509175,0.025551344155541104
2025-02-14,0,14,F,0.7,106.27894791050963,158.62273759920635,95.22520536213706,215.24699263468176,305.2109721560018,193.64693976434032
2025-02-14,6,14,F,0.39,141.70361746636104,129.23545423280424,88.34199677591275,248.54581785716172,216.26743327798772,156.19259823332374
2025-02-14,12,14,F,0.0,96.64855920145156,61.69056547619048,47.97371615296803,195.69397713550913,112.40543287448317,93.24443159610765
2025-02-14,18,14,A,0.0,0.005273719021500967,0.005039285714285713,0.005273719021500967,0.02666643514229416,0.03357783483286991,0.02666643514229416
2025-02-15,0,14,F,0.68,107.18280998409861,164.0221019675926,93.66747309068818,218.35716374422742,309.75184052217907,191.23230301670426
2025-02-15,6,14,F,0.37,142.9087022566423,127.33449667107583,89.29966460360016,252.1371340987559,214.91448623358824,158.79762703094178
2025-02-15,12,14,F,0.0,95.11018994289198,61.702323528439145,48.12480352751195,193.98166408515223,111.90138850832903,93.05878924226766
2025-02-15,18,14,A,0.0,0.005381290021602302,0.004836507936507936,0.005381290021602302,0.026835183522596465,0.031609015817522394,0.026835183522596465
2025-02-16,0,14,F,0.68,108.66039940738433,168.17715438161378,94.87520169174525,219.79805652926277,315.0599600673939,192.3966089980752
2025-02-16,6,14,F,0.37,144.87869736256792,124.76839190917109,86.84174460043653,253.8009337378446,209.67407355464096,154.11125874517583
2025-02-16,12,14,F,0.0,94.70468097262457,61.75255026455025,48.74145088184653,193.23013493280158,111.25750174228384,93.60713422591131
2025-02-16,18,14,A,0.0,0.005722490086360263,0.004894841269841269,0.005722490086360263,0.027787023764821762,0.03213772260577458,0.027787023764821762
2025-02-17,0,14,F,0.67,113.66557749783296,172.8704539517196,97.96760520078722,227.88566493521253,324.0055171556478,197.27664086075683
2025-02-17,6,14,F,0.35,151.55213805581266,127.65754720017635,90.54691481800904,263.13969949942316,213.69135763697912,162.22116676215614
2025-02-17,12,14,F,0.0,96.40694225396993,62.83836450066137,50.462306750137316,194.52704222987842,112.48123154524544,96.67148463934052
2025-02-17,18,14,A,0.0,0.00608758974686475,0.005131746031746032,0.00608758974686475,0.028856725099791907,0.03421656112989082,0.028856725099791907
2025-02-18,0,14,F,0.74,115.21924375048103,187.30146076388888,105.02058543731918,229.16687790968447,364.1289160134478,209.94833985453764
2025-02-18,6,14,F,0.35,153.62359940963754,127.90080537918871,93.08693757063337,264.6191167697932,213.81910778532261,164.64445494532515
2025-02-18,12,14,F,0.07,95.67615653768429,64.63928288690475,51.88478632710947,192.46856213369227,115.07576257782476,99.73719211409357
2025-02-18,18,14,A,0.0,0.006344414218350671,0.005635714285714286,0.006344414218350671,0.02994900948028689,0.038209606225876075,0.02994900948028689
2025-02-19,0,14,F,0.77,112.01508470991932,187.17704790013227,105.08757143530734,222.99516500380537,362.5078203000364,209.72033426093347
2025-02-19,6,14,F,0.37,149.3513533927119,132.04872462522044,97.06718982124096,257.49263651721714,219.4841381857473,170.2277565984523
2025-02-19,12,14,F,0.19,90.27364404589218,64.76312569444444,49.9448676850919,179.27047325634723,115.15241575920363,95.36398410333365
2025-02-19,18,14,F,0.0,0.0064411029174698325,0.006511507936507936,0.0064411029174698325,0.03052134221933887,0.043937258206790265,0.03052134221933887
2025-02-20,0,14,F,0.76,110.69588302859144,186.2440745866402,102.64773045559781,219.38370203747508,361.1952858335902,204.7315142435328
2025-02-20,6,14,F,0.42,147.5924412675249,133.69750028659612,97.23183366120841,253.3224782918648,220.28709298108285,169.80943034091464
2025-02-20,12,14,F,0.2,92.06432531736738,64.56077541335978,48.93478563553478,181.03168855092377,115.03672140815036,93.57800684705963
2025-02-20,18,14,F,0.0,0.006480871285557003,0.007527579365079365,0.006480871285557003,0.03075104307144223,0.04969486954931877,0.03075104307144223
2025-02-21,0,14,F,0.74,112.97782345351067,179.70308247354495,104.40253003751525,222.26810873859475,348.1044640348473,207.1125295035272
2025-02-21,6,14,F,0.37,150.63514989743544,134.25268926366843,102.14992761501598,256.6531043217409,222.0363151900176,177.9475625572209
2025-02-21,12,14,F,0.17,95.09875987887743,65.49247999338624,48.9604171173984,185.8245161635922,116.34896463038694,93.79530981465491
2025-02-21,18,14,F,0.0,0.006023383601649337,0.008272420634920634,0.006023383601649337,0.029238195055431057,0.05219745269129823,0.029238195055431057
2025-02-22,0,14,F,0.75,106.34177149427155,179.3827909556878,97.73979075904161,211.153641144757,345.2281098382502,194.16397106580763
2025-02-22,6,14,F,0.4,141.78718577087216,130.67541485890652,95.29527886240548,243.8192226183644,211.7736118156124,162.1327331334546
2025-02-22,12,14,F,0.21,86.34242186800005,64.14210226521165,45.97946030923795,165.68361097715305,114.97103833702073,89.19172496608488
2025-02-22,18,14,F,0.0,0.005806990832804194,0.008670238095238095,0.005806990832804194,0.028590913595518783,0.05319619906758466,0.028590913595518783
2025-02-23,0,14,F,0.73,108.17429341665084,176.24164489087298,98.57590779658456,212.7254149943841,343.04863156339934,195.1351008032559
2025-02-23,6,14,F,0.4,144.23056731220908,133.33638780864197,95.28448491175573,245.6341507193032,214.24606490455784,161.80229330513052
2025-02-23,12,14,F,0.21,89.72779429529027,63.875506498015866,46.622736375763196,171.71058396669667,114.72878062702848,90.70729604234722
2025-02-23,18,14,F,0.0,0.005791415973160177,0.008800198412698412,0.005791415973160177,0.029180377506824215,0.05344131275268375,0.029180377506824215
2025-02-24,0,14,F,0.76,106.2526287906509,176.41457253637566,99.20602274150737,209.66593634663457,342.8901835458496,195.48658667365135
2025-02-24,6,14,F,0.4,141.66832097660875,133.8142869929453,100.32108329131026,242.10136900977096,216.8463669482775,171.3556899026231
2025-02-24,12,14,F,0.2,90.33387069822399,65.6007488260582,49.598996749645565,175.5399544440113,120.81359477568132,102.37907595981119
2025-02-24,18,14,F,0.0,0.005981209265720843,0.008586507936507937,0.005981209265720843,0.03149043601341787,0.053206242174666,0.03149043601341787
2025-02-25,0,14,F,0.78,102.72703518368625,180.54602123015871,95.41064507603912,201.76547868040677,346.7611928518911,186.72577713983824
2025-02-25,6,14,F,0.37,136.9672361857313,134.4567242504409,102.17800546787909,232.97870601918703,218.75938630066028,176.83221974365682
2025-02-25,12,14,F,0.21,89.22216711114433,65.50417055224867,50.715555864334824,172.67433396995992,120.54871283298466,103.91248222623456
2025-02-25,18,14,F,0.0,0.007057931902370937,0.009218650793650794,0.007057931902370937,0.038698737423333095,0.05643924215964948,0.038698737423333095
2025-02-26,0,14,F,0.79,108.87487158413455,187.30334773478836,102.42795141758852,214.07813534040721,357.10729103315305,202.62905703462366
2025-02-26,6,14,F,0.35,145.1638392763461,145.74739351851855,113.02831838062815,247.1961366474864,248.27217924434868,201.27105382148358
2025-02-26,12,14,F,0.24,90.11722242972081,66.17871466600528,50.86265205618663,175.4359674275829,121.55094094555002,104.31599834592512
2025-02-26,18,14,F,0.0,0.008585495706453618,0.010453769841269842,0.008585495706453618,0.05008180542333614,0.06529913083721128,0.05008180542333614
2025-02-27,0,14,F,0.78,110.6594928762992,187.5656519179894,103.93985357863612,215.63073340195956,358.49808375224455,204.198459239787
2025-02-27,6,14,F,0.33,147.54269081661317,147.33108921957674,115.87161066044942,248.98892135933565,249.96484641797758,204.77269320798266
2025-02-27,12,14,F,0.23,92.69550413169081,67.66601651785713,51.00164163371575,178.84786481042715,124.2850581323187,103.3225594254288
2025-02-27,18,14,F,0.0,0.011033729342253966,0.012822619047619048,0.011033729342253966,0.07197883196292908,0.08759247607574161,0.07197883196292908
2025-02-28,0,14,F,0.8,105.96496558783399,184.51083197751325,99.68291691754135,205.88376319812141,355.2094594470771,195.3827290251848
2025-02-28,6,14,F,0.38,141.28262926267539,146.87335681216933,115.34396658567819,237.73408808032414,249.2596269833346,202.87072229888867
2025-02-28,12,14,F,0.26,88.54123144365757,66.03712490079366,47.94325594374977,172.3515774697801,122.36943968336075,99.05556954675916
2025-02-28,18,14,F,0.0,0.013064732046218363,0.015162896825396824,0.013064732046218363,0.08538608351330326,0.1067309437100511,0.08538608351330326
2025-03-01,0,14,F,0.82,106.53121175388209,178.65073174603174,101.797810949721,206.88145582036904,349.3418218183001,199.68426151192207
2025-03-01,6,14,F,0.44,142.03659890224654,152.19371164021166,116.81268775877822,238.88612127607448,254.08017925884542,203.0182723967773
2025-03-01,12,14,F,0.24,92.712533594833,66.26392003968255,49.36541026295398,181.5913218451383,124.11805058801677,104.32307736194085
2025-03-01,18,14,F,0.0,0.016426499762611874,0.01916547619047619,0.016426499762611874,0.11208588262466598,0.14341390467997012,0.11208588262466598
2025-03-02,0,14,F,0.76,116.47246743056286,183.95426990740742,107.47556103660206,232.96421103258953,363.04541903289254,212.59337041131215
2025-03-02,6,14,F,0.37,155.290549809819,157.2684767195767,127.15644398002118,269.00389059084597,264.3152744803476,225.35568162229328
2025-03-02,12,14,F,0.21,95.30433905949523,66.94354267526454,49.654534668764036,185.9657814494704,125.51283456987748,105.40584412083813
2025-03-02,18,14,F,0.0,0.019245479227039605,0.023184523809523808,0.019245479227039605,0.12801623465089826,0.17336565438127477,0.12801623465089826
2025-03-03,0,14,F,0.69,130.5874148290971,180.2046836309524,116.8599706916751,279.67239923498636,355.97118419956666,237.61918943508462
2025-03-03,6,14,F,0.24,174.10933910275597,156.2986078703704,128.04761215620522,322.93785930370586,262.6461830718181,229.225935149901
2025-03-03,12,14,F,0.1,118.86835304585709,65.84767230489417,52.43848923494654,273.07419932116636,123.74855446525366,109.62093235174939
2025-03-03,18,14,F,0.0,0.022047204301563695,0.0277031746031746,0.022047204301563695,0.14249227143790208,0.20512059344966524,0.14249227143790208
2025-03-04,0,14,F,0.6,136.9703243506523,171.44137981150791,112.12931032306469,291.2286046012265,325.7856821647329,223.11394866168126
2025-03-04,6,14,F,0.24,182.6188248439417,159.27186549823637,133.54294665309877,336.2818137113206,266.75451848521595,237.2853271864819
2025-03-04,12,14,F,0.05,124.24218670363581,63.46389421296295,50.605737328522686,279.42786642388205,120.45193334970385,104.72548235286902
2025-03-04,18,14,F,0.0,0.025684698717032724,0.0335609126984127,0.025684698717032724,0.16428163167912666,0.2484118033980276,0.16428163167912666
2025-03-05,0,14,F,0.6,137.46539700707893,170.33730433201058,111.6417545779055,291.96645646946837,325.0300710243474,223.40336730379718
2025-03-05,6,14,F,0.24,183.27763679318016,157.3838509479718,131.4423809835255,337.1338078985569,264.8165750191363,235.52524799060325
2025-03-05,12,14,F,0.05,124.48274981122994,64.55183592923278,52.25237063280805,279.8908112497533,122.71278567465463,108.70276348063072
2025-03-05,18,14,F,0.0,0.02876026502542947,0.039513095238095236,0.02876026502542947,0.17924950086655325,0.2874788724466106,0.17924950086655325
2025-03-06,0,14,F,0.61,139.6092406499448,177.7153562830688,114.83732758283584,293.24237611610175,334.32037134796445,227.6368310424712
2025-03-06,6,14,F,0.2,186.1347067077348,156.87619876543212,132.67238240716577,338.60710890339385,264.2618092822229,237.37868016783736
2025-03-06,12,14,F,0.05,127.5505480281616,67.37267716600527,55.97855102073613,282.76031856782726,126.11853686653319,115.0481154373832
2025-03-06,18,14,F,0.0,0.03278532893020805,0.047060119047619045,0.03278532893020805,0.20134960446441408,0.33890172239231275,0.20134960446441408
2025-03-07,0,14,F,0.61,138.10667354799688,174.00912949735454,113.8244219649767,291.3229594270227,328.0066970687815,226.38707484492164
2025-03-07,6,14,F,0.2,184.12965541299874,153.57914032186952,129.62030005884301,336.39075202013464,259.1077833267155,232.43090969839818
2025-03-07,12,14,F,0.06,124.38608711340576,66.09289065806877,55.083521503221654,279.23570090550464,125.17144055711205,114.13262806558943
2025-03-07,18,14,F,0.0,0.037203375656256726,0.0558077380952381,0.037203375656256726,0.2212798943704494,0.39254738979405657,0.2212798943704494
2025-03-08,0,14,F,0.6,142.08206443465778,173.7095758267196,114.3900599975779,295.3957499465743,328.03021918939874,226.6198297640373
2025-03-08,6,14,F,0.17,189.42931777495392,149.74452764550264,129.55356240243995,341.09360426121697,255.10310090514307,234.2479529946689
2025-03-08,12,14,F,0.05,129.77878005269173,68.06197972883598,58.251086272253296,285.1721209025297,127.52867121439111,119.00046569234267
2025-03-08,18,14,F,0.0,0.03993156281831192,0.06419781746031746,0.03993156281831192,0.22977719362020524,0.4341633928904998,0.22977719362020524
2025-03-09,0,14,F,0.61,139.30616869955588,174.7043674437831,113.9273493291421,292.2590813736978,328.16486399140246,226.44188811797872
2025-03-09,6,14,F,0.18,185.7280434279695,148.63135057319226,129.04629417219954,337.4716910274713,254.3852283436424,233.74631382329002
2025-03-09,12,14,F,0.05,128.15194157725682,68.02127256944443,58.14562615349369,282.13800372527834,127.08865736043029,118.49944625937758
2025-03-09,18,14,F,0.0,0.041300771879655654,0.07220119047619046,0.041300771879655654,0.23269217330008313,0.46744492027624335,0.23269217330008313
2025-03-10,0,14,F,0.64,140.3020192298769,185.19658144841273,117.59286399244873,294.25310881886315,354.9874316733817,239.19680632864927
2025-03-10,6,14,F,0.19,187.05561336694214,148.02705987654323,127.19565734714624,339.77419551072495,251.7961167481942,229.79189610250057
2025-03-10,12,14,F,0.03,130.81119746777398,65.11499290674602,55.204645251114684,287.3051991509345,118.89806204372319,107.86367291389018
2025-03-10,18,14,F,0.0,0.041132005138489594,0.07868234126984128,0.041132005138489594,0.23251047749710424,0.4868155021310223,0.23251047749710424
2025-03-11,0,14,F,0.6,146.27474481331524,177.46382061838628,120.6072956263231,307.51795422244027,347.65563681516784,245.46071750036478
2025-03-11,6,14,F,0.17,195.01800273360496,143.53712325837745,125.14550943509498,355.0911157502095,242.79507507982953,225.39185094107162
2025-03-11,12,14,F,0.03,138.0863744774604,66.58391331018518,57.16584801741532,304.0175022441834,122.57679789538288,113.68996743681154
2025-03-11,18,14,F,0.0,0.043288195727378576,0.08113055555555555,0.043288195727378576,0.24393935736684821,0.4915870373773706,0.24393935736684821
2025-03-12,0,14,F,0.61,143.48274305229126,175.02879943783068,113.34897710627988,303.92662612278406,347.9367420171337,230.79921884414333
2025-03-12,6,14,F,0.18,191.29400816526484,134.56213126102293,118.07139546241844,350.94419998047,216.2329821207112,205.37678480363905
2025-03-12,12,14,F,0.01,137.91331564586505,69.44884039351852,60.32354793268788,303.422904219236,128.1713459171219,121.10454779873344
2025-03-12,18,14,F,0.0,0.04777918271522395,0.0795281746031746,0.04777918271522395,0.27684992417149257,0.49042301302686564,0.27684992417149257
2025-03-13,0,14,F,0.62,144.73383832337953,180.3705980324074,116.494653658372,306.1349194862343,355.3705383525683,235.68317445759624
2025-03-13,6,14,F,0.23,192.9606591140016,140.56189559082893,121.83247314400003,353.49411240609504,226.46195350259725,210.72179942119035
2025-03-13,12,14,F,0.01,135.9618240046417,66.8516853670635,58.75362208576742,302.60237293331267,124.10417324175826,118.8030393532976
2025-03-13,18,14,F,0.0,0.05205019604366582,0.07818809523809525,0.05205019604366582,0.2982996073044193,0.4878362330513979,0.2982996073044193
2025-03-14,0,14,F,0.6,152.38808236893297,184.7800326388889,121.04672180660992,322.7808473224689,360.9624076295648,242.47219766171807
2025-03-14,6,14,F,0.19,203.16492592869034,139.63071128747794,123.1708894750682,372.71517245343836,225.22745196496572,212.45284903303298
2025-03-14,12,14,F,0.02,142.0825607356005,68.45627461970899,61.247179857772664,313.75949395443325,125.87579762268598,121.44181727316403
2025-03-14,18,14,F,0.0,0.056660956575442865,0.07768908730158731,0.056660956575442865,0.31567498209623196,0.4866102879729436,0.31567498209623196
2025-03-15,0,14,F,0.59,157.41410423999395,184.67871537698414,120.35507128730694,329.4486961355144,361.7048286308733,239.75971237256388
2025-03-15,6,14,F,0.23,209.86519235836477,143.12354735449736,124.49951564159971,380.4145394813909,231.87458690002234,213.70168300217276
2025-03-15,12,14,F,0.02,143.4722308690084,68.23141772486775,60.77248917873915,314.0943787775068,124.89036947540401,119.19524937893853
2025-03-15,18,14,F,0.0,0.0607487871506733,0.07748968253968254,0.0607487871506733,0.3284514085403591,0.485799676037454,0.3284514085403591
2025-03-16,0,14,F,0.55,155.38696123679057,173.89453035714288,119.01148866182587,324.5760853503067,341.50401805199647,237.32737174408186
2025-03-16,6,14,F,0.28,207.1612731532463,149.15829746472664,123.02834099979249,374.7881301678966,247.93950216885503,209.3969160713095
2025-03-16,12,14,F,0.02,146.21299536270516,70.78840896164023,64.3706787993161,316.7862619688391,130.3945242961303,125.61477209320334
2025-03-16,18,14,F,0.0,0.06520196921107549,0.07814186507936507,0.06520196921107549,0.3419847324484661,0.48874588389855295,0.3419847324484661
2025-03-17,0,14,F,0.6,142.5544690172252,175.9910844411376,113.26714021977173,287.42779385222553,346.8113112239729,224.123056812128
2025-03-17,6,14,F,0.39,190.05062285971087,155.59616975308643,124.70541786315624,331.8929706135635,259.37918824438464,212.78025025930575
2025-03-17,12,14,F,0.06,122.80293683622575,71.26859753637567,63.62585225726122,246.03944909674652,131.57302565264155,124.65190284696598
2025-03-17,18,14,F,0.0,0.06875655215685417,0.07862896825396824,0.06875655215685417,0.3510028927404191,0.4911444273246552,0.3510028927404191
2025-03-18,0,14,F,0.58,146.18210045191546,174.249373478836,119.26342807577115,294.4345578848092,342.93140651475414,239.62020298050413
2025-03-18,6,14,F,0.4,194.885805487972,161.65544351851852,120.44452378861497,339.9836789183487,267.57670226093194,204.43319664033365
2025-03-18,12,14,F,0.09,125.9630012018865,71.49874885912699,63.93525713797395,253.66748836017692,132.34705459980927,124.70096458836727
2025-03-18,18,14,F,0.0,0.07337653297568986,0.0807359126984127,0.07337653297568986,0.36925280475746425,0.5055790968725314,0.36925280475746425
2025-03-19,0,14,F,0.6,147.0776444862765,184.84416130952377,121.99505756555484,295.3203476123699,368.17423538273255,243.308325066902
2025-03-19,6,14,F,0.4,196.07863410799249,163.6401647707231,123.34545047449055,341.0064958450075,271.15506226249687,207.19810266577832
2025-03-19,12,14,F,0.05,126.90111433691943,70.16468184523812,62.36650676125493,254.18527257994828,129.59056325841613,121.77664132973032
2025-03-19,18,14,F,0.0,0.07578818169470326,0.08134821428571429,0.07578818169470326,0.3739204193351316,0.5094288147733975,0.3739204193351316
2025-03-20,0,14,F,0.6,149.33531049177228,185.3395466600529,120.25728129132779,299.2107337920927,369.71374465728326,240.91544048884364
2025-03-20,6,14,F,0.41,199.08779864114334,169.21015260141093,127.20052849170011,345.4987231105527,278.53347110378996,212.2879855462381
2025-03-20,12,14,F,0.01,129.9341551082887,71.77904090608466,63.35670799088065,260.8341709448892,134.8862926839022,125.21107104257925
2025-03-20,18,14,F,0.0,0.0809659854087177,0.0850795634920635,0.0809659854087177,0.4015521419569594,0.5420463514891493,0.4015521419569594
2025-03-21,0,14,F,0.64,149.8233880944685,197.66345639880953,123.83975140705886,299.78243839695523,387.9950249784241,245.65356819172936
2025-03-21,6,14,F,0.44,199.73791955710055,182.35894446649033,134.98289608665127,346.1588684041117,303.5184730764544,228.3756764292338
2025-03-21,12,14,F,0.02,130.9715208728649,74.13020403439155,67.15809416522185,262.0907588584705,139.152778669003,132.0995015171669
2025-03-21,18,14,F,0.0,0.08397308739522052,0.08748968253968253,0.08397308739522052,0.4131130992599164,0.5624595543131037,0.4131130992599164
2025-03-22,0,14,F,0.64,157.78209436563338,207.02732734788358,134.3034694624392,311.2734440213407,407.0657760918116,265.28595058314323
2025-03-22,6,14,F,0.41,210.34792617731634,181.60980374779544,134.18330519689604,359.42753339389975,302.4082149230193,226.38820042369088
2025-03-22,12,14,F,0.02,138.08922826510712,72.39421360780425,65.87939331896736,273.06338811071356,137.38364440123306,130.88612368863818
2025-03-22,18,14,F,0.0,0.0878869034641668,0.09141944444444444,0.0878869034641668,0.42830836752595514,0.5946484237405686,0.42830836752595514
2025-03-23,0,14,F,0.64,160.2959515927588,207.85368893849207,135.33324605253523,314.1800112304692,409.02870095643397,266.2331936884146
2025-03-23,6,14,F,0.42,213.69717338269533,189.36175577601412,143.0309478227925,362.7837362581784,318.9487553785999,241.8341986146048
2025-03-23,12,14,F,0.04,139.67745048559814,74.68633963293654,69.06053379833345,276.64227096910963,142.4611373448012,138.77825728557949
2025-03-23,18,14,F,0.0,0.0943412916429351,0.09881527777777778,0.0943412916429351,0.45661419813532456,0.6565439693958053,0.45661419813532456
2025-03-24,0,14,F,0.63,163.60314536598156,206.22353214285715,138.09359523612656,318.3466431128517,403.8975862083248,270.2454284697503
2025-03-24,6,14,F,0.41,218.09907236257183,188.9500418430335,147.8052302529638,367.59482803692407,318.8975021251211,249.94376844281163
2025-03-24,12,14,F,0.03,145.12115646619418,75.92176030092594,71.22770824753881,284.75083122583146,145.51236286918197,144.1637808513412
2025-03-24,18,14,Q,0.0,0.09871325157977073,0.14431339285714287,0.15520221463865463,0.4665792609030337,0.8925996336138496,0.8230073677635105
2025-03-25,0,14,F,0.64,159.6111068440557,210.23327063492061,136.65269765581533,308.03776548604185,408.28850405905916,266.31618042155924
2025-03-25,6,14,F,0.41,212.75844543233984,188.1316051366843,144.94728648665065,355.69034804407005,318.64039493743354,245.32088545182955
2025-03-25,12,14,F,0.05,142.41552818683274,76.80577807539684,71.53392868438792,271.95129606277584,146.49840768586117,143.69809276543256
2025-03-25,18,14,Q,0.0,0.09556905277232366,0.2724533730158731,0.28305133125930493,0.46021440907543437,1.7145325029524967,1.674820283017202
2025-03-26,0,14,F,0.64,159.53674188342356,214.47737643849203,137.74471666878046,307.902218189116,418.5224083236188,269.6246042140381
2025-03-26,6,14,F,0.42,212.6338237403572,191.0704792989418,147.14580721822233,355.53242299438705,322.6658558762886,246.8544786613034
2025-03-26,12,14,F,0.05,141.21839443331388,73.63736458333335,69.59982021442214,270.57534882579546,141.36312468571325,139.13514432109918
2025-03-26,18,14,Q,0.0,0.09341518625102486,0.4851827380952381,0.46884900878765506,0.44915354673243735,2.917858922602718,2.7116832596993805
2025-03-27,0,14,F,0.62,164.82593154322115,214.6667568452381,139.64394323564972,318.200821720395,421.7941815932282,274.7632221996386
2025-03-27,6,14,F,0.4,219.65398271792884,186.43168603395065,151.22169201843872,367.4222248069434,317.3125910141871,253.43746586615867
2025-03-27,12,14,F,0.04,146.9526427048639,77.58596121031748,74.50932701515873,276.01728128340943,147.26355259079003,146.0823260353039
2025-03-27,18,14,Q,0.0,0.09569211556279876,0.8159026785714285,0.7423690911067858,0.46583939898097304,4.697752974728705,4.129924752952598
2025-03-28,0,14,F,0.65,156.1501768504224,214.90256807208996,134.1993953671371,299.16721578189095,421.07787322419625,264.77039682900454
2025-03-28,6,14,F,0.45,208.03748753581115,193.33583761022928,149.45564958263046,345.4397255294027,324.3547191227211,249.28342372967256
2025-03-28,12,14,F,0.03,144.01133656571383,77.50040289351853,75.8225627091908,266.5658418734149,148.03180128234297,148.29357049125815
2025-03-28,18,14,Q,0.0,0.11122607206209469,1.220477976190476,1.045804664830364,0.5721532014431766,6.485541466246038,5.358602997352627
2025-03-29,0,14,F,0.69,150.69157245149484,225.23641741071432,134.43920720574764,288.9547336730072,435.21815836152683,263.7425393034992
2025-03-29,6,14,F,0.44,200.69892946326723,186.0224918430335,148.66400284268818,333.6409528872682,317.6379849815539,248.87841979328272
2025-03-29,12,14,A,0.03,142.87900020076776,76.34207432208993,75.16390053081086,263.47251332090525,146.82613383394042,147.54515902979227
2025-03-29,18,14,Q,0.0,0.1366444552482436,1.732638988095238,1.407671921661428,0.7992274132174583,8.600115674861991,6.711970983389154
2025-03-30,0,14,F,0.7,151.64466972987603,229.22895935846563,137.11722310408797,285.6335516472805,438.8130141801771,264.4920769205066
2025-03-30,6,14,F,0.41,201.901137027951,172.872091159612,143.7182503167377,329.79789832170457,295.818755340825,240.9100268738571
2025-03-30,12,14,F,0.0,147.99220296299748,73.99579687499998,72.31818961743055,272.6385110043946,141.3201187366998,142.3075589193837
2025-03-30,18,14,Q,0.0,0.17365468065904444,2.3379843253968255,1.8017923094425892,1.13921640346208,10.873134322209921,8.011706811067898
2025-03-31,0,14,F,0.76,149.75852613711126,239.98367027116402,138.78311432027982,280.6525573076382,457.16222301828435,264.0498894243181
2025-03-31,6,14,F,0.4,199.31824014974845,164.77194690255732,138.37148605183063,324.0384120981029,285.19782732830004,233.49718009581926
2025-03-31,12,14,A,0.03,151.98935632470915,76.3496080357143,75.48238442732205,277.24878166315034,146.945422864448,151.06688499670827
2025-03-31,18,14,Q,0.0,0.2138188128128943,3.0208838293650797,2.2060212723808963,1.4369480364659704,13.206790783994698,9.174470006173884
2025-04-01,0,14,F,0.77,145.54531139151106,239.84146693121693,135.95466669015536,272.00312878006474,456.8693524651166,257.8113100597716
2025-04-01,6,14,F,0.4,193.61957917048508,162.4627895723104,137.75318707526998,314.0384863226139,286.22253047815633,233.35467713145636
2025-04-01,12,14,A,0.0,154.81991150003972,79.14827389219577,78.24123756716727,284.4459458040077,148.90404192665835,154.28075625250645
2025-04-01,18,14,Q,0.0,0.25045245498148677,3.7089174603174606,2.5475575520297142,1.6705658581960392,15.225155997941261,9.931325760419288
2025-04-02,0,14,F,0.7,154.59799518671633,238.35338151455028,136.96239084153385,295.37580367296863,453.0001574422728,263.1910890036871
2025-04-02,6,14,F,0.38,205.59873310738402,163.49462495590828,137.00695261430062,341.01766066055495,288.0563441263466,233.56219234224875
2025-04-02,12,14,A,0.03,162.2584018301666,80.01171597222222,79.44694975929285,303.9675055841768,150.2692661578523,156.07001131214952
2025-04-02,18,14,Q,0.0,0.30648821844120583,4.54779751984127,2.979922378773864,2.0722141562666585,17.781546374985744,11.00970236952245
2025-04-03,0,14,F,0.66,161.51065501031357,234.01554902447091,140.9774748405372,307.7900131316955,448.7569527654184,268.56577434362697
2025-04-03,6,14,F,0.32,214.74031729246084,160.49916678791888,134.71501916777967,355.3460961205769,283.803894456425,233.7197725958699
2025-04-03,12,14,A,0.06,163.42007389094266,77.58644766865079,76.88513386697153,304.4366556824667,144.42425156349668,151.18216028732238
2025-04-03,18,14,Q,0.0,0.3655525294186133,5.564739484126983,3.5126685897342846,2.487265915282527,20.99854752837582,12.480810670064944
2025-04-04,0,14,F,0.65,166.26096100307686,234.92341626984128,144.50697892605862,314.7086162112289,447.8337480234294,275.0613391610819
2025-04-04,6,14,F,0.25,220.99644652027675,145.83780892857143,124.3166001229528,363.3280144589265,256.02395609397615,217.27901615103042
2025-04-04,12,14,F,0.06,168.46782061740774,76.78723186177248,74.53730170377827,313.2594370476652,141.08504252702144,145.88152963001693
2025-04-04,18,14,Q,0.0,0.4163274556115584,6.635586111111111,4.000444196774956,2.749576896392029,24.064627570305547,13.587137916091105
2025-04-05,0,14,F,0.62,162.76982208131471,218.6824195436508,137.03374503158943,310.8469406689921,422.96227229254515,260.7213145807146
2025-04-05,6,14,F,0.28,216.25321505133311,148.19876367945326,126.24402637629737,358.8573322779107,258.6660116723786,217.22419468233363
2025-04-05,12,14,F,0.05,170.60427630984995,79.12508878968251,76.5146798309402,319.4839153166532,144.23333665684055,148.03350179982183
2025-04-05,18,14,Q,0.0,0.4890129378071685,7.926523611111111,4.607425621707794,3.198925511221842,27.910896952253527,15.126576793791038
2025-04-06,0,14,F,0.62,165.5130299747764,224.71917142857146,141.1852818728725,315.6622582408139,430.30705711820036,268.80285744431274
2025-04-06,6,14,F,0.26,219.8110674026534,144.67054921737213,125.01014719728032,364.40462532200496,243.3044125255183,208.62546018662047
2025-04-06,12,14,F,0.04,171.8524087941011,82.7083056216931,80.2465972391697,321.62746581149935,149.0034722000456,153.75414752451852
2025-04-06,18,14,Q,0.0,0.5439757848948986,9.16660892857143,5.04610396378401,3.4506874274411437,31.053895591180286,15.880805606583078
2025-04-07,0,14,F,0.63,159.8323013929648,221.04217210648147,135.24831602816286,306.9548850824884,420.78097379387555,254.7192927670303
2025-04-07,6,14,F,0.27,212.14335095530237,141.01559704585537,120.15103979728096,354.33410628547597,237.14085433660625,199.5692977233981
2025-04-07,12,14,F,0.06,160.81252866958775,82.62463483796294,79.99282696457429,304.20374295620445,147.23392525831136,151.1267808030236
2025-04-07,18,14,Q,0.0,0.6048897138269926,10.443545238095238,5.428257427553015,3.7108680690506546,34.22645691108124,16.575868245698505
2025-04-08,0,14,F,0.64,165.1623882459755,227.80418753306878,140.921139960928,316.76742085963184,427.9475339781047,264.9352623597607
2025-04-08,6,14,F,0.26,219.12611420414416,140.38255598544976,118.77333447939196,365.64228807480964,235.6259977118398,198.8171585789549
2025-04-08,12,14,F,0.06,163.0384995701585,80.68875471230156,77.96196262041023,307.93560762832294,143.37919348819852,147.3120465528963
2025-04-08,18,14,Q,0.0,0.6663683872650372,11.702531646825397,5.705249558195323,3.943224599326016,37.36516976141391,17.09114234586867
2025-04-09,0,14,F,0.64,164.50094428737458,223.43005047949734,142.01987460996205,315.1438964019187,414.3917363774184,266.2185258532353
2025-04-09,6,14,F,0.25,218.192402805427,136.38406943342156,114.70309027625365,363.76129274117875,228.21735523784366,192.51315687275894
2025-04-09,12,14,F,0.05,164.94580687607623,83.16030843253967,78.66672533560516,311.0937307358817,146.93422712739365,148.88815935359005
2025-04-09,18,14,Q,0.0,0.7430427941834065,12.881975992063493,5.836054787080949,4.337620669565659,40.20978449148412,17.31935447929594
2025-04-10,0,14,F,0.63,167.73608692979974,220.92733584656085,142.52564882006428,320.092557235905,407.6958881881111,269.7762970801537
2025-04-10,6,14,F,0.26,222.43440630073465,135.23057857142862,112.26479282430778,369.4674712427221,227.16604746817606,188.22367662051758
2025-04-10,12,14,F,0.05,172.03641290117773,83.17135226521162,76.43910221865016,324.9169979958025,149.13597936410386,146.12805476579402
2025-04-10,18,14,Q,0.0,0.866259941363813,14.221516865079364,6.088963593238938,5.2377571959245905,43.91814533901787,17.999916779265366
2025-04-11,0,14,F,0.62,170.33276878439972,221.75759343584656,145.53651562007525,325.0107183721893,408.1573600261864,274.3322821469538
2025-04-11,6,14,F,0.25,225.8310339097025,140.55181309523812,116.89053013815197,375.1403639369699,242.3825757895885,202.26689967522637
2025-04-11,12,14,F,0.06,169.62694389006734,84.77008244047619,76.55538961432707,323.25287213915243,150.3679812058468,146.31967200555883
2025-04-11,18,14,Q,0.0,0.9833837768091659,15.365678174603175,6.100965412537929,5.868173170760323,46.762449845750375,18.026214975320613
2025-04-12,0,14,F,0.58,174.92202025769797,220.903609755291,145.09705593928905,332.5064047138963,402.54824357354994,273.23370619757253
2025-04-12,6,14,F,0.24,231.88715226740106,142.6438303791887,120.42298972332321,383.7909222224671,243.1665473479875,206.11564760712392
2025-04-12,12,14,F,0.07,179.90501346189924,87.49461200396824,77.13452105498612,339.23160361270004,152.6761774606683,146.62011759153063
2025-04-12,18,14,Q,0.0,1.1847488401425477,16.711453075396825,6.274240573154861,7.338115480292904,50.5350526473737,18.545949626011332
2025-04-13,0,14,F,0.6,173.70361417891712,231.4324905753968,143.09857946165766,332.0503446817505,417.55034239644203,270.14129538990636
2025-04-13,6,14,F,0.23,230.1179426656296,142.76179425705465,121.31517911948765,383.23173419816106,242.04872875941336,207.57963601662405
2025-04-13,12,14,F,0.09,176.7158332793177,88.6076934854497,79.5421099138054,336.7693723163728,154.91227271477672,151.1871185814841
2025-04-13,18,14,Q,0.0,1.3107731402163953,17.678942757936507,6.049185597080569,7.831130582902223,52.856681827243406,18.126853992123138
2025-04-14,0,14,F,0.56,173.3430162980998,219.30641139219574,136.29431442888,332.51909200828317,393.455984994588,261.28900735301096
2025-04-14,6,14,F,0.24,229.65458283823668,146.3028824955908,123.68741276879413,383.7772660903335,245.04992533806387,208.6682895439068
2025-04-14,12,14,F,0.08,176.10943168232254,87.38038344907403,77.20973648943053,336.95414232988395,150.52641134237163,144.13282001231468
2025-04-14,18,14,Q,0.0,1.5013047866102978,18.647733035714285,5.873635187313548,8.725444607625894,55.22500671845471,17.764036353769654
2025-04-15,0,14,F,0.6,167.49758017105756,224.1290665343915,136.11990641082147,323.2883099936295,400.0767877978356,257.1485299462251
2025-04-15,6,14,F,0.24,221.79000012044673,146.90287884700177,125.09831631589893,373.10547083100505,241.4585718669501,211.96233314148148
2025-04-15,12,14,F,0.14,170.46611150859664,89.3009509093915,77.52284324927685,324.00763151410246,153.08483624135005,146.75119199282148
2025-04-15,18,14,Q,0.0,1.7986698171735294,20.006670436507935,6.066426461558167,10.498449728542617,58.92962763447919,18.36147770259534
2025-04-16,0,14,F,0.6,165.81046909216687,217.72197910052907,141.11972433406797,312.4569187647943,383.62750529628323,265.2176359266189
2025-04-16,6,14,F,0.24,219.44447612049947,145.02468325617284,126.12194035999353,360.5747837084491,236.92965106189243,212.31134313671663
2025-04-16,12,14,F,0.14,168.94587469911045,91.19766617063489,78.84262087462643,312.31418803867666,154.64214164490645,147.89224615898928
2025-04-16,18,14,Q,0.0,2.1165367854491213,21.269595535714284,6.109136570462289,12.28787022473732,62.40774242840644,18.58976575139631
2025-04-17,0,14,F,0.64,160.35978406781174,217.03163792989417,140.36589481140547,304.5234938062268,380.6167346706928,265.58908074806226
2025-04-17,6,14,F,0.3,212.0415348302615,148.86921593915343,128.43311981333147,351.3811764351419,242.94161052208247,214.47101909935412
2025-04-17,12,14,F,0.13,164.45820187211112,89.55307833994705,78.49805573944346,307.80074230104066,152.67781946310626,146.66924695448236
2025-04-17,18,14,Q,0.0,2.384913912541273,22.16034136904762,5.82661117470626,13.356023457402989,64.70711801178535,17.898348853723792
2025-04-18,0,14,F,0.64,157.20005104354183,209.22430160383598,136.19922634422232,298.5535389536131,369.67403471551654,257.7493966131173
2025-04-18,6,14,F,0.32,207.6951323929952,152.37156327160494,129.5757490056226,344.455893418073,246.84039329210825,214.73632508709838
2025-04-18,12,14,F,0.14,160.18837660955595,92.15397878637562,80.8090974865315,299.27480955772614,155.87815596477847,151.06462241591314
2025-04-18,18,14,Q,0.0,2.604374662756274,22.95280753968254,5.542339241651739,14.043991408828065,66.69303071314145,17.246901563169885
2025-04-19,0,14,F,0.66,153.36130986752843,215.40068986441798,135.26671695359354,290.88628188941976,377.0782776426606,256.22340322470757
2025-04-19,6,14,F,0.3,202.57108474353603,152.09544501763668,130.62739107984285,335.5991455779997,245.80859495613822,215.30512302026992
2025-04-19,12,14,F,0.22,150.90303063246427,94.41709416335976,80.7413261625294,282.3697603471518,158.13925443428826,151.1293823025037
2025-04-19,18,14,Q,0.0,2.8581734535170433,23.74410317460318,5.222345148138718,14.942556166176,68.87751578414381,16.321774459060197
2025-04-20,0,14,F,0.69,150.47514087970427,223.61788247354497,132.64572035870995,285.1624095576537,389.1476960905939,249.4679754850499
2025-04-20,6,14,F,0.33,198.57367963963478,157.36520139991183,128.6770546361783,328.94885115618575,252.96835242536136,210.6628430472233
2025-04-20,12,14,F,0.22,146.8911235423716,90.31041506283063,76.16755666444794,275.67073559644376,151.28893003711332,140.20360488569975
2025-04-20,18,14,Q,0.0,3.2028614750931865,24.66368888888889,5.1322413516162735,16.3054472341745,71.40124050631873,16.139962763977262
2025-04-21,0,14,F,0.67,153.5359344516788,223.25927230489418,135.4497277762307,288.49149019499123,389.2918474029017,253.83690260255443
2025-04-21,6,14,F,0.32,202.584772609712,156.55353710317462,129.98368417262787,332.788643379116,251.86184896956894,212.5607531678358
2025-04-21,12,14,F,0.22,149.41585111913608,91.70474667658725,77.88924025339584,278.8611339161146,153.94864712027925,145.00358519924902
2025-04-21,18,14,Q,0.0,3.4104523569558047,25.095880257936507,4.9308883145009,16.793981953208892,72.43594466513666,15.760395901630485
2025-04-22,0,14,F,0.69,152.87996586405401,228.87568009259257,136.62345408606774,284.91493849571214,405.2196392724159,257.3138756988388
2025-04-22,6,14,F,0.33,201.56876314321482,159.38323090828925,131.7923722786608,328.6171775562544,254.7284109060137,213.46256143841893
2025-04-22,12,14,F,0.17,156.2416280888275,91.37184566798938,79.11363639952613,290.28823620735784,154.20273616904217,146.5011050350193
2025-04-22,18,14,Q,0.0,3.875888772561867,25.990962400793652,4.951021206218756,18.783986426806088,74.98747158457635,15.974523484697118
2025-04-23,0,14,F,0.69,155.49400294020705,232.27917428902114,139.8770647240859,288.6336940740119,409.64692075760644,263.9140561410593
2025-04-23,6,14,F,0.32,204.97764762442768,159.88347694003525,132.3190565107371,332.9051583939572,254.71646436130388,213.25370243968172
2025-04-23,12,14,F,0.14,163.48301227249596,92.07521357473541,81.35088667953448,299.26844106431645,155.3061676724447,149.98908370972418
2025-04-23,18,14,Q,0.0,4.152066447678256,26.66460902777778,4.891256076627833,19.529825727507703,76.7561979949359,15.840762659201141
2025-04-24,0,14,F,0.74,149.2571008130852,237.3595294808201,137.03896847817737,273.7526596547513,419.7958899363417,254.98104110255377
2025-04-24,6,14,F,0.34,196.54897327203864,162.15020364858907,134.0847701118635,315.67443088503364,257.1340599566351,214.85302744459474
2025-04-24,12,14,F,0.15,156.31879635609377,88.87948862433858,78.52543676850826,283.35273676343974,148.1984737532791,146.3735730228487
2025-04-24,18,14,Q,0.0,4.426312211938648,27.210582440476195,4.6319592276275605,20.338584219852013,78.32484049976354,15.117940444724939
2025-04-25,0,14,F,0.72,151.67495588104092,237.13654761904763,138.60259763534393,277.2072963059399,421.3259751180415,257.4291295904352
2025-04-25,6,14,F,0.32,199.72241738152027,156.79600564373897,131.17539065270478,319.6623924803654,243.58245103718667,205.23232640400815
2025-04-25,12,14,F,0.11,166.49328675579488,93.88488783068779,85.50515987688718,300.03265743154583,157.85311817092946,159.74001274925246
2025-04-25,18,14,F,0.0,4.723884343480724,27.968782043650794,4.613519511595413,21.243492124797264,80.44573978372675,15.0996778337341
2025-04-26,0,14,F,0.77,148.99174080867212,238.93070750661374,140.2184617296074,271.46596084514636,423.0922949022817,258.40848338422245
2025-04-26,6,14,F,0.35,196.01957050389703,161.3201894069665,133.9858526633453,312.995034779873,249.38064560977685,209.06368228267254
2025-04-26,12,14,F,0.08,160.2340148929662,93.1551923611111,86.36019628409424,288.66709476997755,158.04035902073076,161.13494193145934
2025-04-26,18,14,F,0.0,4.986337625476146,28.530237301587302,4.378771320386719,22.012109288407963,82.11836048410441,14.350311459355217
2025-04-27,0,14,F,0.78,154.49116484878272,229.81451592261905,146.65128130779956,286.3690533403524,410.496465075747,275.4110509407037
2025-04-27,6,14,F,0.34,203.27925269110247,169.03094448853616,142.38230866685112,330.2190899097909,260.49727639679355,224.32458699539384
2025-04-27,12,14,F,0.11,162.6563298154372,94.44749728835978,85.8002368185832,292.7067655808346,160.5575592774552,160.91758064611395
2025-04-27,18,14,F,0.0,5.281176399793919,29.07313740079365,4.436230570225235,22.737427406696217,83.52737842091348,14.471025680040265
2025-04-28,0,14,F,0.79,156.5644722015271,233.15487428902114,150.3807599085423,287.93701263665866,413.30116857913976,278.38324488970704
2025-04-28,6,14,F,0.37,205.91935931022945,177.51761577380955,148.588107637393,332.0166416140844,276.10565870647133,236.33986447366323
2025-04-28,12,14,F,0.08,164.8920463824633,95.02631886574073,86.83912541831965,294.2042147206962,162.03716598911728,161.71330899496536
2025-04-28,18,14,F,0.0,5.265049146616957,29.356253571428574,4.460740696981166,22.56238287526472,84.20182926063279,14.602673868703633
2025-04-29,0,14,F,0.65,173.4554840279161,225.0210262896825,157.2567611355568,328.57362377817026,400.4511439670716,295.4319266569806
2025-04-29,6,14,F,0.31,228.45754484693308,179.18839185405645,145.231999105978,379.00481097105444,279.82010152341127,232.57018011959622
2025-04-29,12,14,F,0.02,173.8244700100006,91.56061256613756,82.02292221209012,314.22121784039797,157.8899795701629,153.5621381698861
2025-04-29,18,14,F,0.0,5.401158302354383,29.374458630952383,4.14122530468691,22.6214813364453,84.2545950066322,13.512396002831984
2025-04-30,0,14,F,0.64,173.24985959823132,225.87948993055554,156.7614936046934,327.8473042881435,403.87554225147,293.145251857809
2025-04-30,6,14,F,0.3,228.06676932679062,179.46892671957673,147.39121622747828,378.1433016425337,278.72755354666975,234.75833029841675
2025-04-30,12,14,F,0.02,171.7770614045639,89.48256507936507,80.86788734669135,311.7510490657944,156.1010123584406,153.0688870827483
2025-04-30,18,14,F,0.0,5.291116721583206,29.18929166666667,3.8614450909056144,21.911376053732557,83.69407024398846,12.562899843096112
2025-05-01,0,14,F,0.68,175.82928357823883,231.63080909391536,161.94966637667284,329.18310207231866,412.36731239449387,300.6171929979345
2025-05-01,6,14,F,0.29,231.42852090806528,177.2188375,150.55920834807284,379.6800653194563,277.34954597718894,241.9313151401282
2025-05-01,12,14,F,0.02,177.41927282580397,91.35393941798942,82.46877155433599,318.0752206504755,158.65341691264305,156.75581027065073
2025-05-01,18,14,F,0.0,5.5559566512640455,29.388420138888893,3.820750594019107,22.580202824273304,84.22361770287351,12.410518781437304
2025-05-02,0,14,F,0.63,177.62244815654108,228.51468425925924,163.03820936289858,331.020788740892,408.49363979028783,301.83359803274965
2025-05-02,6,14,F,0.3,233.81480049064552,179.96825015432094,151.28984235500033,381.81511588589143,280.3871796909755,243.2813205149443
2025-05-02,12,14,F,0.02,178.6836656510382,90.47826914682538,81.70546845263041,319.46997422984606,158.22751672677106,155.26173110573336
2025-05-02,18,14,F,0.0,5.698854828013386,29.521639682539682,3.8037680461547043,22.696150415228832,84.5134618512271,12.366752143954198
2025-05-03,0,14,F,0.52,195.4204447172838,227.8320917824074,168.5665579197269,362.0665392054416,406.19496865624546,314.0906156243265
2025-05-03,6,14,F,0.3,257.5145692826587,183.20171912477952,149.34795235866113,417.69724962116686,285.7939157282238,242.32182992374803
2025-05-03,12,14,F,0.01,199.3388691527863,86.25732997685185,77.09533562491607,360.4383468687659,153.0989047302139,148.69357067247213
2025-05-03,18,14,F,0.0,5.639518706283677,28.94113968253968,4.052203917796536,22.321823866378423,83.08148275248128,13.603665902227341
2025-05-04,0,14,F,0.45,195.06592561898583,214.6977232142857,164.19908617965856,361.3510416243317,387.75715823771617,311.9902394695281
2025-05-04,6,14,F,0.29,257.11839825854906,176.99291509038798,145.6725076796562,416.89814395373077,278.37676432178904,238.1305390056272
2025-05-04,12,14,F,0.02,202.00554996545355,87.86107088293653,78.19662983028074,362.05887080542516,155.16628540485507,150.22822459730952
2025-05-04,18,14,F,0.0,5.954406079492219,28.588654761904763,4.016269502414967,23.1521302172476,82.10982053067183,13.413409132003553
2025-05-05,0,14,F,0.42,199.33316515472973,209.2028336309524,162.38824146550522,365.33687370215006,377.95688103977665,309.0997140060169
2025-05-05,6,14,F,0.3,262.59146448934973,187.70403306878305,152.03031204536703,421.4577822062881,296.91161832553865,250.2049270542683
2025-05-05,12,14,F,0.02,208.28110010283115,87.08816476521164,75.91368723660567,369.25525793185733,152.4189269238527,144.88002855653804
2025-05-05,18,14,F,0.0,6.432067069172589,28.52356488095238,4.178633221110351,24.632492312048406,82.02874754360964,13.82605657730587
2025-05-06,0,14,F,0.41,199.96891182662512,201.3835564814815,154.18322109930844,365.16705462955537,355.54401279487115,290.593334725104
2025-05-06,6,14,F,0.29,263.586061993216,185.7828116181658,152.65330907914665,421.30504046516694,295.5115120264661,249.90333023488668
2025-05-06,12,14,F,0.04,200.72334707475903,88.73169793320105,77.67359120662451,358.67142310262324,153.76159414667512,146.2253381194707
2025-05-06,18,14,F,0.0,6.36597563068316,28.0730248015873,3.937812695920246,23.761077638118465,80.64409988148292,13.015120374016272
2025-05-07,0,14,F,0.41,202.0053364577177,196.07213624338624,149.24064298300246,367.9457756020939,342.88717726981764,280.8060309300027
2025-05-07,6,14,F,0.29,266.2422853850074,189.52096105599645,156.8297777105626,424.5121763799266,300.25744939445417,256.7627015981636
2025-05-07,12,14,F,0.06,195.88845188519667,86.43211559193122,74.64993192907299,353.0745142912158,149.37163395450114,140.71769791830187
2025-05-07,18,14,F,0.0,6.481232300583697,27.968570138888893,3.794974960989447,23.754300717730988,80.18634326903823,12.768475533094916
2025-05-08,0,14,F,0.41,198.50785042741387,193.51030877976189,148.03447419397864,364.830547281055,335.85100348170715,275.651566961849
2025-05-08,6,14,F,0.3,261.67120439923724,185.31876699735446,151.14257074816913,420.9349992654948,295.52664161942334,250.4850093615586
2025-05-08,12,14,F,0.06,193.82096653948895,88.8856674107143,76.81454848064747,351.8230567271775,153.04082483801997,143.57224220055792
2025-05-08,18,14,F,0.0,6.218413589519867,27.45236498015873,3.7441540805716156,22.95323680831523,78.60056796288441,12.637841895743788
2025-05-09,0,14,F,0.4,200.24098715428443,190.09557447089946,144.01313508387963,366.22274659339564,329.22516444840255,270.99189306517724
2025-05-09,6,14,F,0.3,263.9168134773829,185.0176705467372,151.28033920741132,422.5369037104847,293.5653353455651,252.1012316301572
2025-05-09,12,14,F,0.07,194.61200477371906,81.81005651455028,68.46213646005484,350.91849682020523,139.87318990231023,127.3634075727874
2025-05-09,18,14,F,0.0,6.395762275794937,27.170641369047623,3.5872226160074763,23.228287881568782,77.5564737256134,12.2886761550508
2025-05-10,0,14,F,0.41,198.96310814627435,192.74549614748676,144.08201320186228,364.8882107973035,344.34465351195115,275.60197047954426
2025-05-10,6,14,F,0.3,262.3305968545867,182.91889465388002,147.41348076240544,421.01988211483933,293.18491479753254,249.07582450517222
2025-05-10,12,14,F,0.1,188.23428382844526,82.04348133267197,68.88704210482683,344.16894955010815,140.4037163193225,129.04680404990546
2025-05-10,18,14,F,0.0,6.3804266316740845,26.399399702380958,3.557498208749203,22.793676696387006,75.17613172360913,12.203334473080407
2025-05-11,0,14,F,0.41,196.22594265926114,189.48265380291005,138.76937457148557,357.76690945587865,338.1696216349502,263.46059865175675
2025-05-11,6,14,F,0.31,258.5944165579631,177.9613142195767,139.63644987771147,412.77266587375095,286.1390593761939,236.41286857656266
2025-05-11,12,14,F,0.07,188.00729257888415,80.67487113095237,68.51267947500925,344.9851098666512,136.72890976301892,127.16962295530284
2025-05-11,18,14,F,0.0,6.4543098347261285,25.97997986111111,3.5385137765425463,22.817812314133537,73.85300894754704,12.213998527656189
2025-05-12,0,14,F,0.39,198.04404818709244,182.37934308862432,133.0931437235327,358.8618484948752,330.7795859979606,258.2853360059918
2025-05-12,6,14,F,0.31,260.795921309262,171.9132751984127,134.3898527224614,413.98328136708346,274.75719417089914,225.51101348836485
2025-05-12,12,14,F,0.08,187.3241832573446,77.33330160383598,66.32981191415767,343.6217191972556,131.52398588626852,122.89309855078349
2025-05-12,18,14,F,0.0,7.3126820257000436,25.66219890873016,3.685388498427825,26.248779260831867,73.12874542960144,12.507834522175369
2025-05-13,0,14,F,0.41,191.51029068189683,186.47321129298942,135.45783351716517,339.0715937865705,336.6839610712063,258.63248193924125
2025-05-13,6,14,F,0.29,251.86444826347451,168.74514947089946,140.92555020818568,391.05877296088806,269.8936990939597,235.2524381421747
2025-05-13,12,14,F,0.07,180.75293781029075,78.39615026455027,68.55905612660578,334.061593774294,133.57232250685675,127.49035941864946
2025-05-13,18,14,F,0.0,7.294437631606388,25.315984027777777,3.605353437923515,26.12309015180146,72.09844409812304,12.382175265113009
2025-05-14,0,14,F,0.45,183.41444140099026,190.54292876984127,134.09699447397117,328.345804665489,341.88610608791544,253.50105018286447
2025-05-14,6,14,F,0.3,240.99911589799726,165.82705404541446,136.8866004646619,378.64342521406724,267.73864789918287,230.387914511006
2025-05-14,12,14,F,0.07,177.46209914037686,80.35644831349208,70.10040921920731,330.02397922208615,138.46991451104302,131.21780995556654
2025-05-14,18,14,F,0.0,7.8183859914094915,25.55270376984127,3.780336823573212,27.804005568391595,72.8130486635452,12.73338262183294
2025-05-15,0,14,F,0.48,176.92914718344505,191.46778058862435,131.54103320545758,319.7528187225346,342.2552308234262,244.9044244186792
2025-05-15,6,14,F,0.34,232.56191020525637,174.2580722883598,138.12883627448133,368.74570891570824,281.9183255139165,232.38116922763086
2025-05-15,12,14,F,0.07,171.2295424044334,80.71128257275133,71.00944229302138,322.36461458814296,139.1918913511268,131.65391544732813
2025-05-15,18,14,F,0.0,7.691583506373582,25.127884523809524,3.744557424776628,27.273410967916075,71.53282619383218,12.678300120886037
2025-05-16,0,14,F,0.5,176.7295621016209,196.54021410383598,130.59835375008905,320.16923298541855,348.9717263207978,243.07194411703207
2025-05-16,6,14,F,0.36,232.28954286640806,182.7917694664903,144.46350234436534,369.2282740811205,298.82010414027786,240.4379292478139
2025-05-16,12,14,F,0.07,170.84916181566223,78.85809930555557,70.40568146094647,321.8229802520052,136.47226810717854,130.65026311793437
2025-05-16,18,14,F,0.0,7.818015177735331,24.328242757936508,4.144343754328476,27.547212001098625,69.6538955930506,14.246061456355376
2025-05-17,0,14,F,0.54,167.90824004434532,194.21949737103176,129.22153340899442,297.7158662221206,345.22910654935424,234.7870887092638
2025-05-17,6,14,F,0.36,220.28601120775636,175.57734244929455,146.26385326983302,343.20754510309854,290.52935497572895,240.98165396581982
2025-05-17,12,14,F,0.12,154.67518650611956,80.00963816137569,70.00373164817071,281.8266194086609,138.62061070351754,131.93521489626062
2025-05-17,18,14,F,0.0,8.451582030492018,24.52214761904762,3.6982588207813523,29.281205686464922,70.19750754085844,12.608264146126436
2025-05-18,0,14,F,0.5,175.60741372117948,194.2692562665344,132.62812031997854,312.7167125808741,344.09080025223204,240.50243401048832
2025-05-18,6,14,F,0.35,230.5374518581797,178.97605252425046,150.57696963725786,360.5559794195733,294.6083287451854,245.6875342133948
2025-05-18,12,14,F,0.08,161.4899370482321,80.9126076719577,71.13349738760321,299.63731033390957,140.75368085818255,133.85629377466125
2025-05-18,18,14,F,0.0,7.9995396331902535,24.33221617063492,3.6299152352950954,28.067569452859136,69.4998349228661,12.438855888215054
2025-05-19,0,14,F,0.51,174.3604966710678,196.87589604828042,133.0350557424496,313.0929492878231,346.85373965898316,241.40576833358625
2025-05-19,6,14,F,0.33,229.0893686035339,171.20207886904765,148.1387466768393,361.0550103158272,279.17045084929396,237.9613413990445
2025-05-19,12,14,F,0.06,160.56276997474998,78.95921157407409,71.30776253239539,299.34281536399357,138.58813894975583,133.8317615560118
2025-05-19,18,14,F,0.0,7.600295218814192,24.020013789682537,3.56309979568419,26.77764510068911,68.48876945035451,12.181251798396096
2025-05-20,0,14,F,0.5,178.9941204586624,194.5909417493386,137.5492413323465,329.14310163201657,347.6287139482395,254.82237285184817
2025-05-20,6,14,F,0.33,235.21493708019355,174.0352256393298,153.85516716138693,379.6061726924081,283.83508253015714,251.39141158230936
2025-05-20,12,14,F,0.02,174.78951876922676,82.34928503637566,73.78154124332879,331.56754397417023,145.5440396669394,138.8319826670142
2025-05-20,18,14,F,0.0,7.834602744641504,23.90795188492063,3.490282739774973,27.29376671454404,68.07764675244466,12.0734525192177
2025-05-21,0,14,F,0.5,177.6205666880098,193.3611570601852,141.47167563994202,328.5540276680563,350.1856494644019,262.47682037715725
2025-05-21,6,14,F,0.32,233.37225696487437,168.6928132936508,149.12374704740506,378.9278369988564,277.8838990102029,244.4596316525329
2025-05-21,12,14,F,0.01,180.91406695951682,83.96051147486773,75.47397031100708,342.16836060859237,149.42013057431706,142.18407592106038
2025-05-21,18,14,F,0.0,7.755850679261943,23.553665972222223,3.4800502931656996,27.057171332275477,67.11732228205206,12.048746960965047
2025-05-22,0,14,F,0.47,185.49569105858447,193.69210299272487,143.14441908687823,341.200922181983,348.6394475510156,266.0342594300945
2025-05-22,6,14,F,0.32,243.61833627774243,174.16861469356263,155.21746925020926,393.50444670946274,283.37298763563024,253.7506643439862
2025-05-22,12,14,F,0.0,190.44086796719094,81.83524494047622,75.02378627288284,361.39128529901666,145.75684329087605,141.34189520741265
2025-05-22,18,14,F,0.0,7.925823145785668,23.147558234126986,3.58171203435629,27.194794465213963,66.13272897305896,12.194912604557768
2025-05-23,0,14,F,0.54,178.80355316220644,202.84546504629628,147.00837991137254,332.4740166199161,363.8385379604386,268.3812049258542
2025-05-23,6,14,F,0.33,234.67965137923005,173.03371290784835,153.31542598227222,383.41761045621126,282.7547003753164,249.62356621912437
2025-05-23,12,14,F,0.0,179.92309494134275,83.23974659391536,77.09806533315165,349.09585928393886,147.78397901462967,144.3386119774777
2025-05-23,18,14,F,0.0,7.821587137706776,22.35430128968254,3.7776046290178766,26.641092309959078,63.95260988880289,12.598974375580969
2025-05-24,0,14,F,0.51,179.37639887806762,194.47015620039684,145.113149175944,332.58927080215534,340.5800535564684,262.7063772762342
2025-05-24,6,14,F,0.32,235.41136215365404,175.41723434744273,156.94463634272077,383.5501840401491,283.7061341381177,252.2585723983645
2025-05-24,12,14,F,0.02,181.38589578575724,92.5398396660053,85.05584255174145,350.156010924149,168.4305270129291,159.6257116644995
2025-05-24,18,14,F,0.0,8.260690810247514,22.375284722222222,3.6804385827251362,27.878548292248766,63.8879010762821,12.365396856791852
2025-05-25,0,14,F,0.52,178.7960564232499,195.07686655092593,146.68785565642472,330.38108117395853,341.29188926252885,263.72289955789176
2025-05-25,6,14,F,0.25,234.74152192991968,172.5451639991182,157.92433815096268,381.0374949844892,281.19979357302464,253.27843615432514
2025-05-25,12,14,F,0.01,182.9856359801106,95.91263123346563,87.57943391536311,348.0279741122504,174.0106611414428,164.2595550000497
2025-05-25,18,14,F,0.0,8.639292070296372,22.219727579365077,3.5160515353691477,28.90858975586029,63.39361051306458,12.069847732250386
2025-05-26,0,14,F,0.57,179.12952990403952,201.98310214947085,151.91034728556113,332.50517833764934,350.3295872475908,271.8942291244707
2025-05-26,6,14,F,0.22,235.2822379203988,175.8686217923281,162.53742202807516,383.5349368346781,291.22190219088617,264.15617720835047
2025-05-26,12,14,F,0.02,184.20226501097147,99.90946610449737,91.28345113752209,351.07374906754677,179.8568660184759,171.97940386131597
2025-05-26,18,14,F,0.0,8.323388434634879,21.82428611111111,3.414375436648088,26.978807639829316,62.26257438818966,11.748824920512586
2025-05-27,0,14,F,0.6,175.70907515391178,206.97755162037038,155.019481247168,329.0061124933791,364.01782105366226,282.6557169326924
2025-05-27,6,14,F,0.28,230.83675978005664,175.54785928130516,160.54653077564765,379.52946460516876,288.7931057161531,257.9378720104317
2025-05-27,12,14,F,0.03,178.75140268284397,100.1430377149471,91.78477377901204,341.7835449208826,180.34802637370916,171.45738550004376
2025-05-27,18,14,F,0.0,8.291773268564139,21.07119414682539,3.7811565169727,26.81373620287888,60.35041156598622,12.841026981898965
2025-05-28,0,14,F,0.55,180.97528630406615,201.89266825396822,154.80417106760268,335.9641696679659,356.6564836486431,282.3152813346861
2025-05-28,6,14,F,0.33,237.8517473491864,189.85602035934744,172.01481379292676,387.58109696707453,314.4840799373342,276.51061698340186
2025-05-28,12,14,F,0.03,183.9859114004819,99.82646957671957,90.5991377161183,348.1266271422449,179.22944216281172,169.5539046121476
2025-05-28,18,14,F,0.0,8.585154836314274,19.9151996031746,3.7724248141760106,27.614884295612526,57.06605572194445,12.908721350729383
2025-05-29,0,14,F,0.45,188.59712127992026,194.67857218915344,153.08478605484072,347.600933337671,346.11040366854985,281.8066544003427
2025-05-29,6,14,F,0.21,247.9146462917618,180.1011364858907,166.24413173488182,401.020705234457,298.76658707846667,269.8243014018847
2025-05-29,12,14,F,0.01,192.6634952356955,99.41294265873016,89.42600967215363,360.72613534386795,179.6031015491155,168.55418459014857
2025-05-29,18,14,F,0.0,8.450994883907063,19.259192857142853,3.907393865705194,27.30358669956614,55.1929339205026,13.332730752342478
2025-05-30,0,14,F,0.44,189.68184531635526,191.39971911375662,153.40005654575552,349.58089269609803,341.3334524553894,282.5357816011764
2025-05-30,6,14,F,0.19,249.4506815269021,177.67290348324516,162.62496043124438,403.31752047132244,294.3987484882172,266.38118327319523
2025-05-30,12,14,F,0.02,192.6716223239263,100.47252729828043,89.98456776791552,361.7284550390121,180.10854756099224,168.18034796604042
2025-05-30,18,14,F,0.0,8.47453703644376,19.041032738095236,3.580489013174951,27.176635253363795,54.514930060948345,11.762410226275508
2025-05-31,0,14,F,0.49,186.1215680960715,197.77882395833333,156.65519948611737,348.34023153291133,356.225912696928,292.1156675700782
2025-05-31,6,14,F,0.22,244.93597866407953,183.11773130511466,166.24520117603265,401.93489870479783,301.37719449834657,272.5867261656082
2025-05-31,12,14,F,0.01,192.91171674630263,101.31363349867725,91.21811709140549,360.8699628178855,181.43091692792478,170.41791667396492
2025-05-31,18,14,F,0.0,8.079674154472755,18.096394841269838,3.9640163325583715,25.677024933674108,51.94768513421042,13.054761308319755
2025-06-01,0,14,F,0.57,181.1657180353027,206.9340431712963,157.05013506910848,338.8923550800132,370.7740892879005,291.6915574273289
2025-06-01,6,14,F,0.22,238.27074589600412,181.08928170194005,165.48349438048484,391.00765898013805,301.86157774636496,274.9164449139564
2025-06-01,12,14,F,0.02,187.80782366037545,100.45343804563493,91.82768357323616,349.8326156012747,181.96531579085644,172.5205356822859
2025-06-01,18,14,F,0.0,8.55391882839861,17.52307777777778,3.8251046117715437,26.696529019702282,50.409661337919154,12.789735199103703
2025-06-02,0,14,F,0.48,198.8840249975177,212.15643037367724,159.78199585157947,389.963064222023,380.32382444584493,298.6340914652366
2025-06-02,6,14,F,0.19,261.9856269305005,181.76646651234572,161.7732042893157,450.02672216472416,303.2986579629694,271.98745165876585
2025-06-02,12,14,F,0.01,200.67641532998212,104.95462632275132,97.16338831490988,383.9088393885307,189.04306812974386,181.9544253830638
2025-06-02,18,14,F,0.0,8.298703141280546,16.90978005952381,3.8240030861452152,26.38035311060732,49.11465412830676,12.653436329130772
2025-06-03,0,14,F,0.51,201.65508787388603,222.89835901124343,158.57886874351024,388.40683548417235,404.77322799721327,295.35209085447906
2025-06-03,6,14,F,0.21,265.5937580619001,180.35186219135804,159.63393784744048,448.2045481445905,301.6999253982331,267.38381654333494
2025-06-03,12,14,F,0.02,201.58746258432282,103.43250960648147,97.40228033505316,380.3052827674839,187.41148170668092,182.03272679761656
2025-06-03,18,14,F,0.0,8.246796146087773,16.152908730158728,3.889281467846456,26.548726907651226,46.76821114061977,12.721132601882308
2025-06-04,0,14,F,0.48,202.9473943418634,216.34197799272485,150.71265590980815,388.87412536656166,392.32808129930106,281.16961884533737
2025-06-04,6,14,F,0.26,267.18548676394977,193.7081320767196,165.40987887693382,448.70730207985696,319.3759996382566,272.7657433187025
2025-06-04,12,14,F,0.03,192.12371920312447,102.51142060185184,96.71973065698442,367.18668409304905,186.10238833081561,180.9117074097032
2025-06-04,18,14,F,0.0,8.473667401073477,15.60432986111111,3.9749535627399455,27.309656206771823,44.864650099594044,12.842063753017404
2025-06-05,0,14,F,0.55,200.33664309459044,233.31138468915344,148.3125632368396,388.69854184360224,429.10162035943466,277.50810904391506
2025-06-05,6,14,F,0.28,264.04089756706884,199.4890499889771,172.61142953020217,448.549401159998,332.6949552201187,288.1324468182434
2025-06-05,12,14,F,0.05,191.43261272177935,105.03105596891533,98.73335272442546,369.4041715542494,190.07668966143885,182.55303848144615
2025-06-05,18,14,F,0.0,8.467603305082505,14.974532936507936,3.991690013536198,27.295940240529898,43.30419993093457,12.871386540206437
2025-06-06,0,14,F,0.52,207.71570602771882,226.12356909722226,148.50895614634726,397.34169930184044,418.7845729831413,279.41677098226984
2025-06-06,6,14,F,0.25,274.0363484457887,196.92803830467372,171.73760451060645,458.55166484468543,329.5494511583619,288.25109112224635
2025-06-06,12,14,F,0.04,200.85805905562145,104.30488551587301,98.89391144691082,382.11503807788307,189.44709463805881,182.76578451038372
2025-06-06,18,14,F,0.0,8.15416917583185,14.81806111111111,3.8116969663576503,26.903864365900855,42.81463933036372,12.513277826526451
2025-06-07,0,14,F,0.47,224.91540631425994,219.88323959986772,152.00411608724306,424.42499184192565,413.8386389821691,286.63487776652727
2025-06-07,6,14,F,0.2,296.80064637169335,195.47545527998236,178.1087783911693,489.7972499979415,329.0584220020864,300.6570006744336
2025-06-07,12,14,F,0.0,227.71100321017337,95.38225239748675,91.66380253567273,427.15538453493565,170.9094226217107,170.65428781022365
2025-06-07,18,14,F,0.0,7.717269288593154,13.85250357142857,3.875635582110638,25.678638673892912,39.85597329644709,12.564556265276517
2025-06-08,0,14,F,0.47,226.9865857919816,227.2715757936508,146.75157659189506,429.7389121658815,423.0530305619989,281.3212183999101
2025-06-08,6,14,F,0.2,299.77135878680235,198.89314753086418,182.50077599555834,495.95527056865365,331.3554738035122,304.50747472809553
2025-06-08,12,14,F,0.0,225.85731418080672,92.0820446924603,89.67158057974201,429.3338066680774,165.07764164223772,166.21272448580916
2025-06-08,18,14,F,0.0,7.022961573089695,13.287322718253968,4.015344152357804,23.804639807643323,37.811184716547096,12.747227650005408
2025-06-09,0,14,F,0.48,236.28842648017996,234.91014052579365,152.19813746889037,445.8734033204452,436.85656006414933,298.5351397811464
2025-06-09,6,14,F,0.16,312.4251962302731,192.68178913139332,179.06240218017382,514.6192027038452,319.8142625824018,297.6779982409131
2025-06-09,12,14,F,0.0,225.56010855048652,90.6206287202381,88.0438917817867,427.30429161101694,162.16878603282333,160.42405997762523
2025-06-09,18,14,F,0.0,6.602236308667577,13.073090178571428,3.870746660858214,22.782917382604786,36.99176954003701,12.502834276661462
2025-06-10,0,14,F,0.47,233.75774912566547,230.43096106150796,142.92912161130488,439.31662857627833,426.3721386752455,279.60262414885545
2025-06-10,6,14,F,0.14,309.15677833863435,186.83521290784833,175.96229317624778,507.05482161662803,314.2470048097377,296.0365193381302
2025-06-10,12,14,A,0.0,228.6421385898528,91.21524674272486,89.62996063309939,428.46618701796564,163.49003342743475,163.80817614611428
2025-06-10,18,14,F,0.0,6.767594613664255,12.79159136904762,3.654470097414461,23.834748481817144,36.23485206997775,11.853226985696462
2025-06-11,0,14,F,0.48,233.00741474815246,226.66341559193123,145.76450356853863,437.7538922978841,421.0467423004128,283.00394815740543
2025-06-11,6,14,F,0.13,308.3028543097737,176.9645972001764,168.67455574592404,505.27187224068564,295.02455469982283,284.26749361423396
2025-06-11,12,14,A,0.0,226.10722103336408,89.70100317460317,89.8433290633319,424.8504073779009,161.4046148881117,163.57956774943958
2025-06-11,18,14,F,0.0,5.917115949337604,12.341903571428572,3.6064779004032275,20.781714290165045,34.8384130883242,11.704223850875392
2025-06-12,0,14,F,0.49,231.26741184021978,232.85401276455028,149.10198232528967,437.6735938646554,428.7516353503585,289.9596870056763
2025-06-12,6,14,F,0.15,306.0025853726346,180.87798614417989,171.279609818067,505.17997888022103,299.2317797443942,286.4542780796263
2025-06-12,12,14,A,0.01,221.61517359284102,88.12659165013228,88.91229970330082,420.61522017526715,158.3357331953963,161.59814114631953
2025-06-12,18,14,F,0.0,5.704865644536482,11.879793452380952,3.5268607581476887,20.520117046246945,33.74887342335263,11.319266867659357
2025-06-13,0,14,F,0.48,228.68210565138205,229.3128162367725,149.27354766178672,434.93723257681273,425.8901080925796,290.1223667106386
2025-06-13,6,14,F,0.12,302.5900432832107,170.76885556657848,164.13062608178518,502.0246863255066,282.8475628358525,276.9993191947157
2025-06-13,12,14,A,0.01,221.22873704424106,87.90240897817459,88.8086052303902,419.69983340208796,158.69864427154693,162.17288503454128
2025-06-13,18,14,F,0.0,5.436860070788608,11.325584226190475,3.5821763033372096,19.95405277809719,32.406701068343295,11.665564353059642
2025-06-14,0,14,F,0.47,228.14819438476528,220.32511536044976,144.95921961246864,431.82911776701206,412.78566711999326,278.3927411538901
2025-06-14,6,14,F,0.13,301.9808463128722,171.90981424162257,164.95778612083458,498.4391122482232,283.54799389686326,275.59582860885246
2025-06-14,12,14,A,0.02,216.6478506718481,87.50213536706349,88.68204154749031,415.8658056616021,158.29838644025213,160.96284898435744
2025-06-14,18,14,F,0.0,6.052106792272991,10.891953769841274,3.5548318802897887,22.680675925127467,31.67134587095972,11.175876278573947
2025-06-15,0,14,F,0.45,229.50775549478809,213.35657901785717,143.43254621287355,433.8411448917826,404.4063031552368,277.7915165155517
2025-06-15,6,14,F,0.12,303.6040206847907,168.97453788580245,163.78671114216067,500.72697665225843,277.698086491149,273.11719302142706
2025-06-15,12,14,A,0.05,211.4759130113752,89.33975481150793,90.6269288273013,411.9368644743215,158.51051798978656,161.19054806779138
2025-06-15,18,14,F,0.0,5.7984974964591105,9.992750529100535,3.979823467746384,21.79573695611414,29.702998413110723,12.433760742753432
2025-06-16,0,14,F,0.5,209.75402624061883,215.13952314814816,145.4650255631425,385.09050529919864,407.9772651667921,278.95359175703305
2025-06-16,6,14,A,0.1,277.01588554148043,164.6361241622575,164.1733778941046,444.3724973755172,272.674377447926,274.4755886160773
2025-06-16,12,14,A,0.05,196.93575880456856,87.50788196097884,88.40875150820094,377.21385832655056,156.15704102226226,158.7576834676612
2025-06-16,18,14,F,0.16,6.996047996975566,9.688188425925935,3.7834678966894235,26.174897326078845,28.870238556185566,12.082347309872963
2025-06-17,0,14,F,0.52,195.8043449386628,202.7964748511905,140.07558330839115,366.78657076997996,379.2938086472462,267.9399030210117
2025-06-17,6,14,A,0.1,258.29101552070887,164.9832624559083,163.64959581204994,423.1966111029361,272.581837182457,273.3114574031203
2025-06-17,12,14,A,0.08,178.128033155765,88.37363716931219,88.81559897561944,350.10603492204905,156.35971474236592,159.57781308644675
2025-06-17,18,14,F,0.16,6.501112292900934,9.227614517195777,3.744318055430234,24.900049289595092,27.592477985774522,12.000752957907528
2025-06-18,0,14,F,0.53,194.92658207070295,203.3889,141.39803789007655,368.1074532852528,381.99192709021196,270.8676974735088
2025-06-18,6,14,A,0.04,257.38987309652276,154.56621143077598,156.23595276496297,424.7731452898376,254.95570258826478,263.3560708923359
2025-06-18,12,14,A,0.06,186.68119124282217,89.43741499669315,90.52860484469663,366.2918206953402,158.13083515913252,162.4015856165724
2025-06-18,18,14,F,0.02,6.022648630808466,8.53690171957673,3.718729806177816,23.72172342680789,25.642370515713573,11.91982262777879
2025-06-19,0,14,F,0.45,193.01610346741649,180.6911584490741,139.17088150134023,360.61496942015003,333.59882923270067,268.0926896925297
2025-06-19,6,14,A,0.06,254.44509896726382,161.646117835097,160.15174641419827,416.0517377943646,268.05566934358814,268.63606936254894
2025-06-19,12,14,A,0.01,179.6286692063748,86.71291522817462,87.37591378644571,348.41094462650733,153.67739309167925,158.1349665707524
2025-06-19,18,14,F,0.57,5.916704744154636,8.524782969576728,3.5969198853504136,23.655829802350333,25.64343991567705,11.741712438069435
2025-06-20,0,14,F,0.46,196.46344198637124,186.6032874173281,141.78454511145566,371.5454810584091,341.78416762761935,272.91624301530476
2025-06-20,6,14,F,0.1,258.8127615856221,162.84939004629626,161.60398757903542,428.6485206707322,269.67396494833065,268.7977924011742
2025-06-20,12,14,A,0.01,186.63018506922083,92.62097174272486,91.75636614888707,368.07604235035075,166.41289171394263,169.21789809926784
2025-06-20,18,14,F,0.7,6.107782450484232,7.988113723544984,3.4736135915529323,23.894880701810585,23.668030758071428,11.581932003381153
2025-06-21,0,14,F,0.5,183.37696359074656,188.61307438822755,137.800712486306,344.5955526693459,344.2958528216236,265.8050504986306
2025-06-21,6,14,F,0.14,241.3319503123368,159.93736060405644,154.90344570684286,397.51321869690287,265.6555141806119,257.625036111012
2025-06-21,12,14,F,0.08,164.0829964636211,91.45372628968255,89.4624596915334,319.41451412546724,165.12749509068038,167.89836807284743
2025-06-21,18,14,F,0.88,5.793629632720336,8.02841531084657,3.470459104281293,23.226123073648417,23.82077850246018,11.69082340150705
2025-06-22,0,14,F,0.46,189.63566206657845,177.47258652447093,144.20141201136693,361.7182143392728,329.4563712669514,276.36847642696864
2025-06-22,6,14,F,0.12,249.47776820516845,159.80286591710757,154.7116334369955,417.2733627773231,268.25431901201426,261.5917797594006
2025-06-22,12,14,A,0.04,179.06379021453367,96.90886202050267,95.20399209698665,356.48122156572015,175.74508450741112,177.0992846650076
2025-06-22,18,14,F,0.96,5.780684416952317,7.507322354497364,3.4406902270048296,23.23193036198378,22.262275610166096,11.669302972814132
2025-06-23,0,14,F,0.45,182.63391801098797,170.86490540674606,138.4094289254227,343.220896178944,312.7343621011452,258.09726057902606
2025-06-23,6,14,F,0.19,239.73934647636145,160.3617982583774,153.59053684048297,395.8019223258126,268.7823007221876,258.6237653344557
2025-06-23,12,14,F,0.03,179.48835402988453,96.29891807208995,94.2318779507234,357.4073936828717,174.78108463993945,176.6969785330221
2025-06-23,18,14,F,0.87,5.929879808098586,6.937036044973561,3.387572320551707,23.424856635313603,20.075596834895645,11.543688347565654
2025-06-24,0,14,F,0.44,183.86597285613087,167.18964867724873,139.13060660965715,346.3786589826886,306.72539092008947,258.05955863872236
2025-06-24,6,14,F,0.2,241.29139877203644,163.0998382164903,155.56064763522528,399.4419753240157,271.2053386201659,259.520961545189
2025-06-24,12,14,F,0.03,177.52046072931012,95.63802858796295,93.7162119607861,356.134507349184,173.61612828809777,175.77168825226354
2025-06-24,18,14,F,0.88,5.730761226259701,6.819111541005307,3.181304648411959,22.301626569946237,19.63876407611162,11.004031191053224
2025-06-25,0,14,F,0.44,189.10937581888206,169.71880582010584,140.08617485475224,358.000656645837,309.96560671492307,259.7375711835948
2025-06-25,6,14,F,0.19,248.42771434471376,162.85300164241622,154.72600243836126,412.8974848060766,271.20155040501,258.1433875644362
2025-06-25,12,14,A,0.05,177.50499786514405,99.60205793650793,98.23219920182125,358.410832970703,178.50159611942618,182.40045873306298
2025-06-25,18,14,F,0.91,5.9475726350376465,7.447632671957687,3.555491015282036,22.746375567636026,22.412083386687954,13.062455907074673
2025-06-26,0,14,F,0.45,190.0785128628427,170.79845820105822,137.16935206527842,355.3876141675884,311.4206253609161,253.22461525724313
2025-06-26,6,14,F,0.19,249.3954330030237,158.4718949184303,151.53202010028704,409.7922538432119,265.5716130199661,254.24914986148414
2025-06-26,12,14,A,0.0,183.66109833230942,101.88682293320105,100.82457213062469,364.32735239026687,181.65076119590657,185.04357048754554
2025-06-26,18,14,F,0.91,6.538601009277788,7.624200132275146,3.494525514698666,24.209429550228467,22.855465384485655,12.937130205957978
2025-06-27,0,14,F,0.47,198.30206211473077,179.82902017195767,138.31082128231958,370.69376573259274,326.73038083625335,254.83473663932165
2025-06-27,6,14,F,0.19,260.4060283317019,162.9434290564374,155.5343239751545,427.4919869758958,274.5667384216848,264.66481487691823
2025-06-27,12,14,A,0.0,197.96848530811155,100.55810585317458,100.27918524575792,384.2720256596463,180.41753967039338,184.80902114268272
2025-06-27,18,14,F,0.91,6.747624037037478,8.054573280423293,3.4279214135777965,24.783898385395762,24.095323433117656,12.607811650446715
2025-06-28,0,14,F,0.49,199.14303693844826,190.25223397817462,139.3859609411705,374.83148912075814,339.9727434175649,256.51599381057446
2025-06-28,6,14,F,0.21,261.42330670181144,160.43979671516752,153.96703414127452,432.26984493809044,270.6193600478831,263.247572315894
2025-06-28,12,14,A,0.01,200.41274616793686,102.41281352513224,102.5589743185587,387.0035288252764,181.82342451941113,188.24024655937043
2025-06-28,18,14,F,1.0,5.825042585597283,8.083131779100537,3.263184728587635,21.746059874754955,24.146874283273863,12.159894459306473
2025-06-29,0,14,F,0.46,201.0952488969065,184.6023788525132,138.07961173368264,381.412826307066,329.5750261122244,252.88643040803444
2025-06-29,6,14,F,0.21,264.3687135921643,162.43890033068783,154.26577158460836,439.93751822810754,272.5836295710237,263.2364184742405
2025-06-29,12,14,A,0.0,208.48601703222727,97.87122146164019,98.7036641718018,399.7167269518394,176.4855996529549,183.53255597117843
2025-06-29,18,14,F,1.0,6.178310522168087,8.289413425925932,2.9692944433681627,23.031173662934336,24.3667110211785,11.109137760146925
2025-06-30,0,14,F,0.48,202.3246282190389,188.54779146825396,137.63034487690987,384.61218535527524,339.0252871053146,253.3666892079243
2025-06-30,6,14,F,0.21,266.2520443944079,166.35982052469134,156.3609786604321,443.6685698295653,277.4527041128206,266.1603727724911
2025-06-30,12,14,A,0.0,208.25018638086868,95.30769699074072,95.67120490990509,400.3833024226845,172.22231475927475,177.74483267491308
2025-06-30,18,14,F,1.0,5.316433607388929,8.005141369047621,3.2243109350644916,18.51773669843451,23.9554414536209,11.839407310330177
2025-07-01,0,14,F,0.47,205.12950233104004,186.0460453703704,139.3637984830457,387.52323510651433,336.6730591043841,257.2039082354465
2025-07-01,6,14,F,0.22,270.2659138716054,170.06045194003528,159.54024607550207,447.0868500232513,281.9880807634872,270.0209311984757
2025-07-01,12,14,A,0.0,209.84693185535454,91.83062190806875,92.2474162540127,402.29756132096213,166.96832289247055,172.03691230814007
2025-07-01,18,14,F,1.0,5.586531024775027,8.168672685185188,3.2776586046905622,19.0108743219725,24.37618760170985,12.024542700500916
2025-07-02,0,14,F,0.45,215.6341365119435,191.21933206018517,141.3589893441669,400.4889485489776,345.66123930786824,257.88217571830654
2025-07-02,6,14,F,0.21,283.9841338266669,170.59883284832455,159.8532567915926,462.0237264678201,283.9989620248529,270.95793759742094
2025-07-02,12,14,A,0.01,223.27818339218518,90.72675514219574,91.02465025861632,419.93605122170095,165.6985082057989,170.57900660116763
2025-07-02,18,14,F,1.0,6.5135792603118805,8.52161474867725,3.3419151060477765,22.870803564265696,25.262351909229853,12.163856210339066
2025-07-03,0,14,F,0.41,234.11382659411493,190.25570575396827,143.6984667903216,430.19409394939396,343.5322580807392,257.492859423569
2025-07-03,6,14,F,0.18,308.85705022086677,151.74478600088187,145.81275758377052,496.38294103726196,248.80519485660565,244.8001567466132
2025-07-03,12,14,A,0.03,242.92310220217885,91.79377635582009,91.9517111670823,453.40270009698014,166.65225039017855,172.11590572175388
2025-07-03,18,14,F,1.0,7.2072903879429715,8.341577943121695,3.2806726826496972,24.829304269799856,24.775359991656494,12.015568372598377
2025-07-04,0,14,F,0.41,222.8948379040256,183.12343124999998,138.06041525214982,411.97569560008844,334.2539561135646,247.273469882572
2025-07-04,6,14,F,0.19,294.0374696527001,154.48534769620812,147.07731102082207,475.3455788802907,251.99532580390573,245.62018446020457
2025-07-04,12,14,A,0.04,224.76953645127819,85.91548559854496,86.18737422443387,424.5635746671472,154.6855146426991,159.33879228454077
2025-07-04,18,14,F,1.0,7.016744467197184,8.218363260582013,3.4109886927109474,24.58072202542083,24.625663542824245,12.175656549316322
2025-07-05,0,14,F,0.4,232.27950935195207,188.25405651455026,139.92657980703353,434.38332701014224,343.80161578624063,250.892626116211
2025-07-05,6,14,F,0.16,306.74654768411324,162.75064144620814,156.2428083296569,501.2619354077626,269.04375100500545,263.6888039087959
2025-07-05,12,14,A,0.04,232.12291491052093,87.8444696263227,87.55528860442413,441.2113620495623,160.96778475338928,163.38354832571207
2025-07-05,18,14,F,0.98,7.3474450430041855,8.557306712962964,3.7422021047345275,25.206618132546744,25.754482828775586,13.190250411171187
2025-07-06,0,14,F,0.44,223.80873704733457,195.68235135582006,138.07804337894405,417.28057529777396,354.6295519829577,245.72576727388898
2025-07-06,6,14,F,0.2,295.5137839531523,162.1516320767196,153.06253660058073,481.5059851013031,266.661995315568,258.2959198783816
2025-07-06,12,14,A,0.06,214.3894998969268,85.35534677579362,84.92087636832962,407.6633088517226,154.38640525189334,158.01958001871876
2025-07-06,18,14,F,0.84,7.2286564647117775,8.807617824074077,3.672166840841599,25.07285852205732,26.20994904498732,13.058349847265422
2025-07-07,0,14,F,0.45,223.11568040291854,199.65265667989416,140.3655568809392,416.9461738852156,360.60818976704417,246.26440433225974
2025-07-07,6,14,F,0.18,294.97132727764733,163.0387081900353,153.8453504899708,481.1926764914621,268.54056135557846,259.5404583957862
2025-07-07,12,14,A,0.07,221.12285751972584,84.02361656746028,83.3151432476523,415.09894098052695,152.15038795172896,154.47569320483308
2025-07-07,18,14,F,0.92,7.254837066872009,8.96851683201058,3.6775443979470217,25.25508862594491,26.460792865552968,13.063085562225007
2025-07-08,0,14,F,0.43,231.05711480075692,196.23729024470896,143.96886590433675,426.6689348662992,357.8035378075835,252.59745316114325
2025-07-08,6,14,F,0.19,305.4610177630802,163.46373126102293,150.6263769953862,492.395720768819,268.5776788662603,256.4406240787293
2025-07-08,12,14,A,0.06,233.2344228910473,87.69756175595235,86.90141752499444,429.93036847489594,157.37367912491976,159.19094272299333
2025-07-08,18,14,F,0.01,7.249045700305179,9.237920403439151,3.8850289164175558,25.377031739042838,27.405278837423065,13.501361307721528
2025-07-09,0,14,F,0.44,228.7312557973835,198.50683126653436,146.2475114575904,422.0951617460174,364.7265670817491,260.0022243261791
2025-07-09,6,14,F,0.19,301.9329645267734,160.77064154541446,147.12218783650772,487.03752935573357,263.3504301379739,250.27681727642764
2025-07-09,12,14,A,0.05,242.8089767041228,84.43977513227513,83.64966485936309,442.1553568647894,153.21127994376835,154.37343759233048
2025-07-09,18,14,F,0.01,7.766968495148523,8.259309490740735,3.7744856947534267,27.91660502517605,24.684050475871587,12.772874346636405
2025-07-10,0,14,F,0.43,223.49963057292453,196.88330595238094,148.4769363592333,418.1083910162516,362.2060358804011,264.8224336199965
2025-07-10,6,14,F,0.19,295.3178312576782,164.6099544532628,150.43997325964062,482.5067161905708,269.6987410147958,255.0193143338226
2025-07-10,12,14,A,0.06,233.358301296048,82.28284662698414,81.5698315913127,432.6864322595718,149.96791308258625,150.87857964249628
2025-07-10,18,14,F,0.0,7.354636795293039,8.313773578042323,3.851701267904684,26.840182720329917,24.976182153637133,12.972039948371693
2025-07-11,0,14,F,0.42,216.88934638014908,187.72547184193124,145.85180441645736,407.2757604636602,348.1609071786187,261.6096284027922
2025-07-11,6,14,F,0.21,286.4651093320257,163.0486633377425,148.55175121788957,469.9888925214718,264.9410194936119,247.4627392288182
2025-07-11,12,14,A,0.07,219.16126020585963,83.54369479166668,83.05570860031621,415.2745927130958,151.26272679698556,152.65970005678045
2025-07-11,18,14,F,0.0,7.108893532298704,8.154178207671952,3.737821160044202,26.25126118693199,24.52297709053701,12.797773911111909
2025-07-12,0,14,F,0.36,220.26640583870918,178.8478773148148,144.9056568135293,410.7840089810054,336.00938556790624,262.60579241272495
2025-07-12,6,14,F,0.18,290.82955639078216,161.21763501984128,147.67417811953933,474.0262983962828,263.91822297801104,247.0123857722562
2025-07-12,12,14,F,0.07,220.8505525001403,81.29804019510583,80.26115490033739,418.21305410096613,147.65396020724225,147.25277236711858
2025-07-12,18,14,F,0.0,7.438140788201928,8.550365641534388,3.5676927553433617,26.724783294254536,25.470055783874393,12.43524242088863
2025-07-13,0,14,F,0.43,213.23392813083677,192.41505987103173,150.7604411575374,400.0682076698206,359.22001226685893,269.6090997659946
2025-07-13,6,14,F,0.19,281.45776914547866,158.8159458664021,144.55071590913408,461.644033294919,260.2687672316961,242.52891483745054
2025-07-13,12,14,F,0.07,215.37298334367728,85.7095277612434,82.76516547465603,409.47378688768003,155.11815163027924,152.8080677748599
2025-07-13,18,14,F,0.0,7.162177881579084,9.311727810846556,3.8080575179204224,25.825415688004764,27.654915322201642,13.228036025580279
2025-07-14,0,14,F,0.38,219.98415658764503,189.11652915013227,153.90814039580297,412.49841202763673,353.10111063946107,278.23264304078845
2025-07-14,6,14,F,0.16,290.3696518118823,154.53516276455028,141.71547836275695,475.99781587751943,253.8888720018176,237.1165125589396
2025-07-14,12,14,F,0.08,225.30143623551783,88.6921373015873,83.86262572708564,429.5794966936798,158.40728740203528,153.59430320522696
2025-07-14,18,14,F,0.0,7.237601638637654,10.298366335978832,3.8461022089714105,25.922509364970644,30.02907478513211,13.277563010895424
2025-07-15,0,14,F,0.4,217.57323841738096,190.95459495701058,152.65313313724414,409.9648666216696,354.31243821865576,273.33403008332516
2025-07-15,6,14,F,0.16,287.175514778638,149.7365424713404,138.09107595220763,473.07361896996343,245.9896527683011,230.74732073098798
2025-07-15,12,14,F,0.08,226.8015975173192,89.37745582010584,84.35240941023302,430.18986938139204,160.15925172045667,156.16359178983558
2025-07-15,18,14,F,0.0,7.653250820389482,10.53566865079365,3.730660301257642,27.110354116231246,30.67086041465707,13.077634811774889
2025-07-16,0,14,F,0.4,210.60586685244178,185.79239011243385,154.25902934232258,403.6532418979865,344.4017477564406,275.4385259636348
2025-07-16,6,14,F,0.15,277.93798159250656,150.80591523368605,141.1356008630422,465.8003234288059,248.50916688099872,240.22154346572435
2025-07-16,12,14,F,0.1,213.40551957748087,93.8559798941799,89.3533998085347,416.3093684983731,165.42757841329086,164.08011135614066
2025-07-16,18,14,F,0.0,7.202012999097783,11.078500595238092,3.931394415366898,24.838982379513066,32.58063184026583,13.83018493617368
2025-07-17,0,14,F,0.53,190.6938544755808,194.67866693121692,155.7190961775839,370.0291661534106,357.169254666081,281.49050957387885
2025-07-17,6,14,F,0.18,251.21493283603155,156.84598341049383,145.7983368533916,426.9249146628134,258.398084941663,249.1204672078152
2025-07-17,12,14,F,0.12,190.48836713282685,94.46582933201061,90.33894099136545,375.5293673955917,166.53698382818578,166.38964910548233
2025-07-17,18,14,F,0.0,6.638762314134849,11.890397817460315,4.172965284724147,23.031828807312458,34.886133369731105,14.384680222808061
2025-07-18,0,14,F,0.53,192.8162915309286,198.7612783234127,158.89682274976516,372.4721483944015,362.37559896032656,285.45853147640764
2025-07-18,6,14,F,0.16,254.16063312771558,153.5943032297178,145.53825098490483,429.76712845478943,254.77681758349695,248.7712557230487
2025-07-18,12,14,F,0.11,193.62873987702352,93.60768645833335,90.04623756935837,377.56970300051984,164.92995832848166,166.1230612995787
2025-07-18,18,14,F,0.0,7.096411290224845,12.314432738095233,4.168067544165856,24.025962305758938,35.68828770828848,14.394773074844691
2025-07-19,0,14,F,0.61,187.73712906803505,204.60538779761904,160.04949579113975,357.3107080459252,373.41905453840184,289.07765776001355
2025-07-19,6,14,F,0.19,247.47307486119166,146.9606173500882,135.34581498563676,412.2641241412738,237.7839392312872,226.19690911149934
2025-07-19,12,14,F,0.14,185.174156454351,97.0844803075397,93.28551472954705,357.6197869300837,167.1918710524958,169.93074892798018
2025-07-19,18,14,F,0.0,7.080957176580011,11.96190853174603,3.869319062156012,23.821045047244446,34.98634557159309,13.58552852446863
2025-07-20,0,14,F,0.69,182.5931277383135,216.30769803240742,165.3099559290198,347.3289228472942,403.62821338748324,302.82123609778716
2025-07-20,6,14,F,0.25,240.7611974734222,162.14210831128744,144.83257550962077,400.7535583038069,271.15816088001793,241.7639959986527
2025-07-20,12,14,F,0.08,184.4010057984953,93.31439024470902,90.36733224990074,354.221132252163,161.7470609250191,164.50536108336905
2025-07-20,18,14,F,0.0,7.6752865315396654,12.306453273809518,3.9431269776818767,24.952111864977418,35.900078235184765,13.660892389753629
2025-07-21,0,14,F,0.69,178.16792889314578,213.49157791005285,161.56275775939721,342.7230342373461,403.9528131939712,298.4927963730214
2025-07-21,6,14,F,0.28,234.66910722289103,163.81454571208113,143.54970351530696,395.40620842544126,274.16527500942397,239.98963625474394
2025-07-21,12,14,F,0.07,171.23947038679546,93.90035596891536,91.72943622138024,339.6975301050026,163.0399334306563,166.58595612122508
2025-07-21,18,14,F,0.0,7.468875498072517,12.95356448412698,4.112087788807338,24.37934625141921,37.70141512438033,13.921310805809942
2025-07-22,0,14,F,0.7,170.1048777548064,212.2015548445767,155.40659892361745,330.16339042699184,401.99751205149636,289.36685285918526
2025-07-22,6,14,F,0.3,223.91005022279276,168.63381197089947,150.99537686480403,380.90790062386816,281.6767146636986,250.53005180461574
2025-07-22,12,14,F,0.1,167.58121128734314,89.51208807870371,86.47620799354122,333.6543882596299,157.47972791389037,159.62318410561176
2025-07-22,18,14,F,0.0,7.74378482732499,13.192559424603171,3.8860288489822037,24.85553449563268,38.29099408043778,13.476627090632805
2025-07-23,0,14,F,0.68,169.09388766561491,207.49076765873016,151.60815687346548,329.21890435259746,393.2573336588297,281.52453078708226
2025-07-23,6,14,F,0.44,222.65506542181504,191.30759576719575,160.31029097073719,379.84686383611194,341.33376261447813,270.22407634529213
2025-07-23,12,14,F,0.09,163.17980629874128,90.11747094907408,86.44430393938458,328.19481317192736,157.45189351867018,160.4386478631796
2025-07-23,18,14,F,0.0,7.044664434778335,14.08373611111111,3.5064339990040208,21.514424187736857,40.03223092251074,11.932921761026552
2025-07-24,0,14,F,0.68,171.55736664873749,216.90096658399472,150.01923526021264,329.37548190486785,408.05472310512965,277.9513723307669
2025-07-24,6,14,F,0.44,225.72812544913512,187.79325349426807,161.20336027293862,379.9926916948543,336.69708307257963,270.02774683781416
2025-07-24,12,14,F,0.08,166.11588108301757,91.85009413029101,87.9507682859514,330.256662231708,159.73050253925163,162.06783914868876
2025-07-24,18,14,F,0.0,7.163888856425642,14.335224801587302,3.5028753139170483,21.70771487532629,40.957184448143856,11.883511746999028
2025-07-25,0,14,F,0.66,176.23629646147322,230.57961651785715,152.29253226299272,335.0872091134779,424.3535057883566,279.0335805910894
2025-07-25,6,14,F,0.37,231.94157088024988,184.2199678461199,161.77682244370885,386.59116925011165,331.83531292657057,272.5456147116379
2025-07-25,12,14,F,0.08,178.4632731012432,92.24394388227515,87.13632260366231,348.55523949279484,160.50615049564817,160.5415255157817
2025-07-25,18,14,F,0.0,7.568826990680898,15.228461904761906,3.890148193090562,22.637447077844055,43.48939023189307,12.969808941758975
2025-07-26,0,14,F,0.7,167.42897531971263,231.930283994709,147.92262122989274,320.52524121947147,426.0417164890956,273.55796391797446
2025-07-26,6,14,F,0.47,220.34966062457423,194.22584683641975,163.4175720110524,369.7820097502027,348.25141347625805,272.44547145970176
2025-07-26,12,14,F,0.08,171.57567241946285,91.73424189814816,86.81547788849228,338.35021267186323,159.92587745720135,161.05846221243678
2025-07-26,18,14,F,0.0,7.764567464833268,15.645049404761906,3.9124586536519748,23.25505258301167,44.648026131271926,12.964699461826942
2025-07-27,0,14,F,0.65,172.61901067189262,224.805748396164,147.75703663149608,326.58181762263496,413.2418322314415,273.1189056774817
2025-07-27,6,14,F,0.45,226.850104360122,195.10008915343911,165.95517352795022,376.6815887319062,349.12855595353693,275.89034873259567
2025-07-27,12,14,F,0.08,172.5269988530329,88.23106167328044,83.79768957458887,336.37513086004253,153.5997361422081,155.66375577366645
2025-07-27,18,14,F,0.0,7.8190769084893645,15.86791646825397,3.5725579122032025,23.354564391864795,45.47052314211996,11.933872484794316
2025-07-28,0,14,F,0.65,166.04382730312602,221.65473113425926,140.52486601048994,309.82587710598256,404.0369794399448,256.92531343243013
2025-07-28,6,14,F,0.49,217.81508945942082,198.4695263227513,164.405566503601,357.2405995415145,351.9751297505732,270.7430214818427
2025-07-28,12,14,F,0.08,156.42669430243782,85.80291916335979,82.63023506600064,301.62844052496087,149.9116630957034,154.691169701129
2025-07-28,18,14,F,0.0,7.691518586689353,16.189829265873016,3.403264859137935,23.053336362644206,46.59446585517749,11.309530644828126
2025-07-29,0,14,F,0.63,178.06345787719397,223.2438216600529,149.1016331509332,331.26181096659184,404.4744146118693,272.96251106127517
2025-07-29,6,14,F,0.44,233.80711985236272,198.19345199514993,169.31615395685841,382.02357333967683,352.1717454770304,280.47785991234247
2025-07-29,12,14,F,0.08,166.79118867410725,86.59831494708997,82.99171184212669,323.6937278791554,150.80778637312255,155.7370155845658
2025-07-29,18,14,F,0.0,7.703584407534191,16.796442063492062,3.5771577307023223,23.068632967202603,48.28603646131697,11.587516578609101
2025-07-30,0,14,F,0.65,173.35173866644084,226.31159604828045,147.7907517572592,322.2198785554152,407.57653258929713,272.20368956282283
2025-07-30,6,14,F,0.44,227.63351922018165,197.02984371693123,160.70176842399567,371.5849623393942,348.8803366991741,263.91907126630537
2025-07-30,12,14,F,0.08,157.75979996271118,83.67714507275133,79.01695423228351,300.09643250246364,146.09674798825873,147.86151375738086
2025-07-30,18,14,F,0.0,7.380374618514436,17.308373908730157,3.644252412866685,22.285803757706518,50.00465042319095,11.593814104354031
2025-07-31,0,14,F,0.65,176.40988166852773,231.8887507771164,148.45651114574363,325.27658589229287,418.07449138358567,271.44386505835416
2025-07-31,6,14,F,0.42,231.78902576709743,193.06286351410935,159.09701503294778,375.1426877243581,343.9326092597126,262.0172445153792
2025-07-31,12,14,F,0.09,163.3233718990378,90.04190553902117,83.91968851621154,307.74876941257793,163.83781660333776,162.00669083239723
2025-07-31,18,14,F,0.0,7.631622093565295,17.630230555555556,3.4711464028945005,22.797610049205332,51.04747624659904,11.0183238393687
2025-08-01,0,14,F,0.65,178.88431144187993,234.3383750661376,152.3299683346752,328.59754058005,419.9916435642525,277.44933062683674
2025-08-01,6,14,F,0.42,234.83033427729555,193.95497771164017,161.0837587985871,378.9437872609679,344.47070091198816,264.7514016443908
2025-08-01,12,14,F,0.08,167.6323501670223,91.9438373511905,85.77743113200253,315.070566052951,167.47439240708877,165.54798546325108
2025-08-01,18,14,F,0.0,7.4734104395134935,18.531086904761903,3.5798557879550974,22.229955146256557,53.496122490118736,11.216334209815102
2025-08-02,0,14,F,0.63,180.23321767511231,232.71857314814815,154.96882807207885,327.57356901942615,414.36140210481454,282.5956718341782
2025-08-02,6,14,F,0.45,236.4386742772772,199.75576703042324,159.67216694071706,377.7174733601348,353.8229171627846,261.3831982356057
2025-08-02,12,14,F,0.06,178.46492957092258,88.35715291005293,81.89493165850106,335.0761065864223,163.53310872462143,159.9916666649444
2025-08-02,18,14,F,0.0,7.2544765741483666,19.715104662698412,3.736774803977379,21.865472798694352,56.61787450620451,11.687192608306354
2025-08-03,0,14,F,0.65,178.33086475972104,239.7559740740741,153.77431135414406,325.76579055546216,437.7742761618206,281.4038682577942
2025-08-03,6,14,F,0.4,233.72500720751069,185.67103434744263,155.71346519432632,375.6079551220264,331.39371745734604,260.105938189096
2025-08-03,12,14,F,0.08,175.90309447882714,95.52961360780427,88.40992941361883,331.7203863682513,177.09523723524453,174.6949686797915
2025-08-03,18,14,F,0.0,7.090846034191433,20.54802371031746,3.784929159412585,21.286952278533608,59.05215309528748,11.811808552149765
2025-08-04,0,14,F,0.62,185.58711874815592,232.3397744047619,155.42927251410208,336.49328177752875,425.63588552388626,284.1253097860943
2025-08-04,6,14,F,0.34,243.43664941670798,183.2877564594356,159.0197810368613,388.0212752548536,327.48370021407493,267.1575157772025
2025-08-04,12,14,F,0.11,188.56136409337861,98.46661038359791,89.9683233034104,349.613129381221,181.46217921355176,177.41102185399055
2025-08-04,18,14,F,0.0,6.979533891148352,21.230921726190473,3.7097181221860867,21.1867243066436,61.16531298356029,11.707472624791322
2025-08-05,0,14,F,0.64,178.07039013536524,235.18646579034393,151.38761965193598,326.8670458671468,428.11217923849466,279.88175139742617
2025-08-05,6,14,F,0.4,233.33619558937406,186.27395890652556,154.6014950231411,376.85642233465035,331.0739979457247,257.35124564834297
2025-08-05,12,14,F,0.12,177.51436509423246,102.62487792658733,93.39417871493536,334.08632505105265,184.7903589274384,180.73063923702344
2025-08-05,18,14,F,0.0,6.956295700176762,22.261545932539683,3.943993658340957,21.273149973079587,64.00120862591488,12.190680865399061
2025-08-06,0,14,F,0.68,172.87967439929338,240.16684479166668,151.27268252384678,317.8207809292123,435.41298881039216,278.8288050884028
2025-08-06,6,14,F,0.32,226.34164021538172,165.9908556657848,145.19311256321313,366.34324267797786,270.7828575512266,235.06454812911628
2025-08-06,12,14,F,0.13,168.5711793213501,100.78142582671961,90.66029985539176,318.4321649096924,182.28038414743747,176.3225465874594
2025-08-06,18,14,F,0.0,7.220159529320127,23.165006547619047,3.8995824245065704,21.903096127926265,66.33089788883134,12.176774013861108
2025-08-07,0,14,F,0.65,173.32823222221492,234.80583587962963,148.2961554460968,323.5161297248012,430.16768457368994,275.95192462285644
2025-08-07,6,14,F,0.31,226.97921837092244,163.1424016424162,142.14400607086935,372.9349948314059,267.54626133806187,231.49146474730662
2025-08-07,12,14,F,0.13,176.93193746706754,100.11376514550267,88.2978982644287,337.16341923330157,181.66154069192768,174.28475726906302
2025-08-07,18,14,F,0.0,7.271788686242289,24.115805357142857,3.7958150247899485,22.131331035663056,68.54719918531485,12.020336166059504
2025-08-08,0,14,F,0.71,170.69139161672396,245.31102119708996,156.19081825682304,320.2903176742385,461.1191065536778,293.3495683959087
2025-08-08,6,14,F,0.32,223.45711457868398,169.76205913800703,147.418782391291,369.2027815962757,278.30122491085564,240.31999339574722
2025-08-08,12,14,F,0.13,169.22530151214139,100.03323624338627,88.00198963950731,326.81465143912106,181.1205021781196,173.49561474234787
2025-08-08,18,14,F,0.0,7.051710326934296,24.572836706349204,3.4546919424783247,21.633256665875503,69.95738879254279,10.945924769093372
2025-08-09,0,14,F,0.68,174.9271207904275,242.09996699735453,156.13338177994117,324.36789494487533,458.12568076722613,292.68874801160706
2025-08-09,6,14,F,0.28,228.8973432006205,158.64227164902996,140.17634795772992,373.872680174934,255.31340721107298,227.91797566244418
2025-08-09,12,14,F,0.12,177.08335134289214,101.78100444775133,89.21958061382175,337.2736345860671,183.80412449175103,175.14095040718485
2025-08-09,18,14,F,0.0,6.986024745290542,25.601024107142855,3.5471177336791233,21.689417345655677,72.51139734875566,11.26777487560487
2025-08-10,0,14,F,0.68,174.95268076219935,238.65382101521163,156.41423309713127,324.0609776954042,454.76066039281557,291.8923016526955
2025-08-10,6,14,F,0.28,229.0497158344019,159.1671183311287,141.54608724936736,373.5501775313882,256.109242438149,229.0618539977309
2025-08-10,12,14,F,0.1,182.0617154622003,104.59937700066139,90.77672339889651,346.69635906438026,187.73511567834083,177.19598072880567
2025-08-10,18,14,F,0.0,7.1750524407039205,26.197778174603172,3.481852961917663,22.909684988455577,74.01885528369893,11.20446834344546
2025-08-11,0,14,F,0.68,174.04913461115927,235.53831354166667,153.86648401173395,324.56129912753363,452.6213009779818,290.40193156258795
2025-08-11,6,14,F,0.28,228.12686862405045,158.09418031305114,139.9101723063042,374.19783043587705,254.84433069675183,229.38251170076012
2025-08-11,12,14,F,0.09,189.1913938052054,103.54692891865078,90.34690752331606,357.1447761592184,187.0894825975094,176.95795866002445
2025-08-11,18,14,F,0.0,7.395791025755347,26.939918253968255,3.461949084695863,23.6829040696862,76.06687893936356,11.34372156616086
2025-08-12,0,14,F,0.69,163.37861443812116,235.42601665013228,146.08392343842263,303.88673830773166,453.4097612487766,275.5999162878779
2025-08-12,6,14,F,0.32,213.831686888471,161.39150802469132,137.68332581810554,350.27290486891013,260.62119279575614,225.19209880349678
2025-08-12,12,14,F,0.12,176.05761732905444,104.2597267361111,89.31438380529627,333.2378747693353,187.85288554979752,174.2167831520197
2025-08-12,18,14,F,0.0,7.1749362404525945,27.58445386904762,3.392407968241899,23.08968614018782,77.83859295223931,11.245590999988684
2025-08-13,0,14,F,0.69,167.89770656321647,238.6781320271164,146.11717308551565,306.49916552107635,462.434100343156,271.7354997525481
2025-08-13,6,14,F,0.31,219.9344712013804,161.1877668540564,138.8967407005813,353.3101464874972,259.75322702970266,226.8225523904114
2025-08-13,12,14,F,0.12,184.37389807226458,102.82784411375663,86.5957175694854,341.7194871340041,185.98179023021044,171.23232951891478
2025-08-13,18,14,F,0.0,7.613661779673921,27.9486189484127,3.0653873465983357,24.515584693864152,78.90345931015396,10.205510284317736
2025-08-14,0,14,F,0.68,164.23331649563428,228.62609328703704,143.07139448834587,302.7011770271856,448.36448467537724,270.5251312790773
2025-08-14,6,14,F,0.32,215.09293764587343,162.72502733686065,138.6187117738164,348.92177280599367,261.0187869902619,225.39649996832796
2025-08-14,12,14,F,0.1,181.0203025139975,99.400702364418,83.08606288012277,336.4218097317177,175.34809789507392,158.58779889924867
2025-08-14,18,14,F,0.0,7.493552084574258,28.750246825396825,3.210746130845472,24.401966720409735,81.2052663861624,10.926414416141263
2025-08-15,0,14,F,0.67,164.01521181156232,225.49104229497354,140.5966017400169,300.96806695180476,444.8184063189644,266.6607396959489
2025-08-15,6,14,F,0.34,214.62483635274396,169.0255206679894,138.3465155987074,346.82004360825954,269.6597598300662,225.56382582264501
2025-08-15,12,14,F,0.11,177.71047494749266,98.80537962962963,81.37602126327411,330.56631485033614,173.2423210160648,154.56917843454156
2025-08-15,18,14,F,0.0,7.825014693372381,29.171251686507933,3.0706370267241865,25.995878652485526,82.35382608488187,10.65084873881661
2025-08-16,0,14,F,0.73,154.485664395886,242.98169874338623,139.53254916536864,284.5084761200803,495.4154284988677,263.8229337612445
2025-08-16,6,14,F,0.27,201.91101573899715,164.4778213844797,138.6441928193766,327.78266491839014,259.8669475691302,226.79370368764222
2025-08-16,12,14,F,0.14,163.2708509082332,100.23617528108466,81.8505987990157,306.8043365315283,173.06535485019404,154.37199890493193
2025-08-16,18,14,F,0.0,7.969577115128174,29.611361706349207,2.884012545950851,26.271328777074718,83.72216676074395,10.113050822500483
2025-08-17,0,14,F,0.72,156.33678431480283,242.10295816798939,137.67424335450298,287.35802153496724,480.32951294115935,259.73537372113174
2025-08-17,6,14,F,0.26,204.39066875614031,161.87411872795417,137.22191535895195,331.07851606676485,255.2136988399396,224.50780298004779
2025-08-17,12,14,F,0.12,164.78735576544776,93.28421420304231,74.10648784493493,308.2389952412186,160.05264006566884,137.44526016547974
2025-08-17,18,14,F,0.0,8.088605547827061,30.047751686507937,2.844797914359333,26.83866165828594,84.98542404583908,10.04643170478974
2025-08-18,0,14,F,0.74,151.11236172622463,252.6581146990741,136.01107772067888,276.2084416580446,492.00238648070643,255.23699917271747
2025-08-18,6,14,F,0.33,197.23215423065855,168.76162746913582,138.93275603866076,318.09301133378415,271.04067111784224,227.21764225804537
2025-08-18,12,14,F,0.05,156.15951756634794,90.8432368882275,72.36018532451114,292.51961846614756,155.87739715420196,133.6831759071827
2025-08-18,18,14,F,0.0,8.536360999721197,30.364899801587306,2.7284514920495253,27.88657803283218,85.91399763007433,9.802781686948146
2025-08-19,0,14,F,0.73,155.59082724572883,250.6951197420635,138.48814805843074,282.08742217534814,490.1657335541413,258.4873438102029
2025-08-19,6,14,F,0.27,203.35422883912835,161.94719537037037,134.39791747264525,324.94943769522166,260.8732433218271,222.29794823828783
2025-08-19,12,14,F,0.03,159.3346186794521,86.2259780919312,69.59081880397747,296.3010006929424,150.57254670354519,130.97605527141258
2025-08-19,18,14,F,0.0,8.591431284010824,30.366604563492064,2.443533618410687,28.306360297054688,86.10253897516368,9.151443200729513
2025-08-20,0,14,F,0.71,156.61976985036233,245.22599912367724,138.0420519187996,283.64599816836505,483.2640883766691,258.4088364123139
2025-08-20,6,14,F,0.27,205.08190184228323,163.74725973324516,134.79491541114834,326.8770222094825,263.57716889408096,223.6251801219046
2025-08-20,12,14,F,0.03,163.4512058926114,87.99633424272486,71.21391751457463,301.02268234718866,153.94920486272255,133.32793906857452
2025-08-20,18,14,F,0.0,8.592397224773158,30.78707400793651,2.5384306123887592,28.432237885371276,87.42535294682807,9.493124932779477
2025-08-21,0,14,F,0.7,167.68305481556575,241.5443080357143,148.8442606033262,307.9159846970019,475.76079060767614,276.3119522502488
2025-08-21,6,14,F,0.25,219.70845692653413,167.02398912037037,141.92825953123412,354.88592940601984,268.32320939657245,236.92900452817196
2025-08-21,12,14,F,0.0,156.8214293612766,88.95384120370369,74.52777643591342,289.72914740935335,154.12639448441746,139.37868434233545
2025-08-21,18,14,F,0.0,8.664681253878573,30.978141865079365,2.4514612417210198,28.734313812913985,88.09266251857701,9.33997300126444
2025-08-22,0,14,F,0.62,166.72715678396926,220.07399315476192,139.63330583293126,304.1224526749738,432.69441133871317,258.32917615200256
2025-08-22,6,14,F,0.25,218.3496894640279,166.47843787477956,142.97564738085845,350.48266256175026,264.6338410242321,236.37336390555814
2025-08-22,12,14,F,0.0,154.35204637268922,88.71341382275132,75.32583899813899,281.5640025250958,154.22077812629294,141.56429549591473
2025-08-22,18,14,F,0.0,8.759441998096145,31.101585912698415,2.386698758808345,29.15342209862768,88.5343331548558,9.23310514150903
2025-08-23,0,14,F,0.62,165.97072720438507,224.92373058862432,138.27834365300043,303.4522400076915,436.5574565587195,257.254368134263
2025-08-23,6,14,F,0.27,217.49227484667722,173.01763703703705,148.69099453067452,349.7477572805367,272.4965236655273,244.97461344500337
2025-08-23,12,14,F,0.0,154.91687946748144,87.52025363756616,74.86073513201528,281.2527846746673,151.34980595868382,139.72343477440802
2025-08-23,18,14,F,0.0,8.47684906592212,31.27553859126984,2.3190812534689993,28.49150878061882,89.20400100571406,8.98026328928409
2025-08-24,0,14,F,0.64,165.40923203098686,228.05285436507938,141.03315661542106,303.702345098219,438.78768786265897,260.14768569502206
2025-08-24,6,14,F,0.31,216.9608066813138,180.93085554453268,154.48467657470232,350.09766205669,288.0066328172998,257.2398426280775
2025-08-24,12,14,F,0.0,148.47618352196554,83.54109110449735,72.30112524185998,266.8958832396004,145.1077606708897,135.89399539650535
2025-08-24,18,14,F,0.0,8.08745452745489,31.579955357142854,2.3112389216830183,27.36461006194526,90.06177660419634,8.97798910250201
2025-08-25,0,14,F,0.6,169.60914647615175,222.5997500330688,142.3650605091263,311.104254842718,433.1191853221448,264.5388725746117
2025-08-25,6,14,F,0.31,222.52105811675085,188.54131894841277,159.36596749519043,358.6470595593332,300.5402444024387,264.15247413897146
2025-08-25,12,14,F,0.03,150.63959903101508,85.45636377314815,72.7114867039339,270.79930329973126,146.8470532577841,136.0937873247105
2025-08-25,18,14,F,0.0,7.89418578432822,31.364334325396825,2.0980730668060117,27.04871170324287,89.56539455555622,8.356995037060019
2025-08-26,0,14,F,0.65,183.0258450359024,253.84501861772486,142.76937082876998,336.8443629693932,517.8097008428714,262.0559822872064
2025-08-26,6,14,F,0.29,240.32259342768617,186.50240914902997,158.21084770051482,388.37811438675874,297.01765321284927,262.24299870540807
2025-08-26,12,14,F,0.0,173.33814971438736,84.33719593253969,72.73549392610526,319.27182616487835,146.36574786220618,136.8282421572506
2025-08-26,18,14,F,0.0,7.78605837960278,31.284706547619045,1.9719833307299155,27.094088389206096,89.41239146215355,8.122169776537412
2025-08-27,0,14,F,0.65,178.6789131048241,250.4946561011905,138.5796149542474,332.55682472184054,509.8717403666127,258.77532200698886
2025-08-27,6,14,F,0.29,234.45765243485783,189.49496621472667,163.5118376489206,383.40308374912627,304.9053350927573,271.01347560031184
2025-08-27,12,14,F,0.0,168.87828623361165,85.4631924272487,74.56577785408199,314.6510951304791,147.15545244098877,139.0805455420735
2025-08-27,18,14,F,0.0,7.391340701613962,31.33591428571429,1.9506936352373614,26.08014818366131,89.58216535781806,8.176334913503444
2025-08-28,0,14,F,0.65,183.15033923898167,257.2676342757937,141.7644432420982,336.87271856598215,517.4660081714567,262.1804107703069
2025-08-28,6,14,F,0.32,240.41272545294328,201.3974261684304,170.84623266057307,388.3779570192027,333.44754369266406,284.67981586341057
2025-08-28,12,14,F,0.0,172.24174581114303,84.18726808862436,73.59265378548609,317.79316859800326,144.15135333366143,137.71291688570827
2025-08-28,18,14,F,0.0,7.414370194252167,30.688861111111112,1.7054258298322316,26.589400424825055,87.88167458309852,7.123215172868301
2025-08-29,0,14,F,0.65,187.56745926013033,261.95224704034393,144.37567919553555,351.6402400485584,523.0560406779587,270.8898237969875
2025-08-29,6,14,F,0.3,246.58217170295578,199.07182419532631,174.1382793078186,405.54553462791483,333.0928078852066,291.01850521397785
2025-08-29,12,14,F,0.0,172.02511825552804,84.88648014219578,75.56151933392285,318.1085502057404,145.3117596440014,140.69580258201768
2025-08-29,18,14,F,0.0,6.984748880890638,30.420544246031746,1.613876877151108,25.268744440558418,87.2296771663834,6.944134538858135
2025-08-30,0,14,F,0.62,188.32551567226616,248.04879971891535,139.59851233126497,351.0780569890297,483.6395696502056,257.32599392314137
2025-08-30,6,14,F,0.31,247.64265270617992,198.42870410052916,173.79025393027936,404.8953541491982,332.423477148361,290.6394354620476
2025-08-30,12,14,F,0.0,173.45878844872271,82.07041198743387,73.0642510705072,317.38243756275176,141.41039635736473,135.6183907252805
2025-08-30,18,14,F,0.0,6.9541469286393145,29.90682886904762,1.445765521808634,25.501364377224338,85.7623880138607,6.270081822945501
2025-08-31,0,14,F,0.6,193.73663025933593,239.45119965277783,142.93632477165855,361.81342118090015,472.4962047476133,265.0707903812701
2025-08-31,6,14,F,0.31,254.92908229977127,200.86093621031748,175.3151297487502,417.3135276690024,333.4976847560981,291.23843865306407
2025-08-31,12,14,F,0.0,172.6019274415991,81.55628407738097,73.69121544177203,317.59837460218233,139.76561548224646,136.06431849442242
2025-08-31,18,14,F,0.0,6.666555183000839,29.44364692460318,1.335874847693108,24.91115370157661,84.4909821342405,5.985426161720955
2025-09-01,0,14,F,0.6,193.61499295155227,236.13220868055558,142.8381590423907,362.17646318755556,466.5755588307473,266.3769319082932
2025-09-01,6,14,F,0.29,254.97745334369372,194.70932957451504,171.509770654023,417.7864023027787,321.76046955595416,286.49765397108746
2025-09-01,12,14,F,0.0,171.24037874266304,82.16889867724869,74.11792032980786,315.95677777335936,139.47886133433337,136.1009218082183
2025-09-01,18,14,F,0.0,6.416584182172227,28.997896726190476,1.3033153451816346,24.454368850804688,83.24491479564814,5.920016978410954
2025-09-02,0,14,F,0.64,194.61336981825843,254.35014957010583,148.20901442919674,363.03209829951993,492.9630244426607,273.96863366680196
2025-09-02,6,14,F,0.31,256.4169807418759,199.97909435626102,175.53120722131638,418.7893476047138,326.4825920733982,288.74202500159197
2025-09-02,12,14,F,0.02,171.3045861293645,81.77460252976192,72.31929638420173,315.50518388246593,138.87358859413692,132.66309808075562
2025-09-02,18,14,F,0.0,6.104285914573578,28.519910615079368,1.329739671157361,23.670361193286308,81.98998400676705,5.973733383173791
2025-09-03,0,14,F,0.63,196.32724356975234,256.2674035383598,147.5434075245374,363.377119256833,494.6160018186477,272.2425988755156
2025-09-03,6,14,F,0.32,258.654815285804,204.76980300925928,179.19218971993234,419.1761318177539,339.2468827858946,296.0266800281151
2025-09-03,12,14,F,0.03,171.52216144440783,81.08025056216933,72.19188728364021,314.7016814526828,136.6699523677211,132.40060488666998
2025-09-03,18,14,F,0.0,5.925069672606277,27.95852420634921,1.18007562387533,23.419558750600782,80.30461782110523,5.299891984628781
2025-09-04,0,14,F,0.66,183.6802402225842,253.37538564814815,141.21871237875501,336.3391204907865,492.04511365406245,260.11247105159975
2025-09-04,6,14,F,0.36,242.0483429992824,202.7877662257496,172.19202130621994,388.00241045723374,336.59739815782166,283.5281755828482
2025-09-04,12,14,F,0.03,170.44674006410415,79.83481081349207,69.86313512481345,306.1764205559245,135.68854789892762,127.26129012892186
2025-09-04,18,14,F,0.0,5.78293263553478,27.128546626984132,1.1480825900896143,23.42180389724275,78.14245524509076,5.2851886510738595
2025-09-05,0,14,F,0.66,186.00134189917057,252.48869608134922,143.6401216175603,342.5500713924662,492.12135377655983,264.1783059546431
2025-09-05,6,14,F,0.33,245.16282292036092,199.02295070546745,167.32369940380386,395.17619970092534,333.19403560785213,279.09003298546907
2025-09-05,12,14,F,0.02,170.31432510110693,79.72639305555553,69.78004612050628,306.4127903883335,136.05737127713704,126.69421624103725
2025-09-05,18,14,F,0.0,5.584434186820855,26.226333432539683,1.064444507873536,23.072529075774572,75.86080056926303,5.034095435941688
2025-09-06,0,14,F,0.67,183.88314971757316,252.17654168320107,144.43059452080394,340.9276597979932,491.8432151445617,266.47558536203877
2025-09-06,6,14,F,0.32,242.32319337733693,193.94545958994715,162.33901619022942,393.2876832880612,329.14148950293486,274.4171905725549
2025-09-06,12,14,F,0.04,167.730759353894,81.76529014550265,71.9022150565301,304.5973086192291,140.3305291311091,133.02118068848287
2025-09-06,18,14,F,0.0,5.4895749016401,25.39390615079365,0.9500652762058438,23.06767476043687,73.39949743873218,4.663361162001066
2025-09-07,0,14,F,0.67,188.6407070680765,252.32174293981487,147.8346038759401,346.259099544767,493.174752637842,273.372557709798
2025-09-07,6,14,F,0.29,248.66671327283396,182.3936944113757,154.09598874702908,399.4417531072582,312.8447756437512,261.7042300418172
2025-09-07,12,14,F,0.03,176.69493736915106,80.81643303571428,70.38038934175817,318.2931817630295,139.1419529652793,131.17185173904443
2025-09-07,18,14,F,0.0,5.318251108920004,24.501672123015876,0.8695088763344758,22.768660479402456,70.89584448964465,4.484655506521177
2025-09-08,0,14,F,0.68,181.24003929423125,253.463679646164,144.63751539769873,335.21147540289024,492.7896728835543,269.019790829787
2025-09-08,6,14,F,0.32,238.85974266653173,182.4081070877425,150.98293797609475,386.67883660645276,314.80160473003264,255.7322650797538
2025-09-08,12,14,F,0.02,171.5126853728278,79.69498217592592,70.75871718114917,310.33322036325933,137.77722718961246,132.89925446313794
2025-09-08,18,14,F,0.0,5.126536244488949,23.649118154761904,0.883720844328506,22.355350490060882,68.70992158478408,4.563242176124183
2025-09-09,0,14,F,0.68,172.2810799572472,225.5387778769841,148.5063077318554,318.2747847392767,408.8619975594042,278.2268401952605
2025-09-09,6,14,F,0.31,227.099267539092,179.7876002314815,152.59437372966826,367.1481783095609,312.1972820711027,257.67355943720287
2025-09-09,12,14,F,0.08,159.7388671795397,79.27883353174603,69.11207263255363,283.5921781255293,136.57959995371195,130.39477832005383
2025-09-09,18,14,F,0.0,4.7746926412814865,22.73998392857143,0.8735566373258907,21.206924221578763,66.27394056252682,4.528832191384475
2025-09-10,0,14,F,0.67,179.18990570315384,226.70263622685187,155.41884920305685,334.95848044015383,411.05513787256484,288.4439955368017
2025-09-10,6,14,F,0.31,236.40619462736214,182.42474442239862,155.74096747411144,386.44595681354235,320.07347366888996,266.59472539214937
2025-09-10,12,14,F,0.07,163.48620634506472,79.47871407076717,69.59880748642631,300.485935580247,141.19677671749832,134.65056043455834
2025-09-10,18,14,F,0.0,4.56890698666682,21.644845734126985,0.7728935775705209,20.769244636105977,63.16467632288404,4.053041160643509
2025-09-11,0,14,F,0.65,184.67128498994805,219.283304728836,156.43505519605299,347.7635615324072,400.1456205436949,289.45002963934496
2025-09-11,6,14,F,0.26,243.84047690161796,174.9451749669312,157.63450113071357,401.26879451533483,297.5737296650336,268.410759834658
2025-09-11,12,14,F,0.07,170.01162485711504,77.63661871693121,68.62364757744905,322.7327880001476,137.3485754328872,133.60095850525673
2025-09-11,18,14,F,0.0,4.2150246291761295,20.81655744047619,0.742106428699962,19.486832394990405,61.16457268297553,3.9050656465526545
2025-09-12,0,14,F,0.65,188.21076867937654,233.04029613095238,164.32959570975578,352.4647430251921,441.6611049693978,315.713255588683
2025-09-12,6,14,F,0.25,248.68447260249974,167.07420888447973,149.3441578872116,406.72279853548093,287.37976112883064,257.3917298781364
2025-09-12,12,14,F,0.07,184.27181680635303,74.70040712632273,65.34754371497888,357.182986267435,133.286669687316,129.3159933242969
2025-09-12,18,14,F,0.0,3.9114835412335016,19.74202132936508,0.7680030422980787,18.567199429080006,58.423134067680785,4.164633635264922
2025-09-13,0,14,F,0.64,187.03569728060245,226.12112440476193,161.7245391807998,352.16312834181446,430.4151764590546,312.3792751142429
2025-09-13,6,14,F,0.27,247.2217439065445,175.22880723104052,156.1285927300747,406.3907307717867,299.8770410560893,266.43788800764867
2025-09-13,12,14,F,0.07,183.83304889441445,77.5078175760582,69.2935468639724,357.5541091941425,138.8429626687566,136.0347619457958
2025-09-13,18,14,F,0.0,3.630645367664897,18.635960019841274,0.7709448796478225,17.685555540973144,55.603881227376384,4.2536787461093395
2025-09-14,0,14,F,0.56,189.06450902152264,211.18073349867723,157.09777358858557,355.21394898492406,401.19148016155816,304.89898975890696
2025-09-14,6,14,F,0.25,249.9612168518266,178.09257183641972,160.83234275545865,409.9151369751911,304.2547272027531,276.1803632044605
2025-09-14,12,14,F,0.07,187.62949095337302,77.56501395502646,70.15852830676762,360.6610923790768,138.7994234840919,137.12179035172454
2025-09-14,18,14,F,0.0,3.363108985141822,17.432547718253968,0.7647223085590867,16.863307936331772,52.435784415655725,4.267263167926737
2025-09-15,0,14,F,0.57,190.28925336117703,214.68413030753968,154.01473097753248,358.3507193843324,409.78787067586234,300.37005567595145
2025-09-15,6,14,F,0.25,251.69088057480693,175.8332589175485,159.36003474123237,413.55224832695365,301.7391584633772,276.10920367290714
2025-09-15,12,14,F,0.08,190.3982685418086,76.72963999669312,68.84498187198514,366.46109461363085,140.41112228304135,137.69061995238914
2025-09-15,18,14,F,0.0,3.0404276648464066,16.202259722222223,0.7424000054937677,15.680608622298486,49.15742081191892,4.2388854440900685
2025-09-16,0,14,F,0.49,195.7111686129632,200.1959882771164,148.64461338345654,372.7195444264845,382.4005409415018,294.6486544642764
2025-09-16,6,14,F,0.21,258.9801536696709,168.42485857583773,154.21724167629029,430.15769267399173,294.08937077108294,273.19649539555036
2025-09-16,12,14,F,0.08,190.65034146742943,76.17805166997356,68.88122294195357,369.32530982682437,139.61765962817978,137.43718264736688
2025-09-16,18,14,F,0.0,2.7335988770510884,14.97964732142857,0.7139019269753761,14.479983398928715,46.14327918335444,4.169573500256658
2025-09-17,0,14,F,0.54,193.65611928138705,211.80774986772488,151.241208121335,372.7098553208584,406.14611952656566,297.1454126518552
2025-09-17,6,14,F,0.21,256.3398980156718,163.00746653439154,148.13167532189368,430.1595832712262,281.31843883572077,262.03972885245486
2025-09-17,12,14,F,0.08,187.64371386849106,75.24131688161376,68.03946732200812,367.1734784690641,139.55705327136528,137.23251895993894
2025-09-17,18,14,F,0.0,2.446341605825038,13.499938690476192,0.6156184765295976,13.425202809525548,41.77110960897792,3.8035240496175606
2025-09-18,0,14,F,0.57,191.53298742701318,214.05391430224867,152.16822393154925,371.3958603606707,410.556979650881,298.97862043320265
2025-09-18,6,14,F,0.24,253.5801405656091,166.55278155864198,149.74588316444246,428.6477958806306,286.45849394880696,263.8034055337067
2025-09-18,12,14,F,0.09,182.40987458481985,73.44582132936507,65.87176515732502,362.59129759894154,137.49722557828335,134.35603549886372
2025-09-18,18,14,F,0.0,2.1020479172752866,12.399308432539684,0.5884071151947411,11.594639613299341,39.174207761355255,3.7576574591508805
2025-09-19,0,14,F,0.61,185.33137312969188,220.13796815476195,148.13570496160284,363.1204071655746,419.7059375491926,294.8645213630562
2025-09-19,6,14,F,0.26,245.41640118835647,173.21216791225746,154.25478910213295,419.1027956936268,300.667436281551,272.8576113080339
2025-09-19,12,14,F,0.1,178.78832331394028,73.41166975859788,64.550848096717,359.62002042380135,138.6689765903091,133.0453665331965
2025-09-19,18,14,F,0.0,1.811335483776844,11.325374603174604,0.5575981970664856,10.025336646166977,36.72324375856579,3.6859590519390015
2025-09-20,0,14,F,0.58,183.7329432505306,215.0847248346561,146.18611057137636,360.90003096757334,415.3178428353774,291.82268737942866
2025-09-20,6,14,F,0.26,243.40013171057757,171.77659931657848,154.46474280441552,416.5568679237329,297.7840067081951,270.2311748122801
2025-09-20,12,14,F,0.09,173.12906216551397,69.68582075066138,60.91019752290588,351.9350359013965,132.89972314133436,125.70958644915754
2025-09-20,18,14,F,0.0,1.5711934750955816,9.877613095238097,0.5008054425370598,8.813102281962555,32.71836796489943,3.4568878240764067
2025-09-21,0,14,F,0.61,177.9974646706855,217.69795897817463,140.90005936248653,352.95127609661057,420.09387617254,284.2697104834485
2025-09-21,6,14,F,0.28,235.85081942925257,179.22905125661373,159.61222080470216,407.3895675791793,308.83670595630485,277.82504203470296
2025-09-21,12,14,F,0.12,165.01497308172895,73.46059942129631,64.21257464318452,342.74371747397265,139.19738615578245,131.70201862690416
2025-09-21,18,14,F,0.0,1.359971181089851,8.542474702380952,0.5057858495115257,7.677356981771418,29.20734933793767,3.4639636388966597
2025-09-22,0,14,F,0.6,183.3254204275045,219.79149735449738,145.34231307729254,359.7653864683471,422.7030271828144,290.2869333734102
2025-09-22,6,14,F,0.25,243.0330855169209,179.61400952380953,163.3764217134914,415.27073421923194,308.0862368041549,282.3598028417952
2025-09-22,12,14,F,0.13,166.70455673274947,74.08254851190478,64.62601721080067,344.6524035436249,141.95976267446514,132.81504725572958
2025-09-22,18,14,F,0.0,1.1768733141504888,7.392729662698412,0.4620632308255707,6.64788401324722,26.338665509127853,3.279063125671702
2025-09-23,0,14,F,0.63,174.45398986962056,222.22057767857146,140.04961820979486,347.5956301110176,432.001598904965,282.62833175200234
2025-09-23,6,14,F,0.31,231.26572401907222,184.09708217592592,163.1162462567803,401.2193432598552,312.4567748576583,280.82053989807383
2025-09-23,12,14,F,0.12,153.33517918723817,71.54702309854498,64.34145950323604,323.6589710213277,137.8385345150548,130.66747372452556
2025-09-23,18,14,F,0.0,1.0359386970768416,6.237161607142857,0.43325580664118896,5.946316363259797,23.087874275623104,3.191622201175908
2025-09-24,0,14,F,0.64,164.97199551973603,216.0437322255291,132.68776237084677,326.3743482758997,425.1453613331204,270.7610602805002
2025-09-24,6,14,F,0.31,218.69595729384343,173.35866677689597,153.28171426839364,376.71464156943017,292.8214404756715,262.8297403160019
2025-09-24,12,14,F,0.13,147.58462115334638,69.02904300595239,61.798577026677606,305.33495701810034,131.07356199974913,124.07264648603683
2025-09-24,18,14,F,0.0,0.9180246713722748,5.15087271825397,0.40207704714809833,5.415372789606989,19.788856096956852,3.099159993615416
2025-09-25,0,14,F,0.68,154.80399841665047,224.76947352843916,126.74269697046132,307.35025035146214,446.6297417989983,262.6483829593489
2025-09-25,6,14,F,0.35,205.25014638427388,169.55885671296298,142.06601956660467,354.7589224727041,285.47735478433447,243.63318888459105
2025-09-25,12,14,F,0.15,137.48394657683107,67.07973293650795,60.02747537242691,278.6691317998506,128.42319308440375,120.60608701661734
2025-09-25,18,14,F,0.0,0.7963257854562313,4.227065178571428,0.3288324235251653,4.7612215125016775,16.991681674327047,2.558331558855214
2025-09-26,0,14,F,0.67,143.530454454451,202.51869176587306,112.54545972815717,281.08297554587364,395.4481919754168,215.98878953306684
2025-09-26,6,14,F,0.44,190.29267115729215,180.15497960758378,146.5959424580385,324.425137232441,299.90313962791595,250.05349389813694
2025-09-26,12,14,F,0.19,120.72120623231557,69.14776708002648,61.79306342425988,229.65669223255443,132.30607248486672,123.17134095051442
2025-09-26,18,14,F,0.0,0.7085010106918678,3.413092361111112,0.2575390184753589,4.374894809967346,14.465450180407116,1.9483496433125673
2025-09-27,0,14,F,0.67,143.0831771140804,202.66862825727515,111.66788166549064,283.09217039646956,395.36510158338183,214.83510788464315
2025-09-27,6,14,F,0.39,189.80943974518848,168.27267761243385,139.83028044304828,326.76800726428877,283.96778258112045,241.18489887809048
2025-09-27,12,14,F,0.17,117.16251481701552,66.0144140707672,59.180641130398435,225.03470302511337,125.53730322382336,117.40996839242447
2025-09-27,18,14,F,0.0,0.6150578905148494,2.680628968253968,0.20425222179422364,3.8869288552401446,12.02493009223731,1.4833186335060304
2025-09-28,0,14,F,0.69,139.22249807686563,214.8566332671958,111.24470421261388,272.9406530185059,416.3420845407047,212.4207310386723
2025-09-28,6,14,F,0.43,184.76227769830513,165.58287944223989,131.57327505186242,315.05906729957854,281.9481173263145,225.2402146836363
2025-09-28,12,14,F,0.14,112.81873294646587,64.43283852513227,58.62147830073178,217.11730699395017,124.087702431792,116.94519093370661
2025-09-28,18,14,F,0.0,0.533655832578557,2.0283287698412695,0.1636582555904879,3.4537901847202597,9.656027844122459,1.1268935070021417
2025-09-29,0,14,F,0.69,133.14393979848435,205.69750166997355,110.09216754320245,262.9782261625816,402.0261289956866,210.6994870416021
2025-09-29,6,14,F,0.52,176.7616455638828,178.56663880070545,134.27515975985332,303.57096417111126,308.27501845582844,229.67554147130207
2025-09-29,12,14,F,0.14,108.30196107735587,63.29394621362434,58.23518887199733,204.87545797069214,119.88287803199523,114.23842031451521
2025-09-29,18,14,F,0.0,0.46264343490336235,1.4576524801587298,0.12909261207433473,3.0685250899585172,7.343995452979118,0.7752598187182429
2025-09-30,0,14,F,0.74,123.57389055170945,202.38007915013227,106.20974676040544,237.10770510873047,399.4400786242531,200.67108501209128
2025-09-30,6,14,F,0.59,164.08807081122436,187.25745248015875,128.04222864799735,273.70293634537677,320.28384060368217,220.61479642416847
2025-09-30,12,14,F,0.13,106.9180163945077,62.85917410714285,57.449309913663484,199.73519866939967,119.21756517132509,112.97932581481437
2025-09-30,18,14,F,0.0,0.38994322724915464,1.0454960317460318,0.11728080673935672,2.6030370681153596,5.755560114194373,0.7091626875072622
2025-10-01,0,14,F,0.73,124.84392545251215,200.21088339947093,108.31715354436518,238.0378563158007,391.9971367589244,204.9074792822946
2025-10-01,6,14,F,0.57,165.86786785627683,181.6192729276896,129.04464019509618,274.79121750218906,312.8564322746423,222.2268255502614
2025-10-01,12,14,F,0.16,112.72373156174916,65.69542118055556,58.826220962233556,212.13759436738937,127.54544568373231,118.92839621503711
2025-10-01,18,14,F,0.0,0.3245321086204576,0.6679038690476191,0.11112994819256586,2.130607242396504,3.9550165255879275,0.6902718377180455
2025-10-02,0,14,F,0.68,152.46010670055088,207.41111266534392,130.80280606494193,338.2390983975184,410.2556845022541,288.71399589656266
2025-10-02,6,14,F,0.52,202.77981475446592,193.91766223544974,156.83354209591784,390.5254875828088,336.95394486935305,299.58426118777766
2025-10-02,12,14,F,0.09,133.14598554204736,68.99347144510583,62.93599023483828,284.29129702355783,133.20660092426743,126.19856524931234
2025-10-02,18,14,F,0.0,0.26534829513983393,0.39876150793650794,0.10851033201219938,1.6934615109553375,2.5813303251962494,0.687159704872226
2025-10-03,0,14,F,0.73,157.75801255031894,226.12703106812168,143.19339603375838,344.63156247365237,450.7029280874604,310.956442882243
2025-10-03,6,14,F,0.5,209.92400699740415,196.4679549713404,162.18163516296613,397.91610976954246,340.0883421139968,304.9379802419087
2025-10-03,12,14,F,0.01,144.63261516132306,70.47464566798942,64.17582225342775,301.99773327130737,134.65547807460462,125.81498748969825
2025-10-03,18,14,F,0.0,0.2174609400371888,0.19659424603174602,0.10554456967234394,1.3445381745544955,1.2227693993829984,0.669727888387051
2025-10-04,0,14,F,0.73,158.965128812851,228.97483741732805,144.9423071675621,347.2515197180439,454.2554888585892,314.6717232980433
2025-10-04,6,14,F,0.51,211.612280962575,201.93494922839508,162.7278894626042,400.9500931240916,347.2548709117976,306.96350676344423
2025-10-04,12,14,F,0.07,147.6348461375952,71.70267205687831,66.32184396398424,307.9707468606249,136.9779199175154,130.22365515446984
2025-10-04,18,14,F,0.0,0.1794965530202696,0.10796845238095237,0.1038527097140565,1.057280141230074,0.6384036191722459,0.6488527308140379
2025-10-05,0,14,F,0.79,153.6120379595531,241.83608235780423,142.61966624762053,341.4762092467146,479.32160317752897,314.63027155611945
2025-10-05,6,14,F,0.51,204.54625404571695,195.68756115520284,156.52168289244327,394.28841584127395,338.26366887827487,298.9998796712774
2025-10-05,12,14,F,0.08,144.41344869552458,70.6049202876984,65.95562912431599,302.6515232102418,135.07754209427193,129.50952078053973
2025-10-05,18,14,A,0.0,0.14978598177933622,0.09108750000000002,0.10070052439756398,0.8361304749348119,0.5957369612205422,0.605104371355834
2025-10-06,0,14,F,0.81,156.16924328312223,255.48139378306877,147.79958572024418,343.41131946436684,504.23288256522477,323.0213544345543
2025-10-06,6,14,F,0.45,208.0160866020005,188.55097297178133,150.25863703458404,396.5285136341741,326.5140410835909,286.50474287187916
2025-10-06,12,14,F,0.02,148.45247670689776,70.09424485780423,64.36770545047764,307.4390375478615,132.50256268256905,125.03553542296598
2025-10-06,18,14,A,0.0,0.1277927439488845,0.0865876984126984,0.09692403809585744,0.6701280187346177,0.5539466520643782,0.5526587575798063
2025-10-07,0,14,F,0.8,156.62289030601343,256.18621183862433,147.81419836926597,344.0150375147479,501.8088647484219,322.9775492442631
2025-10-07,6,14,F,0.43,208.6684817037652,182.59992744708993,147.70636383564735,397.22931943167134,321.3504515075636,283.305719786644
2025-10-07,12,14,F,0.03,148.7913171518607,72.65751755952381,66.44379523762095,307.9069238858994,135.29239934621546,128.05482415172455
2025-10-07,18,14,A,0.0,0.11278064157838041,0.08433214285714286,0.0935567617402702,0.555150720984725,0.5320205306934734,0.5065735411698755
2025-10-08,0,14,F,0.81,154.18815639065613,256.3100914517196,146.0072062275965,342.5087087901814,501.6512400816781,322.34962495903756
2025-10-08,6,14,F,0.44,205.45848407188618,185.4221578262787,147.1586640639338,395.492090742561,323.0913294798012,283.4194458131862
2025-10-08,12,14,F,0.02,148.3862714421546,73.64339166666667,66.06103518439208,308.3269637131234,137.48220527115222,128.25051923926037
2025-10-08,18,14,A,0.0,0.10539078059957041,0.08531507936507937,0.09168928332761607,0.49619958009263504,0.5399817146375024,0.4838557763137609
2025-10-09,0,14,F,0.79,157.41108768323042,242.64043263888888,148.6841139050373,346.81096088121353,477.8299784571742,324.38637953021464
2025-10-09,6,14,F,0.42,209.7834430899316,184.09039316578483,148.5911854289528,400.4611811536444,322.3215818388702,283.73377270000987
2025-10-09,12,14,F,0.01,152.48159103281466,74.29051881613758,66.07255969157761,315.6699040621414,138.8776227536268,127.93547969503298
2025-10-09,18,14,A,0.0,0.09979072801557094,0.0853486111111111,0.08750264246788697,0.4632505384548172,0.5402450191664213,0.4490621053695869
2025-10-10,0,14,F,0.84,160.68492960870833,260.8793318948413,154.58263009478532,352.90022765939943,504.2114054012439,337.14884894440166
2025-10-10,6,14,F,0.38,214.1696123308352,177.7356583333333,142.86017904335299,407.49320743130187,311.58673401691374,273.1530060113821
2025-10-10,12,14,F,0.03,159.57377740517148,73.25642663690476,64.35586976784258,329.8977165001705,136.87164954695731,124.02082932475243
2025-10-10,18,14,F,0.0,0.09629504922567586,0.08760396825396825,0.08440132837443112,0.44728222281696056,0.5551422769513507,0.4288845215566945
2025-10-11,0,14,F,0.84,166.2578014388095,270.5264043650794,161.5436421274122,362.91262298617113,520.6998048182219,350.76224780294984
2025-10-11,6,14,F,0.38,221.6161461537044,188.4727969356261,151.12135422788643,419.0549389534512,326.63512062317585,289.1753156128967
2025-10-11,12,14,F,0.02,173.59176023207004,74.09701390542328,63.57849635615548,355.20625368526254,138.69267551116874,123.04153603191766
2025-10-11,18,14,F,0.0,0.09132384873275148,0.08807777777777778,0.07865009340272809,0.4371898663845092,0.5576866553856548,0.40629184729433565
2025-10-12,0,14,F,0.84,161.46719102847487,263.1334053902116,155.7883951100828,355.5575322772167,509.27870200523665,345.0380460016393
2025-10-12,6,14,F,0.38,215.24001887340998,187.50849592151675,151.17436282807637,410.5622039581959,324.1925735477989,290.0181727607986
2025-10-12,12,14,F,0.05,170.88604011553,75.646682010582,64.32686071075683,353.3682586424658,140.7396339826733,124.55658668993807
2025-10-12,18,14,F,0.0,0.08724599992599585,0.08938571428571428,0.07464284991461995,0.43058346247618234,0.5635578652279795,0.39231339244879954
2025-10-13,0,14,F,0.84,163.8579655782459,263.01727290013224,158.4047532953886,358.45423668960524,508.39399707428095,347.57282561226555
2025-10-13,6,14,F,0.35,218.43672503576045,180.3283202601411,147.26110841624438,413.90714193460605,307.0099809511663,282.1047618264085
2025-10-13,12,14,F,0.06,171.35700398513254,80.24868430886244,67.76602852709651,353.8555062259227,147.39981598348058,129.40619727369943
2025-10-13,18,14,F,0.0,0.08444322646035234,0.09024345238095237,0.07246064733744384,0.42510682102855746,0.5666244816755864,0.38417686132929757
2025-10-14,0,14,F,0.84,166.1319431865289,270.4083581679894,160.39675466251634,362.243043144423,515.4283465533015,351.415066596649
2025-10-14,6,14,F,0.3,221.47488755499327,174.62037797619044,145.69325506848307,418.2821318522637,297.1857701366976,277.5705091680058
2025-10-14,12,14,F,0.09,168.42687374568317,86.84291828703704,74.13547759194415,350.87675646471257,158.10330654236031,142.25851124080174
2025-10-14,18,14,F,0.0,0.08305104485492433,0.0909111111111111,0.07208343865963833,0.4213418705115187,0.5684880675061046,0.38240354596508963
2025-10-15,0,14,F,0.85,163.2759275908361,266.719756332672,157.9926584279242,358.7287040533804,512.1312099365488,348.8246883658121
2025-10-15,6,14,F,0.34,217.67097471031758,187.00847980599647,154.19280973893765,414.2241455469984,320.30889095088463,293.4103146615053
2025-10-15,12,14,F,0.06,162.6032151679062,85.6784441633598,72.95682009906567,343.2976338364645,153.9218669084048,137.81361986220594
2025-10-15,18,14,F,0.0,0.08134022974903476,0.09230515873015872,0.07398818859671623,0.41407763653258356,0.57096712884563,0.3877978964156061
2025-10-16,0,14,F,0.87,132.42891365533882,261.4825010251323,128.77072831094932,262.3215570429031,501.63308668821315,262.70657946062875
2025-10-16,6,14,F,0.43,176.54408179736018,177.30995191798942,133.5775111992324,302.9027433550667,298.4268814877372,238.51844899087473
2025-10-16,12,14,F,0.11,142.61481515478127,82.86740892857144,69.83408646724607,287.0689927007685,149.6629634739991,131.1656912878147
2025-10-16,18,14,F,0.0,0.08014673515567171,0.09354107142857143,0.07690295047704368,0.40848736855228435,0.5724106708051373,0.3952320174736189
2025-10-17,0,14,F,0.8,131.06485146933292,237.9620742559524,121.59588669134624,258.7404477605772,457.46306796590517,251.0742762745705
2025-10-17,6,14,F,0.42,174.72763719494182,166.52281917989416,126.55970579221614,298.7676412761768,278.13501063024086,223.6601899455081
2025-10-17,12,14,F,0.11,137.06889326570695,81.2905924107143,68.3836110370719,278.0080706233186,146.85756630113613,128.77057598482517
2025-10-17,18,14,F,0.0,0.07595742993482531,0.09207559523809523,0.07536437815036133,0.3963446118480555,0.5702969149577415,0.39506237263650035
2025-10-18,0,14,F,0.83,126.84631254967573,255.47243179563495,119.43733460969622,251.9138548953734,480.89105107412064,244.86606530742333
2025-10-18,6,14,F,0.43,169.10468600126427,165.84744863315697,126.9325119417532,290.8849730001061,278.02130007487636,223.98417885034848
2025-10-18,12,14,F,0.09,131.29840736920303,81.84239485780422,66.95915472883034,270.0460539436556,147.40545678070916,126.21538831945385
2025-10-18,18,14,Q,0.0,0.07078051178893957,0.08790277777777779,0.07085101972512507,0.38167486089504205,0.5613938202621859,0.38271652416750207
2025-10-19,0,14,F,0.79,128.0251190535845,242.71599533730156,118.10702500794666,253.19257862779648,457.06132355371284,245.281421508676
2025-10-19,6,14,F,0.46,170.67864105340715,178.79716344797177,130.19630776073092,292.3615274949041,299.61001242540596,227.2779822007311
2025-10-19,12,14,F,0.07,131.9692757863118,79.5784849371693,64.58757840723307,270.349366968088,143.97393447063206,122.77610482027217
2025-10-19,18,14,F,0.0,0.06436918964032994,0.08014821428571427,0.06436918964032994,0.3556648446294365,0.5368749550510912,0.3556648446294365
2025-10-20,0,14,F,0.75,121.43678054869825,224.36934725529102,106.97337736900643,241.68144305281578,425.6716715531294,224.78459174122003
2025-10-20,6,14,F,0.5,161.8969390885081,176.35391188271606,127.41325129483725,279.06962939881123,297.49002397192027,222.89518985752764
2025-10-20,12,14,F,0.08,127.82372773867223,79.28261860119049,65.31373023219004,262.43496937529824,144.72946927271437,125.71900924355344
2025-10-20,18,14,F,0.0,0.05742653511474003,0.0706563492063492,0.05742653511474003,0.3173417391905082,0.49482964071823077,0.3173417391905082
2025-10-21,0,14,F,0.72,124.28634779927121,218.56358604497353,109.25586957320138,246.65234264889673,416.48205980925786,228.36835148066888
2025-10-21,6,14,F,0.5,165.69926206891844,180.62823472222223,132.2283892421173,284.80955355326694,302.4124279599824,227.85796515362875
2025-10-21,12,14,F,0.07,127.50952651443964,79.25091615410051,64.12104610687868,262.2949889438441,146.17867578921846,125.3448980666854
2025-10-21,18,14,F,0.0,0.05086124264299454,0.06043968253968254,0.05086124264299454,0.27664880873641284,0.4388876492347371,0.27664880873641284
2025-10-22,0,14,F,0.72,127.70879609552657,225.16511564153436,112.79998765653077,250.24712529005345,422.67867265674255,232.5011116787461
2025-10-22,6,14,F,0.47,170.26411596647466,179.14853681657848,133.48023625505797,288.9604594120287,301.2059967074717,229.64558172377835
2025-10-22,12,14,F,0.09,127.04488197466212,79.05653898809523,63.189982163833044,261.01032745106426,145.51844418269337,122.68089066930153
2025-10-22,18,14,F,0.0,0.04619607562690059,0.051050198412698415,0.04619607562690059,0.24945289275669302,0.38150340355572604,0.24945289275669302
2025-10-23,0,14,F,0.75,124.73964831657375,226.300655489418,112.65293066980753,246.0829689371756,423.4324691378009,231.71151815457728
2025-10-23,6,14,F,0.52,166.30597047210847,183.72489393738977,133.30844198104273,284.15210757302305,307.70949153347834,228.5421984515748
2025-10-23,12,14,F,0.08,120.59280221090988,79.181758151455,63.018636980475726,249.40729213999225,145.6950049767242,123.08081999933233
2025-10-23,18,14,F,0.0,0.043311040002321596,0.042710119047619045,0.043311040002321596,0.2350173381154406,0.3241781999111276,0.2350173381154406
2025-10-24,0,14,F,0.78,120.78532839461805,235.54294588293652,109.91168294344382,238.03023770731048,464.419659024149,226.7500626597999
2025-10-24,6,14,F,0.57,161.03396495772543,187.93599188712523,133.0480672076887,274.85361436402445,314.54105449922986,228.93297459172135
2025-10-24,12,14,F,0.09,109.92027029289225,78.72574611441797,63.075218680191284,226.80984133014573,145.43004753118544,123.9774718830221
2025-10-24,18,14,A,0.0,0.04100164987529426,0.03436210317460318,0.04100164987529426,0.2265437990004648,0.25863387605887617,0.2265437990004648
2025-10-25,0,14,F,0.77,112.91271804942262,226.12210133928573,101.77450126070478,215.7577021136114,445.42720962123894,200.31435634731227
2025-10-25,6,14,F,0.57,150.53693684105323,176.25716944444443,120.9743275818843,249.13550236056534,297.3578382384603,201.89337453521136
2025-10-25,12,14,F,0.11,98.60772713845556,77.48508672288358,61.288134199529964,187.16731927281302,145.09504203377202,122.26564877873699
2025-10-25,18,14,A,0.0,0.04142207999570466,0.02828690476190476,0.04142207999570466,0.22698803789336675,0.21314533736694746,0.22698803789336675
2025-10-26,0,14,F,0.8,110.97044429691348,229.93649619708992,102.1895800143356,212.64445083740995,452.41618600497725,199.19295821077236
2025-10-26,6,14,F,0.57,147.94753362587235,175.0930865520282,120.24040073481684,245.54062943561667,296.74821859124523,199.918117304739
2025-10-26,12,14,F,0.08,100.06160658756049,78.12628249007935,62.013773338474245,188.95059415678364,145.83766531159927,125.00510454742565
2025-10-26,18,14,A,0.0,0.041151624350776524,0.022755753968253963,0.041151624350776524,0.2267996245512627,0.16659075050782954,0.2267996245512627
2025-10-27,0,14,F,0.84,107.05726655693319,236.849407390873,100.18693681046001,206.4156300987058,464.54265172976835,194.54366425930058
2025-10-27,6,14,F,0.6,142.73038411869433,175.7833242283951,119.30000709371743,238.34820653711338,299.34887417038783,199.43593937384483
2025-10-27,12,14,F,0.0,98.31249723790431,74.28917660383595,58.883627304535196,186.87252287208338,141.07243778221712,124.6509396900032
2025-10-27,18,14,A,0.0,0.0396963416210995,0.018568849206349203,0.0396963416210995,0.22393618068699836,0.13007356366412703,0.22393618068699836
2025-10-28,0,14,F,0.81,109.91232799888334,228.88575142195768,102.05538038256539,211.25672167900507,455.5856449598315,197.09697170596755
2025-10-28,6,14,F,0.6,146.5377978584573,181.44102442680776,123.30096240732844,243.93821969579292,310.67354123780024,210.43537465104245
2025-10-28,12,14,F,0.0,103.13371005312406,68.27234222883595,52.585520786391704,195.3303863031167,129.5836909511734,108.40557216172837
2025-10-28,18,14,A,0.0,0.03714299484890507,0.015291071428571428,0.03714299484890507,0.21634716783291705,0.10133756129572627,0.21634716783291705
2025-10-29,0,14,F,0.82,110.58390609051561,228.3117412037037,103.74515933453172,214.31078284428108,451.949797090759,201.1028658976481
2025-10-29,6,14,F,0.55,147.43416174487652,168.447587345679,118.41519023781974,247.46474889786225,285.9113361314404,203.84814256432833
2025-10-29,12,14,F,0.04,104.34166837842663,67.54736793981479,52.36564453970494,200.57069874711723,128.56146549247623,108.57899366744587
2025-10-29,18,14,A,0.0,0.033944420959748936,0.012884722222222223,0.033944420959748936,0.203781831829151,0.08035462533975293,0.203781831829151
2025-10-30,0,14,F,0.78,115.80301035842263,221.96127977843918,107.33272996611547,225.83463289447914,441.47296304579186,211.36997786325267
2025-10-30,6,14,F,0.45,154.3940732615514,159.1280138227513,114.51012939090123,260.77134975939185,274.8850707886403,199.94328870329497
2025-10-30,12,14,F,0.08,101.70643183434842,68.28494169973541,52.15311948789734,196.14778887856002,131.20945321151717,109.62798724539994
2025-10-30,18,14,A,0.0,0.03041199236882882,0.011354960317460317,0.03041199236882882,0.18821436108305514,0.06789920444516058,0.18821436108305514
2025-10-31,0,14,F,0.81,113.62059342510027,223.55749717261907,106.11741186649569,222.70631383285908,444.17364119920865,209.06129641306148
2025-10-31,6,14,F,0.47,151.48545724361978,160.3091925705467,110.14184977945045,257.15908260992853,277.4052512029093,193.62870348748493
2025-10-31,12,14,F,0.11,97.32950673489172,66.01729249338621,49.578331507844744,186.29238060668592,128.2694755394681,106.19463228581151
2025-10-31,18,14,A,0.0,0.026630121926390624,0.0105890873015873,0.026630121926390624,0.167121428617314,0.06399448559452554,0.167121428617314
2025-11-01,0,14,F,0.73,122.07132527138207,207.4407527281746,108.9629374662368,237.50567625382234,419.33216452229516,218.27960623946038
2025-11-01,6,14,F,0.4,162.75446862141715,154.59911320546738,111.63576256995286,274.2479207514235,267.5876116075119,198.02852464798693
2025-11-01,12,14,F,0.08,108.03362394406173,63.653312698412684,50.01733332157399,206.05248804381915,124.23881612455143,107.18810208010733
2025-11-01,18,14,A,0.0,0.023072597287039077,0.0101984126984127,0.023072597287039077,0.14505776499899029,0.06269802849992795,0.14505776499899029
2025-11-02,0,14,F,0.72,119.7911532347112,196.10412180886246,107.99505437642516,235.1819914027041,405.80486888804165,217.68633753000097
2025-11-02,6,14,F,0.36,159.71551362706546,144.57244878747792,108.07166568640864,271.564764583394,246.51361354734374,193.61134594991097
2025-11-02,12,14,F,0.08,106.76707978262623,64.08508037367723,49.37202955771712,204.8742799561614,124.53597997467415,106.1034532014865
2025-11-02,18,14,A,0.0,0.019282990408746772,0.010326587301587302,0.019282990408746772,0.11751765520884341,0.06284621094512167,0.11751765520884341
2025-11-03,0,14,F,0.77,116.52498421490534,202.33588860780424,108.87018830280488,230.27479486945708,411.3705242443503,216.2934046043502
2025-11-03,6,14,F,0.41,155.3616740891778,152.30203401675485,111.11667572658777,265.8984247634606,259.47182848083264,196.82230485445902
2025-11-03,12,14,F,0.09,100.58651842853334,63.56379713955025,48.21550827592803,194.88045956286987,122.98454929421287,102.2271437223113
2025-11-03,18,14,A,0.0,0.015888612954390934,0.009984920634920636,0.015888612954390934,0.09420113263442996,0.06208697656296495,0.09420113263442996
2025-11-04,0,14,F,0.74,116.65698928491696,200.20162782738095,107.0684789303644,230.56410744420154,407.78933328358596,215.13005074306236
2025-11-04,6,14,F,0.42,155.53857483662463,150.6725553791887,109.2319592436253,266.23249595577846,255.49787664163856,194.64718141286048
2025-11-04,12,14,F,0.12,102.89103057177597,63.207940873015865,48.73699847676196,200.05959880625238,121.3977356850648,102.73888617447089
2025-11-04,18,14,A,0.0,0.012990884760682773,0.00932063492063492,0.012990884760682773,0.07516924822493234,0.06011187387656769,0.07516924822493234
2025-11-05,0,14,F,0.74,113.9291697006933,191.35675610119046,103.43427767510761,228.3136784160142,399.44654904149075,211.26862242591076
2025-11-05,6,14,F,0.42,151.90223498401375,150.7093826940035,108.09337443829709,263.63392545812707,255.31842340186444,194.9227187626267
2025-11-05,12,14,F,0.09,102.84967282846242,63.09788460648147,49.65742827091455,202.24796262317847,121.36772119775979,105.3567301575562
2025-11-05,18,14,A,0.0,0.010583994569194817,0.00836388888888889,0.010583994569194817,0.05934825801871642,0.05600663155178838,0.05934825801871642
2025-11-06,0,14,F,0.74,112.32208791091935,200.2633676421958,100.52483478620589,224.04445742529785,415.7646030728656,206.22870472728803
2025-11-06,6,14,F,0.4,149.76003434968615,147.1013671075838,108.6195569301112,258.7042543896958,247.6134023292006,195.80592259533844
2025-11-06,12,14,F,0.09,102.16524912549419,62.95201456679893,48.68987990323223,199.64204702145767,121.68261980032892,104.56499594551342
2025-11-06,18,14,A,0.0,0.008441323599503295,0.0071047619047619045,0.008441323599503295,0.045060551658125836,0.048003575429005844,0.045060551658125836
2025-11-07,0,14,F,0.65,116.27460458135081,170.47790889550268,96.57926674961169,229.60773004766796,329.52280882072483,191.68999532134038
2025-11-07,6,14,F,0.36,155.030424846778,139.75972511022928,107.8900161942727,265.12816868616676,236.41027604669017,193.88302521755057
2025-11-07,12,14,F,0.1,105.43625837324772,64.03408082010581,48.98805136052668,203.10580166764706,122.27460122794741,104.42572352083732
2025-11-07,18,14,A,0.0,0.007255734790376154,0.006348611111111111,0.007255734790376154,0.03668034718552434,0.04300391662672245,0.03668034718552434
2025-11-08,0,14,F,0.59,122.22484039308908,159.83223668981486,95.39011050305066,239.0942606908375,313.399896882683,191.21098588704845
2025-11-08,6,14,F,0.36,162.96433383927186,149.16574023368605,116.35334874989314,276.08227096440777,254.32579900173317,208.3897484181899
2025-11-08,12,14,F,0.08,111.3555478474475,62.248985995370376,48.8603225712771,216.1403128915643,118.52157094096813,103.5294381436812
2025-11-08,18,14,A,0.0,0.006605322544928057,0.00582202380952381,0.006605322544928057,0.03210728936293576,0.03881150086258388,0.03210728936293576
2025-11-09,0,14,F,0.59,120.24677424606702,154.2830051256614,91.69284922766455,236.90360471794878,299.1964310641354,185.41998349515072
2025-11-09,6,14,F,0.37,160.32695909356582,147.93005110229277,115.30103340738532,273.5527193471291,252.7009388480133,207.35689124922348
2025-11-09,12,14,F,0.09,109.06571971057481,60.93320267857144,46.97555289463962,214.10702926558733,116.34840019724089,98.97087399619743
2025-11-09,18,14,A,0.0,0.006347822927645444,0.005484126984126984,0.006347822927645444,0.03034515462516832,0.03594419616704814,0.03034515462516832
2025-11-10,0,14,F,0.56,123.41597291243133,145.04248802910055,88.94150482967036,241.31323349142863,278.53838510814506,181.13088989313468
2025-11-10,6,14,F,0.3,164.5525235557847,139.99744320987654,111.84794304469185,278.6445200466023,238.16851616537258,201.64403480773
2025-11-10,12,14,F,0.08,113.79118481604579,59.73988161375662,45.30957646368596,221.71023853022587,113.63141287635804,94.1582010874252
2025-11-10,18,14,A,0.0,0.006570480015209182,0.005485515873015873,0.006570480015209182,0.03204967638313053,0.035959909610653214,0.03204967638313053
2025-11-11,0,14,F,0.57,120.59197915579425,146.77289117063495,86.82609807164273,233.51074631573812,280.5577962704283,176.72497550147477
2025-11-11,6,14,F,0.32,160.7871199339105,134.18896695326276,104.40686084103315,269.6349838540342,226.8273939633168,183.71982221415934
2025-11-11,12,14,F,0.05,113.6718687524448,58.824659837962976,44.94968164906922,221.39335591346682,112.67108982645145,94.64690878471201
2025-11-11,18,14,A,0.0,0.006708078596887714,0.005535912698412698,0.006708078596887714,0.03266487431993112,0.03638962791567495,0.03266487431993112
2025-11-12,0,14,F,0.58,117.54152056259308,142.84882152777777,82.90018540837754,228.8111874076395,271.50881342227717,167.86379274981104
2025-11-12,6,14,F,0.33,156.71981309346776,134.64305055114636,102.78723979384421,264.20840062160386,227.26304028006197,181.35771225001872
2025-11-12,12,14,F,0.05,110.30425311586767,56.162767873677254,42.4568338211447,214.63736786352683,107.26369222799296,89.47671499586993
2025-11-12,18,14,A,0.0,0.006780685397319125,0.005668452380952381,0.006780685397319125,0.03311556506874608,0.03745038702196866,0.03311556506874608
2025-11-13,0,14,F,0.58,112.30599994648931,140.75879598214289,81.88838667256266,217.2629653596221,269.4938631358518,163.64169042717032
2025-11-13,6,14,F,0.41,149.73912801476538,145.44630326278656,106.79933355157189,250.87366237134538,246.6685578834082,187.68686272457884
2025-11-13,12,14,F,0.03,111.15949046560145,56.25551400462963,43.24119275530099,216.24893919314854,104.50742023531117,89.05681982789311
2025-11-13,18,14,A,0.0,0.006755425844052697,0.005668650793650794,0.006755425844052697,0.03311039350293836,0.03745191679244964,0.03311039350293836
2025-11-14,0,14,F,0.59,112.23032360553309,146.36430972222223,87.94462228346231,218.73757956160563,282.95841774642304,181.41745231947093
2025-11-14,6,14,F,0.39,149.63826723920818,144.44232442680777,111.14409415352821,252.57640020772752,244.60908820141236,195.391472625668
2025-11-14,12,14,F,0.0,116.28390358750848,59.30783930224868,47.00599450914419,226.85576686865932,109.1295405574268,97.76668189603
2025-11-14,18,14,A,0.0,0.006562863693872377,0.005930952380952381,0.006562863693872377,0.03252011417523156,0.03899960673387394,0.03252011417523156
2025-11-15,0,14,F,0.62,106.10582785223434,141.76756866732805,86.75410504718666,206.29255328719879,277.08854787978896,176.3459204000984
2025-11-15,6,14,F,0.49,141.47238550754847,155.5712475749559,115.35269044042482,238.20612166785367,261.7087377026007,201.61842443480805
2025-11-15,12,14,F,0.03,110.67138977910867,59.70655876322751,47.03989221875037,215.05657228036134,109.73498510178187,97.74482483296747
2025-11-15,18,14,F,0.0,0.006151092638447881,0.006165674603174603,0.006151092638447881,0.03130552505623526,0.04004385467982631,0.03130552505623526
2025-11-16,0,14,F,0.65,106.32268358264251,150.41307885251322,87.49151055057888,206.84353850831812,290.31189639482346,176.90264602636466
2025-11-16,6,14,F,0.47,141.7616250289485,151.01605072751323,112.81716497795061,238.84234463962738,257.15761628739324,200.09208098545855
2025-11-16,12,14,F,0.03,109.63326495331178,59.240202794312175,47.5732035878414,214.98753828248513,109.63828725686776,100.09567380625062
2025-11-16,18,14,F,0.0,0.005766079325264905,0.00647063492063492,0.005766079325264905,0.030180737840705723,0.04128938331584979,0.030180737840705723
2025-11-17,0,14,F,0.62,107.55878800781325,144.0893023478836,85.74051888606563,209.43643996093263,281.342771174027,175.5151577808794
2025-11-17,6,14,F,0.41,143.40987001700117,142.57913209876543,109.74747059635996,241.8363694025,243.35750053346956,197.3844072111654
2025-11-17,12,14,F,0.03,109.72561052902924,58.57341258267196,46.35718406903637,214.05014813198704,108.37150159415957,97.77895794430492
2025-11-17,18,14,F,0.0,0.005410954669457489,0.006790277777777778,0.005410954669457489,0.02881593243082595,0.04231406924829148,0.02881593243082595
2025-11-18,0,14,F,0.67,103.84597099713044,145.6976570271164,87.30408464942371,202.73135302943533,284.56102769079723,176.26548364530453
2025-11-18,6,14,F,0.43,138.4595193804852,146.47618328924162,110.35440203016752,234.09400193576957,252.92781922132494,198.3620595849388
2025-11-18,12,14,F,0.01,105.47981938692664,57.03398835978836,44.363313029974854,208.1855885126026,105.75497930425881,93.79049212599689
2025-11-18,18,14,F,0.0,0.005110957517582575,0.007118055555555555,0.005110957517582575,0.027505810542138767,0.04315157416797913,0.027505810542138767
2025-11-19,0,14,F,0.68,105.48794533717228,148.9184873181217,89.45872992183395,207.43800660001756,289.1032487396101,182.66723075542933
2025-11-19,6,14,F,0.5,140.64890759632078,151.0379703042328,116.33809136102603,239.52877740698463,261.04172397940596,208.7130554061865
2025-11-19,12,14,F,0.0,110.54912089825221,55.39831140873016,43.91611340490833,218.5962842648274,102.3289318634054,93.01217467755149
2025-11-19,18,14,F,0.0,0.004771661623441317,0.007370039682539683,0.004771661623441317,0.026166705135652828,0.04370906270670206,0.026166705135652828
2025-11-20,0,14,F,0.68,103.7699732158764,139.44312982804232,90.60848240038251,205.41634675299778,264.44949315819497,184.2642366311714
2025-11-20,6,14,F,0.55,138.35841581623788,155.30410341710757,113.86082576439675,237.1943657350003,271.903620198283,206.56694242296857
2025-11-20,12,14,F,0.0,107.24687932892594,53.90193148148148,43.185740170295404,215.57744956524715,99.59168442055851,91.81079039049351
2025-11-20,18,14,F,0.0,0.004480698949698617,0.0075615079365079375,0.004480698949698617,0.025224846279846724,0.044137347860859016,0.025224846279846724
2025-11-21,0,14,F,0.72,99.10739938108557,141.9972699404762,88.42171394600297,196.565274635205,269.0704858757782,180.342979268021
2025-11-21,6,14,F,0.57,132.1417765710425,153.4702039021164,111.01595347678483,226.97402801386386,269.8072443521708,203.11385108916355
2025-11-21,12,14,F,0.0,109.20514170190306,50.759219080687835,40.92044259152184,218.77481342467053,95.0017587587938,87.81758281224762
2025-11-21,18,14,F,0.0,0.00411534999936864,0.0075375,0.00411534999936864,0.024165728842815374,0.04406537779074712,0.024165728842815374
2025-11-22,0,14,F,0.77,92.4547208782441,146.10041430224868,85.86921103262053,184.79762316252942,275.00599168846435,175.9212578533099
2025-11-22,6,14,F,0.59,123.27163544500317,148.6213924382716,103.40802817411651,213.38591452567178,259.57066335813585,189.7404966690121
2025-11-22,12,14,F,0.01,100.80156333547593,50.035215972222225,41.0180084585908,203.98633765230417,93.84809208519513,88.37481262273383
2025-11-22,18,14,F,0.0,0.003732953323577129,0.007272420634920635,0.003732953323577129,0.022740407531108377,0.043139774901724146,0.022740407531108377
2025-11-23,0,14,F,0.77,93.28414883046291,145.99751468253967,86.58216313987087,186.18777789498336,275.99068360740864,176.79679091054285
2025-11-23,6,14,F,0.57,124.37771160355481,148.7265632495591,102.67078696086764,214.99112705446228,260.33626448554816,188.6164949074968
2025-11-23,12,14,F,0.01,98.99548196753832,48.848112003968254,40.479131357162444,202.27980243189344,91.97535638860566,87.88559391489495
2025-11-23,18,14,F,0.0,0.0033881733000577932,0.0068922619047619045,0.0033881733000577932,0.021338982553808707,0.04170112646455367,0.021338982553808707
2025-11-24,0,14,F,0.78,95.56191651453021,148.07181524470897,89.44693338133726,189.86701996136,278.3532337761208,182.24372694326937
2025-11-24,6,14,F,0.57,127.41488412192776,148.33820207231042,103.96431366512724,219.23954994053952,260.2622613356711,188.88903100061964
2025-11-24,12,14,F,0.01,96.81008332386904,47.99378596230159,40.39252991055561,198.89045851846598,91.00311766413178,88.12903645281632
2025-11-24,18,14,F,0.0,0.0028307958588763356,0.0061662698412698405,0.0028307958588763356,0.01684134413097305,0.037650602874660544,0.01684134413097305
2025-11-25,0,14,F,0.8,92.09829028440173,146.13474657738095,87.03036838677082,185.7410944801736,277.469603578911,179.18128903727953
2025-11-25,6,14,F,0.57,122.79681743247892,143.64161353615523,103.02857547772004,214.4753416084593,252.60136288230285,189.45301490679728
2025-11-25,12,14,F,0.0,91.15411797117973,48.41602951388889,41.33051768960159,189.8506413302776,92.89722130476636,91.24749193864768
2025-11-25,18,14,F,0.0,0.0025377499484126446,0.00554702380952381,0.0025377499484126446,0.015029568473405681,0.034469843905780735,0.015029568473405681
2025-11-26,0,14,F,0.78,94.96463426633336,152.1193980654762,87.68494644121817,190.13903387470742,293.75834158343054,179.55594261014008
2025-11-26,6,14,F,0.55,126.6186694142057,141.47967317019402,104.38599167033388,219.5536446212995,251.08888220878518,190.59694781670277
2025-11-26,12,14,F,0.0,90.84223321972696,48.2197640707672,41.987992238172076,189.74737413074564,92.35253962338078,92.18906683806958
2025-11-26,18,14,F,0.0,0.0023246344717040243,0.004887896825396826,0.0023246344717040243,0.0137344219580178,0.030824719195672545,0.0137344219580178
2025-11-27,0,14,F,0.77,93.22898851785034,152.55214090608465,85.24597110831448,188.0956146121833,293.29330185055,176.2072645929408
2025-11-27,6,14,F,0.52,124.30450323402577,133.2432420634921,98.82735585450797,217.19410730245252,234.09706973823052,183.13812603803103
2025-11-27,12,14,F,0.01,89.66705810555825,45.78796913029101,39.724636626205886,187.69552485088084,87.98735514866122,88.46946799800921
2025-11-27,18,14,F,0.0,0.0023141988260442304,0.004321230158730159,0.0023141988260442304,0.013910568233013764,0.028016814324984114,0.013910568233013764
2025-11-28,0,14,F,0.73,90.64672350263261,139.7015335648148,79.52698865650177,180.656672535609,269.55658093359756,161.42051609189184
2025-11-28,6,14,F,0.54,120.8614922298022,134.7524022266314,96.28178191575212,208.60435687474643,235.86296103733798,176.4986497563493
2025-11-28,12,14,F,0.01,84.41059743265754,43.34948625992064,37.18094286892028,172.54398732466802,82.97202622292264,80.82025795879741
2025-11-28,18,14,F,0.0,0.0022872850952416397,0.0037188492063492066,0.0022872850952416397,0.01391558343802473,0.02452093493323613,0.01391558343802473
2025-11-29,0,14,F,0.74,87.7957749206958,138.30202328042327,76.52044898901623,175.717529463174,268.41161221943,156.85960946025088
2025-11-29,6,14,F,0.51,117.06018266740057,124.5227962962963,87.21913969745832,202.90112569622605,219.6246528300313,160.8917703926681
2025-11-29,12,14,F,0.02,78.69216490126944,41.83707132936509,36.06381250102959,164.4866323372184,80.31379870183963,79.19704636428851
2025-11-29,18,14,F,0.0,0.002429049447340733,0.00320218253968254,0.002429049447340733,0.014341330725385291,0.021964831648912754,0.014341330725385291
2025-11-30,0,14,F,0.65,97.21135438546015,140.58738115079362,78.54648737151065,201.35637015505205,277.4202988289832,160.8880494835984
2025-11-30,6,14,F,0.41,129.61426672755525,124.5627298941799,92.38624747203775,232.50630886500986,219.0535793382979,169.81151157805058
2025-11-30,12,14,F,0.08,91.46542117892811,41.892909871031755,35.24835348248016,201.90509236883608,80.10372718642488,76.2844803746571
2025-11-30,18,14,F,0.0,0.0025664826939156863,0.002681349206349207,0.0025664826939156863,0.01463371144487922,0.01892578970275787,0.01463371144487922
2025-12-01,0,14,F,0.67,94.93091671277453,142.2254007771164,77.90770021979793,197.8277568595426,280.36554542400796,160.07018630090676
2025-12-01,6,14,F,0.43,126.57368301968789,124.02294801587301,92.00752742535154,228.43181719069415,220.21092797003078,169.64894025163244
2025-12-01,12,14,F,0.08,91.6139585264192,41.30052996031747,35.39244569016847,203.14124843982216,79.65329307925732,77.04559845680048
2025-12-01,18,14,A,0.0,0.0026066437373330124,0.00223531746031746,0.0026066437373330124,0.01471126416857211,0.016223011776828344,0.01471126416857211
2025-12-02,0,14,F,0.65,96.26927102277877,138.07523225859785,76.93121885382277,200.9068754420712,272.1962542670347,159.87197908544152
2025-12-02,6,14,F,0.42,128.35819232439744,120.49220778218697,89.59986366934568,231.98727708855282,213.17869895421003,165.75571372825584
2025-12-02,12,14,F,0.06,94.68650338933034,40.4293316798942,35.56407645798501,206.6103316521137,78.79419807087248,78.19369248948712
2025-12-02,18,14,A,0.0,0.0025779657243995818,0.00185,0.0025779657243995818,0.01457828739832912,0.013742572308370572,0.01457828739832912
2025-12-03,0,14,F,0.64,97.02055831709602,140.40367675264548,74.87130656273919,200.38327019594624,280.9347896374956,152.50981340856723
2025-12-03,6,14,F,0.39,129.35993227669232,116.58136212522048,83.02723595938419,231.3826698345631,206.84479984044424,149.0944594848497
2025-12-03,12,14,F,0.07,88.53435385349457,39.878713078703704,34.00473914022739,191.04006212195515,78.03720837624333,74.68124223005
2025-12-03,18,14,A,0.0,0.002483056936994697,0.0015468253968253967,0.002483056936994697,0.014114270601575357,0.011723492558865628,0.014114270601575357
2025-12-04,0,14,F,0.65,97.83659861154044,147.8074080026455,77.40917780882337,202.10166826889838,299.34151031348557,160.47565897858337
2025-12-04,6,14,F,0.34,130.44801674727483,106.71196944444448,80.41315811135155,233.36690502311262,186.40557719243674,142.7582192004324
2025-12-04,12,14,F,0.11,92.09846209132613,40.892408449074075,34.68591445808555,195.78725860049295,79.91317876785828,75.52371766572834
2025-12-04,18,14,A,0.0,0.0023668450432679676,0.0012634920634920636,0.0023668450432679676,0.013629778035317255,0.009655804652749737,0.013629778035317255
2025-12-05,0,14,F,0.68,95.63328061761516,154.67638883928572,78.05629274190245,198.81914907491227,316.90302336323174,160.69949115163948
2025-12-05,6,14,F,0.34,127.51029412809923,105.13276377865964,78.63639270050435,229.57657834819892,185.38283105903756,139.7943324703652
2025-12-05,12,14,F,0.12,88.369987357995,41.47567982804233,35.241810931637,190.5582836176791,81.24044316468158,76.47869044595156
2025-12-05,18,14,A,0.0,0.0022372921380615736,0.001022420634920635,0.0022372921380615736,0.01306134873823231,0.007597891572614494,0.01306134873823231
2025-12-06,0,14,F,0.67,95.89884594338095,151.39998624338628,76.619241359104,200.4637601659814,313.072015760771,159.40426256033817
2025-12-06,6,14,F,0.31,127.86444749030689,101.81859682539687,76.98243947459349,231.47561168024737,178.25256314859158,137.31532192322683
2025-12-06,12,14,F,0.1,90.71612291854728,41.402445866402125,35.103861371349836,196.30284486669754,81.62991645488974,76.87475496811514
2025-12-06,18,14,A,0.0,0.0020621562101459413,0.0008652777777777777,0.0020621562101459413,0.012126059502111266,0.006206823881697683,0.012126059502111266
2025-12-07,0,14,F,0.64,98.34012980788798,144.19943993055557,77.39727336243962,205.68358584821553,303.73881298744885,162.42721967964792
2025-12-07,6,14,F,0.31,131.11956094958265,101.40418516313936,76.75045543671553,237.5029472277375,176.1922159376044,136.5848505299035
2025-12-07,12,14,F,0.1,92.60591547877229,42.23482670304234,35.96499720986176,197.88915328564482,83.4048926580873,78.27702329879057
2025-12-07,18,14,A,0.0,0.0018655315867259837,0.0007420634920634921,0.0018655315867259837,0.011068285259146864,0.005091772853697501,0.011068285259146864
2025-12-08,0,14,F,0.67,93.30292173268492,147.95746421957674,74.61965094959481,196.8710035840214,312.75591057518176,155.23880232857326
2025-12-08,6,14,F,0.33,124.40334171066769,101.57378538359791,75.34969295189066,227.32705375445764,177.4624119522909,133.8894348157213
2025-12-08,12,14,F,0.1,89.50658548609981,41.727872404100545,35.42027789058518,191.20532813682226,83.38898725849658,77.23513555850664
2025-12-08,18,14,A,0.0,0.0016780926346011149,0.0006615079365079366,0.0016780926346011149,0.010002854532957465,0.004310714778869265,0.010002854532957465
2025-12-09,0,14,F,0.69,92.92076837033488,152.1597126984127,75.29594918653709,196.77161249827424,321.6947485748163,156.0880059076124
2025-12-09,6,14,F,0.39,123.8938619537708,111.86162358906527,78.21962548530874,227.21228682819677,208.8606492110635,141.21987576940484
2025-12-09,12,14,F,0.07,92.89522500723977,40.48794551917991,34.27169357488155,198.24665348128838,80.83541589089788,73.51512027124717
2025-12-09,18,14,A,0.0,0.0015019905254043755,0.0006162698412698412,0.0015019905254043755,0.008972383909203623,0.0038626261730047027,0.008972383909203623
2025-12-10,0,14,F,0.68,91.65331903699462,145.8182005456349,77.99477700006648,194.58797984799546,312.66390143242006,162.3806669383274
2025-12-10,6,14,F,0.41,122.20399588168873,111.8149770282187,79.55213710568505,224.69084504657965,209.57557912864314,143.5508938176485
2025-12-10,12,14,F,0.07,94.16697236173019,40.82755836640213,35.116127711719656,199.60034567074567,81.77174850701851,76.0587850170387
2025-12-10,18,14,A,0.0,0.0013264863402554948,0.0006041666666666667,0.0013264863402554948,0.007876930343224174,0.003753234055187056,0.007876930343224174
2025-12-11,0,14,F,0.68,93.63113504149774,147.25963831018518,80.73866550690934,197.4775789209291,315.9435908529746,168.2655280632215
2025-12-11,6,14,F,0.38,124.84113341803902,110.25004528218696,80.72017094699012,228.02746666310142,210.58019244486613,146.32210191768024
2025-12-11,12,14,F,0.06,97.48575805674359,39.73469740410054,35.272457606569844,204.9819028012972,80.67193395950785,77.25602421621582
2025-12-11,18,14,A,0.0,0.0011516030008543552,0.0006188492063492063,0.0011516030008543552,0.00677894149401274,0.003851496823025793,0.00677894149401274
2025-12-12,0,14,F,0.69,93.11078222072105,150.44511588955027,81.22595285159609,197.9033581516824,321.0826035502804,170.2913245906283
2025-12-12,6,14,F,0.38,124.14738692479798,106.58016567460318,76.61405540985156,228.5191141816933,205.73694882028147,140.9021450578606
2025-12-12,12,14,F,0.07,98.57002505223569,38.94953295304233,33.98353221544797,207.32684269718646,79.59412197419077,74.75726543786917
2025-12-12,18,14,A,0.0,0.0010233471350741146,0.0006501984126984127,0.0010233471350741146,0.005967016558897929,0.004072427126224937,0.005967016558897929
2025-12-13,0,14,F,0.68,97.46641126159477,151.27315532407408,84.03193016920973,208.1868114535949,321.1016362660048,175.67269381897975
2025-12-13,6,14,F,0.39,129.9549432447229,109.37363335537918,75.81435585115698,240.3934232547048,210.89645126626212,138.68653269680513
2025-12-13,12,14,F,0.07,103.70325930745393,40.51782144510583,35.38904043396601,220.76066970448298,83.3102116709676,78.09761955732078
2025-12-13,18,14,A,0.0,0.0008703869694635836,0.0007182539682539682,0.0008703869694635836,0.004845772115269209,0.004349594033236694,0.004845772115269209
2025-12-14,0,14,F,0.78,87.9837569688291,144.84895757275135,81.31061703908753,183.9079529457351,305.41847480873776,170.4023339022614
2025-12-14,6,14,F,0.47,117.31144184576029,111.68387014991181,71.77489777261522,212.35861226802896,215.8117919686847,128.56113469037223
2025-12-14,12,14,F,0.05,92.4818806136027,39.59137905092594,35.255422369484435,189.32453662635746,82.4248777594493,78.17805618308252
2025-12-14,18,14,F,0.0,0.0007333012689072227,0.0007799603174603175,0.0007333012689072227,0.0038783031577888493,0.0046130960061443295,0.0038783031577888493
2025-12-15,0,14,F,0.79,86.29281825158893,146.82305542328044,79.3541456395106,181.78460487934524,309.28979037880373,168.7026109325195
2025-12-15,6,14,F,0.47,115.0568937749244,110.02182107583775,70.71562253236748,209.90678111567553,212.879655055453,126.96703652868061
2025-12-15,12,14,F,0.05,89.06360092032102,40.309091451719596,34.92050475672292,184.78820753380478,83.1039412117784,77.27904778476159
2025-12-15,18,14,F,0.0,0.0006140152277872405,0.0008246031746031745,0.0006140152277872405,0.003200089817306933,0.004791005130317662,0.003200089817306933
2025-12-16,0,14,F,0.81,85.1437596955342,151.66320241402119,80.28458852827232,180.01727635524657,319.06466182555573,171.18506706265651
2025-12-16,6,14,F,0.46,113.52484462114623,105.99520361552031,68.87788217576735,207.86604591934383,206.62269746116255,123.95815300952124
2025-12-16,12,14,F,0.07,85.09147541591392,39.823501223544994,34.20725185144416,179.7396473830937,82.12781935415329,75.07167327738162
2025-12-16,18,14,F,0.0,0.0005170016897404929,0.0008678571428571429,0.0005170016897404929,0.002681063299007,0.004973944013317706,0.002681063299007
2025-12-17,0,14,F,0.86,79.60781309684981,145.77594298941798,77.49273422188843,169.316976394935,307.91870733461207,165.96639554607592
2025-12-17,6,14,F,0.47,106.14360804256077,101.79619074074073,66.79139904351857,195.51040379547374,200.00119774641448,120.56093514545195
2025-12-17,12,14,F,0.07,82.60877294245972,39.679807407407424,34.80431865516515,177.14808990663704,81.53692829621626,75.76999893904294
2025-12-17,18,14,F,0.0,0.0004242529208320573,0.0008950396825396825,0.0004242529208320573,0.002239948237882286,0.005103132791307148,0.002239948237882286
2025-12-18,0,14,F,0.85,76.52958886833862,137.93623277116404,73.89806059051294,164.74431085002902,294.4123297904972,160.16589565043384
2025-12-18,6,14,F,0.5,102.03933184103681,102.66115266754848,64.91880679129662,190.23034442979954,200.6296718247274,117.01600977505662
2025-12-18,12,14,F,0.07,79.04427984383823,38.537920039682554,34.967055698632876,172.18546578432907,79.15108162228502,76.59888207916106
2025-12-18,18,14,F,0.0,0.0003601657375887284,0.0009299603174603174,0.0003601657375887284,0.0019739834357786457,0.005259705692170805,0.0019739834357786457
2025-12-19,0,14,F,0.8,78.2757946337515,126.21735917658732,73.4627171842195,170.15711664104967,269.2402759521561,160.84636536772805
2025-12-19,6,14,F,0.49,104.3676236720751,104.4907746472663,66.38066322505306,196.48051419158415,202.54420764531355,120.90098091354726
2025-12-19,12,14,F,0.08,80.24773080322724,37.28402157738096,33.88662517907917,177.4498707311503,77.01130236345392,75.0313949534311
2025-12-19,18,14,F,0.0,0.000300840045708769,0.0009492063492063492,0.000300840045708769,0.001743005087153351,0.005349818273133729,0.001743005087153351
2025-12-20,0,14,F,0.82,78.45164805024832,128.52245165343916,74.33391278541251,169.14751086221062,275.08410676202584,161.53486074139562
2025-12-20,6,14,F,0.48,104.60210710829786,101.47777724867724,64.81797591844375,195.31472185557246,198.8597148408393,119.51973756216259
2025-12-20,12,14,F,0.07,79.18665630304618,38.540832341269855,35.32058422009233,173.45437031898612,78.83010949505693,76.77291499824184
2025-12-20,18,14,F,0.0,0.00024088911679159063,0.0009571428571428571,0.00024088911679159063,0.0014769720376306397,0.005391133962055237,0.0014769720376306397
2025-12-21,0,14,F,0.83,75.41891995024889,128.13905127314817,72.27783998241254,161.33990001852146,274.9039561156519,156.3295232249842
2025-12-21,6,14,F,0.49,100.55848292589604,98.98969517195768,64.09049267753632,186.29926941128483,196.80666693177437,118.43061876716091
2025-12-21,12,14,F,0.08,78.6433244922008,38.03972290013229,35.48989596737227,173.4810883035135,78.41446462738529,77.8387798367432
2025-12-21,18,14,F,0.0,0.00019875974443934612,0.0009710317460317461,0.00019875974443934612,0.0013336346074542748,0.005460086050836532,0.0013336346074542748
2025-12-22,0,14,F,0.82,75.9487991022002,119.19194077380955,72.4813155247944,163.4582513317076,259.14810572945174,157.21733780890375
2025-12-22,6,14,F,0.48,101.26500494074075,97.83896117724866,64.01343732926838,188.74533081380036,195.83750521181187,121.51414696318791
2025-12-22,12,14,F,0.09,78.05209112377457,39.428470287698424,36.872694639871554,173.2866303759271,79.81492802196378,79.36109226785406
2025-12-22,18,14,F,0.0,0.00015787073256210912,0.0009757936507936507,0.00015787073256210912,0.0011540201190033811,0.005484892671606949,0.0011540201190033811
2025-12-23,0,14,F,0.82,72.88943993499399,113.26531132605822,69.48244936058092,157.54429976588813,246.64014181418958,152.2456528570431
2025-12-23,6,14,F,0.44,97.18587046014628,86.91017649911818,61.448842614870365,181.91648775714876,161.21296116986088,114.01085785820003
2025-12-23,12,14,F,0.12,71.51110957501868,39.35464341931218,36.41709946905661,162.1890238003289,79.22040512140724,77.57598906321316
2025-12-23,18,14,F,0.0,0.00012319438089304603,0.0009716269841269841,0.00012319438089304603,0.0009590664776934315,0.0054618282159289355,0.0009590664776934315
2025-12-24,0,14,F,0.81,70.63618433526665,108.89600459656086,66.79781150951455,154.81884039691906,233.3396969796821,147.50811021447353
2025-12-24,6,14,F,0.47,94.18153686537309,87.28387409611994,58.98732703975909,178.76939835662347,161.3987016049262,109.84208667185042
2025-12-24,12,14,F,0.14,69.87902796535609,38.54726258267197,35.44516674888908,160.48204031615023,77.87250509800407,74.85318192825362
2025-12-24,18,14,F,0.0,9.441211823096075e-05,0.0009648809523809523,9.441211823096075e-05,0.0007706302910623622,0.005424099296159978,0.0007706302910623622
2025-12-25,0,14,F,0.8,69.04704272461107,103.29961094576721,64.60430353708058,152.44614746777523,224.48666028139493,143.09564194060985
2025-12-25,6,14,F,0.48,92.06269265936666,84.99899567901237,59.35516839593336,176.02964855443972,155.72691264133982,111.02327642600414
2025-12-25,12,14,F,0.19,64.52287279893368,40.32517250330689,36.05644004902628,150.8002604554494,80.09450585026062,75.03173242000791
2025-12-25,18,14,F,0.0,7.792261427713067e-05,0.000968452380952381,7.792261427713067e-05,0.0007056709539549605,0.005443703585809824,0.0007056709539549605
2025-12-26,0,14,F,0.81,67.22948019621796,104.45199705687833,62.97115161716391,149.08475132380846,226.64477636747569,140.10022075544094
2025-12-26,6,14,F,0.51,89.63928212906804,88.15851274250443,61.52481306106258,172.14824261743942,162.38702126461678,115.71585829001418
2025-12-26,12,14,F,0.22,59.09409823807831,40.15140613425926,35.935433980333286,141.76445900782582,79.6294375052443,74.56196831248974
2025-12-26,18,14,F,0.0,5.7979040160969766e-05,0.0009642857142857143,5.7979040160969766e-05,0.0004697718753593446,0.005418351386356531,0.0004697718753593446
2025-12-27,0,14,F,0.82,64.05917830963679,104.97328394510585,60.86646563907094,138.37886052568513,227.55744798910993,133.6291074688334
2025-12-27,6,14,F,0.51,85.41221571058927,84.31133721340389,64.01198237108665,159.78614474903534,153.33912991427476,120.59406716343597
2025-12-27,12,14,F,0.2,56.51672593439404,39.4092884755291,36.293226978157634,124.30861871946368,76.97247502910194,74.98711525764747
2025-12-27,18,14,F,0.0,4.8619465372908866e-05,0.0009640873015873015,4.8619465372908866e-05,0.00038444502390108654,0.005417097052498735,0.00038444502390108654
2025-12-28,0,14,F,0.82,62.804603986184816,101.85090825066139,60.1954272157658,136.00029400641577,223.29792386677974,131.90642956609773
2025-12-28,6,14,F,0.5,83.73945453220111,80.18448470017638,63.01805091272327,157.03961270879336,145.22851084861634,119.33388898856933
2025-12-28,12,14,F,0.26,53.66265672916937,40.00259487433863,36.54425429323992,118.58809135958745,78.00353275866037,76.1552759824389
2025-12-28,18,14,F,0.0,3.4717918170591945e-05,0.0009579365079365079,3.4717918170591945e-05,0.00024837293487152277,0.005381165714270881,0.00024837293487152277
2025-12-29,0,14,F,0.79,65.55200188881803,96.76780714285717,62.10109821838269,142.1006959138719,214.29923721143277,136.33287895520834
2025-12-29,6,14,F,0.48,87.40265036691724,79.53550559964728,63.94084059229543,164.08375007566082,145.05343204566526,120.62528880451507
2025-12-29,12,14,F,0.14,59.9803342590786,38.939344130291,36.729618988380444,133.78144701684047,76.13280699848694,76.23836081582873
2025-12-29,18,14,F,0.0,3.875219713393086e-05,0.0009660714285714285,3.875219713393086e-05,0.00027446613979432066,0.005427046830605693,0.00027446613979432066
2025-12-30,0,14,F,0.74,65.31142076861087,88.80608654100531,60.105671889773795,140.585655139009,195.5515921108051,129.86540024978785
2025-12-30,6,14,F,0.48,87.08187186101527,79.34569856701941,63.22727831627423,162.33433167716828,144.34822659424344,119.19242124160509
2025-12-30,12,14,F,0.23,60.72321710311788,40.92027708333333,38.086983150488756,135.2923737521268,79.86206911825788,78.59514971830447
2025-12-30,18,14,F,0.0,4.064280869929876e-05,0.0009607142857142857,4.064280869929876e-05,0.0002897409327277629,0.005397034017909854,0.0002897409327277629
2025-12-31,0,14,F,0.72,68.55754930158778,90.71820998677252,62.914780227229535,149.00699047658284,198.57541244476224,137.2212456989914
2025-12-31,6,14,F,0.5,91.41004281587284,87.22102052469135,69.51386492606731,172.05845212534328,164.70887574556698,135.5668292191329
2025-12-31,12,14,F,0.16,66.51686775033211,42.7165179398148,40.04321455088787,151.38868907233473,83.405754606719,82.43165662934805
2025-12-31,18,14,F,0.0,4.2123160633771804e-05,0.0009646825396825396,4.2123160633771804e-05,0.00029607487761624336,0.005420017278716674,0.00029607487761624336
