date,hour,source,weight,accepted,keep_objective,adjust_objective,keep_cash,expected_gain,relative_gain,initial_energy_kwh,expected_cash_gain,expected_cvar_gain,terminal_energy_change
2025-01-01,6,Q,1.0,False,18810.22693219962,18810.22693219962,26257.663932199623,0.0,0.0,10057.495685185186,0.0,3.5700509215530474e-13,0.0
2025-01-01,12,Q,1.0,False,17998.242309385118,17998.242309385118,25445.67930938512,0.0,0.0,6143.792100000002,0.0,3.5700509215530474e-13,0.0
2025-01-01,18,Q,1.0,False,8193.020419901668,8193.020419901668,15640.457419901668,0.0,0.0,10800.0,0.0,2.5046915652637875e-13,0.0
2025-01-02,6,F,0.0,True,59680.275840838985,56289.56569167021,67040.9589206353,3390.710149168779,0.05057669525853267,10800.0,3303.956228965093,1735.07840407361,0.0
2025-01-02,12,A,0.0,True,39309.40559738228,35726.31991605513,46574.292876655265,3583.085681327153,0.07693269097646625,6622.286563703705,3400.5359606001366,3650.9944145402665,0.0
2025-01-02,18,A,0.0,False,10514.767630330001,10514.767630330001,17962.20463033,0.0,0.0,10800.0,0.0,0.0,0.0
2025-01-03,6,A,0.01,True,59073.50949292785,55598.18723731292,66309.55696041083,3475.3222556149267,0.05241057872984761,10800.0,3263.9327230979106,4227.79065034027,0.0
2025-01-03,12,A,0.0,True,36701.43726688585,35638.801369349276,44113.16210791196,1062.6358975365729,0.024088862524456908,6951.650082283952,1026.9237385626839,714.2431794777776,0.0
2025-01-03,18,A,0.0,False,10651.318132602502,10651.318132602502,18098.755132602502,0.0,0.0,10800.0,0.0,0.0,0.0
2025-01-04,6,A,0.02,True,46201.93855311691,43849.30977644388,53386.72161278017,2352.628776673031,0.044067676485866826,10800.0,2089.974836336296,5253.078806734722,0.0
2025-01-04,12,A,0.0,True,28911.75090233444,28475.29160880566,36305.64601185277,436.4592935287801,0.012021802156785433,6438.555225,382.9174030471113,1070.837809633332,0.0
2025-01-04,18,A,0.0,False,7835.834281752781,7835.834281752781,15283.27128175278,0.0,0.0,10800.0,0.0,0.0,0.0
2025-01-05,6,A,0.03,True,38841.67495898394,37600.2470017791,46130.874603852615,1241.42795720484,0.026910999799278947,10800.0,1087.0581116362955,3087.3969113708376,0.0
2025-01-05,12,A,0.0,True,25366.86329082068,24822.258962859756,32810.4327812579,544.6043279609221,0.01659851095508905,6572.277727685183,559.8020099907699,62.8815916555544,-26.598549999998795
2025-01-05,18,A,0.0,False,6587.169297616792,6581.3159302319455,14015.541106024168,5.853367384846933,0.0004176340635418661,10800.0,4.6992662970369565,-343.7532104962926,26.598549999998795
2025-01-06,6,A,0.03,True,48558.28064973374,47892.42098085391,54759.09289283929,665.859668879828,0.012159800933570629,10800.0,646.3691546792688,389.81028401112053,0.0
2025-01-06,12,A,0.0,True,35667.42134096576,33875.982542936996,41855.03633713305,1791.4387980287647,0.04280103315641926,6438.27561375,805.4456031230366,25035.12999194582,-385.4001974999992
2025-01-06,18,A,0.0,False,11354.595964702625,11346.91119959221,18528.204155775653,7.684765110414446,0.00041476038615533787,10800.0,0.0,153.69530220833278,0.0
2025-01-07,6,A,0.04,True,55314.29712560518,52306.17787561146,61549.621900472746,3008.119249993724,0.048873074392852114,10800.0,2467.5351568545375,10811.681862783735,0.0
2025-01-07,12,A,0.0,True,37894.04898642871,36755.33015506365,44843.332712570904,1138.718831365055,0.025393269466919853,6734.70261466049,770.0799038101904,9781.998002883101,-174.6880844999996
2025-01-07,18,A,0.0,False,11174.600159971758,10908.124907446281,18492.522813668813,266.4752525254771,0.014409891782234872,10800.0,355.46685054787304,-4189.051412233936,174.6880844999996
2025-01-08,6,A,0.04,True,54216.96109329273,51354.02227382806,61535.34283128285,2862.9388194646745,0.046525113662147934,10800.0,2958.2675446216745,-1906.5745031400475,0.0
2025-01-08,12,F,0.0,True,35557.700263176135,35400.5935255412,42694.54948696155,157.10673763493833,0.0036797844109566495,6450.0,65.41034129412583,1833.9279268162227,0.0
2025-01-08,18,A,0.0,False,10999.396627818884,10987.505679598997,18250.313113357086,11.890948219886923,0.0006515476280340716,10796.691777834198,5.570950292094494,126.39995855581765,0.0
2025-01-09,6,A,0.04,True,59105.399778895204,57417.842084900905,66203.1066629676,1687.5576939942985,0.025490611831638966,10800.0,1548.268452583543,2785.78482821513,0.0
2025-01-09,12,A,0.0,True,41837.06317845846,41485.20199626191,48365.759823426975,351.8611821965533,0.007275005778491293,6869.766865210775,208.53013969599124,3025.3100948337633,-11.506266142858294
2025-01-09,18,A,0.0,False,13685.78235744814,13684.487226130204,20796.005352955526,1.295131317936466,6.227788923666545e-05,10800.0,11.079912542158127,40.72257350314794,-17.142250000000786
2025-01-10,6,A,0.04,True,28618.531974929778,26623.87235689455,35646.91778470268,1994.659618035228,0.055956019257609006,10039.373015873016,1910.0904757893513,1691.382844917449,0.0
2025-01-10,12,A,0.0,True,20695.594847683547,19556.750368190857,27595.119145190867,1138.8444794926909,0.041269779394707294,6493.247832499999,913.6535250383786,4503.819089086288,0.0
2025-01-10,18,A,0.0,False,4694.349494610065,4689.186212326083,11985.71602455172,5.1632822839828805,0.00043078630207876907,10800.0,7.537661330126866,-2.5753983478616647,-3.2564999999995052
2025-01-11,6,A,0.05,True,27171.764980998552,26077.85988049653,33223.11212071392,1093.9051005020228,0.0329260274151137,10027.313756613756,1016.7867043216684,1542.3679236070893,0.0
2025-01-11,12,A,0.0,True,17341.93849877843,16534.059197887953,24245.922873571824,807.8793008904759,0.03332021243749267,6963.429483253879,662.1704418024674,2914.1771817602257,0.0
2025-01-11,18,A,0.0,False,4508.0672022638755,4488.225914098493,11749.27687802551,19.84128816538214,0.0016887241973581363,10800.0,31.584245513218775,-234.8591469567309,0.0
2025-01-12,6,A,0.07,True,64953.45782605734,63742.83745846406,71919.92126353111,1210.6203675932775,0.0168328933948257,10800.0,1161.6413758092967,979.5798356795476,0.0
2025-01-12,12,A,0.0,True,42415.730060759255,42125.6419495901,49831.198075971915,290.08811116915604,0.0058214155462786975,6034.164835376183,290.08811116915604,-4.547473508864641e-13,0.0
2025-01-12,18,A,0.0,False,13406.391800187108,13405.828431204774,20818.897675366446,0.5633689823334862,2.7060461659316456e-05,10800.0,-0.01491367779817665,11.56565320258062,0.0
2025-01-13,6,F,0.1,True,60093.263042471015,59612.45037712897,66773.84516054291,480.8126653420477,0.007200613716134516,10800.0,463.65857292003057,343.0818484404226,0.0
2025-01-13,12,A,0.0,True,39620.36798341223,39034.611046561826,46741.48363181891,585.7569368504046,0.012531843051119049,6849.700521210725,567.293841615734,369.26190469345966,0.0
2025-01-13,18,A,0.0,False,13304.533042623762,13297.511911117317,20502.85225055064,7.0211315064443625,0.00034244657380564194,10800.0,-14.114462270044896,422.7118755298179,0.0
2025-01-14,6,F,0.11,True,60281.50428163533,59441.221399790295,67361.70002547343,840.2828818450362,0.01247419351838323,10800.0,843.1411435874033,-57.16523484749632,0.0
2025-01-14,12,F,0.0,True,40386.02137945202,40167.64840319155,47402.070829198165,218.37297626046347,0.004606823550965049,6580.642394832399,196.31475687275815,441.1643877540737,0.0
2025-01-14,18,A,0.0,False,12453.424761762233,12453.423359151855,19689.764643659415,0.0014026103781361599,7.123550756041336e-08,10800.0,0.0010626431721902918,0.006799344168030075,0.0
2025-01-15,6,F,0.13,True,66669.43300745539,62858.266094805156,72228.3979978848,3811.166912650231,0.05276549138971407,10800.0,3338.3471534524288,9577.353973231311,-8.770500000000538
2025-01-15,12,F,0.0,True,39734.33668202807,38985.621319323225,46625.08383431967,748.7153627048465,0.01605820946864945,6928.647404790761,969.9984770178708,-4161.8597934662375,-19.127834999999322
2025-01-15,18,A,0.0,False,12470.26683536395,12381.647942935773,19693.28053155439,88.61889242817597,0.004499955824332194,10799.999496125738,88.05341618991952,-183.18422308164554,14.10238500000014
2025-01-16,6,F,0.14,True,55998.62049895708,55653.87084374361,62307.69855162227,344.7496552134762,0.005533018603276596,10800.0,339.99030994803616,95.18690530869935,0.0
2025-01-16,12,F,0.0,True,37727.38768425641,37392.522951614184,44367.28108842004,334.8647326422288,0.007547560373935766,6510.990523965732,298.53349160118523,726.6248208209199,0.0
2025-01-16,18,A,0.0,False,12510.905876815488,12497.29901064103,19515.98052837032,13.606866174457537,0.0006972166299652368,10800.0,18.77488680609531,-103.36041263275547,0.0
2025-01-17,6,F,0.14,True,27935.90258877953,26726.40362317444,33353.71142847185,1209.4989656050893,0.0362627999645227,10042.22908457774,610.2796341564062,13448.907313448144,-106.18970924039968
2025-01-17,12,F,0.0,True,17785.769044757693,16981.856806368574,24479.62104448926,803.912238389119,0.0328400605927718,6547.3359247226645,1051.2474688120674,-5548.843367588892,43.659977241853994
2025-01-17,18,A,0.0,False,4306.624353899874,4256.485818394734,11434.183346458585,50.13853550513977,0.004384968649349913,10741.770994881186,0.7921833430646075,169.2246253193298,59.29010284719152
2025-01-18,6,F,0.14,True,26565.835399871212,26454.61304493706,33170.315175571945,111.22235493415064,0.0033530689818726716,10070.417082321459,83.27324559308181,558.9821868213876,0.0
2025-01-18,12,F,0.0,True,17218.692069902383,16741.656361298505,24498.142418968066,477.03570860387845,0.019472321633436426,6714.53812058019,552.182512649324,-1502.9360809089858,0.0
2025-01-18,18,A,0.0,False,5754.031552074375,5721.902890568468,12943.216451140972,32.128661505907075,0.0024822780046357693,10800.0,20.32640438889939,236.04514234015733,0.0
2025-01-19,6,F,0.18,True,58224.3301544387,57954.95183301083,65507.211279915995,269.37832142786647,0.004112193393133433,10800.0,244.73921625293588,492.78210349847177,0.0
2025-01-19,12,F,0.01,True,41670.17875957646,41331.73969434751,48653.72108053643,338.4390652289512,0.006956077720524882,6450.0,169.03147471083503,3388.1518103623293,0.0
2025-01-19,18,A,0.0,False,13149.975598896346,13149.60815688818,20569.901394589393,0.3674420081661083,1.7863090401724455e-05,10800.0,0.4848019844175724,-2.3471995250251894,0.0
2025-01-20,6,F,0.18,True,55996.56083045434,55909.21639379811,61641.77833850508,87.34443665623257,0.0014169681506685555,10800.0,32.30640841955028,1153.5827951803149,-3.830043065987411
2025-01-20,12,F,0.01,True,39084.472823661185,38940.95221961929,45306.93135176448,143.5206040418925,0.003167740558891396,6469.024313263522,-28.723460506771517,3697.976854602406,-18.35149520025334
2025-01-20,18,A,0.0,False,12644.36430025327,12576.597643778457,19747.115368968858,67.76665647481241,0.003431724340928434,10800.0,118.27425740328908,-1316.069812645269,22.18153826624075
2025-01-21,6,F,0.21,True,55508.5704650023,54683.29707464645,62000.653659419404,825.2733903558546,0.013310720801255223,10800.0,878.830026311276,-1071.1327191082928,0.0
2025-01-21,12,F,0.01,True,36920.89395303918,36558.28122340563,44008.88172347306,362.61272963354713,0.008239535190010066,6450.0,284.16317608755344,1568.9910709199385,0.0
2025-01-21,18,A,0.0,False,12453.519887779536,12433.291081034264,19641.903047672524,20.228806745271868,0.001029880185039855,10800.0,23.892076866286516,99.10792333877998,-12.498473758136242
2025-01-22,6,F,0.22,True,56001.3260228045,55863.87950004019,62101.228168643975,137.4465227643086,0.002213265772957898,10800.0,135.63426558447827,36.24514359667228,0.0
2025-01-22,12,F,0.01,True,38409.27591999468,38180.43853771836,44952.16945796911,228.8373822763242,0.00509068605666052,6677.75219066259,215.27782017728168,472.54460188772646,-14.599762891535647
2025-01-22,18,A,0.0,False,12313.011657286555,12307.258731433309,19357.763099874675,5.752925853246779,0.00029718959900299765,10799.990567305003,-0.7240861222962849,-71.81312039586828,14.599762891535647
2025-01-23,6,F,0.23,True,56586.109535396,55129.152037187116,60964.478598638685,1456.9574982088816,0.023898465659007783,10800.0,1166.1015730975341,5900.203069589894,-6.024309621692737
2025-01-23,12,F,0.01,True,42032.42978478306,40324.198200600804,47757.13470316779,1708.2315841822565,0.03576913888992062,6450.0,772.6753109129859,19365.963561163426,-47.48110950386217
2025-01-23,18,A,0.0,False,12648.26667895234,12171.048128736795,19735.80400357554,477.2185502155444,0.024180345028207952,10800.0,709.6084825770013,-4808.359048847335,11.641940290846833
2025-01-24,6,F,0.22,True,15138.705844192153,15009.02169949857,21668.69733208543,129.68414469358322,0.005984861143524137,10153.966359102524,140.0620710197727,-207.5585265238078,0.0
2025-01-24,12,F,0.01,True,15695.378059576478,15498.040533970936,21645.533068028624,197.3375256055424,0.009116778274082717,6470.195299139614,79.28603407681658,2742.262234266367,-27.642462499999965
2025-01-24,18,A,0.0,False,3187.5875555878474,3123.6967025777058,10468.572024593403,63.890853010141655,0.006103110611461181,10254.263467733193,47.05454240983818,-18.47394859192991,25.754912290351058
2025-01-25,6,F,0.23,True,16245.908547947458,15736.966107830383,22142.914927022786,508.9424401170745,0.02298443731525026,10154.77797091273,502.7090370791775,336.22803058852514,-15.339825460554493
2025-01-25,12,F,0.01,True,13895.960941206562,13737.127290289805,19999.112931382293,158.8336509167566,0.007942034802329525,6343.489302759504,150.00338177762023,-17.414232257840922,14.068006499670446
2025-01-25,18,F,0.0,False,4112.223986600197,4083.1164589644177,11115.49754311394,29.10752763577966,0.0026186437019917116,10290.132891523574,39.530007005869265,-20.69700986557291,-13.613595102522595
2025-01-26,6,F,0.23,True,57630.71304785147,57186.36595046892,64963.1110696299,444.34709738254605,0.006839991035932348,10800.0,539.6304416064886,-1905.6668844788433,0.0
2025-01-26,12,F,0.01,True,39549.936640033964,39230.505924619705,46634.528100813324,319.4307154142589,0.006849661150719093,6450.0,46.355891173443524,5461.496484816254,0.0
2025-01-26,18,F,0.0,False,12716.590660179567,12716.590660179567,20163.157082805938,0.0,0.0,10800.0,0.0,0.0,0.0
2025-01-27,6,F,0.23,True,53551.8659690663,52530.78181178274,60141.52112487947,1021.0841572835561,0.016978023471726788,10800.0,917.8820256065301,2064.0426335405373,0.0
2025-01-27,12,F,0.01,True,35684.244881348735,35494.0216730601,42506.087367258646,190.22320828863303,0.004475199202530156,7323.8383562843155,175.5587524359944,293.28911705284736,0.0
2025-01-27,18,F,0.0,False,11920.951117424085,11675.97456155945,19284.52563597834,244.97655586463588,0.012703271031338892,10800.0,232.51825447173542,249.1660278580723,0.0
2025-01-28,6,F,0.23,True,50375.716492957676,50199.082599425674,57096.238886510306,176.63389353200182,0.0030936169698164437,10800.0,174.23454069472064,47.98705674564371,0.0
2025-01-28,12,F,0.01,True,35229.63392565431,35119.13978624755,42061.9610456419,110.49413940675731,0.002626937419462181,6665.7793807491225,65.47134138630645,900.4559604089027,0.0
2025-01-28,18,F,0.0,False,10985.910195108363,10965.432253289595,18303.173708242146,20.47794181876816,0.001118819181044361,10800.0,15.116310729314137,107.23262178913046,0.0
2025-01-29,6,F,0.24,True,53922.88069380646,53642.861284147875,60218.40333054284,280.01940965858375,0.004650063671093013,10800.0,216.703792614353,1266.3123408845713,0.0
2025-01-29,12,F,0.01,True,35483.792222489385,34366.04254356383,42468.241188492575,1117.7496789255529,0.02631966023656342,6420.420188341108,1268.5907284616333,-3016.8209907216333,0.0
2025-01-29,18,F,0.0,False,11377.760950955691,11340.25231252724,18561.753841840113,37.50863842845138,0.00202074861826381,10774.664984043033,35.06913775211797,48.79001352665637,0.0
2025-01-30,6,F,0.46,True,51942.62634993015,50993.9947616926,56944.78484460566,948.6315882375493,0.01665879660141367,10800.0,763.7324489234015,3874.5592694340303,-12.803236993011524
2025-01-30,12,F,0.16,True,31560.86891561602,30948.877222479794,38499.13398463146,611.9916931362277,0.01589624570205994,6651.414434202283,694.8531906185599,-1833.8064327976026,12.803236993011524
2025-01-30,18,F,0.0,False,11272.193170605946,11247.676818190685,18235.928394397037,24.51635241526128,0.0013443983703508014,10794.839174336685,26.21104448483311,191.3170663515666,-16.32962993594265
2025-01-31,6,F,0.44,True,19922.897417006563,19534.852892423492,25219.85318618978,388.0445245830706,0.015386470401642193,10097.68708607581,286.5476831134147,2029.9368293930675,0.0
2025-01-31,12,F,0.14,True,13261.614934863816,13177.936149861156,19708.988749278094,83.67878500265942,0.004245716818206841,6550.00730973124,67.61500739609255,321.27555213133746,0.0
2025-01-31,18,F,0.0,False,3644.7324806690904,3603.9571597317226,10806.84114654723,40.775320937367724,0.0037731026471500765,10249.127826164076,35.01702420976835,115.16593455198563,0.0
2025-02-01,6,F,0.44,True,15393.824156104774,15063.781436066902,21969.05568180137,330.04272003787264,0.015023072671770412,10094.845806045576,362.63991994225216,-651.9439980876123,0.0
2025-02-01,12,F,0.14,True,14539.936169014765,14252.869565211167,20859.63629459322,287.0666038035979,0.013761822102238908,6178.6122294215365,220.91696530316403,1352.9683576471616,-2.173474891402293
2025-02-01,18,F,0.0,False,3570.8634270836346,3482.7613773796675,10875.870809410713,88.10204970396717,0.008100689245750685,10239.722604237466,85.74176342358624,17.23013796907071,2.173474891402293
2025-02-02,6,F,0.46,True,50866.77137424572,50764.92829874172,56108.08316904419,101.84307550400263,0.0018151230580657446,10800.0,96.25781164677755,161.63584642997012,-3.6203740178261796
2025-02-02,12,F,0.14,True,33782.02759795567,33706.13788866614,40287.39882220148,75.88970928952767,0.0018837083432576083,6450.0,79.55877491767023,-123.31188184828716,3.6203740178261796
2025-02-02,18,F,0.0,False,11346.751930949164,11296.37428891882,18427.666383634598,50.37764203034385,0.002733804757561905,10800.0,21.73980762888823,572.7566880291333,0.0
2025-02-03,6,F,0.45,True,49204.99807617212,48800.99484224167,55878.33054684121,404.00323393045255,0.007230051971430825,10800.0,518.4476411039359,-2288.888143469614,0.0
2025-02-03,12,F,0.14,True,33845.362888603806,33416.831125802164,40860.61383566371,428.5317628016419,0.010487648681078144,6450.0,476.603585822093,-961.4364604089515,0.0
2025-02-03,18,F,0.0,False,10808.29182925524,10801.876038954293,18134.89954545177,6.415790300947265,0.00035378140832086074,10790.139456061761,-0.057910178424208425,129.4740095873717,0.0
2025-02-04,6,F,0.43,True,46365.3078872093,46148.43358306868,53400.50036419973,216.87430414061964,0.004061278502289363,10800.0,292.78993119851657,-1518.3125411578494,0.0
2025-02-04,12,F,0.14,True,31767.560382941374,30834.661499365102,39110.69632639545,932.898883576272,0.02385278123894376,6535.777843325463,1068.531628953533,-2712.654907545194,0.0
2025-02-04,18,F,0.0,False,10664.521958015373,10482.582866995135,17832.884327463926,181.93909102023827,0.010202448896056537,10800.0,116.78657051490154,1303.0504101067354,0.0
2025-02-05,6,F,0.43,True,47046.48658064856,46730.38013735025,52504.04600362945,316.1064432983112,0.006020611121597365,10800.0,279.72834402339504,796.870730445793,-5.025450000001001
2025-02-05,12,F,0.13,True,30018.712588751812,29888.96764065566,37001.72370635267,129.74494809615135,0.003506456864707521,6490.379487365981,139.3614309252007,-261.6384015286076,5.025450000001001
2025-02-05,18,F,0.0,False,10112.277409415574,10046.57051119469,17406.17041637104,65.70689822088389,0.0037749198502092414,10785.489032114217,57.11519976881027,171.87057290468374,-0.0026540790022409055
2025-02-06,6,F,0.42,True,47263.23026648534,46959.325929531115,52531.01178981689,303.9043369542269,0.005785236693520885,10800.0,330.5363392510044,145.55070211817656,-49.17436749704029
2025-02-06,12,F,0.13,True,31072.82662028668,30727.20362245359,37863.18518454887,345.62299783308845,0.00912820715289768,6450.0,429.6286416965668,-2161.4184173593057,34.898582109311974
2025-02-06,18,F,0.0,False,10276.98564770999,10202.588401428728,17404.763024525455,74.39724628126169,0.0042745337110552326,10797.43419425948,62.31423025321783,44.7751125968025,14.27578538772832
2025-02-07,6,F,0.44,True,9188.116736800925,8568.395602228833,16546.28710955259,619.7211345720916,0.03745378830120208,10194.62462428373,607.0694062020466,253.0345674009011,0.0
2025-02-07,12,F,0.13,True,10307.346337903198,10010.225080457962,16975.64074553902,297.12125744523655,0.01750280074248839,5664.95477614898,173.75041849230547,2467.416779058627,0.0
2025-02-07,18,F,0.0,False,2538.25000932034,2490.594970495793,9861.710050579659,47.655038824546864,0.0048323301516805155,10129.874601556732,46.96678983377569,13.764979815447077,0.0
2025-02-08,6,F,0.44,True,15391.558096211565,15249.028982494898,21561.6262683838,142.52911371666778,0.006610313709298486,10121.2597267241,107.55097808702703,699.5627125928149,0.0
2025-02-08,12,F,0.11,True,10024.045793364008,9719.301027181116,17347.801500080906,304.7447661828919,0.017566765804962123,6253.604433441758,368.25180670237387,-1270.1408103896601,0.0
2025-02-08,18,F,0.0,False,2460.120705091522,2382.8066061349346,9889.398644651132,77.31409895658726,0.007817876671237645,10272.64254714227,80.2689535053214,-59.097090974659864,0.0
2025-02-09,6,F,0.42,True,50301.49480165182,49507.03139477304,54198.83865440963,794.4634068787782,0.014658310521089745,10743.389240550861,635.6084001488562,3177.100134598426,0.0
2025-02-09,12,F,0.08,True,27752.860708780456,27038.51001310321,35143.62146033707,714.3506956772471,0.02032661023518763,6806.248629354007,739.296477177937,-498.9156300138286,0.0
2025-02-09,18,F,0.0,False,10660.112230748835,10578.83119217749,17633.49204115105,81.28103857134556,0.004609469206760695,10800.0,59.52927752256073,435.0352209757384,0.0
2025-02-10,6,F,0.39,True,45349.76009213107,45117.96692126494,50776.55471481358,231.79317086613446,0.004564964522859031,10347.254813547128,217.29100518190535,1143.1042130508504,-61.853881497472685
2025-02-10,12,F,0.08,True,30582.648746654242,30456.869816702787,36826.89132430334,125.77892995145521,0.0034154099199909752,6450.0,142.81875826876785,-704.278328807537,26.355396054925222
2025-02-10,18,F,0.0,False,10219.915980398939,10140.873079999665,17351.97428774278,79.042900399274,0.004555268414333055,10800.0,65.80058562643535,-214.40761318645855,34.749822075345946
2025-02-11,6,F,0.4,True,43526.19562637006,43059.24912796878,50705.23502516704,466.94649840128113,0.00920903922779407,10800.0,490.29794873781793,-449.4309682433286,-1.2760015000003477
2025-02-11,12,F,0.11,True,31038.795481740934,30472.921659879372,38410.688463616796,565.8738218615617,0.014732196805000417,6450.0,691.1996140087285,-2524.1138814306796,1.2760015000003477
2025-02-11,18,F,0.0,False,10439.20522514184,10412.41682660319,17748.217661317456,26.788398538650654,0.001509357111223423,10790.260888888888,6.940140608974616,396.9651585935426,0.0
2025-02-12,6,F,0.41,True,37908.07553744849,37251.07724479212,45042.60097857981,656.998292656368,0.014586153516507765,10159.654438703406,794.8680178297654,-2757.394503467922,0.0
2025-02-12,12,F,0.11,True,29102.70474940729,28378.434277954108,35670.63065370041,724.2704714531828,0.020304392105779834,7026.638906972437,388.1493150376118,7003.805320646978,-20.402506776650625
2025-02-12,18,F,0.0,False,9626.80492795026,9598.758216023336,16957.870062173795,28.046711926923308,0.001653905344485701,10800.0,16.43804770773204,-13.84843229073158,17.838583529368407
2025-02-13,6,F,0.4,True,38759.94104402587,38170.78275859284,45193.7747094744,589.1582854330336,0.013036270796595417,9874.074074074075,743.3935715539119,-2998.58913795395,-6.244155621647224
2025-02-13,12,F,0.12,True,31186.937289698748,30384.39710262091,36992.453057553874,802.5401870778369,0.02169470042522519,7050.0,587.6991227821127,4634.6589574380705,-24.49599004634183
2025-02-13,18,F,0.0,False,10325.11444207493,10225.997533946816,17478.650894109705,99.11690812811321,0.005670741336307343,10800.0,104.01566161764276,-521.9293257779191,30.740145667989054
2025-02-14,6,F,0.37,True,11120.270497981384,10638.755989358115,17157.892500202757,481.51450862326965,0.028063732688474386,9521.681918239725,367.3356234887324,2283.5777026907926,0.0
2025-02-14,12,F,0.06,True,9483.99287373929,9342.16800167984,16040.112474895775,141.82487205944926,0.008841887628993749,5690.00383878898,135.39612373386262,128.5749665116855,0.0
2025-02-14,18,F,0.0,False,4289.611976779232,4233.767254567862,11164.318595406534,55.84472221136912,0.005002071710345669,10203.803801093398,22.1761733634994,973.7329258068476,-21.778694117008854
2025-02-15,6,F,0.36,True,11373.334937999532,10955.873226077018,18010.150338731768,417.46171192251495,0.023179246373348797,9486.017671168074,360.1337269498654,1146.559699453057,0.0
2025-02-15,12,F,0.06,True,8853.378078618667,8254.78521661764,16200.688738862364,598.5928620010272,0.036948605806191255,5104.932899528572,655.6242741816204,-1140.62824361184,0.0
2025-02-15,18,F,0.0,False,2840.3944966518866,2733.750799079133,10187.284980930186,106.64369757275381,0.010468313959252401,10289.756699587932,92.18407919401943,289.1923675746989,0.0
2025-02-16,6,F,0.35,True,42047.17547220423,41754.73523368835,47162.312352566696,292.4402385158828,0.006200718835194421,9874.074074074075,269.09696691350837,949.3368106966955,-34.9831149253896
2025-02-16,12,F,0.05,True,25622.05086965925,25023.471467282223,33006.31011847557,598.5794023770286,0.01813530201432509,6553.989045756796,588.1493950769036,-273.8712326466807,34.9831149253896
2025-02-16,18,F,0.0,False,9254.763449559292,9224.698666232232,16663.77241759193,30.06478332705956,0.0018042003079278852,10800.0,32.5401819585677,-49.50797263014215,0.0
2025-02-17,6,F,0.35,True,37524.99207081584,36964.09969491545,44274.00074394911,560.8923759003883,0.012668662566642907,9874.074074074075,671.411966599786,-2210.3918139879606,0.0
2025-02-17,12,F,0.07,True,26428.268858176227,26168.261011841314,33476.58771949521,260.00784633491276,0.007766856303084207,7025.16806672484,320.92810358091083,-1218.4051449200406,0.0
2025-02-17,18,F,0.0,False,9557.316611751912,9488.84149915692,16978.832645572984,68.47511259499151,0.00403296940516376,10800.0,68.38987778724186,1.7046961550603328,0.0
2025-02-18,6,F,0.33,True,38916.15431509724,38612.36559630693,44460.73657673079,303.78871879031067,0.006832741474402454,9874.074074074075,266.29497078233544,1060.0749800086633,-22.492034604461878
2025-02-18,12,F,0.11,True,28632.664485445013,28100.143746933223,34899.29961087892,532.5207385117901,0.015258780103019346,6450.0,457.95774568496563,1361.984015338523,9.373554183388478
2025-02-18,18,F,0.0,False,10473.253029153248,10405.841010715834,17562.163669250564,67.41201843741328,0.0038384802526037487,10800.0,39.3981616135934,751.4708279177094,-13.863103961579327
2025-02-19,6,F,0.35,True,35868.513693124616,35402.94486710269,42729.87676506129,465.5688260219249,0.010895627632668579,9874.074074074075,486.53469668787875,-419.31741331917146,0.0
2025-02-19,12,F,0.13,True,29341.063366926275,29035.329788186937,35445.57115522042,305.73357873933855,0.008625438066733201,7036.046991345791,257.37103865808604,1170.7263801824192,-14.753641074232291
2025-02-19,18,F,0.0,False,10082.755209292458,10062.351372767465,17341.08635653962,20.403836524992585,0.0011766181256169079,10798.697357099581,13.858668881595804,-2.4917606098224496,9.672235062607797
2025-02-20,6,F,0.36,True,36633.22285924882,35880.4627774445,43332.57185848879,752.7600818043138,0.017371691767167734,9874.074074074075,694.5585724462726,1271.2433004174945,-7.773826238291804
2025-02-20,12,F,0.14,True,26117.28491761614,25684.07479139076,33195.235156195304,433.2101262253782,0.01305037075914575,7032.483654163674,466.7351733277792,-777.7140553047948,7.773826238291804
2025-02-20,18,F,0.0,False,10355.581402119484,10307.91905924786,17524.26308264262,47.66234287162297,0.0027197915625240426,10790.386648749814,48.226655510468845,-11.286252776914807,0.0
2025-02-21,6,F,0.37,True,9135.44398483182,8346.772173131805,15821.118481158112,788.6718117000146,0.049849308229330924,7062.285688167712,683.733362308185,2249.4611705110237,-10.92641383125374
2025-02-21,12,F,0.14,True,6295.653401706553,6149.315705899177,13694.483421609046,146.3376958073759,0.010685886521025253,5663.112978761849,139.36387397502585,-7.952431089654397,10.689796849277627
2025-02-21,18,F,0.0,False,3511.6078527647414,3455.4358317196065,10520.694479723627,56.1720210451349,0.005339193258904569,10283.755313974982,54.72508169660432,125.63957338445834,-7.0115966960802325
2025-02-22,6,F,0.38,True,12025.921352176474,11296.215235852915,17804.085537059975,729.7061163235594,0.040985318499208764,6616.5236142597305,586.7207375690887,2869.5079289255664,-0.7106056850825553
2025-02-22,12,F,0.14,True,7254.836811583173,7027.565151847037,14468.966867702075,227.27165973613592,0.015707525064796186,6071.92357944666,244.301361914062,-249.88885829892024,-6.576866650928423
2025-02-22,18,F,0.0,False,3384.8727792428726,3341.498539814762,10467.551282854827,43.37423942811074,0.0041436854003433395,10226.86132019717,39.062220264106145,179.62252982930568,-6.770968205113604
2025-02-23,6,F,0.37,True,39283.30628099238,38742.0034567755,44983.84982970026,541.3028242168803,0.012033270301811496,9874.074074074075,389.30177932659717,3166.868227179213,-9.197467244326617
2025-02-23,12,F,0.16,True,27009.172837235976,26466.5658173994,33804.873512620296,542.6070198365742,0.01605114776228948,6998.279959878779,590.1843259039888,-1067.6862918318166,8.42111078765629
2025-02-23,18,F,0.0,False,12240.869519519672,12131.402619406952,18900.076812319563,109.4669001127204,0.0057918759378462956,10788.043989878744,76.45416809391463,1230.6431558981203,-41.35782530042161
2025-02-24,6,F,0.39,True,34223.138180391026,32783.29130247272,41480.02354560853,1439.8468779183095,0.034711814383016314,9874.074074074075,1369.9550659817032,1397.8362387320321,0.0
2025-02-24,12,F,0.17,True,26217.085489807636,25931.766747833237,33179.11005772173,285.318741974399,0.008599348851672926,6460.653323361018,301.16032866226305,8.974250412386027,-23.62359445963375
2025-02-24,18,F,0.0,False,10759.688537638533,10684.564067097252,17820.07126881833,75.12447054128097,0.004215722227370338,10779.877585146589,67.88699799521783,118.47590686347394,1.9050465000545955
2025-02-25,6,F,0.4,True,38538.41927197926,37871.42290714046,44316.80662018028,666.9963648388002,0.015050641409145984,9874.074074074075,591.4335905368644,1511.255486038659,0.0
2025-02-25,12,F,0.17,True,26652.151120536968,26305.031228456603,33468.63667690835,347.1198920803654,0.010371497812453783,7088.99433873662,360.7386848537717,-272.37585546801347,0.0
2025-02-25,18,F,0.0,False,9621.586516633566,9573.302713370604,17019.59893752567,48.283803262962465,0.0028369530586589736,10800.0,43.90480803549508,87.57990454929916,0.0
2025-02-26,6,F,0.4,True,36376.817006632715,35907.94049373322,42278.061778537776,468.8765128994928,0.011090302941406727,9874.074074074075,454.6740965353456,299.1697465572943,-1.0964263824134832
2025-02-26,12,F,0.19,True,27705.620933335238,27223.255569636473,34259.01670574166,482.3653636987656,0.01407995354454885,6872.153623465763,373.8471563998537,2155.242726703953,1.0964263824134832
2025-02-26,18,F,0.0,False,11065.862413638135,11029.20770249277,18154.88530805889,36.65471114536558,0.0020189998737747293,10689.142293153156,30.774062424381555,117.61297441966326,0.0
2025-02-27,6,F,0.4,True,32031.726381009896,31460.78763114965,39273.6374619446,570.9387498602446,0.014537455320085216,9874.074074074075,503.6277373354751,1481.7885589083062,-9.82980944222436
2025-02-27,12,F,0.11,True,27150.8785921784,27007.180408394073,33449.527109331524,143.69818378432683,0.0042959705622935065,6554.415759011726,145.93880844680098,295.5776374824709,-24.681064182927003
2025-02-27,18,F,0.0,False,9908.44655072363,9876.334258205954,17179.398389341502,32.11229251767509,0.001869232658205208,10800.0,25.739644125471386,-27.99832286573337,11.271488027801752
2025-02-28,6,F,0.38,True,11291.105149650919,10119.009033467506,17121.25509774012,1172.096116183413,0.06845853937064002,6445.147532678882,911.6807001044253,5208.308321579701,0.0
2025-02-28,12,F,0.13,True,7275.1519743975205,7198.59731461127,14325.66518205886,76.55465978625034,0.005343881684609359,5976.640419017314,77.82710710378888,-25.448946350764345,0.0
2025-02-28,18,F,0.0,False,3563.371707728049,3517.0361802195584,10611.607537766005,46.335527508490486,0.004366494646884125,10160.474792588877,36.50377998551994,196.63495045937816,0.0
2025-03-01,6,F,0.4,True,9517.402866872608,9054.897969070307,15966.68805162685,462.50489780230055,0.028966865032174022,6391.853528154565,356.11115319731107,2761.5463631877683,-45.94635636226121
2025-03-01,12,F,0.12,True,9408.316048770319,9228.357117360863,15844.767268883948,179.95893140945554,0.011357625413839938,5034.100293901859,147.58879409052133,494.0062932475048,11.122495523071848
2025-03-01,18,F,0.0,False,2475.4018206457276,2378.568592906804,9869.350419086628,96.8332277389236,0.009811509737424558,10260.530749339874,80.11161886525042,39.49338033020308,21.38547133159409
2025-03-02,6,F,0.37,True,37679.581877408484,36534.997782979925,44647.111127362936,1144.5840944285592,0.02563624085696054,9874.074074074075,1077.04781256141,1350.7256373430282,0.0
2025-03-02,12,F,0.12,True,29210.609925062345,28783.124450246905,35863.186299035675,427.4854748154394,0.011919896666485935,7353.117782206999,383.1138004474342,887.4334873600565,0.0
2025-03-02,18,F,0.0,False,11230.061223347346,11121.135973952574,18253.98189860853,108.92524939477153,0.005967204854250168,10640.33154481591,90.9541626466198,359.4217349630453,0.0
2025-03-03,6,F,0.32,True,38913.49926206936,38033.576659109836,45126.50288483917,879.9226029595229,0.019499020458222664,9874.074074074075,789.7034730603846,1804.3825979827889,0.0
2025-03-03,12,F,0.05,True,30117.090562050937,29627.443467433703,36358.45493260177,489.64709461723396,0.013467214036594798,6562.035556448625,420.959227199819,1373.757348348303,0.0
2025-03-03,18,F,0.0,False,10075.58223586486,10009.6893647532,17415.91222398783,65.8928711116605,0.0037834866336144517,10738.567800919443,63.223678670732625,53.383848818500155,0.0
2025-03-04,6,F,0.3,True,35720.75858017456,35131.831232185745,42536.91123042532,588.9273479888143,0.013845089616370005,9874.074074074075,528.7349145192784,1203.8486693906561,0.0
2025-03-04,12,F,0.05,True,25334.02592475064,25061.50490179788,32742.21410105864,272.52102295275836,0.008323231352394921,6349.872563510821,271.19455201539677,26.529418747180102,0.0
2025-03-04,18,F,0.0,False,10180.873323446542,10079.411810176955,17492.88366123613,101.46151326958716,0.0058001593810644144,10800.0,87.37125617140555,281.805141963594,0.0
2025-03-05,6,F,0.32,True,35292.43710851465,34988.158375747094,41887.63627301052,304.2787327675542,0.00726416575011205,9874.074074074075,293.2858774685883,219.85710597941943,0.0
2025-03-05,12,F,0.09,True,24912.546991298324,24414.17889008308,32302.568134743382,498.3681012152447,0.015428126306750806,7066.02750711597,499.2013310627881,-16.664596950946816,0.0
2025-03-05,18,F,0.0,False,10472.082552558977,10421.17910557599,17712.52222478322,50.90344698298759,0.0028738677833111703,10789.117775746096,67.66892777625253,98.52550557603263,-31.4565891028451
2025-03-06,6,F,0.32,True,32695.5517062675,31813.26427037821,40111.99913031637,882.2874358892877,0.021995598699105,9874.074074074075,897.0776263418229,-295.8038090506292,0.0
2025-03-06,12,F,0.11,True,26895.537266640255,26241.531348818295,33849.97262516943,654.0059178219599,0.019320722207487647,6630.330464842022,531.0500837378931,2459.116681681242,0.0
2025-03-06,18,F,0.0,False,10324.332400179346,10260.516578100922,17596.64590396142,63.81582207842439,0.003626590114202272,10800.0,58.720045384972764,101.91553386904161,0.0
2025-03-07,6,F,0.3,True,6425.405961303886,6234.275110896837,13819.616186920244,191.13085040704937,0.013830402221151963,5784.31640779385,188.9061310122761,243.76342822777553,-14.448632701351016
2025-03-07,12,F,0.1,True,6408.416523007696,6243.032969747559,13780.81074930315,165.38355326013698,0.012001003153497329,4872.567081879626,140.65365846978239,295.3288554747403,14.448632701351016
2025-03-07,18,F,0.0,False,3392.584117705048,3356.218468508103,10510.829193507192,36.365649196945014,0.0034598268630803178,10203.250116937335,35.5827064305995,186.40072544865325,-12.380179901587326
2025-03-08,6,F,0.29,True,7285.54313833071,7190.538014818956,14326.993475920412,95.00512351175348,0.006631197513381296,5146.835358732269,77.0629463545556,379.0623946963515,-1.4660318493843079
2025-03-08,12,F,0.12,True,6170.956360251677,6044.807913213615,13567.02582969978,126.14844703806193,0.009298165170579131,5089.763259357985,125.7418153462022,-12.086217715156181,1.4660318493843079
2025-03-08,18,F,0.0,False,2545.5325870242523,2506.9739207678977,9936.044653632454,38.55866625635463,0.003880685685350479,10260.417775791244,30.26765594750941,165.82020617692274,0.0
2025-03-09,6,F,0.31,True,30289.81817715081,29170.018566329643,37665.42642593509,1119.7996108211664,0.02973017212544053,9874.074074074075,1138.976847181024,-333.6742879461592,-3.6160140992869856
2025-03-09,12,F,0.11,True,25356.12344197512,23881.271716743606,32580.006891251618,1474.8517252315141,0.04526861305322625,6505.145755228843,1294.7411290017117,3552.3414853450486,3.6160140992869856
2025-03-09,18,F,0.0,False,9847.93293649702,9799.699084283331,17247.539276893407,48.233852213688806,0.0027965642773347893,10800.0,55.52909585395537,10.657092971987822,-11.352021040227555
2025-03-10,6,F,0.31,True,31914.228620458423,30572.535630175207,38993.290635481026,1341.6929902832162,0.03440830379835587,9875.692516170113,1192.963073345898,3461.463985020783,-35.30173521282995
2025-03-10,12,F,0.09,True,25419.156055669828,25019.4355364866,32635.57255773083,399.72051918322904,0.012248000811879179,6477.828572029137,318.9123608674927,1576.3740007543297,2.8850394306973612
2025-03-10,18,F,0.0,False,9886.817189551475,9863.127980801928,17263.49075302954,23.689208749547106,0.0013722142924883214,10798.110248334564,13.999125327503862,22.548974988595774,12.417218764552672
2025-03-11,6,F,0.26,True,32398.89533211288,30907.896096123437,39388.2725088344,1490.9992359894422,0.037853887490369775,9886.28899874554,1230.433975983069,5270.822086292086,-4.315460275647638
2025-03-11,12,F,0.09,True,25108.54248762513,23879.17747316511,32501.962285783913,1229.3650144600215,0.03782433207110499,7070.839087079496,1275.951339029747,-373.10054211472413,-40.50494319200516
2025-03-11,18,F,0.0,False,9812.474977335773,9748.992861688883,17185.192169726408,63.482115646889724,0.003694000917762235,10799.608783260943,39.234348250942276,63.11334863594959,30.58698980774352
2025-03-12,6,F,0.25,True,29613.666360236057,28501.21570462524,36998.26672687725,1112.4506556108172,0.030067642460739428,9875.96363179538,1112.5744553552577,-2.4759948888215604,0.0
2025-03-12,12,F,0.09,True,25412.157108742307,23982.19101101617,32669.540519586226,1429.9660977261374,0.043770621655019486,6660.334144212645,1301.6170000575003,2566.9819533727136,0.0
2025-03-12,18,F,0.0,False,9832.582415229297,9795.005771405764,17240.877477971648,37.57664382353323,0.002179508779152582,10799.411449902118,33.65599655762344,78.41294531818028,0.0
2025-03-13,6,F,0.27,True,31694.233516128334,30351.42542117174,38822.227005140216,1342.808094956592,0.0345886415732616,9920.985822772613,1216.7717697597327,2520.726503937136,0.0
2025-03-13,12,F,0.09,True,24594.155944540187,24203.27337574389,31897.333561208965,390.88256879629625,0.012254396375992287,6953.513751416618,365.5947152011613,505.7570719027435,0.0
2025-03-13,18,F,0.0,False,9798.789691259304,9680.471223461122,17202.041023448284,118.31846779818261,0.006878164494370258,10785.567141629828,122.41376493656935,186.45965753005385,-19.458697557403866
2025-03-14,6,F,0.25,True,6788.576481381737,6235.513099590046,14121.220200766094,553.0633817916905,0.03916541020737614,5003.594095428128,509.02243417584214,1175.826915211206,-21.39048641336194
2025-03-14,12,F,0.11,True,6311.054570916586,6052.35577537716,13672.930159130454,258.6987955394261,0.018920508810371803,3995.177664769146,237.46177529449233,129.73244200445652,21.39048641336194
2025-03-14,18,F,0.0,False,2550.868663875968,2503.23286166081,9953.038453216042,47.63580221515804,0.0047860562821161285,10149.724188909435,50.042756388351336,-46.25962378979682,-0.13627617447491502
2025-03-15,6,F,0.31,True,8335.543283575185,6217.7027403512175,15483.672269862878,2117.840543223968,0.13677895697560663,4594.087080350501,1900.256346642991,4600.683411121889,-18.0544956514932
2025-03-15,12,F,0.11,True,6153.263632282488,5932.375945241099,13520.305478173825,220.88768704138965,0.016337477536877722,6144.471700453415,217.75297764464267,-28.93037310887621,6.643528903119659
2025-03-15,18,F,0.0,False,2572.3203054561936,2529.0264615414508,9951.641705551006,43.293843914742865,0.004350422291690188,10212.97961360548,34.40617882740116,79.12474690963563,7.151375649380498
2025-03-16,6,F,0.32,True,30936.091875201593,30197.228477698674,38103.43453952401,738.8633975029188,0.019390992083312308,9902.921079395586,611.9405291314688,2703.436242822298,-11.962315721826599
2025-03-16,12,F,0.09,True,24675.468937073107,24321.3757589375,32048.422438276626,354.09317813560483,0.011048692921393165,7116.669107103943,360.3518826191721,-290.15296506471395,11.962315721826599
2025-03-16,18,F,0.0,False,10065.516505380487,10019.876907803497,17457.25018334297,45.63959757699013,0.002614363493543654,10728.39696577216,44.51013501196212,79.80359756210169,-4.148507329595304
2025-03-17,6,F,0.33,True,27138.973043628663,26014.44048441309,34507.15513333389,1124.5325592155714,0.032588387969695994,9874.074074074075,1121.3450315369992,104.92928571958419,-2.985794355830876
2025-03-17,12,F,0.08,True,23742.015750450115,22933.058145709387,31051.03911290093,808.9576047407281,0.02605251314776859,6804.455982550009,738.044106998288,1423.0817341457691,-0.3488932931322779
2025-03-17,18,F,0.0,False,9922.170887869535,9873.206513562161,17332.675065848474,48.96437430737387,0.0028249750324951905,10798.991646344552,43.173266531190166,69.83164407860636,3.334687648963154
2025-03-18,6,F,0.35,True,30355.312853051553,29028.54859665651,37573.91040697984,1326.764256395043,0.03531078458494912,9899.234225605942,1182.1717245644104,2891.8506366125516,0.0
2025-03-18,12,F,0.06,True,23513.9298194979,22934.28400370448,30900.281941129622,579.6458157934176,0.01875859310597046,6883.863487654809,589.8483136383074,-204.04995689785846,0.0
2025-03-18,18,F,0.0,False,9730.174292178379,9666.284658291383,17143.209291381074,63.88963388699631,0.0037268187537742702,10793.380311895124,64.67495609352045,-15.706444130436239,0.0
2025-03-19,6,F,0.34,True,30347.257435274623,28261.20381563239,37388.85164041212,2086.0536196422327,0.05579346591612085,9887.052247118372,1835.5134705751916,5010.80298134077,0.0
2025-03-19,12,F,0.05,True,23373.46400256292,22737.086143191875,30753.287967203138,636.3778593710449,0.020693002323839665,7032.806399328699,670.624019344501,-684.9231994691681,0.0
2025-03-19,18,F,0.0,False,9939.373192690224,9876.361510890012,17348.002196605088,63.01168180021159,0.003632215461244445,10799.802684263406,74.06112850441059,18.08129707035505,-17.33454406171586
2025-03-20,6,F,0.35,True,28028.46574110534,26836.885632897443,35339.36266970117,1191.5801082078979,0.03371821159722046,9877.908226632453,1157.526191516692,1232.129623687613,-39.95571852790454
2025-03-20,12,F,0.04,True,24695.11354220435,23567.116441095375,31889.884547947542,1127.9971011089765,0.03537162699391382,6409.268739913505,966.76023076614,2911.491648264682,22.71287553552611
2025-03-20,18,F,0.0,False,9872.689859936232,9807.815663112358,17247.957767287935,64.87419682387372,0.0037612683019732675,10800.0,45.224352203618764,155.19136113354443,17.242842992378428
2025-03-21,6,F,0.38,True,5456.183333938185,5197.814338886075,12864.447432627472,258.3689950521093,0.020083955910676785,4343.551744483699,242.1910660331796,323.5585803786007,0.0
2025-03-21,12,F,0.05,True,5664.0755603379985,5437.138021418426,13022.453372707556,226.93753891957203,0.017426634784132727,2432.046238851196,189.19562088739076,754.8383606436262,0.0
2025-03-21,18,F,0.0,False,2491.4692902507213,2427.4644890793934,9886.30995362188,64.00480117132793,0.00647408400824815,10206.958143621847,64.75374545296654,18.71938898827011,-2.443400097961785
2025-03-22,6,F,0.34,True,5867.058394745027,5785.3308892453315,13263.183624758718,81.72750549969533,0.006161982508266909,4271.838100286669,82.16343684207823,18.635266036852613,-1.9833806123660906
2025-03-22,12,F,0.04,True,6902.534807214564,6295.935445255729,14159.661619375971,606.5993619588353,0.04283996173529807,2330.7723077209903,523.9694359864588,1814.8472513944691,-11.764358026977789
2025-03-22,18,F,0.0,False,2674.2043967194604,2613.0732264073577,10070.357141346272,61.13117031210277,0.006070407380202441,10281.106603323415,46.53850802955458,102.25062081951523,13.74773863934388
2025-03-23,6,F,0.36,True,28251.896598203974,27628.199003472204,35553.54467337739,623.6975947317696,0.017542486985799657,9874.074074074075,572.4691942936624,1024.5680087621874,0.0
2025-03-23,12,F,0.05,True,23072.55033534894,22556.693939835022,30478.266248025968,515.856395513918,0.01692538516843389,6281.694095015013,539.7996066831038,-435.7543791192779,-3.125815754172436
2025-03-23,18,F,0.0,False,9868.821778508622,9827.066266564922,17272.524167186173,41.755511943700185,0.002417452801891345,10800.0,57.41016060232505,83.05944732485511,-28.72428555872466
2025-03-24,6,F,0.35,True,26981.53757251089,26479.586026963065,34209.15375042338,501.95154554782494,0.014673018491187104,9884.041870846224,425.1900197258874,1535.2305164387594,0.0
2025-03-24,12,F,0.03,True,23132.770261037156,22797.516307070335,30430.018057205427,335.2539539668214,0.011017211798447741,6767.466656314853,305.1710723864562,601.6576316072556,0.0
2025-03-24,18,Q,0.0,False,9911.20873077112,9859.569618930074,17309.94399952182,51.63911184104654,0.00298320502033242,10772.976663634428,50.94255801893814,114.15147805051822,-7.266797539674371
2025-03-25,6,F,0.34,True,27599.325603958154,26528.879933345022,35002.00373607716,1070.4456706131314,0.030582411186643146,9897.571407443242,1097.4441446195779,-539.9694801289255,0.0
2025-03-25,12,F,0.04,True,23069.161675031202,22286.921589698642,30351.63646671116,782.2400853325598,0.025772583504368844,6547.257148102361,683.8332742675047,1968.136221300959,0.0
2025-03-25,18,Q,0.0,False,9642.618067771467,9603.436551621575,17055.193575871537,39.18151614989256,0.0022973363495166514,10794.657703157209,40.000861894550326,-16.38691489319524,0.0
2025-03-26,6,F,0.35,True,26433.751194935277,26007.23791862276,33747.32104708397,426.5132763125184,0.012638433602402122,9874.074074074075,401.13126912754524,919.1928068282584,-29.840928911455194
2025-03-26,12,F,0.04,True,22514.16577678599,21857.729532931302,29875.94261123696,656.4362438546887,0.021972068041387568,6877.332377262392,648.0384745047668,114.05570449857532,3.9081671385629306
2025-03-26,18,Q,0.0,False,9806.212630181639,9772.326039691574,17196.359477081518,33.88659049006492,0.001970567696914416,10786.053422024912,16.436053532925143,75.48870323031531,19.832581248112547
2025-03-27,6,F,0.34,True,29016.05556927345,27258.041019298216,36064.586530562876,1758.0145499752325,0.048746283240635686,9874.074074074075,1472.4894633984586,5710.501731535451,0.0
2025-03-27,12,F,0.03,True,23010.88965544841,21692.173646581723,30412.449255346008,1318.716008866686,0.043361059077965496,7315.3767483174215,1343.774512906868,-501.1700808036501,0.0
2025-03-27,18,Q,0.0,False,9865.16445586079,9787.490162287011,17268.578289662742,77.67429357377841,0.004498013227891235,10776.88653110654,74.41226685505535,65.24053437439727,0.0
2025-03-28,6,F,0.36,True,5135.801714245385,5024.656600267615,12535.099147522005,111.14511397776914,0.008866711995631946,4318.318217610974,97.63861504285342,270.1299786983275,0.0
2025-03-28,12,F,0.02,True,5235.921397238117,5060.647851409922,12605.996250643415,175.27354582819498,0.013903982068791189,1528.2268975464565,159.95586606223333,306.35359531925087,0.0
2025-03-28,18,Q,0.0,False,2406.208377023535,2313.4238641041566,9818.057076550944,92.78451291937836,0.009450394532843081,10280.468575192808,99.53952912646128,80.93457893465916,-15.664294664220506
2025-03-29,6,F,0.36,True,5637.583724110591,5370.0799699914505,12967.53513478949,267.50375411914047,0.02062872792235415,4020.8107631190164,227.36717161624438,899.6872525868675,-7.030072945311986
2025-03-29,12,F,0.02,True,5161.233744772459,5073.145405768921,12526.713624789301,88.08833900353875,0.007032039020132097,1200.0,92.77171355031896,-123.57523794531926,2.1685558918125025
2025-03-29,18,Q,0.0,False,2822.613002792561,2758.9561330778606,10213.26137505323,63.656869714700406,0.006232766143651997,10088.834229499755,69.42481788344776,-67.79081574727047,-3.4490791555454052
2025-03-30,6,F,0.35,True,24341.519828312383,23751.831500857967,31660.72082519148,589.6883274544161,0.018625233793957682,9874.074074074075,580.0493229062267,314.6218476895788,-8.834522350698535
2025-03-30,12,F,0.02,True,21010.54050464191,20732.439549477695,28382.63640922536,278.10095516421643,0.009798277762309064,6306.279610692485,279.14118814635003,192.95041596647866,-15.498988555253163
2025-03-30,18,Q,0.0,False,9798.56766905263,9704.520161335488,17177.503208407656,94.04750771714316,0.005475039449919061,10789.123539590853,85.17500441024458,102.94506230209754,5.402221203265071
2025-03-31,6,F,0.39,True,33755.94515878835,27044.59277692251,40359.341052305994,6711.352381865843,0.16628993950044632,9925.797944698123,6058.059526067722,13065.857115962406,0.0
2025-03-31,12,F,0.04,True,23244.862347040078,21616.021389053392,30629.152311215155,1628.8409579866857,0.05317943315689707,7391.359961104034,1735.5059398914018,-1657.2976149822964,-34.51403381867931
2025-03-31,18,Q,0.0,False,9737.968341460097,9678.669497657567,17107.643017527094,59.29884380252952,0.0034662193816983886,10797.343695887886,36.77869171222119,99.3676329732566,25.45293377705093
2025-04-01,6,F,0.4,True,27712.55710459513,26340.724101966625,34889.248324171116,1371.833002628504,0.03931964913322893,9886.70081699944,1238.3921690025236,2907.958398166207,-17.339727996246438
2025-04-01,12,F,0.04,True,22358.589853550344,22018.119430643106,29691.30728911536,340.47042290723766,0.011467006810847022,6978.987577723814,311.92533023328724,331.760127832375,17.339727996246438
2025-04-01,18,Q,0.0,False,9865.51745707455,9755.556164135349,17254.501360335184,109.96129293920058,0.006372904707172858,10697.426158155682,105.344126560718,181.83799717141778,-6.489094380385723
2025-04-02,6,F,0.39,True,26945.421054534163,26554.776188381373,34121.051645795924,390.6448661527902,0.011448793261356638,9903.33182958109,359.90029511773173,614.8914207013022,0.0
2025-04-02,12,F,0.04,True,21400.21582352934,20846.94303371659,28776.364121501487,553.2727898127487,0.01922663987280267,6531.603408146357,546.8966838023662,127.52212020756019,0.0
2025-04-02,18,Q,0.0,False,9704.671908064223,9630.298155457343,17086.261361474462,74.37375260687986,0.004352839455831768,10795.24624773583,62.27401164074763,241.99481932267258,0.0
2025-04-03,6,F,0.38,True,25744.742395713816,25111.915333375357,33105.06074584489,632.8270623384597,0.01911571971417958,9917.296409020895,615.9590205856839,523.625710689535,-13.505724565695346
2025-04-03,12,F,0.04,True,22007.10159487529,21500.33778518826,29312.2631757039,506.7638096870287,0.017288457279786937,6609.378313456103,449.1719327233586,1347.9288890467851,-14.218224186064617
2025-04-03,18,Q,0.0,False,9724.435529577846,9681.986506104491,17106.368854590357,42.44902347335483,0.002481474814099076,10800.0,36.95728297281312,204.66208323111857,-6.875751690002289
2025-04-04,6,F,0.36,True,4393.931525536669,4271.069863583477,11786.52302335322,122.8616619531922,0.010423910572249366,3754.2498494172355,122.0309812084015,204.8819715723862,-13.650993302171628
2025-04-04,12,F,0.05,True,4664.244716463713,4493.815655709146,12031.286443939352,170.42906075456722,0.014165489413679387,1200.0,170.45795495371203,254.71692215381313,-18.510958241584376
2025-04-04,18,Q,0.0,False,2478.0303904047505,2414.3554754289908,9844.719076244823,63.67491497575975,0.006467926050770355,10159.13689377093,56.82747354360072,167.88833800728287,-2.243367088116429
2025-04-05,6,F,0.37,True,4831.538162328123,4563.898748046888,12175.854747940099,267.6394142812351,0.021981160240640528,3443.35341913377,250.40502337114413,531.671608437204,-13.55785174511584
2025-04-05,12,F,0.03,True,4662.525097156084,4495.510488587409,12030.503417898795,167.0146085686747,0.013882595163905857,1200.0,159.2619637627795,284.87803569407924,-9.413382801511034
2025-04-05,18,Q,0.0,False,2659.636486962835,2604.3430941390698,10032.882783955829,55.293392823765316,0.00551121686701934,10224.769946132328,55.35992778310174,185.20085684356616,-13.525061072201424
2025-04-06,6,F,0.37,True,24189.85263287696,23616.332435799282,31519.513332916336,573.5201970776761,0.018195718665450958,9936.622410904909,556.8368109738767,333.667722075955,0.0
2025-04-06,12,F,0.04,True,22510.134861402577,21703.649794277182,29730.359229982187,806.4850671253953,0.02712665060273066,6306.177147219476,704.8199033984165,2068.2587774368685,-2.534559414807518
2025-04-06,18,Q,0.0,False,9625.784479729744,9573.847150727548,17026.80191299982,51.93732900219584,0.0030503279046514378,10766.812932650351,47.78859919862589,48.01909317410059,2.534559414807518
2025-04-07,6,F,0.36,True,25255.55266717318,22990.52885282426,32226.633654995,2265.0238143489187,0.07028422014527878,9928.92698694617,1943.9779513044705,6420.9172608890185,0.0
2025-04-07,12,F,0.05,True,20953.16557007892,20619.474016035412,28297.9387630216,333.6915540435075,0.011792079869773403,7276.202335522796,346.9081613682938,300.8764908107564,-40.982241829706254
2025-04-07,18,Q,0.0,False,9635.335079260973,9593.623223488088,17010.028888742392,41.71185577288452,0.002452191941924939,10791.06780258183,20.863070747222082,31.76818798811439,27.930690352071906
2025-04-08,6,F,0.36,True,24912.9472357005,23906.20659944145,32134.991975886245,1006.7406362590482,0.03132848568982048,9964.66566266305,942.823561348956,1896.3261569975298,-44.808934368918926
2025-04-08,12,F,0.05,True,20993.68315956096,20737.99785642971,28338.766812115395,255.68530313124938,0.009022456934221244,6021.4404390421605,240.2279099911575,-204.98267260208877,37.27866232612905
2025-04-08,18,Q,0.0,False,9729.632804296678,9628.506918141567,17114.951505969184,101.12588615511049,0.00590862826107575,10794.24493000588,109.63908008888757,350.1425334815116,-37.73371464099728
2025-04-09,6,F,0.36,True,25694.537995178376,24858.464467698657,32744.163066761706,836.0735274797189,0.025533513431846098,9930.7675379565,702.161528026907,2678.239989056199,0.0
2025-04-09,12,F,0.05,True,22235.764593725675,21742.944860627947,29488.80440035149,492.8197330977273,0.016712096102880766,6935.773039272443,429.6264110376542,1263.8664412015078,0.0
2025-04-09,18,Q,0.0,False,9695.896584201868,9627.36603975664,17097.07795463045,68.53054444522786,0.004008319119037972,10779.083905902664,61.7549492553735,135.5119037971184,0.0
2025-04-10,6,F,0.33,True,26445.36123543282,25047.566639418525,33466.123110577064,1397.794596014297,0.04176744917228013,9940.456112679149,1211.9851044005263,3741.655870767735,-1.8464957522792247
2025-04-10,12,F,0.05,True,21265.68870037982,20370.797664117326,28651.378086065008,894.891036262492,0.031233786855709204,6892.050856496602,900.8009911086046,-1.2420419863763072,-8.480341581320317
2025-04-10,18,Q,0.0,False,9835.37640641833,9720.615890156463,17208.166355922123,114.76051626186745,0.0066689566969680685,10797.155797347836,94.75206427521334,326.9847903366805,5.306455720812664
2025-04-11,6,F,0.36,True,4576.58572293151,4162.282858691547,11896.599985757066,414.3028642399631,0.034825316875071684,3302.183031029809,373.51923235294635,923.9736245736738,-7.852705956423961
2025-04-11,12,F,0.05,True,3887.550524687914,3709.5867397531947,11282.217774299359,177.96378493471911,0.015773829976949802,1200.0,164.4084981661581,162.8047485378762,7.852705956423961
2025-04-11,18,Q,0.0,False,2386.794275698274,2290.9618366332415,9797.768555559902,95.8324390650323,0.009781047441731071,10161.699913007405,92.85455305242795,59.557720252109675,0.0
2025-04-12,6,F,0.33,True,4333.7421480071625,4099.394968442444,11734.35204375785,234.34717956471832,0.01997103706202342,3323.4556266590776,232.0283043945292,46.37750340378261,0.0
2025-04-12,12,F,0.06,True,4615.203937122973,4283.362040737227,11976.535060574637,331.8418963857457,0.02770767126780522,2194.965192472816,294.4836230885976,827.9086591975688,-5.854540878624903
2025-04-12,18,Q,0.0,False,2491.8681804076205,2369.353750403636,9890.634652586486,122.51443000398467,0.012386912903707963,10235.679535856034,105.88197717499861,251.90586332510452,5.854540878624903
2025-04-13,6,F,0.32,True,22344.0358766859,21793.122345487107,29606.642312885513,550.913531198792,0.01860776799262446,9966.402154430662,506.68692827263294,1276.8275831730834,-28.444629113464543
2025-04-13,12,F,0.06,True,20272.84628104243,19820.80587877569,27550.149848116973,452.0404022667426,0.01640791083746643,6386.712297158146,437.4864486280385,366.22767186847796,-5.448887115258913
2025-04-13,18,Q,0.0,False,9738.863898274012,9644.680148755517,17086.120793440503,94.18374951849546,0.005512295661321401,10748.00431946719,73.00652460978745,400.5060733735538,1.6704739351716853
2025-04-14,6,F,0.31,True,22246.333594142838,21023.861927275226,29652.173469722682,1222.471666867612,0.04122705096528106,9948.84512896848,1233.6515545930815,-223.597754509413,0.0
2025-04-14,12,F,0.06,True,19819.775039611653,19251.389031429273,27117.446073502906,568.3860081823805,0.020960159988582545,5297.428333158905,499.47375911239214,1538.34796372289,-11.608773656565972
2025-04-14,18,Q,0.0,False,9568.3347178813,9468.12367809219,16950.388861434705,100.21103978911015,0.0059120201081114395,10800.0,104.1308933036089,321.23610773332473,-28.976668904022517
2025-04-15,6,F,0.32,True,24307.615003251223,22153.852066543477,31327.224184783627,2153.762936707746,0.06875051948438762,9969.494683256158,1839.1019406344894,6293.219921465126,0.0
2025-04-15,12,F,0.08,True,20399.115390653635,19673.89422387009,27779.004800416602,725.2211667835436,0.02610680879297258,6950.20633365544,788.6677426223359,-1171.2285554244133,-7.084262563055745
2025-04-15,18,Q,0.0,False,9729.237123812658,9571.086557779729,17117.935539504702,158.15056603292942,0.009238880802416284,10790.252865911085,140.50857730811913,255.13681314472558,7.084262563055745
2025-04-16,6,F,0.31,True,26416.771304562993,23684.320711102784,33290.35157583375,2732.4505934602093,0.08207935525210132,9958.57430312599,2395.5093559298366,6876.849604333944,-10.007929038181828
2025-04-16,12,F,0.08,True,20815.04701083877,20164.91993069506,28175.932010843808,650.1270801437095,0.02307384472298915,6951.34260254579,675.3353566723999,-446.5098267292392,-4.18050935860083
2025-04-16,18,Q,0.0,False,9615.506373037635,9563.659359196183,17000.090962817656,51.84701384145228,0.0030498080248424135,10778.126736820106,37.684228678263025,127.6324331904217,11.283957936078878
2025-04-17,6,F,0.31,True,24893.435809669427,23354.522962308663,31764.594028225176,1538.9128473607634,0.04844742690535652,9956.5898308815,1177.4537963613911,7229.1810199873535,0.0
2025-04-17,12,F,0.08,True,20273.045240560066,19386.823618564507,27679.026807464576,886.221621995559,0.03201780279921401,7136.9702254788845,896.3872715093676,-203.3129902762082,0.0
2025-04-17,18,Q,0.0,False,9574.832831498503,9509.508772824052,16984.802159684652,65.3240586744505,0.003846030001427072,10787.62018849185,57.6762414677105,152.95634413475773,0.0
2025-04-18,6,F,0.28,True,3785.2019699525226,3560.6739582315986,11152.107603261678,224.52801172092404,0.020133235771080248,3197.8546510474766,193.78245075036284,614.9112194112126,0.0
2025-04-18,12,F,0.08,True,3907.351361754423,3708.8520209162734,11278.55566061953,198.4993408381497,0.017599712836567777,1200.0,213.3513236634899,428.1171515674,-52.5797903842722
2025-04-18,18,Q,0.0,False,2571.18129586516,2493.5308591782077,9935.57558970283,77.65043668695216,0.007815393882909874,10087.999886837035,49.750939187732,43.23324360387585,37.324064835391255
2025-04-19,6,F,0.3,True,3396.750467637079,3257.9702770253425,10796.94795766875,138.78019061173654,0.012853650045906271,3175.647818801183,135.24522507811344,70.69931067243795,0.0
2025-04-19,12,F,0.11,True,5764.911995525175,3991.2423098858126,12964.440890035592,1773.6696856393628,0.13681034922243326,1200.0,1600.6351396762857,3460.690919261544,0.0
2025-04-19,18,Q,0.0,False,2379.0253975781707,2332.6176095691626,9785.938642797393,46.40778800900807,0.004742292967794657,10016.523046967373,42.52716624873756,77.61243520538437,0.0
2025-04-20,6,F,0.3,True,21762.702060669333,20804.912565490507,28994.230398058553,957.7894951788257,0.03303379610458497,9984.644832163345,867.5042760873839,1805.7043818287866,0.0
2025-04-20,12,F,0.1,True,20043.5098235661,19660.131424295283,27351.16644050477,383.37839927081586,0.01401689394508107,6526.606954690867,321.3837732034117,1263.285794495983,-1.696203338125997
2025-04-20,18,Q,0.0,False,9461.945370896894,9391.662606177431,16862.187173404287,70.28276471946265,0.004168069301846882,10730.267839702325,61.46327524998196,152.9965162416812,1.696203338125997
2025-04-21,6,F,0.3,True,20361.25261291879,19497.03500693675,27754.949659112463,864.2176059820413,0.031137422931635645,9982.073707853173,900.8151673158827,-731.9512266767704,0.0
2025-04-21,12,F,0.12,True,18748.977073928618,18443.817577172813,26120.191774519662,305.15949675580487,0.01168289648828264,5965.018892476525,306.509871331873,-27.007491521445218,0.0
2025-04-21,18,Q,0.0,False,9310.408667102953,9248.810699039781,16708.508826947287,61.59796806317172,0.003686622708295024,10800.0,50.84843977833225,214.99056569678862,0.0
2025-04-22,6,F,0.3,True,23969.209555182802,21528.054807453052,30866.635267269852,2441.15474772975,0.07908716731163389,10006.680900752108,2096.2544014840933,7061.25919570183,-11.837122788132547
2025-04-22,12,F,0.11,True,19905.993577936442,19328.09309099245,27230.278244765646,577.9004869439923,0.021222716923764064,6214.428883910834,614.4084608007543,-893.4117479239608,11.837122788132547
2025-04-22,18,Q,0.0,False,9454.163646865489,9425.322892527858,16847.110060058516,28.840754337630642,0.0017119110776160306,10780.473066578454,28.43638846097383,8.08731753318807,0.0
2025-04-23,6,F,0.29,True,21442.923568880142,20708.12761924445,28477.670615008843,734.7959496356925,0.025802529974078232,9986.341030148453,574.6214606586582,3203.4897795405923,0.0
2025-04-23,12,F,0.09,True,19790.771606629736,19275.04777060909,27045.73400563247,515.7238360206466,0.019068583456202128,6293.938191845946,457.58200709176526,1167.0321713455915,-0.30421473785645503
2025-04-23,18,Q,0.0,False,9558.905653644091,9524.685801067259,16953.346406910227,34.219852576832636,0.0020184718553786255,10781.480053735027,29.70872191690796,127.20257017617621,-2.6813488677962596
2025-04-24,6,F,0.29,True,19303.168885224324,18948.859467558228,26631.233251381716,354.3094176660961,0.013304281267098789,9992.262791404886,357.89280201837755,-71.66768704565493,0.0
2025-04-24,12,F,0.09,True,19873.337681213132,19005.251455773898,27166.831508726635,868.0862254392341,0.031953900297882885,5616.683794643774,779.2579141477909,1776.5662258288464,0.0
2025-04-24,18,Q,0.0,False,9317.911023235372,9283.64816598299,16723.748516989916,34.26285725238267,0.0020487546328249616,10791.262094861173,32.73078601015732,30.641424844470293,0.0
2025-04-25,6,F,0.28,True,3517.3547219323027,3327.102204261215,10894.930067047742,190.25251767108784,0.017462481769067617,2744.906852242355,172.9922885258893,345.2045829039507,0.0
2025-04-25,12,F,0.08,True,3359.202466900517,2908.904909162751,10736.595669961642,450.2975577377656,0.041940441046652024,1200.0,399.73295543438144,1011.2920460676833,0.0
2025-04-25,18,Q,0.0,False,2128.724718740108,2070.208703285897,9552.875768225544,58.5160154542109,0.0061254869082297625,10089.82159606732,54.689922325251246,117.45580872273268,-2.9680453715154727
2025-04-26,6,F,0.28,True,3423.38957897028,3284.0455496033082,10803.714493654674,139.34402936697188,0.012897788945534665,2672.2912563847963,126.13918398505302,264.09690763836966,0.0
2025-04-26,12,F,0.07,True,5017.299486155616,3548.422607508275,12192.109778744405,1468.876878647341,0.12047766180781652,1200.0,1256.8301135427046,4240.935302092761,0.0
2025-04-26,18,Q,0.0,False,2477.12237050745,2426.148758665545,9882.268817371645,50.97361184190504,0.005158087963798411,9928.619612742708,50.09254886830058,62.26066489728328,-3.23672142907526
2025-04-27,6,F,0.27,True,22619.503313050285,19873.960667033563,29641.59616275464,2745.542646016722,0.09262465593760975,9395.920045582465,2517.713689397835,4556.579132377692,0.0
2025-04-27,12,F,0.09,True,19236.20033383144,18706.272051216212,26472.365490004355,529.9282826152266,0.02001816886425662,5623.72410370686,454.82686618174193,1504.6429977671296,-0.18958486156225263
2025-04-27,18,Q,0.0,False,9158.268255717252,9135.749534101933,16560.751911244184,22.51872161531901,0.001359764444030441,10799.785505732452,20.55485223746291,36.662718459664916,0.18958486156225263
2025-04-28,6,F,0.29,True,30399.485963848216,24636.571014271543,36875.23093391997,5762.914949576672,0.15628146057996914,10001.260493154423,5077.486423462942,13976.726273784352,-19.443481806600175
2025-04-28,12,F,0.08,True,20570.39768049163,19706.692113064753,27904.960755006385,863.7055674268777,0.03095168543721824,7280.831438828098,844.9370394962607,235.95776653938537,10.108565902522969
2025-04-28,18,Q,0.0,False,9290.486047492708,9207.719627315959,16690.417298622808,82.7664201767493,0.004958918563622653,10800.0,74.00902716117707,46.40490087454248,9.334915904077207
2025-04-29,6,F,0.29,True,19991.627699865392,19434.16121508932,27292.965990030098,557.4664847760723,0.020425280454301316,10013.511353139289,548.3945806216761,181.43808308803136,0.0
2025-04-29,12,F,0.09,True,20173.078167855252,19541.3615530749,27398.894723562607,631.7166147803509,0.023056280961475606,6240.135811825207,514.5099657456158,2371.8776121358433,-2.0117123485761113
2025-04-29,18,Q,0.0,False,9298.188575732192,9253.634924710734,16710.488395193253,44.55365102145879,0.0026662087886237112,10789.936473847109,49.60102591152463,71.54132079460794,-12.506847931956145
2025-04-30,6,F,0.29,True,19416.63076971194,18924.036774384353,26604.728682945624,492.59399532758835,0.0185152797909702,9322.56648059162,424.16666251420247,1575.1578371259006,-14.980997847109393
2025-04-30,12,F,0.08,True,17926.438911054356,17560.702672941155,25293.87273527882,365.73623811320067,0.014459479651096976,6890.177472514695,360.2976411032723,68.08596468393512,2.950065475934025
2025-04-30,18,Q,0.0,False,9375.037620441835,9300.375438758201,16760.421221291952,74.66218168363412,0.004454672152796819,10800.0,74.89913261673064,184.01043808166878,-13.68587698580086
2025-05-01,6,F,0.29,True,22267.049759694986,19628.21395353348,29365.59754985483,2638.835806161507,0.08986147146100054,9601.769991855886,2487.500795003416,3026.70022316182,0.0
2025-05-01,12,F,0.07,True,19525.178509720034,18852.664776235513,26828.366719760925,672.5137334845203,0.02506726333769577,4991.045195401155,611.0600517106868,1229.0736354766973,0.0
2025-05-01,18,Q,0.0,False,9382.739729314466,9330.337995250193,16778.889794293354,52.401734064273114,0.0031230751680659703,10776.410134696334,49.01637062860755,141.1061693621757,-5.322019689510853
2025-05-02,6,F,0.31,True,5579.882139208452,4006.5204701443963,12794.236502480568,1573.3616690640556,0.1229742524111548,2878.1195430045977,1410.6147402249608,3254.9385767819035,0.0
2025-05-02,12,F,0.07,True,4337.772211880163,4077.3967281044697,11701.851507460515,260.3754837756933,0.022250793697876862,3568.6340869955093,225.0775778154839,705.9581192042051,0.0
2025-05-02,18,Q,0.0,False,2720.968451331504,2645.4930537793025,10016.185854751777,75.47539755220168,0.0075353431582337715,10177.536231496155,65.48448823028048,199.81818643842144,0.0
2025-05-03,6,F,0.3,True,4785.560760467484,4211.417428642026,12181.383053145712,574.1433318254585,0.04713285259321947,2839.6577650583013,545.6412499512353,570.0416374844689,0.0
2025-05-03,12,F,0.07,True,4634.314804764479,4483.919816172889,11956.97196971768,150.39498859158994,0.012578016321563808,3547.783326076271,108.99566111086642,827.9865496144566,0.0
2025-05-03,18,Q,0.0,False,2798.6315303310384,2699.732615840994,10224.752964505633,98.89891449004426,0.009672499162900415,10386.945346939927,96.36770071388128,50.62427552328694,0.0
2025-05-04,6,F,0.3,True,20876.577698962923,19976.76071882114,28157.113321381697,899.8169801417826,0.03195700389707519,10025.142400613302,848.1400188730076,1033.539225375489,0.0
2025-05-04,12,F,0.08,True,19885.06987753229,19163.699713743445,27112.117569025788,721.3701637888444,0.026606928136552972,7905.430630479312,724.8104423262375,-31.98642235897387,-2.669688931910059
2025-05-04,18,F,0.0,False,9949.572943273013,9924.636543497276,17298.24294461525,24.9363997757373,0.0014415568017848727,10800.0,34.99193803536036,-12.047430601114229,-13.708635692968528
2025-05-05,6,F,0.3,True,22619.097204241443,21972.31682363637,29810.260172363298,646.7803806050724,0.021696569465190177,10012.063297915296,621.6036555668361,503.5345007647238,0.0
2025-05-05,12,F,0.08,True,21104.947599035302,20612.113593962866,28225.628398990644,492.8340050724364,0.01746051489468558,6513.227907687538,427.5399366633392,1305.881368181981,0.0
2025-05-05,18,F,0.0,False,10858.210547318968,10835.880870583585,18064.298932018522,22.329676735382236,0.0012361219673907985,10800.0,24.582001072951243,-45.04648675138196,0.0
2025-05-06,6,F,0.3,True,23816.702829884613,22102.606812134687,30846.192046254317,1714.0960177499255,0.05556912876570351,9599.713983319907,1641.643518053097,1610.4308927513703,-11.701433037966126
2025-05-06,12,F,0.09,True,20503.371264243604,20077.41470248492,27638.016171346466,425.956561758685,0.015411980335994328,6405.0866215887145,393.2760267992817,496.14025891897745,11.417892859692074
2025-05-06,18,F,0.0,False,11052.889162495274,11001.055495132006,18264.646051519157,51.83366736326752,0.002837923451517215,10800.0,53.51499389121818,-37.53698910474304,0.28354017827405187
2025-05-07,6,F,0.3,True,24461.80044344417,23208.609213871467,31459.361269504658,1253.1912295727016,0.039835240736037794,10043.929811724496,1165.1483987239008,1760.8566169759333,0.0
2025-05-07,12,F,0.09,True,21993.4278465975,21645.805630037918,29091.6070484439,347.62221655958274,0.011949227004912983,6221.5801219937075,350.7051336499644,-61.65834180766706,0.0
2025-05-07,18,F,0.0,False,10903.791309129285,10869.351289528853,18185.15247344381,34.4400196004317,0.0018938537716813339,10800.0,38.745621605896304,-12.348415367307098,-5.348465164677691
2025-05-08,6,F,0.3,True,25505.131183920785,24791.389265832233,32539.68607528855,713.7419180885518,0.02193450534332552,10039.197163500403,643.9662289517764,2181.386936345315,-56.982221259377184
2025-05-08,12,F,0.1,True,22919.183162505353,22523.13155711673,30041.088969715416,396.051605388624,0.013183663408070385,6750.9663898493955,417.2191321794344,-1209.2236894259731,56.982221259377184
2025-05-08,18,F,0.0,False,12770.510297933599,12725.056011165118,19916.339701998604,45.454286768481325,0.0022822610704877656,10778.403228592108,65.76182648758913,433.1568350728694,-60.856657116495626
2025-05-09,6,F,0.3,True,6388.448411083378,6295.168653548439,13662.36647382237,93.27975753493956,0.006827496372145136,2757.2830715972923,86.73767105051411,130.84172968848634,0.0
2025-05-09,12,F,0.09,True,7888.434200570116,7109.4877983786155,14976.403582503677,778.946402191501,0.052011579275381734,1200.0,718.2878307603823,1213.1714286223723,0.0
2025-05-09,18,F,0.0,False,4219.126018213505,4182.148881189047,11459.614226591038,36.97713702445799,0.003226734887694191,10800.0,38.575772472022436,-31.972708951266213,0.0
2025-05-10,6,F,0.32,True,9461.876089772422,8059.415521480966,16448.613125863216,1402.4605682914562,0.0852631500029797,2765.358452196557,1152.1615416092172,5393.186930801339,-28.075625811210557
2025-05-10,12,F,0.09,True,7096.676711693609,6203.362989237974,14380.047971417562,893.3137224556349,0.062121748427489666,3710.0167585422605,990.4461230960587,-2329.8544099650812,28.075625811210557
2025-05-10,18,F,0.0,False,4922.212806392914,4864.829414776169,12067.834278401686,57.38339161674503,0.004755069575279677,10590.465684549943,20.43747993432953,835.6823829376153,-7.016191021986742
2025-05-11,6,F,0.32,True,26309.960106118626,25555.325130913145,33421.724808673054,754.6349752054812,0.022579175058303716,10085.70070942467,668.5108799438749,1722.4819052322555,0.0
2025-05-11,12,F,0.08,True,22979.754855801795,22474.56761967852,30181.80149035635,505.1872361232745,0.016738140574037347,7288.655253581241,507.7021727367828,-50.298732270232904,0.0
2025-05-11,18,F,0.0,False,12089.329433888694,12038.380563393746,19430.67180227481,50.94887049494719,0.0026220848673375484,10786.086929931707,51.6354969846725,-13.732529794523998,0.0
2025-05-12,6,F,0.32,True,26390.831750540303,24181.241994468422,33384.97501241784,2209.5897560718804,0.06618515530564284,10066.09391037086,2036.4316318967103,3463.16248350331,0.0
2025-05-12,12,F,0.08,True,23278.207049804303,22589.26720367281,30403.27121631977,688.9398461314922,0.022660056585019225,7467.693572489065,661.2502772116386,553.7913783970307,0.0
2025-05-12,18,F,0.0,False,11867.153995667062,11822.60329427109,19224.233588993873,44.55070139597228,0.0023174240569714126,10797.183438207458,40.822656403262954,74.56089985414656,0.0
2025-05-13,6,F,0.3,True,26253.454794722085,25289.7852729441,33344.46341664854,963.6695217779852,0.0289004357256154,10103.667006392841,892.912701502446,1632.1110778506372,-15.732435610207176
2025-05-13,12,F,0.06,True,23110.22050928181,22764.17410237983,30323.83874568107,346.04640690197994,0.01141169526075475,6785.01474354974,365.58117775644496,-433.9638885647555,3.137317522357989
2025-05-13,18,F,0.0,False,12435.183607980107,12376.643137057867,19721.861241808,58.540470922240274,0.002968303559409567,10798.558162600071,55.23587325720291,-107.61424756378119,12.595118087849187
2025-05-14,6,F,0.3,True,26962.529494278417,25256.575485999587,33989.25865697531,1705.9540082788299,0.05019097431619716,10041.04832625768,1603.5929918404254,2047.2203287679877,0.0
2025-05-14,12,F,0.05,True,23333.368442403967,22492.42996504533,30483.06362014123,840.9384773586389,0.027587072212879593,7094.1112707413085,853.1012144532287,-165.17962099076976,-5.661083844894165
2025-05-14,18,F,0.0,False,12427.22207240684,12393.367723719131,19679.442688590647,33.8543486877079,0.0017202900114308265,10795.645356312101,28.728181096332264,24.448230926462656,5.661083844894165
2025-05-15,6,F,0.32,True,29224.92121183964,27267.338191750394,36109.3483624265,1957.583020089245,0.05421263769263152,10064.359335056271,1740.7616910074212,4336.426581636488,0.0
2025-05-15,12,F,0.05,True,25276.527048293545,24181.401607469073,32345.780622319184,1095.1254408244713,0.03385682521042063,7319.133518126982,1039.310947739199,1116.2898617053224,0.0
2025-05-15,18,F,0.0,False,13452.975841471985,13423.249281492026,20640.518539855646,29.726559979959347,0.001440204126779038,10800.0,38.67015131382868,-63.147669163552564,-8.390946450093907
2025-05-16,6,F,0.34,True,7057.985718700496,6854.509551739011,14412.964450743446,203.47616696148543,0.014117579187603545,2269.886692122698,215.77311992456998,-245.93905926169737,0.0
2025-05-16,12,F,0.05,True,6910.025959982573,6653.306988428019,14226.08782565561,256.7189715545537,0.018045647875980467,1200.0,180.56231113897593,1523.1332083115678,0.0
2025-05-16,18,F,0.0,False,4446.277308563966,4223.753270868145,11857.278653176267,222.52403769582088,0.018766872585575297,10800.0,225.70222511417887,-63.5637483671718,0.0
2025-05-17,6,F,0.32,True,7699.748014469667,7405.584100362133,14836.957769499159,294.16391410753477,0.019826430638783483,2124.0750238954192,286.5113219327377,397.17273096311783,-17.700757889228043
2025-05-17,12,F,0.04,True,7156.569127160247,6925.926018754219,14360.593311629433,230.64310840602866,0.016060834214924134,2668.7137210522333,185.84632093378787,651.8148619776439,17.700757889228043
2025-05-17,18,F,0.0,False,4801.798093539344,4777.442537949137,12082.66633230884,24.355555590207587,0.0020157434559854768,10800.0,20.647081852539486,74.1694747533702,0.0
2025-05-18,6,F,0.31,True,25787.743278591144,25258.828191145512,32932.34476597158,528.9150874456318,0.01606065681639986,10086.134973520177,517.7486792085474,737.791548973144,-37.30279658424297
2025-05-18,12,F,0.04,True,23503.45097137653,23094.78008355732,30654.973486385596,408.67088781920756,0.013331307821900592,7338.346281848683,391.1218335994963,44.511620908249824,22.221538803545627
2025-05-18,18,F,0.0,False,13168.597503161356,13140.765679950182,20362.722217792907,27.831823211174196,0.0013668026756685216,10800.0,18.496578745838633,363.23546004587297,-12.799907968226762
2025-05-19,6,F,0.32,True,23957.10158993271,23395.219062497577,31121.27116494044,561.8825274351329,0.018054613658201716,10059.421583366784,528.916387818248,659.3227923376435,0.0
2025-05-19,12,F,0.03,True,22557.601192739567,22119.510287916215,29671.795846798792,438.0909048233516,0.014764556452373139,6495.780506476065,441.9898649264651,29.036573950702405,-7.759517676609903
2025-05-19,18,F,0.0,False,12194.534688696769,12166.171045664289,19493.490710702245,28.363643032480468,0.0014550315001770496,10800.0,25.950459413801582,-58.75210363928454,7.759517676609903
2025-05-20,6,F,0.3,True,26538.779888884346,25317.054826728952,33343.67271528433,1221.725062155394,0.03664038669607533,9863.330592604787,1024.6693925551408,4493.301150522684,-40.03812178598855
2025-05-20,12,F,0.03,True,23316.070294178924,22798.90764022158,30495.124486795765,517.1626539573444,0.016958863512141858,7166.192941344227,519.7108698667835,-523.4619796517809,34.25993898169145
2025-05-20,18,F,0.0,False,12628.276732237933,12557.93367532557,19843.111052364544,70.34305691236295,0.003544961106488427,10788.842145777448,83.47723732502345,356.6807719425133,-44.90897543754909
2025-05-21,6,F,0.3,True,27857.47647320968,25371.440341751142,34760.15558668239,2486.036131458539,0.07151970667274603,9729.017084098614,2245.8819118294814,4803.084392581167,0.0
2025-05-21,12,F,0.03,True,23697.941956166695,22889.668200925596,30865.258952896722,808.2737552410981,0.026187169091132514,6376.112777239427,813.5493003666488,-105.5109025110869,0.0
2025-05-21,18,F,0.0,False,12860.292409686872,12813.947906873262,20081.70132938177,46.344502813610234,0.0023077976339486266,10766.899418482324,58.745840777984995,263.11568492928836,-37.06200131361584
2025-05-22,6,F,0.3,True,23749.674168505822,23105.194549997083,30842.913652110627,644.4796185087398,0.02089554916173223,9968.59991941985,619.489292164908,499.80652687666407,0.0
2025-05-22,12,F,0.03,True,22936.667663163746,22651.92485349177,30131.822801152448,284.7428096719741,0.009449903231910802,6206.370049719458,262.44512067271717,445.9537799850905,0.0
2025-05-22,18,F,0.0,False,12849.653247780281,12798.433608896898,20067.607342126357,51.219638883383595,0.0025523540504932152,10782.810869783223,46.26963170835734,99.00014350051788,0.0
2025-05-23,6,F,0.31,True,7127.668300591904,6984.1876885431975,14369.55432415742,143.48061204870646,0.009985042598537214,2198.8605203556644,131.18237416010197,245.96475777210435,0.0
2025-05-23,12,F,0.04,True,9234.914545013851,7400.669952531882,16349.473520841682,1834.2445924819694,0.11218982618270519,2128.452774449534,1748.2724907467673,1719.4420347040113,0.0
2025-05-23,18,F,0.0,False,5340.854508623706,5188.601997245891,12527.614261449855,152.2525113778156,0.012153352442079024,10505.845184066435,126.67729760141447,511.5042755280192,0.0
2025-05-24,6,F,0.3,True,7240.45722065197,6965.00908200923,14477.14767103647,275.44813864273965,0.01902640940755282,1874.6779597761006,259.59327599435164,317.09725296776105,0.0
2025-05-24,12,F,0.07,True,7635.007842011119,7409.8156240174285,14762.86081207905,225.19221799369006,0.015253968784250584,1200.0,185.78531699819177,788.1380199099849,0.0
2025-05-24,18,F,0.0,False,4925.419196783734,4851.024534653037,12197.802006583264,74.39466213069682,0.0060990219459657845,10800.0,50.014637311343904,487.60049638702867,0.0
2025-05-25,6,F,0.3,True,23499.957756377677,22861.653958707822,30518.456606731772,638.3037976698542,0.020915336771291933,10104.814693852652,565.764579044644,1594.1665994835394,-10.396382348564657
2025-05-25,12,F,0.04,True,21805.841478238868,21222.11521606484,28984.731662193662,583.7262621740265,0.020139094919944072,6694.766559223372,608.2836415651182,-313.75692333049574,-12.862271788977523
2025-05-25,18,F,0.0,False,13318.61281020284,13249.515767971881,20374.70737348215,69.09704223095832,0.003391314582553892,10794.24241432427,41.00491487425461,588.7265468718606,-1.9493095219731913
2025-05-26,6,F,0.3,True,26231.963740823405,24135.17952644641,33118.13126524235,2096.784214376996,0.06331227440292145,9546.752615351144,1871.3788482972122,4508.107321595668,0.0
2025-05-26,12,F,0.07,True,26612.337892822805,24716.291439361026,33493.539206941015,1896.0464534617786,0.056609319240555275,5127.104743412812,1744.3906930146695,3864.0671693667355,-60.25080287745368
2025-05-26,18,F,0.0,False,12759.483871287659,12692.149610396209,19958.371172330117,67.33426089144996,0.003373735276794572,10800.0,51.94031262534554,-256.97712221910024,40.95667909272015
2025-05-27,6,F,0.29,True,26005.996875786215,24555.900402677602,32941.954250096336,1450.0964731086133,0.04401974643336081,9518.589047313582,1324.1802193248332,2518.325075675609,0.0
2025-05-27,12,F,0.06,True,22963.98948707121,21927.849759175602,30157.51173386789,1036.1397278956065,0.0343576000911238,7212.529488977487,1002.3545399562536,675.70375878697,0.0
2025-05-27,18,F,0.0,False,12352.909302543298,12296.61154657433,19709.08245264136,56.29775596896798,0.00285643718342774,10787.72463021418,62.1022432375139,-116.08974537093536,0.0
2025-05-28,6,F,0.32,True,23902.2707623639,23468.67998984157,31012.145559723376,433.59077252232964,0.013981321340289659,10101.99818338186,385.60576833019513,992.9987532447904,-2.4144254563161667
2025-05-28,12,F,0.06,True,22202.551339511003,21885.663814476808,29282.009635833896,316.8875250341953,0.010821918610613521,5789.352118484763,339.0704149083649,-438.88602710211217,-0.3459923200243793
2025-05-28,18,F,0.0,False,12374.501191663516,12356.769920454883,19632.128006029376,17.73127120863319,0.0009031762223222872,10706.828986711484,9.46204118454989,127.31416069836223,2.760417776340546
2025-05-29,6,F,0.32,True,26894.99790948109,25619.323474235378,33773.40247268452,1275.6744352457135,0.03777156998846836,10116.303142350316,1106.6328862251976,3880.9851692039692,-36.26526306278902
2025-05-29,12,F,0.04,True,23315.80027420807,22241.086227079904,30365.844178115873,1074.7140471281673,0.03539220055349868,6671.9856807374545,1064.6483468225197,268.0249076461869,-4.837085137873146
2025-05-29,18,F,0.0,False,13184.343218580223,13139.899874944227,20256.273934140205,44.443343635995916,0.0021940532489092422,10799.66193502879,76.72677779052538,148.6485911000609,-57.59448895814239
2025-05-30,6,F,0.32,True,7314.457775952036,7141.414866527564,14496.844702823504,173.04290942447187,0.011936591235661707,2089.676889255962,181.49159035033335,-168.9736185172469,0.0
2025-05-30,12,F,0.04,True,6997.79172714185,6867.357717377819,14193.911849677681,130.43400976403063,0.009189433550483305,1200.0,134.53512077523737,-82.02222022413662,0.0
2025-05-30,18,F,0.0,False,4833.083169027268,4770.051994120529,12018.51954910109,63.03117490673867,0.00524450408798087,10615.109172590459,47.19837415136135,316.65601510755823,0.0
2025-05-31,6,F,0.33,True,7015.05695582238,6691.334676809265,14235.17359399662,323.72227901311453,0.022741013790631783,2481.3776175872686,294.0335014527245,621.4380605921706,-2.0057578288433433
2025-05-31,12,F,0.07,True,6878.010795587947,6701.876461418708,14052.475377944456,176.13433416923908,0.012534043250891172,2000.1664585263939,155.85040448844484,378.01608423148537,2.0057578288433433
2025-05-31,18,F,0.0,False,4609.4336653875125,4554.374471862926,11862.247990081198,55.05919352458659,0.0046415480076478915,10800.0,50.34241693963122,94.33553169910556,0.0
2025-06-01,6,F,0.31,True,30765.477203989205,28886.564286448676,37671.08795626245,1878.9129175405287,0.049876789322411325,10121.056258956529,1782.9877967062348,2214.59433849754,-21.469082286741468
2025-06-01,12,F,0.05,True,24677.688635584214,24229.592962074625,31813.309860510693,448.0956735095897,0.014085163583239826,6817.9021566869305,443.40191699734714,167.92507113017928,-5.369225423199168
2025-06-01,18,F,0.0,False,12073.916785583664,12028.503100289958,19336.275997170153,45.413685293706294,0.0023486262453200684,10800.0,24.01501320366151,57.83157910389309,26.838307709940636
2025-06-02,6,F,0.25,True,31228.69308494166,29721.786057593286,38153.78752645279,1506.907027348374,0.03949560777691088,10085.676333233683,1438.6123356398384,1365.8938341707853,0.0
2025-06-02,12,F,0.03,True,27409.853125881164,26690.79629182157,34330.16644446011,719.0568340595928,0.020945334920612586,7444.22466249908,688.1321054914733,621.8326130137793,-0.242035278946787
2025-06-02,18,F,0.0,False,12790.034779307754,12743.052337417315,19968.115963203105,46.98244189043908,0.0023528730490656956,10783.296241251795,48.700221152023005,-37.69362688304318,0.242035278946787
2025-06-03,6,F,0.25,True,34898.12479067443,32376.170309120876,41282.36868349383,2521.9544815535555,0.06109035314540765,10072.445024549896,2112.7443760926035,8184.202109219084,0.0
2025-06-03,12,F,0.02,True,26356.17950186476,25039.20408101022,33427.30632851594,1316.9754208545419,0.03939819164343091,6636.188070712834,1405.8455866560253,-1777.403316029715,0.0
2025-06-03,18,F,0.0,False,12724.572909570508,12692.210178914322,20080.60035326152,32.36273065618661,0.00161164158874016,10776.863619344938,26.753269218654168,112.18922875062049,0.0
2025-06-04,6,F,0.29,True,33312.933700968664,30635.679066566277,40394.86049886329,2677.2546344023867,0.06627711053681506,10078.748036070634,2735.65459744892,-963.8539342179329,-14.80220328481846
2025-06-04,12,F,0.02,True,37279.0921480297,29038.916609101423,43459.0734755053,8240.175538928273,0.18960771318727396,6846.556196237673,7462.828704935615,15408.94441559174,10.005566035828451
2025-06-04,18,F,0.0,False,13743.890056295244,13677.920208501348,20848.87658739635,65.9698477938964,0.0031641919658048517,10800.0,70.52410466494985,-157.23819987239312,4.7966372489900095
2025-06-05,6,F,0.29,True,33702.91045100776,33208.46518592704,40096.26514273896,494.4452650807216,0.012331454396576406,10076.864489255488,340.28483144975326,3083.208672619392,0.0
2025-06-05,12,F,0.03,True,28215.512851095504,27801.390112222485,35201.07933342942,414.12273887301853,0.011764489803008354,6965.071093269338,440.9814471692807,-64.8512760925114,-34.247266611278974
2025-06-05,18,F,0.0,False,13687.057297777503,13609.855652051197,20837.853523099187,77.20164572630529,0.0037048751514029833,10800.0,51.88644439927157,33.9811367078737,34.247266611278974
2025-06-06,6,F,0.28,True,11036.635417529973,10297.834646987949,17797.172521235232,738.8007705420241,0.04151225536868296,2867.8012197504345,549.6245156684054,3783.5250974723385,0.0
2025-06-06,12,F,0.01,True,10099.89380002388,9868.751500006128,17264.200688827772,231.14230001775104,0.013388531805433122,7512.533591437268,231.56190803887512,183.98344910765263,-13.948802674833132
2025-06-06,18,F,0.0,False,5720.68718173209,5683.362421738137,12940.398434291596,37.324759993953194,0.002884359410066069,10800.0,26.477606338912665,24.567463570700966,13.948802674833132
2025-06-07,6,F,0.24,True,10334.550021521585,9778.543463423282,17485.825211555188,556.0065580983028,0.03179755895826272,5739.07231232777,428.2370945805451,2555.3892703552115,0.0
2025-06-07,12,F,0.0,True,11204.75991505027,10645.859856622488,18133.48266939519,558.9000584277819,0.030821440570324984,7933.68516713405,443.4455604063878,2309.0899604278493,0.0
2025-06-07,18,F,0.0,False,6510.962649433093,6439.17046810723,13816.696475839122,71.79218132586357,0.0051960453391593706,10615.20739322348,62.43723913960639,187.09884372514625,0.0
2025-06-08,6,F,0.21,True,36959.82121106347,34718.03846374049,43822.77214312753,2241.7827473229772,0.05115565806748132,10061.569986916042,2111.8872352101607,2597.9102422562955,0.0
2025-06-08,12,F,0.0,True,30144.997538170406,29642.380296902993,37421.969538647194,502.6172412674132,0.013431073977769659,7775.300571847354,478.1769254932733,488.80631548284055,0.0
2025-06-08,18,F,0.0,False,16075.047420375884,15998.614643943607,23346.06442311467,76.43277643227702,0.0032739041170725897,10647.529440937074,45.11971573700794,626.2612139054108,0.0
2025-06-09,6,F,0.18,True,38170.737556468506,37253.133045382696,44927.06656307095,917.6045110858104,0.02042431392215714,10060.22540821968,883.981127313702,2959.022638245071,-165.79390734202934
2025-06-09,12,F,0.0,True,32741.127997897325,32425.63505581122,39610.5874857397,315.49294208610445,0.007964863995003502,7075.113625349239,308.713392121761,-1320.8692468221325,105.60526163549548
2025-06-09,18,F,0.0,False,15729.414243720792,15654.017532716176,22858.066452085634,75.39671100461601,0.0032984728241411076,10800.0,34.45197644227301,564.2131605573877,18.466490763506954
2025-06-10,6,F,0.18,True,38064.27361863766,37291.816225090544,45052.57140332735,772.4573935471126,0.017145689346603266,10028.048591871862,661.5668355993912,3487.0961328686417,-92.03352588463349
2025-06-10,12,F,0.0,True,34278.753439915985,33648.666746112336,41235.36032709862,630.0866938036488,0.015280251919844995,6650.642593307985,627.0556090548853,-1208.6632789389241,92.03352588463349
2025-06-10,18,F,0.0,False,16208.118187378202,16169.714773652457,23336.132477260548,38.40341372574585,0.0016456631690434278,10767.736598468633,37.43035685976065,30.625894264183444,-0.8095360524694115
2025-06-11,6,F,0.19,True,43856.82747907142,41017.56313275221,50309.255645112404,2839.264346319207,0.056436222518331865,10069.918360917243,2438.10179596769,8023.251007030387,0.0
2025-06-11,12,F,0.01,True,36444.43388476591,35232.154214061884,43176.29058428527,1212.2796707040252,0.028077439129179257,6450.0,1102.4878656362416,2339.0484756635615,-10.384066642836842
2025-06-11,18,F,0.0,False,15971.63511502108,15959.484303330102,23165.605739781313,12.150811690977207,0.0005245194892577806,10766.012345994484,11.090394648075744,-46.95027082493107,4.942055946063192
2025-06-12,6,F,0.18,True,39972.235066217094,39378.14038583297,46987.038550966536,594.0946803841216,0.012643799198787789,10084.203221616932,563.0455159777484,620.9832881273796,0.0
2025-06-12,12,F,0.01,True,35224.928566110255,34874.37967909411,42257.87266439887,350.54888701614254,0.008295469338935053,7105.5242150146505,256.0639275858339,1889.6991886061678,0.0
2025-06-12,18,F,0.0,False,16121.951675624596,16064.362934983214,23401.47208668705,57.588740641382174,0.0024609024777609632,10788.458456250955,61.48717944049713,-77.9687759823073,0.0
2025-06-13,6,F,0.15,True,13726.188035486584,12728.069535794091,20962.10620248283,998.1184996924931,0.04761537271356216,4316.37952804967,906.8831922645622,1824.7061485585655,0.0
2025-06-13,12,F,0.01,True,12921.60976797731,12521.09115239794,20164.449727941723,400.5186155793708,0.019862610732410677,6529.67950637984,278.54886798245934,2439.3949519382018,0.0
2025-06-13,18,F,0.0,False,8068.914453229256,7963.214739127761,15292.587730568315,105.69971410149446,0.006911826563545657,10776.88008475791,66.77224086818023,778.5494646663055,0.0
2025-06-14,6,F,0.17,True,14129.229447863765,13732.904857930014,21201.40705124234,396.32458993375076,0.01869331544721827,4963.875556527356,391.3876770980751,980.7727855583125,-63.9547062400361
2025-06-14,12,F,0.01,True,13086.550408328083,12831.839716603507,20245.769611874868,254.71069172457646,0.01258093402264044,8316.446669840743,228.96271425028317,-337.8744858704795,61.83743200410936
2025-06-14,18,F,0.0,False,8299.98360986114,8209.415022539517,15499.799555910411,90.56858732162254,0.0058432102295856315,10800.0,94.82415109255271,20.20829727482851,-7.636529084360518
2025-06-15,6,F,0.15,True,40419.24860351503,39496.66883967744,47430.295469610195,922.579763837588,0.019451275913486738,10083.228751546409,831.1560992030718,1828.4732926904144,0.0
2025-06-15,12,F,0.04,True,35194.727286588015,35079.27094471129,42274.1829454302,115.4563418767284,0.0027311312444705483,7017.426433530574,118.0835684928752,-52.544532323004205,0.0
2025-06-15,18,F,0.0,False,17130.39357460067,17081.33089588175,24383.14356460446,49.062678718917596,0.0020121555938397923,10785.2027789227,47.25763995679881,36.100775242365216,0.0
2025-06-16,6,F,0.15,True,41111.82992518861,40033.04293989205,48026.99565430896,1078.7869852965596,0.02246209596497572,10040.072946290333,1022.8694568992723,1118.3505679456812,0.0
2025-06-16,12,F,0.04,True,35847.9473953044,35209.94100999854,42948.4053882783,638.00638530586,0.014855182154911578,6367.3617120642575,510.846247770387,2543.202750709419,0.0
2025-06-16,18,F,0.16,False,16743.736961634953,16697.32292177229,24068.278151182054,46.41403986266232,0.0019284320868787536,10797.654439042373,34.49851009237682,238.3105954056905,0.0
2025-06-17,6,F,0.17,True,45745.00356149213,43987.59174670109,52080.67118020693,1757.4118147910413,0.033744031614149766,10048.567466982893,1324.1754783954966,8769.905162118737,-7.626295391590247
2025-06-17,12,F,0.05,True,36760.666979511785,34952.5934464637,43995.154419120314,1808.073533048082,0.041097106190910254,7050.0,1898.8712126931132,-1921.1320271085697,7.626295391590247
2025-06-17,18,F,0.16,False,16612.92183595347,16575.632409367623,23876.003079574253,37.28942658584856,0.0015617951824503404,10724.187040483484,25.502375572232268,252.73141604622197,-1.231942441121646
2025-06-18,6,F,0.18,True,43970.16391392658,43045.87831363879,50426.93399508211,924.2856002877961,0.018329204793175354,10085.294540759844,703.5107585837759,4415.496834080415,0.0
2025-06-18,12,F,0.05,True,36431.62263189412,35221.17130196304,43509.03806597216,1210.4513299310784,0.02782068700520769,7189.405647077692,1319.310562035229,-1606.8518858523348,-41.353782296468125
2025-06-18,18,F,0.02,False,16349.927155611205,16247.490943894756,23502.663953951887,102.43621171644918,0.00435849365489587,10780.109659566075,75.60658781576058,-33.74027821706386,41.353782296468125
2025-06-19,6,F,0.19,True,38948.50896738964,37217.05843938487,45910.287707772426,1731.450528004767,0.03771378082023301,10065.789869479138,1584.1545535180558,3061.1625680657717,-8.356064280775172
2025-06-19,12,F,0.05,True,34758.206629429245,34090.98232619613,41495.08030177749,667.2243032331171,0.01607960024129742,6986.640924416677,560.7739412663359,2555.424708391336,-30.918748730617153
2025-06-19,18,F,0.57,False,16430.297932625403,16381.212968819935,23495.747248605447,49.08496380546785,0.002089099924599385,10800.0,40.489209823470446,-178.94775334648966,25.440420618893768
2025-06-20,6,F,0.19,True,14224.639324469668,13629.712528471555,21200.465085740707,594.9267959981134,0.028061969093227924,3300.039776083788,581.8797258831692,3194.730133431177,-212.72364100716368
2025-06-20,12,F,0.02,True,12904.707692670054,12319.905622028007,20021.227028064182,584.8020706420466,0.02920910241027271,7702.533664365121,497.40744446659664,-1167.542622384979,211.3928561977391
2025-06-20,18,F,0.7,False,8063.265377362336,7982.434045679915,15179.521662078158,80.83133168242148,0.005325024956771611,10800.0,102.65543417459412,367.33345276947693,-58.28318808349286
2025-06-21,6,F,0.18,True,13908.62790300881,13624.623788745015,20871.698782453757,284.0041142637947,0.01360713937202605,2905.494093320936,174.6397216924779,2545.1461640610487,-25.947650020103538
2025-06-21,12,F,0.01,True,13278.92837501263,13100.778764250352,20359.308419687102,178.14961076227883,0.008750278108170473,6463.23621910436,237.80108629481037,-1550.887823285413,25.947650020103538
2025-06-21,18,F,0.88,False,7552.354606071156,7433.3343445039245,14824.018736958535,119.0202615672315,0.00802887959595571,10800.0,133.9695639535712,-298.98604772679073,0.0
2025-06-22,6,F,0.17,True,41178.085849542294,38631.403067729756,47583.94588401007,2546.6827818125385,0.05351978980516444,10118.748190450393,2125.238041428769,8927.606357569577,-36.16065996166071
2025-06-22,12,F,0.0,True,34636.11782512337,33780.65475005159,41525.59721780517,855.4630750717843,0.020600861453835575,8063.370735875353,1045.4021242032686,-3976.616867084018,12.894553872059987
2025-06-22,18,F,0.96,False,16532.89472480392,16513.811063734443,23640.678577000905,19.083661069475056,0.0008072382950987205,10800.0,15.961052447222755,39.659180661370556,1.6526780371787027
2025-06-23,6,F,0.18,True,37756.77098591509,37233.66379057834,44681.39627060358,523.10719533675,0.011707494371229138,10063.05865305724,527.372836316732,-85.31281959965236,0.0
2025-06-23,12,F,0.0,True,32879.733751077016,32454.64423738372,40108.763340664125,425.0895136932959,0.010598419853606416,7188.220345549404,412.3455798391369,254.87867708319118,0.0
2025-06-23,18,F,0.87,False,16036.550778927924,15947.89850334664,23289.430965843552,88.6522755812839,0.003806545368639619,10791.853308300339,78.89956527157847,195.05420619411598,0.0
2025-06-24,6,F,0.17,True,42127.2593805096,40824.438063984504,49193.40698108087,1302.8213165250927,0.026483656987330444,10078.370711786643,1237.6105609910228,1304.215110681309,0.0
2025-06-24,12,A,0.0,True,35981.243943838126,35390.61745373058,42948.16012947351,590.6264901075483,0.013752078979099882,6334.483675397445,518.9936844270487,1432.656113609979,0.0
2025-06-24,18,F,0.88,False,16215.6867636939,16155.88692794872,23521.00234523176,59.799835745179735,0.002542401674361574,10777.71864215845,50.085292625251896,194.29086239856542,0.0
2025-06-25,6,F,0.15,True,39020.303252918886,38318.142645673484,45826.82018614445,702.1606072454015,0.015322045134122069,10097.221786083448,651.6909203434843,1009.393738038274,0.0
2025-06-25,12,A,0.01,True,31844.97219520188,31579.74945916295,38747.8710318746,265.2227360389297,0.006844833767015312,7259.5393344043505,232.88967651209532,646.6611905367554,0.0
2025-06-25,18,F,0.91,False,16340.153465552356,16255.310736978914,23476.913561041547,84.84272857344149,0.0036138791563398963,10736.16379898349,110.68091629038463,568.5599732907158,-78.69483325874353
2025-06-26,6,F,0.16,True,37592.59505967621,36510.0181956654,44533.43600383675,1082.5768640108145,0.024309304674302375,10062.438269099797,1000.8788478185816,1633.9603238446616,0.0
2025-06-26,12,A,0.0,True,31053.105659794754,30506.386584899046,38138.92560556502,546.7190748957073,0.01433493645180013,7451.637083133955,480.29228359871195,1328.5358259399136,0.0
2025-06-26,18,F,0.91,False,15771.74794744504,15693.582034768735,22954.219752970046,78.16591267630429,0.003405295998623103,10800.0,80.95092997671964,-55.7003460083115,0.0
2025-06-27,6,F,0.14,True,11971.410064219608,11666.922024865342,19282.68930328182,304.4880393542662,0.015790745500548195,3268.170761358455,294.55143791512455,198.73202878278607,0.0
2025-06-27,12,A,0.0,True,12924.011918670347,12611.254838968924,19952.768619825405,312.7570797014232,0.015674871275290714,7072.442064898218,254.68019469941282,1161.5377000402632,0.0
2025-06-27,18,F,0.91,False,7406.345813952801,7339.8991298400215,14710.329969476688,66.44668411277962,0.004517008405022435,10781.383612998901,70.74071597191323,-85.88063718268995,0.0
2025-06-28,6,F,0.16,True,14278.389467860294,13364.297754551859,21111.135271212715,914.0917133084349,0.04329903160418362,2850.0389009275405,828.4764868653365,3943.2136410223047,-161.7591287535015
2025-06-28,12,A,0.01,True,11927.930912490698,11405.362887875553,19061.126503197054,522.5680246151442,0.027415379910914275,7742.801907835573,429.0775813954933,-361.10024776735645,161.7591287535015
2025-06-28,18,F,0.96,False,7345.209164580712,7215.052746461683,14604.811325048762,130.1564181190297,0.008911886310766505,10800.0,122.84314221900422,510.4574981140627,-26.406892634513497
2025-06-29,6,F,0.16,True,36602.013166843964,35202.42428709245,43294.96104456591,1399.5888797515145,0.03232683079009679,10077.150530707524,1293.9828567771037,2112.12045948828,0.0
2025-06-29,12,A,0.01,True,32519.424536910105,31803.76601756007,39238.76020363984,715.6585193500359,0.01823856094422806,7264.511245642097,600.5485589314485,2302.1992083717378,0.0
2025-06-29,18,F,1.0,False,16851.074497936694,16717.74773983856,23888.839856094837,133.32675809813372,0.005581131561904529,10699.39002020005,107.81505152967293,1118.6308553949993,-44.11373080080011
2025-06-30,6,F,0.17,True,38062.96896903891,36974.08541765993,44799.04524820082,1088.8835513789818,0.024305954409211714,10045.275111046,965.7338350602222,2462.9943263753066,0.0
2025-06-30,12,A,0.02,True,31427.037960794587,31026.603386883966,38432.34113876174,400.4345739106211,0.010419208459480354,6927.319573584698,435.99387291380117,-711.1859800637012,0.0
2025-06-30,18,F,1.0,False,15847.663186835276,15802.649066704667,22902.38138790942,45.01412013060872,0.001965477710294899,10673.764524926775,50.219390146870865,290.2049290010027,-28.590718905865288
2025-07-01,6,F,0.18,True,32762.870919999652,32116.74757347221,39975.785402543275,646.1233465274418,0.0161628680968038,10075.836169577029,651.2860784028962,-103.25463750915424,0.0
2025-07-01,12,A,0.02,True,29052.01945743752,28818.046328622124,36222.099661565866,233.9731288153962,0.006459402712749359,6503.529894915543,208.95063341330388,648.9070240568581,-10.764353246373503
2025-07-01,18,F,1.0,False,15897.35738124997,15862.669180618464,23058.624500073827,34.688200631506334,0.0015043482160609916,10800.0,29.997445993765723,342.2034608489639,-18.01018508391462
2025-07-02,6,F,0.14,True,33654.14122718822,32346.403915149654,40509.965205183784,1307.7373120385673,0.03228186707677609,10101.008817796377,1169.2245121152955,3821.420833969026,-76.21803463016477
2025-07-02,12,A,0.03,True,29272.70948580753,28774.471659510098,36276.147770583775,498.23782629743073,0.01373458475934014,7887.980106521353,448.679391782156,-59.996145198160775,76.21803463016477
2025-07-02,18,F,0.88,False,15521.695907890497,15467.247294113082,22764.06490547243,54.44861377741472,0.0023918669184748898,10800.0,36.53776636263865,358.21694829551325,0.0
2025-07-03,6,F,0.13,True,39001.9946688256,37506.764297367874,45339.16930184976,1495.2303714577283,0.03297877739009933,10083.09741091263,1274.2836411749013,6073.298177314609,-119.95486886231083
2025-07-03,12,A,0.03,True,31234.91049149443,30560.336369898057,38193.29820057356,674.5741215963717,0.01766210705485083,6934.531796122894,653.2357721017543,-1178.9972822660884,116.43102277543767
2025-07-03,18,F,0.91,False,16453.490812824133,16432.659244473278,23458.96149725421,20.831568350855378,0.000888000449350396,10800.0,37.93695360450147,-36.88703833066211,-22.130990841656967
2025-07-04,6,F,0.15,True,16099.413263284163,12519.727147786367,22683.013432738553,3579.686115497796,0.1578135165379398,2807.820029935641,3104.2516757937155,9508.68879408158,0.0
2025-07-04,12,A,0.04,True,12046.3839478696,11704.160112811142,19138.524771829158,342.2238350584594,0.017881411401269223,6601.318182539701,269.88399102697076,1446.7968806298204,0.0
2025-07-04,18,F,1.0,False,8210.072521298176,8177.685423460865,15437.01471990023,32.38709783731065,0.002098015608909128,10722.414631099824,19.69766159368737,253.78872487243825,0.0
2025-07-05,6,F,0.16,True,13615.66838420326,12679.692707767203,20602.970323548343,935.9756764360573,0.045429161996427075,2932.9359659228435,751.6290339548686,3686.9328496237904,0.0
2025-07-05,12,A,0.05,True,12997.54067765116,12890.591359424716,20099.762982816937,106.94931822644503,0.005320924347111695,5515.112405836471,78.96226641734393,559.741036181972,0.0
2025-07-05,18,F,0.91,False,8778.198188836202,8714.633040455607,15995.796720899138,63.56514838059593,0.0039738657279599935,10800.0,59.329572754992114,84.71151251206356,0.0
2025-07-06,6,F,0.17,True,44391.54800710296,39194.36318544061,50381.91867842543,5197.1848216623475,0.10315575424657039,10051.769491816016,4561.070870497359,12763.973542862022,-3.0231931554026232
2025-07-06,12,A,0.06,True,38503.543294474715,37616.63355573162,44847.47039647008,886.9097387430957,0.019776137447718875,6856.753745494178,503.4806667808007,7722.49891357721,-3.909457191635738
2025-07-06,18,F,0.88,False,17158.952114470187,16871.772354942434,24298.398408753037,287.17975952775305,0.011818876071449302,10800.0,354.1544775395996,-1435.106354130592,6.932650347038361
2025-07-07,6,F,0.19,True,36258.622737690974,35408.181666616976,43390.22749847728,850.4410710739976,0.019599829733638587,10045.322916690064,876.3969398644185,-473.38568187407964,-3.3159212658738397
2025-07-07,12,A,0.06,True,33880.30192659388,33191.31872362565,40833.33513892302,688.9832029682293,0.016873057285773332,7641.375179399338,604.2370669495431,1649.1910264395046,3.3159212658738397
2025-07-07,18,F,0.88,False,17582.23662800406,17510.534091905552,24764.74439460019,71.70253609850624,0.0028953473113229695,10680.116524426836,57.747623943891085,279.09824309226497,0.0
2025-07-08,6,F,0.19,True,39959.7095258415,38834.01928033429,46947.487628992,1125.6902455072122,0.02397764613951466,9988.140869991916,1035.5166097377441,1831.7287843892836,-2.0487957481145713
2025-07-08,12,A,0.05,True,39543.01026596167,38156.66884811329,46090.27897362794,1386.34141784838,0.03007882461812871,6477.723032534505,1009.5975205312498,9655.869463915169,-153.7892055332868
2025-07-08,18,F,0.86,False,20314.355671050987,20151.528371286124,27405.41059179714,162.8272997648637,0.005941428945917724,10800.0,76.85504830586069,1370.4266710492707,25.306681129446588
2025-07-09,6,F,0.19,True,42042.56418366194,41324.22047034962,49018.67627010113,718.3437133123225,0.01465449024682201,9995.068539036009,643.442763177758,1498.019002691315,0.0
2025-07-09,12,A,0.05,True,36811.84021004167,36297.90643104812,43883.08919169269,513.9337789935526,0.011711431179071209,7059.984226385771,572.7763277850026,-1176.8509758289692,0.0
2025-07-09,18,F,0.87,False,19537.443809856217,19444.57643893131,26733.203677907957,92.86737092490512,0.0034738586532241833,10671.05642774944,64.89065043635492,559.5344097711077,0.0
2025-07-10,6,F,0.19,True,40773.902244056015,39355.24098585229,47749.48085497651,1418.661258203727,0.02971050643487514,9964.180287825298,1321.9824994215014,1933.575175644478,0.0
2025-07-10,12,A,0.04,True,35273.18329915231,34794.027259436254,42555.515970254935,479.1560397160574,0.011259551876917049,6842.854395134841,502.7201758910014,-471.2827234989536,0.0
2025-07-10,18,F,0.86,False,20268.444396287377,20044.93483078319,27434.85857001929,223.50956550418778,0.008146918816211365,10792.764990518841,169.6388524641734,1077.4142608003021,0.0
2025-07-11,6,F,0.2,True,17838.92199881145,17122.60382035831,24928.1629702554,716.3181784531407,0.02873529747490261,3635.1646973067063,638.1992005469692,1690.986627711568,-9.325062780339067
2025-07-11,12,A,0.05,True,16350.43962716846,16135.531070689392,23533.723330335593,214.90855647906756,0.009131940299563424,7087.020552648806,210.62704856101846,-42.9769112271988,9.325062780339067
2025-07-11,18,F,0.86,False,11460.218166999288,11392.046851233843,18680.572819666766,68.17131576544489,0.0036493161330510508,10783.484791986708,47.979576033783815,403.83479463322783,0.0
2025-07-12,6,F,0.2,True,20588.905376972194,18068.547468972865,27305.109070031333,2520.3579079993287,0.09230352830802432,3573.5850094790617,2092.8709687499977,9348.815492886763,-57.93958676872171
2025-07-12,12,A,0.05,True,18182.938411739946,17794.936090561212,25193.463096408595,388.00232117873384,0.015400912518217662,7123.578314309931,345.3957345187264,53.05502529988917,57.93958676872171
2025-07-12,18,F,0.87,False,11224.588479098087,11073.549434367878,18533.82149851804,151.03904473020884,0.008149374091160094,10535.462116366147,118.66778868095935,647.4251209850004,0.0
2025-07-13,6,F,0.2,True,41438.47708376225,39892.82161906325,48717.582916489715,1545.655464698997,0.03172685039297855,9992.135795373139,1626.695097526157,-1620.7926565431658,0.0
2025-07-13,12,A,0.04,True,36110.31181657929,35755.51674702241,43349.73376133355,354.79506955687975,0.008184480936151553,6496.4163306920145,378.65268910772284,-477.15239101687257,0.0
2025-07-13,18,F,0.88,False,19870.64462100855,19855.765488923862,27142.748718241488,14.879132084686717,0.0005481807402463658,10800.0,15.852685381174524,-19.471065929869837,0.0
2025-07-14,6,F,0.19,True,38835.49372352206,38134.29663890513,45708.72840738057,701.1970846169279,0.015340551116790767,10019.10544077126,678.3342244630403,457.25720307769734,0.0
2025-07-14,12,A,0.04,True,34990.14011504351,34793.748345061395,41883.09261211993,196.3917699821177,0.0046890465276980715,7003.634144151063,149.21813166446373,943.4727663529811,0.0
2025-07-14,18,F,1.0,False,19465.953372520227,19405.26538883843,26648.51567646707,60.68798368179705,0.0022773494936301373,10722.342516552852,47.26618328423865,268.4360079511225,0.0
2025-07-15,6,F,0.19,True,39443.13123887725,38874.73406671428,46547.825977592045,568.3971721629714,0.012211035858830351,9976.607408369846,572.6849996630117,-85.7565500009232,0.0
2025-07-15,12,A,0.04,True,36586.46344824102,35834.66246006695,43507.5529076286,751.8009881740654,0.017279781047907315,7418.306562816309,642.8777712938463,2178.464337604395,0.0
2025-07-15,18,F,1.0,False,20418.117376774564,20367.653924375518,27567.697748627354,50.46345239904622,0.0018305283545688499,10722.780442237336,41.204232897784095,185.18439002516334,0.0
2025-07-16,6,F,0.18,True,40608.49714204473,39768.56471234952,47725.332503881764,839.9324296952109,0.017599299693237223,9979.940973359124,813.6129174094458,526.3902457152808,0.0
2025-07-16,12,A,0.05,True,38084.02678769806,37677.96355770785,44996.603894234664,406.0632299902063,0.00902430838879897,7103.960236654087,294.92209382173314,2222.8227233693688,0.0
2025-07-16,18,F,1.0,False,20189.382110404724,20110.588964135968,27445.95482138393,78.79314626875566,0.0028708473354829567,10800.0,69.82792570062156,179.30441136262561,0.0
2025-07-17,6,F,0.18,True,41427.979906799475,40430.942483860475,48107.45960643349,997.037422939,0.02072521457370126,9945.870756385537,913.7341462671975,1666.0655334361127,0.0
2025-07-17,12,A,0.05,True,38122.016873425,37797.16211828082,44757.34526713547,324.8547551441734,0.007258132787037942,7250.83641616711,168.48057872954814,3127.4835282926306,0.0
2025-07-17,18,F,0.96,False,20774.846194310507,20716.440500774894,27952.063871343562,58.405693535612954,0.002089494851057865,10697.530640923706,53.755215752273216,93.00955566685752,0.0
2025-07-18,6,F,0.17,True,18674.549014819364,17824.48448187983,25857.71562286896,850.0645329395338,0.032874695713171344,3424.5581127756514,802.5368243878984,950.5541710327343,0.0
2025-07-18,12,A,0.06,True,17643.152227538558,17233.45826936751,24875.4379392026,409.6939581710467,0.01646981891021854,6815.402064458808,399.9057618488587,195.76392644378848,0.0
2025-07-18,18,F,0.86,False,11681.315074638043,11585.452482154049,18912.005933640146,95.86259248399438,0.00506887491577383,10800.0,38.6578866168893,1144.094117342062,0.0
2025-07-19,6,F,0.18,True,18345.254466756065,17918.777815464247,25450.785819684814,426.4766512918177,0.01675691486751505,3159.1012667201057,421.37515763272677,347.55174024882217,-17.80234035093963
2025-07-19,12,A,0.06,True,20235.19765710285,19202.956126869412,26945.326496690835,1032.2415302334375,0.038308740863103194,3451.7044560786208,806.1547119164752,4644.372613043195,-8.892129362106061
2025-07-19,18,F,0.74,False,10983.89340415116,10917.09888164493,18266.219931612657,66.79452250623035,0.003656723873702604,10790.45432727092,56.36648525902274,-159.5973688267445,26.69446971304569
2025-07-20,6,F,0.22,True,42651.71520203907,41893.72419131863,49616.7111666394,757.9910107204414,0.01527692974600237,9979.370389598436,760.647357325528,416.8670518256804,-34.07840191475407
2025-07-20,12,A,0.07,True,37259.78234748072,36880.2853806029,44135.83136390913,379.49696687782125,0.008598387186791377,6927.518670673406,338.4821640748196,350.3020721325029,34.07840191475407
2025-07-20,18,F,0.01,False,20095.15311113659,20059.592160323904,27284.546795780778,35.560950812687224,0.0013033366864714166,10765.726817862342,28.60022548048073,139.21450664405893,0.0
2025-07-21,6,F,0.22,True,39189.31718711806,38593.317660737084,46072.10183671988,595.999526380976,0.012936234784625326,9978.562497357676,552.023150834415,879.527510931186,0.0
2025-07-21,12,A,0.07,True,39270.43640809244,38060.077547916284,45757.51968774121,1210.3588601761585,0.026451583661787133,6551.217561343075,979.9574074537595,4806.8658103281105,-14.417288548444049
2025-07-21,18,F,0.01,False,20037.11876053468,20003.28079578936,27073.347350578268,33.83796474531846,0.0012498626160682604,10786.507482657436,53.20793593439157,519.0944673445738,-65.7282097462612
2025-07-22,6,F,0.22,True,60860.10851148176,49725.97368256758,66136.35438214098,11134.134828914182,0.1683512031004958,9979.162913013895,9928.932805555065,28020.76911691963,-283.994812021665
2025-07-22,12,F,0.07,True,41944.38151818962,37804.40893706718,48720.29335505481,4139.972581122442,0.08497429502223866,7050.0,4460.980729148505,-9040.61194083308,190.00395026750266
2025-07-22,18,F,0.0,False,20017.55755258465,19968.43660528532,26956.193122744626,49.12094729933233,0.001822250904482722,10800.0,19.859053216147004,-579.5378473171368,84.45575218020167
2025-07-23,6,F,0.26,True,41734.57802943608,40879.18456930646,48978.02518318499,855.3934601296205,0.017464841772005378,9936.96554298374,896.0048060509434,-812.2269184264201,0.0
2025-07-23,12,F,0.06,True,38590.86160929401,38075.17668114825,45592.27817921437,515.6849281457544,0.011310795352640578,6907.4535876051505,404.1784910312999,2230.128742289091,0.0
2025-07-23,18,F,0.0,False,20220.396791111867,20164.584578479487,27458.884894283474,55.81221263237967,0.0020325738953805416,10735.62397922257,53.64904773406306,43.26329796639311,0.0
2025-07-24,6,F,0.26,True,42362.65637543189,41856.52284037237,49155.06951039567,506.13353505952546,0.010296670111563665,9978.857619215887,469.5750287559931,1693.8571225487558,-69.80266877024042
2025-07-24,12,F,0.07,True,38401.538367676556,38095.44536487166,45107.930565947434,306.09300280489697,0.006785791300210313,7149.713101903295,292.2240305462692,-573.9311782432378,61.72697219789552
2025-07-24,18,F,0.0,False,20573.698980998674,20542.5189916789,27506.789742206565,31.179989319774904,0.0011335379232543506,10799.102006455985,46.11837297300008,850.2600017809909,-83.3138896531218
2025-07-25,6,F,0.26,True,19929.18743316109,16660.57227302863,26641.235598826534,3268.61516013246,0.12269007373953904,3168.1062368977787,2985.122177806006,5669.859646529074,0.0
2025-07-25,12,F,0.07,True,17338.410870451742,17252.95955196199,24333.655650698263,85.45131848975143,0.0035116515050750037,7469.409620541854,37.015608209556376,970.422178628035,-0.12384199195366818
2025-07-25,18,F,0.0,False,10916.3978158438,10808.212323872225,18190.12706908876,108.18549197157517,0.005947484124804124,10799.947558260654,116.92089474995737,-176.41602859175418,0.12384199195366818
2025-07-26,6,F,0.26,True,16968.71143002311,16758.919488572756,24090.602589180085,209.7919414503558,0.008708455534631605,3329.323196169305,191.0247534921109,375.343759164999,0.0
2025-07-26,12,F,0.07,True,16855.422236836275,16772.47742260244,23970.17013032782,82.94481423383695,0.0034603348154334766,7126.016511311423,66.25578740304627,333.7805366159082,0.0
2025-07-26,18,F,0.0,False,11405.06196266063,11357.181939329968,18675.063389808776,47.88002333066106,0.0025638479683442366,10750.173290266068,43.56230338748719,86.35439886348377,0.0
2025-07-27,6,F,0.26,True,40910.114770196335,40137.52233878633,47794.09037305262,772.5924314100048,0.01616502009724637,9965.147997480735,696.3977816808474,1523.8929945830496,0.0
2025-07-27,12,F,0.07,True,33465.09509669921,32704.11864689808,40872.810354797635,760.9764498011282,0.01861815821313606,6834.153965894075,779.3768405364608,-368.00781470656716,0.0
2025-07-27,18,F,0.0,False,19456.3764089104,19003.509024779072,26564.767196365483,452.86738413132844,0.017047669975187606,10799.137549625508,257.98571330446066,3897.6334165373455,0.0
2025-07-28,6,F,0.26,True,45577.73354683004,44031.3138979438,51769.45928230152,1546.4196488862362,0.02987127295368357,9954.606220731705,1073.7235026468989,12433.692035395427,-216.05759400566603
2025-07-28,12,F,0.08,True,38729.35275846864,37727.60714770814,45401.545720306465,1001.7456107604958,0.022064130083404875,7050.0,1213.55699733254,-6066.9012603085885,132.73878054807028
2025-07-28,18,F,0.0,False,20318.92166340515,20175.13013655011,27203.200834910836,143.79152685504232,0.005285831168459762,10800.0,101.1442128100498,2545.3105808106657,-122.71023198341209
2025-07-29,6,F,0.24,True,46982.42324875297,43660.185828033726,53424.902011160324,3322.237420719248,0.06218518510385365,9966.87058428605,3033.044780895194,5783.852796481035,0.0
2025-07-29,12,F,0.08,True,39241.31403102015,38669.547406326026,45789.938428430454,571.7666246941226,0.01248673058575504,6573.289187290018,447.8042030376746,2479.248433128978,0.0
2025-07-29,18,F,0.0,False,19081.908569602274,19031.35708749317,26269.703652751214,50.551482109105564,0.001924326318154386,10800.0,59.25697369923364,-174.10983180253606,0.0
2025-07-30,6,F,0.26,True,46393.05898271519,43616.19198440576,52493.90493291566,2776.8669983094296,0.05289884610143051,9963.21231062925,2165.9872721916545,12897.63012214847,-49.30813431361821
2025-07-30,12,F,0.09,True,37495.78470210012,36802.89541586559,44350.6996563446,692.889286234531,0.015622961793239932,6450.0,688.6214233698556,-594.67834249937,49.30813431361821
2025-07-30,18,F,0.0,False,19182.266901588337,19144.642502136696,26277.102716010333,37.624399451640784,0.0014318321109547847,10779.144972799688,35.55181206301859,41.45174777234115,0.0
2025-07-31,6,F,0.29,True,39353.92465564492,38811.83034708406,46122.87792180677,542.0943085608596,0.011753262870540845,9921.774054711683,474.1533721185551,1358.8187288461122,0.0
2025-07-31,12,F,0.1,True,38505.639749309834,37689.223155169086,45106.880550792936,816.4165941407482,0.018099602193093717,6930.962748276826,577.9177855702437,6026.742261464709,-91.12580457270997
2025-07-31,18,F,0.0,False,19571.192420395797,19435.3778704827,26618.799424359633,135.81454991309874,0.005102204188398179,10800.0,142.5283997272054,-1391.0430863368847,91.12580457270997
2025-08-01,6,F,0.27,True,14990.50601062735,14762.763997689819,22225.924485287116,227.7420129375314,0.010246683465890909,3242.4232145779874,181.98523530729653,915.1355526046655,0.0
2025-08-01,12,F,0.09,True,15561.948016071465,15195.310939089157,22611.718445257156,366.6370769823079,0.016214472061021556,2779.3872726866402,316.1069333228734,1010.6028731886736,0.0
2025-08-01,18,F,0.0,False,11152.047906672195,11108.145713824682,18219.940197463657,43.9021928475122,0.0024095684382994674,10785.115919561176,33.08445216179098,216.35481371441438,0.0
2025-08-02,6,F,0.31,True,16010.414130184889,15903.99182131958,23175.013073378963,106.42230886530888,0.00459211429690867,3059.717726729095,108.7287113578459,-46.12804985075854,0.0
2025-08-02,12,F,0.08,True,15583.478604169037,15454.390886451414,22748.514372741683,129.08771771762258,0.005674555955719966,3233.64644280186,106.83115798244035,445.131194703592,0.0
2025-08-02,18,F,0.0,False,11085.213418229332,10955.60514823477,18326.124607376438,129.60826999456185,0.007072322859923876,10757.05932572065,89.39884427758807,804.1885143394225,0.0
2025-08-03,6,F,0.32,True,33890.62490384709,33188.84177364729,40789.02855018613,701.7831301998012,0.01720519353228379,9983.323922952783,690.6837018327496,221.98856734110632,0.0
2025-08-03,12,F,0.08,True,31770.687460560286,31222.579422964627,38739.346358680894,548.108037595659,0.014148613467063219,6311.767158784511,540.8145799979029,145.86915195509573,0.0
2025-08-03,18,F,0.0,False,18415.402688614464,18394.142967488777,25631.219626506332,21.259721125687065,0.0008294463328503293,10781.001515830441,12.861855517909135,167.95731215553678,0.0
2025-08-04,6,F,0.32,True,37276.9805720058,35889.685746487135,43719.37268474473,1387.2948255186639,0.031731809958077034,9939.975684372315,1093.37555722252,5878.38536592291,0.0
2025-08-04,12,F,0.1,True,31984.3987541659,31081.99638006538,39085.67092405641,902.4023741005221,0.023087805652713317,6810.313931922847,943.292643911991,-817.8053962293807,0.0
2025-08-04,18,F,0.0,False,18557.20335766366,18523.331146235163,25684.68006902647,33.872211428497394,0.001318771008144438,10772.82085773595,33.25974858025438,12.249256964867527,0.0
2025-08-05,6,F,0.35,True,35479.978172830706,34706.63790784781,41874.92029228061,773.3402649828931,0.018467862376455767,9995.638422778668,586.7869433035085,3861.078982106912,-9.42697148030129
2025-08-05,12,F,0.12,True,30520.58634584333,30092.49421382219,37635.295132786014,428.0921320211419,0.011374751559958119,7068.051297802058,442.9603560145915,-427.37702838824043,9.42697148030129
2025-08-05,18,F,0.0,False,18461.344187434537,18422.35081699791,25424.954772195622,38.99337043662672,0.0015336652822395315,10790.937440222548,36.665928924929176,243.65180959567806,-14.291575592422305
2025-08-06,6,F,0.37,True,34037.15271786444,33691.86787660363,41054.571856083516,345.2848412608073,0.008410387093335199,10009.641746258803,357.88138048661494,194.2793494875841,-32.35387857085152
2025-08-06,12,F,0.12,True,33832.02011012177,33413.68086066214,40472.353472784605,418.33924945962644,0.01033642013778458,7248.057417666507,334.26742909840686,1262.3134745255484,30.38983527586788
2025-08-06,18,F,0.0,False,17638.5927608437,17616.864412113122,24837.09279409302,21.728348730579455,0.0008748346237908765,10800.0,20.73098849010057,-7.139996495339801,1.9640432949836395
2025-08-07,6,F,0.34,True,35051.077738271386,34159.24886069291,41805.72960021988,891.8288775784749,0.02133269497044693,9964.804810471956,848.6882243383079,862.8130648032857,0.0
2025-08-07,12,F,0.12,True,33421.13037201222,32826.94667443603,39973.01870592038,594.1836975761908,0.014864619105891708,7070.932348617174,537.8225908409149,1127.2221347054365,0.0
2025-08-07,18,F,0.0,False,18233.81573876639,18134.007091247404,25226.208966145383,99.8086475189848,0.003956545656659395,10796.153930680866,163.0749556116134,-190.34937637597432,-77.94459545712016
2025-08-08,6,F,0.33,True,13707.15936183038,13592.0211565687,20656.74307583284,115.1382052616791,0.005573879911222982,3183.8968766851385,107.64629692873496,149.83816665888298,0.0
2025-08-08,12,F,0.11,True,15094.077853201206,14830.362258924763,21772.876971479214,263.7155942764439,0.012112115207461601,1200.0,211.25775251493178,1403.9954492393772,-25.72869721018469
2025-08-08,18,F,0.0,False,9475.731466135227,9364.807833693247,16599.655430336672,110.92363244197986,0.006682285238238233,10791.380195811262,93.38515075689793,-4.068980307467427,25.72869721018469
2025-08-09,6,F,0.35,True,12827.74545479569,12686.862466533878,20129.14833304682,140.882988261812,0.006998954249371733,3034.012610598897,170.86574479401315,-599.6551306440579,0.0
2025-08-09,12,F,0.1,True,13656.140679013513,13285.543385739247,20743.541355192625,370.5972932742661,0.017865671387952104,2379.851136350856,283.75302641244343,1736.885337236471,0.0
2025-08-09,18,F,0.0,False,10283.091043486836,10215.301444280356,17275.37719522918,67.78959920648049,0.003924058991036182,10788.158116579858,60.68688825241043,142.05421908143398,0.0
2025-08-10,6,F,0.34,True,32472.914602198936,31976.68251495577,39323.17025026609,496.23208724316646,0.01261933064106927,9965.872763733505,415.78768342477997,1608.888076367708,0.0
2025-08-10,12,F,0.09,True,30737.25942004032,30503.119283338026,37744.3149133732,234.14013670229178,0.006203321937082861,7264.618063609229,224.03872380214307,202.02825800294704,0.0
2025-08-10,18,F,0.0,False,17403.722361334396,17333.324377262317,24661.288701046476,70.39798407207854,0.0028545947020640196,10768.886211872617,71.69538844695853,-25.94808749750473,0.0
2025-08-11,6,F,0.37,True,32443.178565555754,31873.264599982744,39268.56873179473,569.9139655730105,0.014513234986116673,9949.990123036145,493.3305173601475,1531.6689642572437,0.0
2025-08-11,12,F,0.09,True,30911.46395340805,30720.77697777679,37711.82578658098,190.68697563125897,0.005056423857874079,6448.799762156088,152.28507776768674,768.0379572714592,0.0
2025-08-11,18,F,0.0,False,17663.02068914174,17601.79858671571,24725.165393866493,61.22210242602887,0.0024761048693011404,10698.532851850234,59.3152476780524,38.13709495953299,0.0
2025-08-12,6,F,0.37,True,33414.86884156177,32573.3417967555,40443.75885183816,841.5270448062729,0.020807340086492127,9996.012279144745,710.5688402076485,2619.1640919724814,0.0
2025-08-12,12,F,0.09,True,33116.156743601736,32891.506855962085,39494.68014498628,224.64988763965084,0.005688105000849574,7137.663101528473,170.98389863002376,1073.3197801925598,0.0
2025-08-12,18,F,0.0,False,18331.676002452587,18304.16527413601,25316.791627641203,27.510728316578025,0.0010866593493048088,10731.025834612832,25.3781686408729,42.65119351404428,0.0
2025-08-13,6,F,0.37,True,32488.84839211664,31440.237641617394,39274.20694224924,1048.610750499247,0.026699730742906574,10008.931701338233,948.0291242152962,2011.6325256790224,0.0
2025-08-13,12,F,0.1,True,30197.29926541679,30077.17912139884,37046.833508603886,120.12014401795022,0.0032423862619744034,6933.298767508984,122.5900192058325,155.87859649111306,-14.884193600353683
2025-08-13,18,F,0.0,False,18463.27991752678,18411.542263976364,25366.396018055875,51.737653550415416,0.002039613885771885,10793.328247673006,49.875651184447634,504.0119832832115,-33.84477712540502
2025-08-14,6,F,0.36,True,33268.926682066456,32271.133229481085,40205.97117568584,997.7934525853707,0.024817046408986545,9919.854764059479,879.8617003720501,2358.635044266306,0.0
2025-08-14,12,F,0.1,True,30239.14048406949,29902.24966695997,37328.01460760324,336.89081710951723,0.009025146947968053,6502.805539983949,326.75144759685645,202.7873902532392,0.0
2025-08-14,18,F,0.0,False,17018.198969344034,16968.82457215497,24281.137599923248,49.37439718906535,0.00203344662027785,10786.983187798174,54.290861586014216,-98.32928793898418,0.0
2025-08-15,6,F,0.37,True,13137.575147113572,12972.112492546066,20370.412591782602,165.46265456750552,0.00812269529750482,3104.177522883797,193.21428427710634,-555.0325941920191,0.0
2025-08-15,12,F,0.1,True,12853.802136630935,12657.533328065185,20098.984075880657,196.26880856575008,0.009765110904350541,1389.4590643987503,199.5283081973903,-65.18999263274372,0.0
2025-08-15,18,F,0.0,False,8803.613935803945,8760.785591140075,16063.383824495262,42.828344663870666,0.0026662093822698283,10800.0,24.202990798954488,372.507077298319,0.0
2025-08-16,6,F,0.39,True,13202.422836297012,13050.264544395484,20403.55577883779,152.15829190152726,0.007457439945803133,3117.01734049566,154.36866154701784,-44.20739290982601,0.0
2025-08-16,12,F,0.1,True,12900.004874146542,12279.163124206918,20234.065895656044,620.8417499396237,0.030682995357493092,1200.0,555.3987209188163,1308.8605804161361,0.0
2025-08-16,18,F,0.0,False,8882.73826366919,8830.695245734187,16124.06867163402,52.043017935002354,0.0032276603997946312,10800.0,40.64119232998928,228.03651210026328,0.0
2025-08-17,6,F,0.34,True,30641.913160462333,29984.27808641173,37663.07043700396,657.6350740506023,0.01746100534077742,9959.236189154526,563.4013035410389,1884.6754101912338,0.0
2025-08-17,12,F,0.1,True,28767.837197616027,28003.636922895923,36092.293595064155,764.2002747201041,0.021173502667744374,7024.0954873713035,733.7507157979053,608.9911784440014,0.0
2025-08-17,18,F,0.0,False,17358.33495621034,17296.8271549629,24500.0453291457,61.50780124744051,0.002510517855012689,10707.753088253536,51.87681470159441,192.61973091682194,0.0
2025-08-18,6,F,0.34,True,31370.807573446407,30814.034577551625,38418.14773168175,556.7729958947821,0.014492447678200685,9949.922626304677,498.18930796276254,1171.6737586402824,0.0
2025-08-18,12,F,0.09,True,29607.313721317158,29342.901353035217,36711.03001434616,264.41236828194087,0.0072025319959318004,6719.673352893666,232.42616178765456,639.7241298857134,0.0
2025-08-18,18,F,0.0,False,16758.493504779915,16722.184821271323,24139.750793027073,36.30868350859237,0.0015041034938554697,10797.784121529163,40.65140200665337,-86.85436996126919,0.0
2025-08-19,6,F,0.34,True,31392.81353859797,30700.90776750433,38130.17449882324,691.9057710936395,0.0181458852519805,9964.980286221155,623.664795973491,1385.9630871549944,-1.5330825579439988
2025-08-19,12,F,0.09,True,30567.64075531716,30043.83102915596,37361.32666799133,523.8097261611983,0.01402010508930785,6643.159933930722,506.40851891002967,326.88056027143284,1.5330825579439988
2025-08-19,18,F,0.0,False,17130.316201743364,17079.737475265385,24324.482157199825,50.57872647797922,0.002079334151950625,10800.0,54.350811130661896,-75.44169305367905,0.0
2025-08-20,6,F,0.3,True,36151.28568979321,32562.722493097957,42947.482662897404,3588.5631966952496,0.08355700903036703,9934.67716119929,3315.2649730917983,5465.964472069042,0.0
2025-08-20,12,F,0.09,True,30462.805053894845,30046.83930905618,37481.101704544955,415.96574483866425,0.011098012756338597,5659.2985210958705,362.0684724922903,1077.9454469274606,0.0
2025-08-20,18,F,0.0,False,16648.73400842504,16536.543170213103,24068.663101632013,112.19083821193635,0.004661282504067668,10618.78896865676,123.46783240166769,-225.53988379470957,0.0
2025-08-21,6,F,0.28,True,33635.56073482326,32971.48545508083,40656.5946973022,664.0752797424284,0.016333765399847756,9899.048521879571,651.0787847281317,259.9299002860171,0.0
2025-08-21,12,F,0.09,True,31386.826705561994,30990.497002762997,38246.49541741515,396.32970279899746,0.010362510302539584,6890.365099874714,273.4737025829818,2457.120004320288,0.0
2025-08-21,18,F,0.0,False,17533.411478115253,17527.037478226615,24678.174534786966,6.373999888637627,0.00025828490189388516,10779.525582666924,4.035603910193458,46.767919568806974,0.0
2025-08-22,6,F,0.3,True,13846.095272799905,13682.23521029477,20764.839209979233,163.86006250513492,0.007891227129097466,3142.6077371524843,127.87927647100878,1232.1239003894898,-37.161028289567184
2025-08-22,12,F,0.09,True,14022.252184402107,13586.70983436121,20792.00598371984,435.54235004089605,0.020947586797633963,2122.077407490792,389.3668071419561,411.0026782718287,37.161028289567184
2025-08-22,18,F,0.0,False,8920.655779346023,8901.061064404692,16007.548891692933,19.594714941331404,0.0012240921501417384,10800.0,21.088371028848997,-29.873121750335486,0.0
2025-08-23,6,F,0.28,True,12545.61443229117,12394.72254182301,19854.150917159677,150.89189046815954,0.007600017301054446,3276.566505396613,137.1769231024482,274.29934731424464,0.0
2025-08-23,12,F,0.05,True,14149.427773389254,13582.33640453328,21004.30292093352,567.091368855974,0.026998818813015385,1200.0,464.0667563697025,2060.4922497254865,0.0
2025-08-23,18,F,0.0,False,8927.838593437291,8831.826595020502,16201.936553652004,96.01199841678863,0.005925958177829489,10684.959203695078,84.8570770727274,223.09842688123035,0.0
2025-08-24,6,F,0.3,True,30992.400423071907,30392.84893521433,38146.65323764797,599.5514878575777,0.015717014127621137,9941.458717560005,594.8644707719141,93.7403417132673,0.0
2025-08-24,12,F,0.05,True,31520.70191645666,29928.993079745276,38625.97602433092,1591.708836711383,0.04120824896978003,6588.517541818948,1462.373873698787,2586.6992602517985,0.0
2025-08-24,18,F,0.0,False,17000.15856273046,16866.17163131557,24412.644526772983,133.9869314148891,0.005488423479396001,10577.287848643055,124.85170636948897,182.70450090798545,0.0
2025-08-25,6,F,0.3,True,35373.2592393464,34537.03447661459,42301.230318089074,836.2247627318065,0.019768331947882276,9956.83159497276,764.8776292025068,1426.9426705860496,0.0
2025-08-25,12,F,0.08,True,32756.344419967332,32474.01881003318,39547.22631012265,282.32560993415245,0.007138948449132762,7538.003791045601,275.0670057110983,145.17208446109362,0.0
2025-08-25,18,F,0.0,False,16663.745916048952,16625.797696530055,24047.209004231237,37.94821951889753,0.0015780716802611203,10756.572278364465,35.32617621817917,52.4408660144411,0.0
2025-08-26,6,F,0.31,True,32739.508087382972,31537.452002725462,39810.301364706145,1202.05608465751,0.030194598971893083,9939.627037822833,1051.6965475182442,3007.1907427852466,0.0
2025-08-26,12,F,0.04,True,30516.668849988295,29817.200082429285,37679.091457453535,699.4687675590103,0.018563843779217347,7316.834665578433,634.8807314702135,1291.7607217759687,0.0
2025-08-26,18,F,0.0,False,18134.314280902727,18070.40202272564,25146.291626389506,63.91225817708619,0.002541617632001617,10800.0,54.54050717030623,592.4572187197073,-29.36741690267263
2025-08-27,6,F,0.3,True,43620.708143726006,36467.92550681459,49737.0509545195,7152.782636911419,0.14381195707505978,9941.115849843796,6355.068380143806,15981.84378971587,-1.998227491742
2025-08-27,12,F,0.04,True,33244.384105658195,32217.77760538066,40072.8385920761,1026.6065002775358,0.025618512098130587,7432.435138607527,1095.273351056574,-1400.8956699444389,1.998227491742
2025-08-27,18,F,0.0,False,17190.73959307686,17152.779452628594,24346.529202835918,37.96014044826734,0.00155916024547128,10772.225853599739,20.23132233403885,354.5763622845352,0.0
2025-08-28,6,F,0.32,True,37082.27465795828,35323.64439191459,43700.32683684258,1758.6302660436922,0.04024295453463378,9930.35578484211,1485.3477978733426,5465.649363407116,0.0
2025-08-28,12,F,0.03,True,31550.503778442682,30468.597882133,38653.83530509067,1081.9058963096832,0.027989613133349207,6607.27698790919,1202.0537136321727,-2402.9563464497705,0.0
2025-08-28,18,F,0.0,False,17269.96564691593,17241.881620024848,24460.651412199346,28.08402689108334,0.0011481307843288627,10572.629717617543,18.387773001661117,193.92507778850904,0.0
2025-08-29,6,F,0.32,True,13716.400430256972,13527.528605080712,20891.344052188397,188.87182517626024,0.009040673721348036,3615.9221239611743,222.49498010094976,-83.5107122765412,-42.7038575227034
2025-08-29,12,F,0.03,True,14308.973242031112,13914.819221932856,21201.9344557635,394.1540200982563,0.01859047441735252,2783.3102051273845,330.37263711163905,1228.8552901106814,3.3913787516030425
2025-08-29,18,F,0.0,False,9494.628869792687,9424.037503310625,16516.49847149231,70.59136648206186,0.004273991040165292,10737.468565749541,36.97439821549051,819.1899958379754,-10.647869928072396
2025-08-30,6,F,0.3,True,13473.234506577735,13304.034942445922,20653.159353981027,169.19956413181353,0.00819243008935576,3634.3201867047687,160.90940318430148,165.80321895026373,0.0
2025-08-30,12,F,0.05,True,13320.546140283872,13215.166918743274,20475.34078712667,105.37922154059743,0.005146640665773525,2881.2389816682894,92.41871672033449,332.6881778386678,-5.327760942996974
2025-08-30,18,F,0.0,False,9596.232765347613,9510.790050786889,16586.083108612056,85.4427145607242,0.005151470302012381,10797.142237920072,79.31063332783742,204.92207191157286,-5.966004347141279
2025-08-31,6,F,0.29,True,34416.48049443923,33313.6137861151,41063.279513969464,1102.8667083241307,0.026857735703962528,9960.178445351425,939.8255625584497,4701.148526930247,-104.4353688756255
2025-08-31,12,F,0.05,True,30316.403322567618,29926.951479457537,37389.93229341625,389.4518431100805,0.0104159547563197,6022.448792366238,410.94366539517796,-1392.5146793253753,69.8020333916993
2025-08-31,18,F,0.0,False,16813.85089572717,16759.81719758294,24068.21919238095,54.033698144230584,0.002245022687899382,10792.622116617162,39.08532440241834,-97.71981388300082,28.76306787266003
2025-09-01,6,F,0.31,True,32534.303502991468,31636.552292699555,39794.820631752125,897.7512102919136,0.02255949885035043,9903.07305055441,952.515750962375,-1095.2908134091326,0.0
2025-09-01,12,F,0.03,True,30466.404764815015,29630.545841624204,37703.01060528927,835.8589231908118,0.022169553830630993,6002.756180342432,739.0443557144536,1936.2913495270577,0.0
2025-09-01,18,F,0.0,False,17001.640488137884,16960.41279638852,24185.7025333296,41.227691749365476,0.001704630729355528,10717.452106368797,18.57789924642566,452.9958500587709,0.0
2025-09-02,6,F,0.3,True,34921.07680165302,32200.438212989247,41666.66085027009,2720.6385886637727,0.06529533524273609,9935.709629506997,2464.157361318168,5129.624546912097,0.0
2025-09-02,12,F,0.03,True,28609.134104412427,27492.101346243086,35977.40820218278,1117.0327581693418,0.031048172005385608,6989.356289528787,1132.3788865928218,-306.9225684695516,0.0
2025-09-02,18,F,0.0,False,16150.256054075782,16081.020226831173,23493.615976723635,69.23582724460903,0.0029470059999790843,10800.0,54.22209194468451,312.76222970500226,-0.9054474447420944
2025-09-03,6,F,0.31,True,32158.784229735742,31350.088336598285,39140.53804655391,808.6958931374575,0.020661338180267,9934.46016699738,741.5811455502553,1587.2825132745575,-17.763598836283563
2025-09-03,12,F,0.03,True,29355.15259933322,29001.808387591824,36609.53964983515,353.3442117413979,0.009651697757499363,6696.42219988873,286.96562678697956,1082.5841375578502,17.763598836283563
2025-09-03,18,F,0.0,False,16046.699407646765,15993.090492891139,23303.79239834835,53.608914755626756,0.002300437363981421,10716.829347440742,40.87262862899297,254.72572253265025,0.0
2025-09-04,6,F,0.31,True,32136.34424960048,31234.131223962337,39057.87817791166,902.2130256381424,0.023099386544463377,9904.84810131794,759.9123327163907,2846.0138584348997,0.0
2025-09-04,12,F,0.02,True,29096.80286084982,28632.77235099182,36445.805976792966,464.0305098579993,0.01273206881893277,6789.587274108313,476.70495239784213,-239.54767796069314,-1.0108488774785656
2025-09-04,18,F,0.0,False,15535.053543703272,15481.477989398516,22873.68226182649,53.575554304756224,0.0023422356615562323,10749.704286671898,53.96804187477028,-21.790924236422143,1.0108488774785656
2025-09-05,6,F,0.31,True,11374.671030678883,11168.33831252081,18698.142243723112,206.33271815807348,0.011034931463704021,3559.511596716507,209.78127604628753,180.40013759791918,-18.08145533766401
2025-09-05,12,F,0.02,True,10913.712558467654,10674.42337015522,18232.329612910115,239.2891883124339,0.01312444396260782,1277.920534413247,228.8301241760637,-40.190012634829145,18.08145533766401
2025-09-05,18,F,0.0,False,6946.479577830709,6869.594765842054,14300.797244505275,76.8848119886552,0.005376260545068302,10800.0,74.37469650260573,50.20230972099489,0.0
2025-09-06,6,F,0.31,True,11205.076267280123,11017.09794904612,18523.846800993975,187.97831823400338,0.01014790935454706,3435.6727784346426,184.25314639250792,74.50343682988841,0.0
2025-09-06,12,F,0.03,True,10718.244760742515,10527.668003366556,18061.59246698898,190.57675737595855,0.010551492495707346,1200.0,192.92632415721528,-46.9913356251368,0.0
2025-09-06,18,F,0.0,False,6917.888329413596,6823.1905321532395,14297.23015018368,94.69779726035631,0.006623506529979145,10800.0,99.43747280362732,-94.79351086543488,0.0
2025-09-07,6,F,0.3,True,33007.006350046075,30524.170501227287,39631.85973499256,2482.835848818788,0.06264747265005563,9918.940892506493,2148.6396924908477,6683.923126558864,0.0
2025-09-07,12,F,0.02,True,27112.62921200275,26294.403383508914,34440.31464106801,818.2258284938362,0.023757791908153792,7007.80286834714,800.3667285007832,357.1819998610256,0.0
2025-09-07,18,F,0.0,False,14571.77157237855,14536.102453292538,21960.02381305868,35.66911908601105,0.0016242750640734808,10800.0,34.132697049266426,30.728440734932747,0.0
2025-09-08,6,F,0.31,True,28541.867829329756,27574.569440661042,35433.46299205247,967.2983886687143,0.02729900797124103,9937.13030172872,827.3191831882068,3153.8728483938503,-25.68882676593421
2025-09-08,12,F,0.02,True,27608.59386867468,26418.17666297735,34564.538144019214,1190.417205697333,0.034440419852776585,6436.888323181958,951.7251819493977,4419.551736175131,25.68882676593421
2025-09-08,18,F,0.0,False,12941.706943112606,12844.20080218394,20262.196332383377,97.50614092866635,0.004812219728264622,10711.93044178534,93.22418518809354,129.7910148487199,-3.2013733073654294
2025-09-09,6,F,0.31,True,29200.981282800887,26811.92407313887,35758.23315013144,2389.0572096620162,0.06681138857257087,9950.447201277635,1983.6574103829262,8107.9959855818415,0.0
2025-09-09,12,F,0.04,True,24498.62218368968,23172.362353891796,31791.985755003934,1326.2598297978839,0.04171679743499935,7199.471129177202,1398.5394652702416,-1445.5927094472377,0.0
2025-09-09,18,F,0.0,False,12679.737421980995,12608.446451762116,19982.252683659404,71.29097021887901,0.00356771437872856,10765.505877873617,76.53261284952896,390.46557176826127,-35.913180489595106
2025-09-10,6,F,0.3,True,25454.26075415557,24982.580194725335,32785.676897311765,471.680559430235,0.014386787282372995,9925.128843210923,495.3999455570811,-474.38772253690513,0.0
2025-09-10,12,F,0.03,True,27459.38297961071,25242.96926069494,34346.26346940941,2216.41371891577,0.06453143646585675,6363.248133496199,1882.591926591478,6676.435846485859,0.0
2025-09-10,18,F,0.0,False,12319.71763977381,12248.680086209852,19671.99475275875,71.03755356395777,0.0036111006767117833,10796.440930885898,61.90193424618701,182.71238635540863,0.0
2025-09-11,6,F,0.29,True,27164.60725072182,25872.58898695759,34495.78995684523,1292.0182637642283,0.037454375313061776,9911.267492094197,1284.8654917133026,143.0554410184327,0.0
2025-09-11,12,F,0.03,True,24169.960946048333,23538.999534448136,31498.36172409559,630.9614116001976,0.02003156281990137,6048.3551332279785,606.3206176451786,492.81587910045255,0.0
2025-09-11,18,F,0.0,False,12397.095299252918,12350.84924431265,19719.854776545897,46.24605494026764,0.0023451519021971236,10800.0,37.66651151341648,171.5908685370523,0.0
2025-09-12,6,F,0.27,True,7587.790819400841,7452.54938027794,14983.59726041391,135.24143912290128,0.009025965979491719,3817.836263133259,142.6255065141395,-147.68134782476523,0.0
2025-09-12,12,F,0.04,True,9046.892978669463,7947.217185350371,16240.950794463777,1099.675793319091,0.0677100624979388,1200.0,972.5254999718236,2543.0058669453647,0.0
2025-09-12,18,F,0.0,False,4418.800317339776,4308.2490224236935,11806.832534203095,110.55129491608204,0.009363332171929016,10653.545020366495,103.51286042585161,140.76868980457994,0.0
2025-09-13,6,F,0.28,True,7483.125137307939,7258.553370875674,14785.648400746368,224.57176643226558,0.015188496327352771,3824.2273654374044,205.05752407172804,390.2848472107207,0.0
2025-09-13,12,F,0.04,True,7458.629939140035,7337.38321732845,14802.109974329753,121.2467218115853,0.008191178286193987,1200.0,119.40467291913592,280.50705162818986,-17.66778018273544
2025-09-13,18,F,0.0,False,3968.9992743289895,3933.23309330703,11305.99889898497,35.76618102195971,0.0031634693529972594,10800.0,18.122076572117294,109.21601521764069,17.66778018273544
2025-09-14,6,F,0.28,True,26824.040887784293,26382.981005048554,34071.97233477582,441.05988273573894,0.012944947195955774,9915.461747392803,427.79818482259,265.23395826300793,0.0
2025-09-14,12,F,0.04,True,24321.73609286548,23429.284472566167,31565.060237545345,892.4516202993145,0.028273401462981525,6465.737216427469,847.4494009869377,1238.2609258307284,-24.523461074584702
2025-09-14,18,F,0.0,False,11666.629852876558,11566.304837636604,19006.237029720607,100.32501523995415,0.0052785312044184764,10793.757711790082,74.40751058446767,180.13355352652388,24.523461074584702
2025-09-15,6,F,0.27,True,23658.292460868593,23193.59819952836,30825.53808627213,464.69426134023524,0.015074976470473442,9921.576535165534,400.85890358950564,1276.7071550145783,0.0
2025-09-15,12,F,0.05,True,22061.448356958594,21721.18237275551,29417.295768353357,340.2659842030844,0.011566868242496203,6300.554898006271,325.44018896664056,296.5159047288753,0.0
2025-09-15,18,F,0.0,False,11375.03356194185,11226.36273786664,18704.414221995827,148.67082407520866,0.00794843518276965,10800.0,116.66039825291227,640.2085164458704,0.0
2025-09-16,6,F,0.26,True,26315.364975447672,25729.732722445755,33347.72693569978,585.632253001917,0.017561384442517414,9929.602239621125,482.5880017202653,2329.2459034491103,-19.45835513891143
2025-09-16,12,F,0.06,True,22738.063125811623,22228.181230847782,30059.535967888114,509.88189496384075,0.01696240073394797,6573.112469170851,512.6825989792669,-324.37495812455563,19.45835513891143
2025-09-16,18,F,0.0,False,11373.513839547753,11262.131336128099,18665.23964835209,111.38250341965431,0.005967376016492133,10784.250313269387,106.46850316839482,214.6959343506701,-8.441105555604736
2025-09-17,6,F,0.27,True,27301.396253242354,26528.94045414251,34426.964831746554,772.4557990998437,0.022437522531394628,9874.074074074075,702.9393479328937,1500.3970975459806,-7.9808342214601
2025-09-17,12,F,0.06,True,23851.53772050744,23218.422404448487,31096.878166267576,633.1153160589529,0.020359449352884768,6230.730828845252,616.4798224276637,222.6417984188406,7.9808342214601
2025-09-17,18,F,0.0,False,11337.11259121802,11207.572075453074,18682.097960979532,129.54051576494567,0.006933938363641556,10769.660768125254,121.37283139233841,178.0864538930632,-1.0682458781629975
2025-09-18,6,F,0.29,True,31594.632685817327,28487.69424944665,37971.83674691463,3106.9384363706777,0.08182217934514661,9890.175496006555,2452.5577310868102,13087.614105677316,0.0
2025-09-18,12,F,0.06,True,23827.11529512728,22311.296689141825,31118.79831773009,1515.818605985456,0.048710705037790965,7008.752948082551,1524.3064950976186,-169.75778224316582,0.0
2025-09-18,18,F,0.0,False,11212.602543265175,11189.979952835272,18545.503433761838,22.62259042990263,0.001219842346728561,10785.343546806425,28.21638721803538,-82.58618579178028,-2.1237460597913014
2025-09-19,6,F,0.3,True,8411.53757113333,8161.662763081958,15590.53462803525,249.8748080513733,0.01602734056355212,4013.1713059053077,208.28587629461435,1339.8857601140776,-36.8419158817469
2025-09-19,12,F,0.07,True,7561.067289746944,7245.252095221451,14814.847188203234,315.8151945254931,0.021317479047436305,1937.112656265258,314.52692505441155,-146.3479071001484,12.479619514979277
2025-09-19,18,F,0.0,False,4055.313022206805,4005.198131211654,11358.298119692245,50.114890995150745,0.00441218309882754,10506.96948473396,44.40193579996412,-126.8242871296975,17.480514592878535
2025-09-20,6,F,0.3,True,7783.880058318964,7393.82043688998,15021.829169964536,390.0596214289844,0.025966186741684622,4211.456458094906,367.71490410832666,669.6630163668601,-16.152547752333703
2025-09-20,12,F,0.08,True,7327.596088465524,7165.023765845244,14548.044691438152,162.57232262027992,0.011174857244971028,2948.506032666496,156.7688666814629,608.3238404831918,-35.69248719011557
2025-09-20,18,F,0.0,False,3929.646745603968,3845.0087027157733,11214.606109233138,84.63804288819483,0.007547125780771843,10367.935417051873,53.310672633060676,108.63750078611565,37.552697435501614
2025-09-21,6,F,0.29,True,28512.916451529498,27317.022493833312,35560.27906090936,1195.8939576961857,0.033630049855564996,9907.039916596168,1069.5206674486617,2527.465804950494,0.0
2025-09-21,12,F,0.07,True,23622.731496452587,22948.317374169266,30892.599228538336,674.4141222833205,0.021830928414087673,7520.956253847657,653.2861064210192,422.5603172459628,0.0
2025-09-21,18,F,0.0,False,11507.580122536814,11440.46811527715,18842.9728529283,67.1120072596641,0.0035616464441933604,10760.661882797334,58.67613103272015,168.7175245388762,0.0
2025-09-22,6,F,0.29,True,26917.320998877432,26480.73035220411,34249.59920437647,436.5906466733213,0.012747321335589031,9884.20238124767,481.7405177830369,-758.5390655411929,-10.474410537837684
2025-09-22,12,F,0.08,True,23479.086859620445,23020.661944781794,30803.565701797103,458.4249148386516,0.01488220290068259,6573.787384144728,475.52486658167254,-486.4573915135252,10.474410537837684
2025-09-22,18,F,0.0,False,11095.502364905822,11018.361212404705,18441.558500493433,77.14115250111718,0.004183006143382792,10788.081490507248,65.12400229742343,240.34300407389173,0.0
2025-09-23,6,F,0.31,True,28107.191998114584,27755.17133616704,35330.918702371506,352.020661947543,0.00996352981684324,9918.733870516546,332.57327505357534,388.94773787934855,0.0
2025-09-23,12,F,0.1,True,24557.677584048542,24312.303581902976,31810.534221330447,245.37400214556692,0.007713608342390937,6641.469805407263,260.41667247753503,60.9280633373055,-26.232110964801905
2025-09-23,18,F,0.0,False,11553.593107910492,11501.557330557313,18851.477202638023,52.03577735317958,0.002760302378102117,10800.0,23.445905302924075,244.27868643328884,23.747784300665444
2025-09-24,6,F,0.31,True,27586.152944030182,26640.606712148692,34750.183860973906,945.5462318814898,0.027209819541225012,9874.074074074075,811.2100360542099,2686.723916545589,0.0
2025-09-24,12,F,0.1,True,23579.19393454276,23350.69450810786,30808.19577251528,228.49942643490067,0.007416838951625672,6493.877124175742,214.22382919747906,285.51194474842714,0.0
2025-09-24,18,F,0.0,False,11590.017295855834,11566.20566665851,18911.00942338543,23.811629197323782,0.0012591410994633753,10800.0,26.00111974784886,-43.789811010490666,0.0
2025-09-25,6,F,0.31,True,29238.25871116144,28770.05835730026,36408.79225684788,468.2003538611825,0.012859540919628333,9902.837451016434,414.3516265092039,1076.9745470395983,0.0
2025-09-25,12,F,0.11,True,24623.895981276022,24284.554305369144,31828.96252151307,339.34167590687866,0.010661411777952831,6761.487092168234,287.0066911403883,1046.6996953297767,0.0
2025-09-25,18,F,0.0,False,11952.431506052964,11901.05452656797,19321.78284345747,51.37697948499408,0.002659018575109946,10717.324336665533,59.19285457353908,-156.31750177087315,0.0
2025-09-26,6,F,0.31,True,8193.430945409877,7905.801055802387,15517.927249335065,287.62988960748953,0.018535329170319078,4645.263344526268,289.12153830743955,-29.832973999035403,0.0
2025-09-26,12,F,0.12,True,8066.648306225692,7924.524362001615,15382.568518189515,142.1239442240767,0.00923928562749573,2809.635559956057,127.34873687974869,415.9111956878555,-8.730494310013455
2025-09-26,18,F,0.0,False,4135.607478155764,4063.557014077036,11446.096897644762,72.0504640787276,0.006294762723313418,10708.743740391465,47.52137400952597,370.17475258276045,8.730494310013455
2025-09-27,6,F,0.31,True,12611.459651872048,8574.997991576114,19441.756789942225,4036.461660295934,0.20761815425981003,4622.773389064606,3618.011135094792,9092.396003045385,-52.45135601310358
2025-09-27,12,F,0.11,True,8045.167785834049,7716.803498728554,15335.131964705006,328.36428710549535,0.02141255046655296,4680.82560557592,308.74720037109,-331.04376433441803,52.45135601310358
2025-09-27,18,F,0.0,False,3885.568414950132,3789.5175968766353,11211.503701504244,96.05081807349688,0.00856716642394809,10490.245062433214,74.49921948021256,568.1321350025355,-9.940881419190191
2025-09-28,6,F,0.32,True,35249.030372413254,32761.488331303175,41810.386273048585,2487.5420411100786,0.059495791903591534,9915.060107593514,2029.1905422212221,9370.14702302034,-14.727644481097741
2025-09-28,12,F,0.1,True,26714.048402822045,24707.678724296846,34017.20793820998,2006.3696785251996,0.058981021669081084,6732.100471228213,1970.0045084942758,546.57766087654,13.10409197964509
2025-09-28,18,F,0.0,False,11908.85358280201,11865.747345519287,19271.735009534637,43.10623728272367,0.0022367595476690074,10800.0,42.47830497408722,-9.83265932865902,1.6235525014526502
2025-09-29,6,F,0.34,True,28915.324115621617,28173.622534406793,36249.746462549614,741.7015812148238,0.020460876381055287,9903.518639988135,743.2022898117502,-30.014171938549225,0.0
2025-09-29,12,F,0.1,True,25474.607101162685,24966.206149296733,32739.480175781006,508.40095186595136,0.015528681247726115,6458.628530902512,480.46050612469116,1024.242881101784,-33.74776339691016
2025-09-29,18,F,0.0,False,11828.04526584463,11566.715704673205,19134.485565948846,261.32956117142567,0.013657516961756206,10786.043479996497,229.97592762295972,161.63870469266703,33.74776339691016
2025-09-30,6,F,0.36,True,30668.785066302888,29999.7900373159,37838.37693937817,668.9950289869885,0.017680331005180336,9905.813847090758,610.2475581779872,1174.9494161800603,0.0
2025-09-30,12,F,0.1,True,27213.829389239356,26707.734546080646,34404.885914807295,506.0948431587094,0.014709970101685312,6499.175045208047,397.82424248202733,2165.412013533681,0.0
2025-09-30,18,F,0.0,False,12102.823326547828,12052.279001044388,19478.08164137299,50.54432550344063,0.00259493344540052,10793.218478552908,47.29976410646486,64.89122793950014,0.0
2025-10-01,6,F,0.35,True,29720.010243718214,28940.787747613613,37002.2260962166,779.2224961046013,0.021058800464555705,9875.196179520506,785.6382163452217,-128.31440481243862,0.0
2025-10-01,12,F,0.11,True,25407.052485210996,24687.40704587916,32735.669326544594,719.6454393318345,0.021983526047786986,6964.733861520408,745.216791491901,-511.427043201395,0.0
2025-10-01,18,F,0.0,False,12084.53326513431,12040.246959680462,19420.761169685855,44.2863054538484,0.002280358893603796,10795.601563892442,55.81462305302921,93.39135073690113,-23.489578961070947
2025-10-02,6,F,0.32,True,28579.989051022938,27716.365264763972,35873.75419437922,863.623786258966,0.024073972898946847,9902.03518189283,842.4805411041525,468.9221487524569,-3.3395264242299163
2025-10-02,12,F,0.09,True,24062.062694768527,23370.95539759408,31406.74042272957,691.107297174447,0.022005062858235405,7290.948072095266,696.0760096808008,-145.43149578317002,3.3395264242299163
2025-10-02,18,F,0.0,False,12019.798765665493,11884.753598003377,19362.565265153,135.045167662116,0.006974549385001074,10800.0,105.41528410468527,592.5976711485953,0.0
2025-10-03,6,F,0.32,True,7551.383822735728,7397.388228386386,14851.248385922394,153.99559434934235,0.010369201992158175,4538.767480275184,126.95002331428987,540.9114207010771,0.0
2025-10-03,12,F,0.08,True,8027.470727557164,7727.788334746689,15267.980917253506,299.682392810475,0.019628161342003014,1200.0,278.804794925185,1077.8944387291635,-47.88022238423946
2025-10-03,18,F,0.0,False,3922.8363921235523,3851.33246230423,11231.214572336947,71.50392981932237,0.006366535814874393,10457.426006990827,33.81898441931298,93.3564269768417,47.88022238423946
2025-10-04,6,F,0.34,True,8078.486707884067,7935.939559010469,15449.107010817093,142.54714887359842,0.00922688597948026,5067.993883056052,153.79902065643546,-225.03743565674404,0.0
2025-10-04,12,F,0.09,True,8034.749268390213,7881.712656438467,15386.142920180811,153.03661195174573,0.009946392201454171,2078.8769095850885,131.8896597572384,422.9390438901394,0.0
2025-10-04,18,F,0.0,False,3645.783136301947,3571.3670937858806,11024.106925149434,74.41604251606623,0.006750301228147558,10786.769466722728,69.46033468538553,99.1141566136223,0.0
2025-10-05,6,F,0.36,True,28921.842928105143,27913.143309959618,36161.380074845656,1008.6996181455252,0.027894389430319067,9874.074074074075,983.8416227516136,497.159907878136,0.0
2025-10-05,12,F,0.1,True,24371.847075429476,23987.859661354058,31627.165526586876,383.9874140754182,0.012141063155110288,6165.582629364166,337.98419765960716,924.8237876180542,-0.34509966622317734
2025-10-05,18,F,0.0,False,11427.233600880341,11358.667468826427,18729.54477132161,68.56613205391477,0.0036608541686983325,10800.0,85.55916472391618,-344.6201127016934,0.34509966622317734
2025-10-06,6,F,0.33,True,28119.543554958953,27140.869894904514,35238.805385553875,978.6736600544391,0.02777261173716308,9874.074074074075,853.2866784189391,2507.739632710026,0.0
2025-10-06,12,F,0.1,True,23725.557996663665,23431.69009246996,31033.328147923243,293.86790419370664,0.00946942921471258,6648.41990679377,286.3916759175554,149.52456552302874,0.0
2025-10-06,18,F,0.0,False,11446.197658600797,11404.729790992576,18778.567423859364,41.46786760822033,0.0022082551172424776,10753.305038392986,48.76806093306732,389.4656693547213,-38.825914117818684
2025-10-07,6,F,0.35,True,28167.84443131415,27769.78348848757,35421.25693395259,398.0609428265816,0.011237911279343265,9900.780702541908,373.66097434717085,697.1881562375934,-15.167895316288195
2025-10-07,12,F,0.1,True,25178.54008394214,24532.31693401474,32365.467766065354,646.2231499274021,0.019966439372921908,6544.302807066536,585.686545089542,1684.683986798891,-34.36538242922143
2025-10-07,18,F,0.0,False,11699.625672714832,11653.573220136052,19010.189973749053,46.0524525787805,0.002422514064424069,10769.945751818474,47.74366046123396,143.06703859463232,-12.826056262252678
2025-10-08,6,F,0.36,True,26065.96905193346,25648.72508389352,33384.25439867994,417.2439680399402,0.012498226351175859,9874.074074074075,451.57112642199354,-686.543167641064,0.0
2025-10-08,12,F,0.1,True,22688.01215975584,22406.403614498704,29961.17667414148,281.6085452571351,0.009399115005392372,6319.879126157524,246.58499717650557,700.4709616127134,0.0
2025-10-08,18,F,0.0,False,10411.322922385103,10326.474454889563,17744.30983694657,84.84846749553981,0.004781728242755959,10800.0,72.43973417144662,248.17466648187656,0.0
2025-10-09,6,F,0.37,True,27138.5073408248,26111.976876009874,34454.4985331395,1026.530464814925,0.029793800766758315,9874.074074074075,1034.932267233853,-168.03604837862713,0.0
2025-10-09,12,F,0.11,True,23263.412446517592,22787.50054424165,30525.962074520514,475.9119022759405,0.015590398137629078,6093.007915835176,433.0050000027404,905.4391650617299,-3.4297174427665595
2025-10-09,18,F,0.0,False,10544.612521532348,10503.95796591836,17869.383259923692,40.65455561398812,0.002275095621524082,10800.0,24.06017815179439,284.58642964609635,3.4297174427665595
2025-10-10,6,F,0.42,True,6672.192335458087,6513.875480043267,14044.332750122825,158.31685541481966,0.011272650558171594,5311.334738966194,146.46105865733807,237.1159351496192,0.0
2025-10-10,12,F,0.1,True,6728.627533332063,6595.411659691526,14073.281377236735,133.2158736405363,0.009465871538389792,2105.163066291924,110.39554005897298,456.4066716312709,0.0
2025-10-10,18,F,0.0,False,3137.359037294669,2993.013054476385,10509.84871722155,144.34598281828403,0.01373435400471152,10272.486036681672,141.50398235098692,56.840009345933595,0.0
2025-10-11,6,F,0.38,True,7248.984770716803,6960.498122881729,14530.53113914238,288.4866478350741,0.019853826750898876,5467.896499486248,248.3118764494593,803.4954277122984,0.0
2025-10-11,12,F,0.08,True,7179.466517709567,6987.958885891994,14467.71031451816,191.50763181757247,0.013236899803377803,1279.8738257064902,176.9188323135986,291.7759900794772,0.0
2025-10-11,18,F,0.0,False,3280.654782845768,3253.465351703655,10611.221079812214,27.18943114211288,0.0025623282125221774,10288.131990520309,25.482157559385087,34.145471654577705,0.0
2025-10-12,6,F,0.41,True,28951.495636178028,28289.509934433394,36081.178696531344,661.9857017446338,0.018347119624677718,9887.859011834733,538.5514319902941,2468.6853950867826,0.0
2025-10-12,12,F,0.08,True,22982.516877254813,22474.928816884807,30289.97339169391,507.58806037000613,0.01675762648603701,7115.981545885197,515.4251320802214,-156.74143420430573,0.0
2025-10-12,18,F,0.0,False,10641.334957587658,10542.11328834883,17938.8506441117,99.22166923882833,0.005531105153127363,10800.0,96.02148637562277,255.67614830927687,-13.897820842847068
2025-10-13,6,F,0.42,True,27677.205571107377,27096.476352185666,35032.76012750652,580.7292189217114,0.016576747501711772,9884.518552021795,613.3164852690679,-651.7453269471364,0.0
2025-10-13,12,F,0.09,True,23563.20197543208,23209.60971538997,30874.7172931112,353.59226004211087,0.01145248575671994,6169.749765740324,311.3826553904837,844.1920930324932,0.0
2025-10-13,18,F,0.0,False,10636.770379025818,10579.534863514602,18020.929134231348,57.23551551121636,0.003176057964874609,10789.395324931633,64.80442876413508,-151.3782650583562,0.0
2025-10-14,6,F,0.45,True,28384.299905534506,27390.42650983017,35697.008176224845,993.8733957043369,0.027841924197061503,9889.875217155293,994.406825413731,-10.66859418797867,0.0
2025-10-14,12,F,0.11,True,27662.243472689886,24934.490335965496,34696.46148613371,2727.75313672439,0.0786176174712953,5450.223289020421,2473.7877656142227,5100.09269099097,-1.5071017244354152
2025-10-14,18,F,0.0,False,10839.400269338828,10768.264529050712,18188.685550315942,71.13574028811672,0.003910988514883698,10799.168514722285,57.17392479342743,258.4510411061465,1.5071017244354152
2025-10-15,6,F,0.47,True,29087.87309782439,28618.87574037182,36438.0387235397,468.99735745257203,0.012871092239923176,9874.074074074075,488.0547141766947,-381.14713448248744,0.0
2025-10-15,12,F,0.11,True,24151.7988568188,23646.847447646847,31417.88017537319,504.95140917195386,0.01607210309394962,6988.2195559857055,463.3747577017821,831.5330294035352,0.0
2025-10-15,18,F,0.0,False,9982.765680559869,9930.864345876338,17306.272839174148,51.90133468353088,0.00299898974006974,10800.0,46.07798070235003,116.46707962361597,0.0
2025-10-16,6,F,0.48,True,30211.973421829418,29862.14428866246,37332.57526090569,349.82913316695704,0.009370613484928663,9892.336455814217,329.2117238132996,1377.8892847587313,-70.00961441502841
2025-10-16,12,F,0.1,True,25146.70239431692,24538.3078730634,32311.464050529412,608.3945212535182,0.018829060803376065,6780.522701711848,516.0768941749448,1375.7527428796084,34.1223284323969
2025-10-16,18,F,0.0,False,10536.012752179493,10405.710748759531,17811.59714094666,130.3020034199617,0.007315570995057681,10758.650436867687,114.17234536919568,674.2739914799085,-25.499732116013547
2025-10-17,6,F,0.46,True,6928.03882106586,6704.448395790823,14232.721059956051,223.59042527503698,0.01570960495418628,5622.642657880735,207.3250880106134,325.3067452884761,0.0
2025-10-17,12,F,0.08,True,7245.793138373025,7030.64494798637,14501.13269117399,215.14819038665428,0.014836647244639218,3329.925634034323,177.24682306476097,772.6122251410548,-1.0575228094876366
2025-10-17,18,F,0.0,False,2757.9372119402333,2611.927046362638,10123.213224969488,146.01016557759522,0.014423302397449532,10218.209762588685,132.74640924329105,250.69024798289456,1.0575228094876366
2025-10-18,6,F,0.47,True,8847.903387517365,7402.526423027051,15973.33242410563,1445.3769644903132,0.09048687688419167,5699.886049942795,1308.685630949325,2924.3201621021253,-13.812333732059415
2025-10-18,12,F,0.08,True,7145.555022636525,6995.403283577531,14423.75934448999,150.15173905899428,0.010410028028951664,5752.778152175992,123.67538917064667,339.0335064845576,13.812333732059415
2025-10-18,18,F,0.0,False,3080.8895290613964,3019.317168240532,10418.466230091954,61.57236082086456,0.005909925651342359,10236.073925240424,59.76367349814609,36.17374645434256,0.0
2025-10-19,6,F,0.49,True,31171.972848099387,30805.839663352803,38331.09853142578,366.13318474658445,0.009551857337102142,9893.680529151445,319.9268391212463,924.1269125067856,0.0
2025-10-19,12,F,0.07,True,26129.232014898706,25532.82107747563,33287.01035966695,596.4109374230757,0.01791722750042257,7056.4836369617215,511.30541102873394,1702.1105278868163,0.0
2025-10-19,18,F,0.0,False,10555.328246305622,10468.420687135986,17856.369862346557,86.90755916963644,0.0048670339962489815,10794.248113184221,109.09151304933039,-0.697959117082064,-32.11974857625137
2025-10-20,6,F,0.48,True,32667.943043906613,31676.963147249793,39745.35585508645,990.9798966568196,0.02493322490984813,9874.074074074075,875.4134959393268,2311.3280143497814,0.0
2025-10-20,12,F,0.06,True,25650.156233588146,25235.962486181503,32891.57845531783,414.1937474066435,0.012592699008632639,6649.649191372033,367.5971531931209,931.9318842704474,0.0
2025-10-20,18,F,0.0,False,10772.235316172193,10644.28349858583,18075.885661457036,127.95181758636318,0.007078591886603548,10751.452715864445,104.55089173715896,468.0185169840656,0.0
2025-10-21,6,F,0.45,True,33457.964186208206,32774.60212102382,40600.3598395076,683.3620651843885,0.0168314287825454,9896.567757199047,634.5423979055413,976.3933455769275,0.0
2025-10-21,12,F,0.06,True,26954.807796532776,26364.865232537733,34144.962668748,589.9425639950423,0.017277587025596647,6606.960099716651,499.6796273267755,1861.0898417652038,-4.048211288791208
2025-10-21,18,F,0.0,False,10577.25108835257,10462.176662334232,17920.48173921896,115.07442601833827,0.0064213913271370365,10761.339803791896,94.862497973867,348.4074524894818,4.048211288791208
2025-10-22,6,F,0.45,True,32570.60286824614,31416.46623196955,39697.37216255055,1154.1366362765912,0.02907337623132075,9879.141718281033,1036.9331740231282,2344.069245069227,0.0
2025-10-22,12,F,0.06,True,25943.537225174652,24979.65124358984,33145.482415844745,963.8859815848118,0.029080463198328327,6326.188856660763,834.6575927195263,2584.567777305647,0.0
2025-10-22,18,F,0.0,False,9847.133742445212,9736.740582124816,17232.29155512741,110.39316032039642,0.00640617993069815,10754.016983330204,101.50314452292514,177.80031594946945,0.0
2025-10-23,6,F,0.46,True,32548.843205931655,31599.896305146536,39838.40422386061,948.9469007851185,0.02381990241006594,9882.035471743178,967.4914568633176,-163.69729911613786,-15.02324412033704
2025-10-23,12,F,0.06,True,25410.93185639648,25004.879403249557,32655.08265324278,406.05245314692365,0.012434586598928758,6801.817644220248,320.8534150614105,1496.7869392624498,15.02324412033704
2025-10-23,18,A,0.0,False,10618.460491635828,10457.249648751618,17925.046709522063,161.21084288420934,0.008993607966364274,10774.504243831623,144.61834907329467,471.0277028354453,-10.091528988194113
2025-10-24,6,F,0.46,True,8550.163885229933,7710.370348444396,15692.504521712477,839.7935367855371,0.05351558354650025,5898.78003120593,725.0671230359749,2294.528274991235,0.0
2025-10-24,12,F,0.06,True,7832.889143875302,7607.434901694531,15081.993827620223,225.45424218077096,0.014948570113315398,4534.861910641563,181.35606803971677,881.963482821086,0.0
2025-10-24,18,A,0.0,False,2903.250538977536,2879.4463462373114,10224.676370728634,23.804192740224607,0.0023281120963761386,10262.873396918592,15.990061350412361,156.28262779624765,0.0
2025-10-25,6,F,0.46,True,7817.089532954005,7754.090645957948,15080.908071466407,62.99888699605708,0.004177393476408302,6212.567672687531,59.97258491007051,277.2598775186111,-15.714972994250274
2025-10-25,12,F,0.05,True,7913.456906368553,7562.5579234097695,15153.438865798995,350.89898295878356,0.023156392820560055,3610.777734362767,321.06177048609425,380.01041365493074,15.714972994250274
2025-10-25,18,A,0.0,False,3349.859515551185,3288.757254330576,10653.978127528608,61.10226122060885,0.005735159251240427,10226.94763235428,64.33266459131482,348.98025953811293,-29.988531162358413
2025-10-26,6,F,0.46,True,32174.76385214834,31465.40126035556,39371.53471783998,709.3625917927784,0.018017143524541167,9881.480933263108,717.9474934384634,16.37831069017375,-13.637070786373442
2025-10-26,12,F,0.06,True,26143.289540167716,25500.814835590463,33324.80687130586,642.4747045772529,0.019279172631318446,6881.153915969315,584.1726185654079,977.9653766332076,13.637070786373442
2025-10-26,18,A,0.0,False,10342.53457040699,10298.798641760763,17673.61316977412,43.73592864622697,0.0024746455762099237,10795.42823953029,33.20726592533174,210.57325441785315,0.0
2025-10-27,6,F,0.45,True,35020.42201898218,34075.039994742474,41947.12141427256,945.3820242397051,0.02253747080528004,9888.671084423335,754.7230594251232,3896.254678351831,-6.023643612224987
2025-10-27,12,F,0.05,True,27637.247614715496,27172.799540907938,34769.92563887968,464.4480738075581,0.013357752864682947,7066.086527339301,410.8609604497178,988.6668850965816,6.023643612224987
2025-10-27,18,A,0.0,False,10769.750942939872,10723.994390789789,18039.559663898126,45.756552150083735,0.0025364561553935573,10787.184763102205,52.18456447711651,-128.5602465406855,0.0
2025-10-28,6,F,0.42,True,35339.37414273586,33882.598967151425,42325.18472881242,1456.7751755844365,0.03441863715228518,9874.074074074075,1281.5665271987018,3826.5076202010923,-23.37189456489432
2025-10-28,12,F,0.07,True,27158.49919572733,26767.686546100616,34320.340620885916,390.8126496267141,0.011387201949530827,7020.5542126574055,390.8034224039511,-322.1501080311409,23.37189456489432
2025-10-28,18,A,0.0,False,11125.315095017437,11053.737114345358,18392.30023676868,71.57798067207841,0.0038917362021409596,10690.880085177105,44.432412054553424,585.9884282733196,-3.123438331647776
2025-10-29,6,F,0.42,True,35700.93892132714,34795.586328788486,42692.617616908276,905.3525925386566,0.021206303175472067,9874.074074074075,781.0129547381075,3039.187918431182,-40.053160262632446
2025-10-29,12,F,0.06,True,26833.559671992425,26518.447421039746,34054.53438131869,315.11225095267946,0.009253165743635617,6597.748254842937,269.17797106488433,366.2904353357226,40.053160262632446
2025-10-29,18,A,0.0,False,10724.573335931882,10672.156406171185,18018.73939723202,52.4169297606968,0.002909023134479037,10690.531771731461,44.51365025074119,426.00553971642603,-19.42783439985942
2025-10-30,6,F,0.44,True,33294.0233484544,32751.679488270907,40459.66398057194,542.3438601834932,0.013404556707241014,9880.816140414445,507.8317733915028,1065.6480281025406,-27.22002184401208
2025-10-30,12,F,0.09,True,27363.626783109976,26986.32487419682,34482.009255288,377.3019089131558,0.01094199314546308,6924.902386657866,322.56255867603613,1250.7913116131604,-11.311586215528223
2025-10-30,18,A,0.0,False,10043.12798987974,9962.996585028677,17384.611801883333,80.13140485106305,0.004609329547547455,10800.0,60.04265552144352,-129.6356125412242,38.531608059540304
2025-10-31,6,F,0.44,True,8074.02008538323,7741.208401419053,15358.823502314717,332.81168396417706,0.021669087083006015,6567.914532441508,296.75019477241585,721.2297838352229,0.0
2025-10-31,12,F,0.11,True,8688.58849127879,8494.54133156162,15888.713305090161,194.04715971716905,0.012212893265246562,5727.021296064927,161.99150511409607,641.1130920614869,0.0
2025-10-31,18,F,0.0,False,3414.523701360924,3353.1191886589686,10693.910312057826,61.404512701955355,0.00574200745191581,10253.84374141532,62.11826923472654,65.8120151532471,-5.8069720813582535
2025-11-01,6,F,0.42,True,8910.293068515808,8610.685891447542,16124.119680227723,299.60717706826654,0.01858130446871225,6730.014412592109,274.26967461197455,947.1805525331038,-31.934808154792336
2025-11-01,12,F,0.08,True,9707.733895516201,9133.55521694594,16830.24147298774,574.1786785702607,0.03411589070137871,5213.564571394432,474.96462089573106,1907.1952110286193,5.589360330204727
2025-11-01,18,Q,0.0,False,3170.373354400107,3036.3716004118796,10520.310466348377,134.0017539882274,0.01273743340720435,10253.985965828986,128.55782574731893,-254.46599612704904,26.34544782458761
2025-11-02,6,F,0.42,True,38073.64147632425,36663.2522418442,44942.36207987006,1410.389234480048,0.031382178621887996,9874.074074074075,1200.221454611783,4203.35559736523,0.0
2025-11-02,12,F,0.08,True,28065.545367039544,27464.30293979183,35319.14609434473,601.2424272477147,0.017023130333946125,7034.353988711844,621.6858592927601,-408.8686409009433,0.0
2025-11-02,18,F,0.0,False,10955.080197445952,10907.22084073746,18226.349961459255,47.85935670849176,0.002625833302317432,10755.582929090402,62.11607664188341,438.9289575839807,-52.5005061977663
2025-11-03,6,F,0.46,True,35849.91484793628,35551.4828899587,42956.137688297444,298.43195797757653,0.006947364778069385,9885.105521079844,247.86506460541568,1011.3378674432624,0.0
2025-11-03,12,F,0.09,True,28579.8814124974,28433.707945479433,35723.467781799816,146.1734670179685,0.004091805082048617,7106.1795326938045,112.53577303051861,856.2058102166184,-13.301763069972367
2025-11-03,18,F,0.0,False,11086.245427850587,10993.630991921596,18381.331038067037,92.61443592899013,0.0050385054127576046,10790.568997313898,73.62176230333353,293.8797739790007,6.233795224907226
2025-11-04,6,F,0.46,True,36150.39092469219,35727.40409020461,43098.32122382347,422.9868344875795,0.009814461966879696,9874.074074074075,335.25411417122086,1778.936253177233,-1.7606321878374729
2025-11-04,12,F,0.09,True,27839.219782085373,27307.427906449717,34938.61077161325,531.7918756356557,0.015220750450321953,6742.202110678502,451.1610383822772,1700.8852023788086,-6.400183975787513
2025-11-04,18,F,0.0,False,10992.155373893966,10897.396256569038,18248.75347282179,94.7591173249275,0.005192635073187548,10800.0,85.90112973970463,91.68384019465293,6.197701600605797
2025-11-05,6,F,0.45,True,35809.037070771294,35445.84306494606,43055.582049480705,363.1940058252367,0.008435468492978302,9878.47651136872,390.2752237127206,-541.6243577496816,0.0
2025-11-05,12,F,0.09,True,27922.774799003957,27662.30123640951,35123.604699986405,260.4735625944486,0.007415912028942446,6812.457405095073,204.5613150427307,1165.3669667717204,-3.4167309502809076
2025-11-05,18,F,0.0,False,10665.152960805099,10635.47212985121,18003.033236382937,29.68083095388829,0.0016486572325992987,10784.745614545285,28.031546637615975,-14.136329411956922,3.4167309502809076
2025-11-06,6,F,0.46,True,37896.53196503819,37417.052337323934,44738.92477376182,479.47962771425955,0.01071728098381706,9878.352746113955,379.1455406680834,2006.6817409235064,0.0
2025-11-06,12,F,0.09,True,27523.03101150648,27312.824262448157,34732.57054474553,210.2067490583213,0.0060521506402042595,6989.776447859527,209.72379803132208,9.659020540004349,0.0
2025-11-06,18,A,0.0,False,11065.121421252445,10972.107049754983,18305.10169386718,93.01437149746198,0.005081335960489359,10795.225197010295,65.26730634741762,554.9413030008941,0.0
2025-11-07,6,F,0.45,True,9424.902464253215,8751.697064784305,16585.27697796807,673.2053994689104,0.04059054306799931,6991.849139659607,607.277208556894,1318.5638182403018,0.0
2025-11-07,12,F,0.1,True,8308.440683866693,8179.109867425441,15617.318085198984,129.33081644125195,0.008281243663969602,5574.80145386186,105.90725477654087,468.4712332942122,0.0
2025-11-07,18,A,0.0,False,3288.372758523592,3210.233627690399,10647.20438690515,78.13913083319312,0.007338934051955963,10245.71967949881,72.07651059061754,121.2524048514922,0.0
2025-11-08,6,F,0.46,True,8803.470590311432,8741.568237995541,16082.720669470847,61.90235231589031,0.003848997541404605,7365.904760727162,50.80781784048668,221.8906895080704,0.0
2025-11-08,12,F,0.09,True,9073.514632464323,8921.17453487698,16349.476851671707,152.34009758734283,0.009317735299387656,4973.477964001948,138.43810434567604,278.03986483329254,0.0
2025-11-08,18,A,0.0,False,3458.143541110463,3407.027284048452,10815.77493813805,51.116257062010845,0.004726083646745202,10225.43172521704,43.26076642896078,157.1098126609911,0.0
2025-11-09,6,F,0.47,True,36878.94489249133,36566.957877941226,44065.67382180802,311.9870145501045,0.007080046382853737,9874.074074074075,289.0743744426218,458.25280214962186,0.0
2025-11-09,12,F,0.09,True,29324.910747864094,28837.67067795944,36384.86756374605,487.2400699046557,0.013391283314444235,6928.255350237056,425.16922946587874,1241.416808775517,0.0
2025-11-09,18,A,0.0,False,10679.243368958005,10595.296115222014,18031.94177176096,83.94725373599067,0.004655474978710102,10701.792929728315,72.21879889872434,234.56909674528515,0.0
2025-11-10,6,F,0.45,True,41034.678727880644,38862.39375955008,47921.662168915806,2172.2849683305612,0.04532991699398117,9882.071262823676,2013.731461509713,3171.0701364169736,0.0
2025-11-10,12,F,0.05,True,32032.916124331903,30950.583306610977,38981.44878453623,1082.332817720926,0.02776533072701707,6450.0,860.529684136658,4484.841865166994,-3.536889869650622
2025-11-10,18,A,0.0,False,10796.491292172374,10641.844986173883,18175.271932322095,154.6463059984908,0.008508610301641467,10800.0,137.3271399944133,297.60412659980534,3.536889869650622
2025-11-11,6,F,0.44,True,39289.727833402445,38894.08360458718,46314.06353250333,395.64422881526843,0.008542636914975173,9874.074074074075,358.39990995552216,744.8863771949291,0.0
2025-11-11,12,F,0.04,True,28699.031259170733,28516.10102557848,35888.25754206019,182.9302335922548,0.00509721692054469,7064.82428755107,183.5931026956241,-13.257382067402432,0.0
2025-11-11,18,A,0.0,False,11018.105557137415,10945.198554304285,18244.715470716357,72.90700283312981,0.003996061377342335,10798.13832526776,72.41329903482256,9.87407596616049,0.0
2025-11-12,6,F,0.42,True,41432.28082725836,39926.76035361692,48248.105049077945,1505.520473641438,0.03120372234536514,9874.074074074075,1272.7629237940637,4655.150996947542,0.0
2025-11-12,12,F,0.04,True,28973.452713883715,27999.854201809867,36192.879620885564,973.5985120738478,0.026900277686443617,7050.0,990.5978319993228,-339.9863985095599,0.0
2025-11-12,18,A,0.0,False,11195.682512867255,11137.587195037262,18503.206423251435,58.09531782999329,0.0031397432694146325,10747.94108914948,41.126315657322266,339.3800434533787,0.0
2025-11-13,6,F,0.42,True,38414.63430891711,37292.94946812957,45438.01216814004,1121.684840787544,0.024686045609496107,9879.203324711722,1017.2053565961978,2197.825391174476,-7.847972660612868
2025-11-13,12,F,0.05,True,29730.318852839388,29233.219040286658,36682.625179051116,497.0998125527294,0.013551369623257375,7215.53811658248,385.09704990289174,2545.3493884991103,-22.136317926724587
2025-11-13,18,A,0.0,False,10878.951398863304,10828.036054552816,18107.65649872245,50.91534431048785,0.0028118130203143676,10800.0,61.71645986747535,-60.67292847487033,-11.264098862335231
2025-11-14,6,F,0.43,True,9250.83565191451,9036.157150478588,16526.618154925818,214.67850143592295,0.012989862742846591,7479.2885951698,201.5121820634413,263.3263874496183,0.0
2025-11-14,12,F,0.06,True,11606.473301436597,10493.376958120878,18625.836542278896,1113.0963433157194,0.059760877896093176,5742.8145674764155,975.0582270454252,3223.457331897889,-33.54916644554032
2025-11-14,18,A,0.0,False,3605.0744552190154,3563.000736613585,10898.587840962358,42.07371860543026,0.00386047433111436,10263.653646032795,18.135794754760354,16.063470521374256,33.54916644554032
2025-11-15,6,F,0.42,True,10318.251900081077,9981.011663473826,17492.231930910715,337.24023660725106,0.019279428602322048,8693.757905498624,312.3039220682658,922.7609774805396,-30.745977551534452
2025-11-15,12,F,0.06,True,10044.68714160291,9926.2309532303,17194.488834436368,118.45618837260918,0.00688919510857283,6765.42658095749,86.24111437602551,586.2893927458808,4.206350061143894
2025-11-15,18,A,0.0,False,3526.7599978950775,3475.43692077151,10815.422746766055,51.3230771235676,0.004745360243908528,10265.685857269147,29.703432420121317,66.37029455383436,26.539627490390558
2025-11-16,6,F,0.4,True,41245.8264206033,39998.503978415705,48088.86981479317,1247.322442187593,0.02593786144260537,9876.291392363506,1057.8924930157518,3788.598983436823,0.0
2025-11-16,12,F,0.06,True,29338.113375254026,29095.54630847698,36509.93381484707,242.56706677704642,0.006643864872699508,7042.884849580092,292.5509603802784,-999.6778720646689,0.0
2025-11-16,18,A,0.0,False,10972.379081174256,10940.048475660134,18225.568119565825,32.330605514122,0.001773914826798397,10711.19665490657,28.141981828437565,83.77247371367639,0.0
2025-11-17,6,F,0.41,True,42945.479575475816,40375.63153244047,49816.95343948202,2569.8480430353447,0.05158581297343311,9874.074074074075,2330.754047434595,4781.879912015118,0.0
2025-11-17,12,F,0.06,True,30040.609437642823,29215.1356680283,37078.66380249297,825.4737696145239,0.022262770147586156,7050.0,909.9655523901674,-1689.8356555129112,0.0
2025-11-17,18,A,0.0,False,10861.501901418838,10824.616131869507,18169.094304170874,36.8857695493316,0.002030138042756713,10773.694150508509,36.857243248094164,0.5705260247809747,0.0
2025-11-18,6,F,0.42,True,37974.98003712748,37599.624838091055,45178.41046751305,375.35519903642853,0.008308286970528532,9874.074074074075,347.4889871426785,557.324237874991,0.0
2025-11-18,12,F,0.07,True,30755.661721522032,30109.92824138063,37702.66628518898,645.7334801414036,0.017126997736896712,6876.756832720075,506.92301880916057,2931.2779863842316,-11.243751408610478
2025-11-18,18,A,0.0,False,10749.59300537857,10633.214904480314,18053.83470334861,116.37810089825689,0.006446170733837016,10742.391046274759,93.24627380257516,307.5677821742056,11.243751408610478
2025-11-19,6,F,0.44,True,42866.89544220712,41116.72538403533,49704.085226025185,1750.1700581717887,0.035211794970434245,9905.640478280759,1493.68765224066,5157.067585240095,-1.9881352434949804
2025-11-19,12,F,0.05,True,30670.90367905864,30166.30672847405,37749.711240144316,504.59695058458965,0.013366908885066761,6456.097319944794,504.42993062813184,34.433888804424896,-2.254531918120847
2025-11-19,18,F,0.0,False,11338.942122805762,11306.831370391723,18549.732680559733,32.11075241403887,0.0017310628119019307,10792.090160728143,50.421982961852336,211.13512084389458,-41.863295409159036
2025-11-20,6,F,0.44,True,40365.22105786461,39889.20783458534,47324.495253983216,476.0132232792748,0.010058495515368644,9896.899338461006,365.8240053406116,2203.7843587731804,0.0
2025-11-20,12,F,0.05,True,30143.859580216456,29878.725911417532,37214.555635358985,265.1336687989242,0.007124461498258774,7183.415889979316,235.64509211595578,589.7715336593037,0.0
2025-11-20,18,F,0.0,False,10955.376175131854,10908.768253643684,18147.56612682098,46.60792148817018,0.002568273958196882,10790.02915794814,45.600818305076245,152.56993485642397,-9.602102098355317
2025-11-21,6,F,0.42,True,11815.958527758283,10422.688402599464,18967.703639229716,1393.2701251588187,0.07345486578972085,7737.255429450519,1310.6982361823138,1651.437779530067,0.0
2025-11-21,12,F,0.05,True,10860.788055935302,10133.865335945715,17976.633818346385,726.9227199895868,0.04043708779603178,6145.374258365303,632.2348231961842,1893.7579358679914,0.0
2025-11-21,18,F,0.0,False,3429.6808647948346,3400.1401572281684,10785.431790837052,29.540707566666242,0.0027389452865265026,10448.666236883486,28.125369046354535,28.306770406266196,0.0
2025-11-22,6,F,0.45,True,9736.059388558138,9517.328665179926,17024.21546590801,218.73072337821213,0.012848211643951125,9737.950269488436,212.81890335898788,118.23640038450685,0.0
2025-11-22,12,F,0.05,True,10024.262418929478,9902.499106434374,17184.04301853227,121.7633124951044,0.0070858361075905,6826.3931631391515,96.99175244208163,635.4383932329001,-10.151664763747249
2025-11-22,18,F,0.0,False,3758.104976403357,3713.2612270622394,11032.264229996043,44.84374934111747,0.004064782025360678,10341.701999693305,46.39876563817597,138.21291373997474,-12.276592528118272
2025-11-23,6,F,0.45,True,42034.00471455685,41171.42577445515,48940.50315047313,862.5789401017028,0.017625052555132217,9881.720553688849,710.0281689050025,3051.015423933957,0.0
2025-11-23,12,F,0.05,True,29235.458454192005,28132.778366260834,36616.14652971762,1102.6800879311704,0.03011458584360418,6492.274218879658,1116.8079385521778,-282.557012420064,0.0
2025-11-23,18,F,0.0,False,10700.76083301996,10652.5974051377,18000.617732396884,48.163427882260294,0.0026756541691109544,10790.885776954112,31.911935308937245,325.029851466516,0.0
2025-11-24,6,F,0.41,True,39240.39744514047,38928.57891671049,46455.96712438948,311.8185284299834,0.006712130814004258,9900.996654708006,301.32940128460905,209.7825429074237,0.0
2025-11-24,12,F,0.05,True,29594.197047365014,29336.74601367143,36855.46857157336,257.4510336935855,0.006985422887613417,7050.0,210.13540640316933,946.31254580836,0.0
2025-11-24,18,F,0.0,False,11390.746163692975,11336.58713094604,18620.36216980165,54.15903274693483,0.0029085918014403337,10691.545665859325,36.77814680663505,347.61771880595734,0.0
2025-11-25,6,F,0.41,True,40421.00424894709,40073.732272310845,47671.07238664703,347.27197663624247,0.007284752770393216,10138.346874179308,323.40566544745525,839.9097375145566,-26.290265687241117
2025-11-25,12,F,0.03,True,30207.220274004478,29924.079361340962,37318.34293068538,283.14091266351534,0.007587178058506448,6649.188428162934,309.6077988067482,-891.9212366035472,26.290265687241117
2025-11-25,18,F,0.0,False,10741.248067080453,10623.40791925703,18004.934980962513,117.84014782342274,0.006544880497931307,10800.0,93.68098786614792,678.4762018303791,-14.160337502667971
2025-11-26,6,F,0.41,True,41508.98462453492,41093.85229540574,48607.643829197215,415.1323291291774,0.008540474222283108,9876.437342117459,411.85886452872364,1210.4838840213743,-83.02290837594592
2025-11-26,12,F,0.03,True,30178.96553670613,30005.518097699074,37253.48174812677,173.44743900705726,0.004655871904262446,6450.0,143.0745623512703,29.565754619987274,41.901873139404415
2025-11-26,18,F,0.0,False,10909.93837085164,10819.351371440342,18173.74288711263,90.58699941129817,0.004984498788938808,10800.0,96.71759209980155,787.4634606740656,-65.98789218355341
2025-11-27,6,F,0.44,True,41516.98062733444,41164.58974584144,48565.788311316624,352.3908814929964,0.0072559489662578705,9889.54172605488,292.4587499364061,1198.6426311317036,0.0
2025-11-27,12,F,0.02,True,30853.118353867118,30482.1181392666,37953.47571052186,371.0002146005172,0.009775131464380341,6930.090488452946,358.11848256312805,685.690733428065,-31.037562324778264
2025-11-27,18,F,0.0,False,10677.867628458662,10612.941530551794,17983.400157584845,64.92609790686765,0.0036103349387731788,10793.340364511472,42.47047662577825,28.46229161619658,30.500569842086406
2025-11-28,6,F,0.46,True,9812.528456972415,9447.921362130382,16965.120147782578,364.6070948420329,0.02149157162849146,9360.311736317304,364.87766241825375,838.9583798433832,-61.223700843471306
2025-11-28,12,F,0.0,True,9182.846181248551,9015.417846699544,16417.02446490693,167.42833454900756,0.010198458003574447,6642.87643838041,167.26087807723707,410.5423971592645,-29.524837144770572
2025-11-28,18,F,0.0,False,3390.1796712602,3345.8196685374432,10644.609062834106,44.36000272275669,0.004167367956953971,10236.61951289143,27.941924403574376,251.38683322622455,5.5812967474576
2025-11-29,6,F,0.5,True,10318.330513393566,10067.341294720874,17606.507759479467,250.989218672692,0.014255479968056563,9723.882158060112,217.8517743379707,695.1428463731618,-2.3488266133081197
2025-11-29,12,F,0.03,True,11252.91540602357,10698.153553417493,18359.929146663522,554.7618526060778,0.03021590378560325,6311.393918351235,441.0240715169966,2242.361662102806,2.3488266133081197
2025-11-29,18,F,0.0,False,3124.2523640099007,3059.151561880425,10470.468302802994,65.1008021294756,0.006217563555590709,10247.13158763654,57.3852413632103,275.7291631441517,-8.803792744025486
2025-11-30,6,F,0.43,True,43904.096085404504,43159.789374036394,50893.302459518076,744.30671136811,0.014624846009161066,10332.279655614491,568.381946635338,3518.4952946554504,0.0
2025-11-30,12,F,0.06,True,32034.000923323554,31712.772789543054,39249.10572537185,321.2281337804998,0.008184342747275586,6622.3249135662945,349.80271787221864,-310.8372777865461,-18.899572857857493
2025-11-30,18,F,0.0,False,10436.939027835433,10378.83872730396,17799.12543588129,58.100300531472385,0.0032642222080388216,10800.0,35.664550404246256,188.06059849674898,18.899572857857493
2025-12-01,6,F,0.42,True,43839.966685189196,42328.25698442107,50868.10354206325,1511.7097007681296,0.02971822410320614,10800.0,1365.4540427307365,3432.1347939472525,-36.76320886335634
2025-12-01,12,F,0.06,True,31189.828671703257,30751.891970668534,38476.96068143667,437.9367010347232,0.011381790382575804,7091.0252842422215,421.61583877707744,-180.60438804650403,36.76320886335634
2025-12-01,18,F,0.0,False,10445.122451726815,10384.564951252376,17813.931325106692,60.55750047443871,0.003399446162065858,10800.0,52.011839754377434,170.91321440122965,0.0
2025-12-02,6,F,0.42,True,44436.14009469683,43877.32745483609,51391.09407623498,558.8126398607346,0.010873725300180931,10800.0,533.3663053439159,1570.1549875880592,-76.94771778746872
2025-12-02,12,F,0.05,True,31733.43102328708,31399.076204405173,38956.61186598772,334.3548188819077,0.00858274893186557,6724.877267273149,332.84290623490233,-394.04676300953406,30.76412846632047
2025-12-02,18,F,0.0,False,10563.631834745427,10525.723136430823,17875.852610975282,37.90869831460441,0.0021206651866960188,10737.395285011347,21.68554201128427,6.075788058580201,23.085682030505268
2025-12-03,6,F,0.43,True,45809.40589224526,43934.596065438374,52669.805058854516,1874.8098268068861,0.03559553381129716,10800.0,1697.37480757304,3833.0136161456403,-20.615031049350364
2025-12-03,12,F,0.05,True,31778.99842153963,31591.059840377922,38983.70086709528,187.93858116170668,0.0048209527823547095,6998.861035020155,162.95699610276642,215.31846971011964,20.615031049350364
2025-12-03,18,F,0.0,False,10432.074323168383,10393.282474640158,17783.344007223062,38.791848528224364,0.0021813584954814055,10789.095763466774,29.212096947951068,191.59503160552208,0.0
2025-12-04,6,F,0.42,True,43775.4833584121,43462.34674207061,50822.094891911634,313.1366163414932,0.006161426777221045,10800.0,319.0316185633128,-63.75881665549787,-3.925681143960901
2025-12-04,12,F,0.06,True,31653.627858904423,31424.12073108508,38909.35698659372,229.5071278193427,0.005898507341008482,6360.894771180384,240.98679752591852,-94.2052334083719,-9.81674726358142
2025-12-04,18,F,0.0,False,10310.993185041203,10276.555878682006,17603.66334102649,34.437306359197464,0.001956257949954034,10800.0,26.759671021260147,70.0644381650468,6.053581257630867
2025-12-05,6,F,0.43,True,13610.114659288729,13131.02709487957,20667.462332378276,479.0875644091593,0.02318076388404038,10212.886343129696,387.5154932026344,1867.2075481588845,-2.593336066534903
2025-12-05,12,F,0.05,True,10669.220377696955,10515.679590763108,17901.992210720677,153.5407869338469,0.00857674303097386,6304.0414731888795,150.87481841415138,17.55324636555997,2.593336066534903
2025-12-05,18,F,0.0,False,3256.990947733353,3234.2679220784694,10603.963387345584,22.723025654883713,0.0021428804329898586,10199.690545073754,55.93392549480268,126.85411257228225,-57.35918800792206
2025-12-06,6,F,0.43,True,12708.343117426843,12125.509162784427,19880.32180406394,582.8339546424158,0.029317128786279144,10228.759038592398,545.2816364795799,1215.2573873029196,-33.65909009837196
2025-12-06,12,F,0.06,True,10621.239851237915,10478.85482769342,17869.80227041394,142.3850235444952,0.007967912648940405,6202.122162308282,129.195158671213,303.9805310974689,-2.913612583923168
2025-12-06,18,F,0.0,False,3377.9702652752176,3277.424958607682,10656.958326315522,100.54530666753544,0.009434709566167312,10242.090534669782,81.6827848892699,277.04260904330886,7.265885743227045
2025-12-07,6,F,0.42,True,45646.53191628541,45199.99789887029,52866.377105327534,446.53401741511334,0.008446465255704357,10800.0,422.723296182201,516.5232449761779,-2.9227186442512902
2025-12-07,12,F,0.06,True,32282.74579034669,32104.82637443525,39468.62372714244,177.91941591143768,0.00450786977375862,6450.0,116.42566841597,1189.5661295911605,2.9227186442512902
2025-12-07,18,F,0.0,False,10312.060275579543,10223.979658635852,17677.58034098825,88.08061694369098,0.004982617261224503,10800.0,88.59718670389339,-10.331395204041883,0.0
2025-12-08,6,F,0.43,True,48941.87033452578,47462.49895031742,55943.29646970312,1479.3713842083598,0.02644412248766095,10800.0,1337.1769031288786,2843.8896215896393,0.0
2025-12-08,12,F,0.06,True,32646.364988747286,32161.60518473643,39861.36731237754,484.7598040108569,0.012161143400124459,7103.913224917267,508.2387474177158,-286.77028918628366,-13.255114831255923
2025-12-08,18,F,0.0,False,10578.574953310885,10520.021363860387,17902.818143820103,58.553589450497384,0.003270635325685279,10800.0,38.81386158445093,211.98597836986437,13.255114831255923
2025-12-09,6,F,0.48,True,47187.95237442239,46846.75658042734,54292.354705732585,341.19579399505164,0.006284416946812323,10800.0,304.4471129979938,734.973619941251,0.0
2025-12-09,12,F,0.05,True,32440.59534197361,32254.08990885465,39678.62377723178,186.50543311896035,0.0047004007539691965,6491.727747749489,164.78285466372472,434.45156910481,0.0
2025-12-09,18,F,0.0,False,10662.820133809406,10573.552667405753,18007.568118894917,89.26746640365309,0.004957219420982606,10785.036508276917,75.79448830097317,269.45956205363973,0.0
2025-12-10,6,F,0.46,True,47855.42163458096,47381.21383885615,54926.28894588463,474.20779572481115,0.008633530588458612,10800.0,461.40625583796646,588.9154072122356,-24.13685259999329
2025-12-10,12,F,0.05,True,33092.214488328835,32698.110275752457,40276.988938252965,394.1042125763779,0.009784847948305253,6627.743746247852,364.371788425633,261.7638735395658,24.13685259999329
2025-12-10,18,F,0.0,False,10532.805048032691,10479.003344806846,17792.502376112505,53.8017032258449,0.003023841283735159,10800.0,63.46256298379376,293.31518619968074,-35.277570784910495
2025-12-11,6,F,0.44,True,47165.198799706006,46821.67765443683,54349.24854226196,343.52114526917285,0.006320623642147525,10800.0,354.6023200184136,-221.6234949848713,0.0
2025-12-11,12,F,0.04,True,32273.170081964927,31951.34790699155,39567.146687664055,321.8221749733784,0.008133570447062682,6348.813550719241,351.7426507734126,-598.409516000736,0.0
2025-12-11,18,F,0.0,False,10648.002911381418,10571.673530118798,17943.812136647517,76.32938126261979,0.004253799620802349,10792.664685996155,64.87544841269482,429.99683409572754,-14.568208584041713
2025-12-12,6,F,0.44,True,16010.016894253886,14731.49631621183,22902.678604756326,1278.5205780420565,0.05582406320702327,10161.653307179615,1098.6808571865004,3927.3405832539747,-23.967296362106936
2025-12-12,12,F,0.06,True,11706.436798372302,11269.048952665169,18908.40882621335,437.38784570713324,0.023131922401676025,6441.494965920963,375.189232525463,1298.9716088651176,-3.987901666723701
2025-12-12,18,F,0.0,False,3024.837856317511,2981.0055910850497,10320.284809484776,43.832265232461395,0.0042471953092009344,10232.831361948389,47.80530074474518,207.93650743367016,-20.838645234171054
2025-12-13,6,F,0.43,True,16333.082978565411,14990.111991288313,23499.56189407368,1342.9709872770982,0.057148766999600115,10163.78680128534,1262.5079263817825,1609.2612179063353,0.0
2025-12-13,12,F,0.06,True,11845.4243758529,11122.180911210276,19059.769536761713,723.2434646426227,0.03794607606601223,6942.975381957804,652.4881880850844,1415.105531150727,0.0
2025-12-13,18,F,0.0,False,3142.7388871217845,3072.675545670936,10507.01040739297,70.06334145084838,0.006668247078307854,10239.858954056126,55.25605697615356,339.3428863743293,-3.132149532171752
2025-12-14,6,F,0.45,True,48535.934004987634,47926.44228972353,55525.24821029637,609.4917152641065,0.010976839094094942,10800.0,566.1231778285,1106.7831892095846,-17.359357033652486
2025-12-14,12,F,0.06,True,33055.35873444477,32756.341022767978,40269.60171273549,299.01771167679544,0.007425395309589799,6787.167866707487,258.63852549518924,568.1712831347154,17.359357033652486
2025-12-14,18,F,0.0,False,10161.908290939306,10131.737147187296,17567.161429881733,30.17114375200981,0.0017174740422598218,10787.495054018753,32.91685311275069,-54.914187214817844,0.0
2025-12-15,6,F,0.46,True,49509.65400058297,48979.89972317907,56331.051200964954,529.7542774038957,0.009404303063934673,10800.0,454.6033389624281,1755.506322619416,-18.307409521785303
2025-12-15,12,F,0.07,True,32237.98783503667,31941.383904806193,39505.58350896473,296.603930230478,0.007507898982511465,6450.0,324.0846694724605,-802.1023386296793,18.307409521785303
2025-12-15,18,A,0.0,False,10203.230493506222,10086.652930398086,17562.82473585663,116.57756310813602,0.006637745628135139,10797.98561820852,111.76060523667911,270.3033235816656,-12.613822677836652
2025-12-16,6,F,0.44,True,48605.925658448614,48399.50164683354,55835.07186405085,206.42401161507587,0.0036970313590297538,10800.0,194.0709898057612,247.0604361862297,0.0
2025-12-16,12,F,0.06,True,32845.65853897383,32530.04726072973,40160.32403930211,315.6112782441014,0.007858783159598877,6420.908931477242,305.4039036894901,220.98200061382704,-1.2206394148342952
2025-12-16,18,A,0.0,False,10095.833366438863,10063.08526879851,17492.306978981596,32.74809764035308,0.0018721428614134508,10800.0,39.750273123612715,-65.5586115622317,-5.400763373439986
2025-12-17,6,F,0.44,True,48122.43806123559,47789.790301958674,55378.51604226685,332.64775927691517,0.006006801609184085,10800.0,323.52089605073706,182.53726452351748,0.0
2025-12-17,12,F,0.07,True,32469.162595263748,32165.354117332306,39726.94149832516,303.8084779314413,0.0076474167522876,6450.0,252.54376226514432,1323.2326107132562,-21.602959593899868
2025-12-17,18,A,0.0,False,10183.552738926108,10070.946888931128,17504.510384324934,112.60584999497951,0.006432961992231249,10800.0,125.09872499470657,-478.3467103057528,16.567333643513848
2025-12-18,6,F,0.42,True,48330.18574809534,47761.277182602535,55377.30569025658,568.9085654928058,0.010273316088632009,10800.0,512.0186872310296,1137.7975652354235,0.0
2025-12-18,12,F,0.08,True,32089.802828798696,31446.03347193607,39412.064563678185,643.7693568626273,0.016334322091208577,6450.0,604.4574699745062,786.2377377624889,0.0
2025-12-18,18,A,0.0,False,10094.922406345742,10001.629665098664,17442.750104524926,93.29274124707808,0.0053485110253844925,10800.0,83.12692149307259,203.31639508008925,0.0
2025-12-19,6,F,0.43,True,15768.812556479423,15141.044863808727,22914.008345914557,627.7676926706954,0.027396677316067354,10103.709715211617,584.7412554298899,860.5287448161043,0.0
2025-12-19,12,F,0.09,True,10629.030415076,10300.413171656546,17939.17235095662,328.6172434194541,0.01831841720400943,7048.466995857173,310.1187016249096,460.8898457472196,-6.592370680331442
2025-12-19,18,A,0.0,False,2755.678072459208,2729.1795632853155,10102.032748105881,26.49850917389267,0.0026230868414934714,10237.653052057865,16.761179087834535,103.8275918648551,6.592370680331442
2025-12-20,6,F,0.4,True,14689.3175893635,14456.006930583471,22017.38722976415,233.31065878002846,0.010596655104681451,10097.721123466928,231.21820285428112,41.849118514964175,0.0
2025-12-20,12,F,0.08,True,10776.194543612792,10551.95247719209,18127.919738096673,224.24206642070203,0.012369983410145337,6773.433692984878,214.0002732732064,276.3149266973667,-5.182815836324153
2025-12-20,18,A,0.0,False,2912.4535136417453,2834.8139922858063,10280.266848881889,77.639521355939,0.007552286579446456,10258.366590035237,67.17555276940402,137.80030798321332,5.182815836324153
2025-12-21,6,F,0.39,True,48024.176964298495,47419.45586074861,55175.2373415051,604.721103549884,0.010960009103485772,10800.0,623.7550232770736,-324.1935217442069,-4.09561454656432
2025-12-21,12,F,0.08,True,32188.397018692638,32017.037850934084,39511.68007394199,171.35916775855367,0.004336924358515579,6523.5963706100865,157.01480467204965,343.3913574060566,-4.097008362074121
2025-12-21,18,A,0.0,False,9981.778309149446,9916.291288303653,17356.556462142154,65.48702084579236,0.0037730422499780763,10800.0,57.37675566656981,49.21633510874881,8.192622908638441
2025-12-22,6,F,0.41,True,47193.85792692374,46956.62692953607,54397.49590573558,237.23099738766905,0.004361064667365613,10800.0,213.29380182280875,481.9129809730093,-0.22978343085014785
2025-12-22,12,F,0.09,True,32023.911123085298,31728.951210938918,39355.10636902273,294.9599121463798,0.007494832039853136,6357.987540029933,267.9765932066948,536.4973091180002,0.22978343085014785
2025-12-22,18,A,0.0,False,9959.704204172476,9914.153295830087,17316.0941417582,45.55090834238945,0.002630553285832645,10763.150924750807,39.78561269158672,115.30591301601453,0.0
2025-12-23,6,F,0.42,True,48384.828286841876,48009.65576610746,55603.14683975405,375.1725207344134,0.006747325323432592,10800.0,356.5205691949377,373.0390307894668,0.0
2025-12-23,12,F,0.09,True,31704.450050175416,31541.561943529923,39086.50452708534,162.88810664549237,0.004167374612191725,6462.698249078348,151.26700514128606,232.42203008412162,0.0
2025-12-23,18,A,0.0,False,10162.984631996247,10116.171637262274,17520.86208254014,46.81299473397303,0.0026718431155635333,10799.416940313708,35.40251703083777,228.20955406267308,0.0
2025-12-24,6,F,0.44,True,47339.807603073736,47086.57246070974,54510.19065741692,253.23514236399205,0.00464564770935241,10800.0,231.3540015163162,437.6228169534952,0.0
2025-12-24,12,F,0.1,True,31608.456065876817,31391.373862835375,38969.81956383063,217.08220304144197,0.005570521123041694,6436.516646297321,216.2906762650964,15.830535526793255,0.0
2025-12-24,18,F,0.0,False,9713.173868021075,9640.057517531646,17090.593445690112,73.11635048942844,0.004278163348848886,10800.0,67.71561538464448,108.01470209567037,0.0
2025-12-25,6,F,0.43,True,46917.11096442583,46621.944098059175,54193.511865985536,295.1668663666569,0.005446535133146037,10800.0,287.3885925986324,296.91659075159396,-10.249110171895154
2025-12-25,12,F,0.1,True,32095.994236824998,31778.044502069606,39363.74315908042,317.94973475539155,0.008077223079890129,6318.737973112969,270.6263946623221,848.0613370960295,7.135199797367022
2025-12-25,18,F,0.0,False,9936.732916037628,9838.04740708368,17291.3945006398,98.68550895394765,0.005707203600628982,10796.221871972832,90.93299365563144,652.8341053701972,-36.093390474881744
2025-12-26,6,F,0.45,True,14896.080543345395,14537.120926008898,22143.016866165453,358.9596173364971,0.016210962557906355,10092.035610994259,373.29938176130963,-188.4263174202888,-7.132553706873296
2025-12-26,12,F,0.11,True,10685.068097302996,10333.544585274529,18034.598016460382,351.52351202846694,0.019491618926445017,6798.431170707756,315.939890389167,629.4999387293865,5.958176858770457
2025-12-26,18,F,0.0,False,2443.180550064667,2374.0052303291977,9829.697306747124,69.1753197354692,0.007037380458092755,10266.955261495588,68.43559773673951,203.11993949622195,-13.655136625082378
2025-12-27,6,F,0.44,True,14727.621969603379,14441.206189710678,22026.679596848244,286.4157798927008,0.01300313007384388,10145.914485898036,244.61812172561986,835.9531633416436,0.0
2025-12-27,12,F,0.09,True,10753.398327324792,10538.169725006579,18115.42685462081,215.22860231821323,0.011880956714156232,6496.539615157744,202.56772153190832,253.21761572614264,0.0
2025-12-27,18,F,0.0,False,2497.541885550545,2468.129677627032,9899.431338231145,29.41220792351305,0.0029711007550428143,10274.493830249805,32.366026459660134,-59.07637072294119,0.0
2025-12-28,6,F,0.48,True,47501.570839546206,47200.68418954682,54703.8625766541,300.8866499993892,0.005500281622303545,10800.0,309.4419262048905,-171.105524110013,0.0
2025-12-28,12,F,0.09,True,31514.986413983373,31230.296748029774,38871.910369727164,284.6896659535996,0.007323788906842908,6433.0324566260915,282.6890281564556,40.01275594284607,0.0
2025-12-28,18,F,0.0,False,9951.326788149794,9902.315711984887,17285.629436579344,49.011076164906626,0.002835365431425414,10800.0,49.01451040146276,193.40169047479594,-14.028182126441607
2025-12-29,6,F,0.47,True,47209.19075861433,46700.337869401345,54315.56280731608,508.8528892129834,0.009368454691671593,10800.0,466.1904060028901,853.2496642018223,0.0
2025-12-29,12,F,0.08,True,31626.72710128589,31464.856268018695,38964.00086794801,161.87083326719585,0.004154368895940346,6901.0221037253505,139.69361066704005,443.5444520031633,0.0
2025-12-29,18,F,0.0,False,9739.125230290878,9679.162830304054,17116.178209943282,59.962399986823584,0.0035032586861002473,10793.998165319732,49.240493937624706,214.4381209840119,0.0
2025-12-30,6,F,0.47,True,48164.38899835077,47829.5296250522,55399.30251160301,334.85937329856824,0.006044469119957497,10800.0,351.72997938559274,-337.4121217404936,0.0
2025-12-30,12,F,0.1,True,31491.81374359553,30724.31641665617,38885.19485431397,767.4973269393595,0.019737520406284202,6819.12743107045,788.1049495628613,-283.92560948724076,-9.297493246423983
2025-12-30,18,F,0.0,False,9753.627489622868,9710.667150074543,17128.519784069922,42.960339548324555,0.002508117460814043,10800.0,40.62730072779959,80.24713034953265,-2.4352849345468712
2025-12-31,6,F,0.49,True,46829.46318095268,46421.380276420845,54144.74908278267,408.0829045318387,0.007536887905933686,10800.0,385.0863199310843,459.93169201510455,0.0
2025-12-31,12,F,0.09,True,31117.689143574622,30868.55244677725,38504.0001831346,249.1366967973736,0.006470410752452148,6695.197714772465,258.9278853499054,-195.82377105061437,0.0
2025-12-31,18,F,0.0,False,9459.542524861145,9394.086809657709,16866.621370067478,65.45571520343583,0.0038807840507760188,10800.0,61.70113054815374,75.09169310566574,0.0
