date,hour,source,weight,accepted,keep_objective,adjust_objective,keep_cash,expected_gain,relative_gain,initial_energy_kwh
2025-01-01,6,Q,1.0,False,18810.22693219962,18810.22693219962,26257.663932199623,0.0,0.0,10057.495685185186
2025-01-01,12,Q,1.0,False,17998.242309385118,17998.242309385118,25445.67930938512,0.0,0.0,6143.792100000002
2025-01-01,18,Q,1.0,False,8193.020419901668,8193.020419901668,15640.457419901668,0.0,0.0,10800.0
2025-01-02,6,F,0.0,True,59680.275840838985,56289.56569167021,67040.9589206353,3390.710149168779,0.05057669525853267,10800.0
2025-01-02,12,A,0.0,True,39309.40559738228,35726.31991605513,46574.292876655265,3583.085681327153,0.07693269097646625,6622.286563703705
2025-01-02,18,A,0.0,False,10514.767630330001,10514.767630330001,17962.20463033,0.0,0.0,10800.0
2025-01-03,6,A,0.01,True,59073.50949292785,55598.18723731292,66309.55696041083,3475.3222556149267,0.05241057872984761,10800.0
2025-01-03,12,A,0.0,True,36701.43726688585,35638.801369349276,44113.16210791196,1062.6358975365729,0.024088862524456908,6951.650082283952
2025-01-03,18,A,0.0,False,10651.318132602502,10651.318132602502,18098.755132602502,0.0,0.0,10800.0
2025-01-04,6,A,0.02,True,46201.93855311691,43849.30977644388,53386.72161278017,2352.628776673031,0.044067676485866826,10800.0
2025-01-04,12,A,0.0,True,28911.75090233444,28475.29160880566,36305.64601185277,436.4592935287801,0.012021802156785433,6438.555225
2025-01-04,18,A,0.0,False,7835.834281752781,7835.834281752781,15283.27128175278,0.0,0.0,10800.0
2025-01-05,6,A,0.03,True,38841.67495898394,37600.2470017791,46130.874603852615,1241.42795720484,0.026910999799278947,10800.0
2025-01-05,12,A,0.0,True,25366.86329082068,24822.258962859756,32810.4327812579,544.6043279609221,0.01659851095508905,6572.277727685183
2025-01-05,18,A,0.0,False,6587.169297616792,6581.3159302319455,14015.541106024168,5.853367384846933,0.0004176340635418661,10800.0
2025-01-06,6,A,0.03,True,48558.28064973374,47892.42098085391,54759.09289283929,665.859668879828,0.012159800933570629,10800.0
2025-01-06,12,A,0.0,True,35667.42134096576,33875.982542936996,41855.03633713305,1791.4387980287647,0.04280103315641926,6438.27561375
2025-01-06,18,A,0.0,False,11354.595964702625,11346.91119959221,18528.204155775653,7.684765110414446,0.00041476038615533787,10800.0
2025-01-07,6,A,0.04,True,55314.29712560518,52306.17787561146,61549.621900472746,3008.119249993724,0.048873074392852114,10800.0
2025-01-07,12,A,0.0,True,37894.04898642871,36755.33015506365,44843.332712570904,1138.718831365055,0.025393269466919853,6734.70261466049
2025-01-07,18,A,0.0,True,11174.600159971758,10908.124907446281,18492.522813668813,266.4752525254771,0.014409891782234872,10800.0
2025-01-08,6,A,0.04,True,54216.96109329273,51354.02227382806,61535.34283128285,2862.9388194646745,0.046525113662147934,10800.0
2025-01-08,12,F,0.0,True,35557.700263176135,35400.5935255412,42694.54948696155,157.10673763493833,0.0036797844109566495,6450.0
2025-01-08,18,A,0.0,False,10999.396627818884,10987.505679598997,18250.313113357086,11.890948219886923,0.0006515476280340716,10796.691777834198
2025-01-09,6,A,0.04,True,59105.399778895204,57417.842084900905,66203.1066629676,1687.5576939942985,0.025490611831638966,10800.0
2025-01-09,12,A,0.0,True,41837.06317845846,41485.20199626191,48365.759823426975,351.8611821965533,0.007275005778491293,6869.766865210775
2025-01-09,18,A,0.0,False,13685.78235744814,13684.487226130204,20796.005352955526,1.295131317936466,6.227788923666545e-05,10800.0
2025-01-10,6,A,0.04,True,28618.531974929778,26623.87235689455,35646.91778470268,1994.659618035228,0.055956019257609006,10039.373015873016
2025-01-10,12,A,0.0,True,20695.594847683547,19556.750368190857,27595.119145190867,1138.8444794926909,0.041269779394707294,6493.247832499999
2025-01-10,18,A,0.0,False,4694.349494610065,4689.186212326083,11985.71602455172,5.1632822839828805,0.00043078630207876907,10800.0
2025-01-11,6,A,0.05,True,27171.764980998552,26077.85988049653,33223.11212071392,1093.9051005020228,0.0329260274151137,10027.313756613756
2025-01-11,12,A,0.0,True,17341.93849877843,16534.059197887953,24245.922873571824,807.8793008904759,0.03332021243749267,6963.429483253879
2025-01-11,18,A,0.0,True,4508.0672022638755,4488.225914098493,11749.27687802551,19.84128816538214,0.0016887241973581363,10800.0
2025-01-12,6,A,0.07,True,64953.45782605734,63742.83745846406,71919.92126353111,1210.6203675932775,0.0168328933948257,10800.0
2025-01-12,12,A,0.0,True,42415.730060759255,42125.6419495901,49831.198075971915,290.08811116915604,0.0058214155462786975,6034.164835376183
2025-01-12,18,A,0.0,False,13406.391800187108,13405.828431204774,20818.897675366446,0.5633689823334862,2.7060461659316456e-05,10800.0
2025-01-13,6,F,0.1,True,60093.263042471015,59612.45037712897,66773.84516054291,480.8126653420477,0.007200613716134516,10800.0
2025-01-13,12,A,0.0,True,39620.36798341223,39034.611046561826,46741.48363181891,585.7569368504046,0.012531843051119049,6849.700521210725
2025-01-13,18,A,0.0,False,13304.533042623762,13297.511911117317,20502.85225055064,7.0211315064443625,0.00034244657380564194,10800.0
2025-01-14,6,F,0.11,True,60281.50428163533,59441.221399790295,67361.70002547343,840.2828818450362,0.01247419351838323,10800.0
2025-01-14,12,F,0.0,True,40386.02137945202,40167.64840319155,47402.070829198165,218.37297626046347,0.004606823550965049,6580.642394832399
2025-01-14,18,A,0.0,False,12453.424761762233,12453.423359151855,19689.764643659415,0.0014026103781361599,7.123550756041336e-08,10800.0
2025-01-15,6,F,0.13,True,66669.43300745539,62858.266094805156,72228.3979978848,3811.166912650231,0.05276549138971407,10800.0
2025-01-15,12,F,0.0,True,39734.33668202807,38985.621319323225,46625.08383431967,748.7153627048465,0.01605820946864945,6928.647404790761
2025-01-15,18,A,0.0,True,12470.26683536395,12381.647942935773,19693.28053155439,88.61889242817597,0.004499955824332194,10799.999496125738
2025-01-16,6,F,0.14,True,55998.62049895708,55653.87084374361,62307.69855162227,344.7496552134762,0.005533018603276596,10800.0
2025-01-16,12,F,0.0,True,37727.38768425641,37392.522951614184,44367.28108842004,334.8647326422288,0.007547560373935766,6510.990523965732
2025-01-16,18,A,0.0,False,12510.905876815488,12497.29901064103,19515.98052837032,13.606866174457537,0.0006972166299652368,10800.0
2025-01-17,6,F,0.14,True,27935.90258877953,26726.40362317444,33353.71142847185,1209.4989656050893,0.0362627999645227,10042.22908457774
2025-01-17,12,F,0.0,True,17785.769044757693,16981.856806368574,24479.62104448926,803.912238389119,0.0328400605927718,6547.3359247226645
2025-01-17,18,A,0.0,True,4306.624353899874,4256.485818394734,11434.183346458585,50.13853550513977,0.004384968649349913,10741.770994881186
2025-01-18,6,F,0.14,True,26565.835399871212,26454.61304493706,33170.315175571945,111.22235493415064,0.0033530689818726716,10070.417082321459
2025-01-18,12,F,0.0,True,17218.692069902383,16741.656361298505,24498.142418968066,477.03570860387845,0.019472321633436426,6714.53812058019
2025-01-18,18,A,0.0,True,5754.031552074375,5721.902890568468,12943.216451140972,32.128661505907075,0.0024822780046357693,10800.0
2025-01-19,6,F,0.18,True,58224.3301544387,57954.95183301083,65507.211279915995,269.37832142786647,0.004112193393133433,10800.0
2025-01-19,12,F,0.01,True,41670.17875957646,41331.73969434751,48653.72108053643,338.4390652289512,0.006956077720524882,6450.0
2025-01-19,18,A,0.0,False,13149.975598896346,13149.60815688818,20569.901394589393,0.3674420081661083,1.7863090401724455e-05,10800.0
2025-01-20,6,F,0.18,True,55996.56083045434,55909.21639379811,61641.77833850508,87.34443665623257,0.0014169681506685555,10800.0
2025-01-20,12,F,0.01,True,39084.472823661185,38940.95221961929,45306.93135176448,143.5206040418925,0.003167740558891396,6469.024313263522
2025-01-20,18,A,0.0,True,12644.36430025327,12576.597643778457,19747.115368968858,67.76665647481241,0.003431724340928434,10800.0
2025-01-21,6,F,0.21,True,55508.5704650023,54683.29707464645,62000.653659419404,825.2733903558546,0.013310720801255223,10800.0
2025-01-21,12,F,0.01,True,36920.89395303918,36558.28122340563,44008.88172347306,362.61272963354713,0.008239535190010066,6450.0
2025-01-21,18,A,0.0,True,12453.519887779536,12433.291081034264,19641.903047672524,20.228806745271868,0.001029880185039855,10800.0
2025-01-22,6,F,0.22,True,56001.3260228045,55863.87950004019,62101.228168643975,137.4465227643086,0.002213265772957898,10800.0
2025-01-22,12,F,0.01,True,38409.27591999468,38180.43853771836,44952.16945796911,228.8373822763242,0.00509068605666052,6677.75219066259
2025-01-22,18,A,0.0,False,12313.011657286555,12307.258731433309,19357.763099874675,5.752925853246779,0.00029718959900299765,10799.990567305003
2025-01-23,6,F,0.23,True,56586.109535396,55129.152037187116,60964.478598638685,1456.9574982088816,0.023898465659007783,10800.0
2025-01-23,12,F,0.01,True,42032.42978478306,40324.198200600804,47757.13470316779,1708.2315841822565,0.03576913888992062,6450.0
2025-01-23,18,A,0.0,True,12648.26667895234,12171.048128736795,19735.80400357554,477.2185502155444,0.024180345028207952,10800.0
2025-01-24,6,F,0.22,True,15138.705844192153,15009.02169949857,21668.69733208543,129.68414469358322,0.005984861143524137,10153.966359102524
2025-01-24,12,F,0.01,True,15695.378059576478,15498.040533970936,21645.533068028624,197.3375256055424,0.009116778274082717,6470.195299139614
2025-01-24,18,A,0.0,True,3187.5875555878474,3123.6967025777058,10468.572024593403,63.890853010141655,0.006103110611461181,10254.263467733193
2025-01-25,6,F,0.23,True,16245.908547947458,15736.966107830383,22142.914927022786,508.9424401170745,0.02298443731525026,10154.77797091273
2025-01-25,12,F,0.01,True,13895.960941206562,13737.127290289805,19999.112931382293,158.8336509167566,0.007942034802329525,6343.489302759504
2025-01-25,18,F,0.0,True,4112.223986600197,4083.1164589644177,11115.49754311394,29.10752763577966,0.0026186437019917116,10290.132891523574
2025-01-26,6,F,0.23,True,57630.71304785147,57186.36595046892,64963.1110696299,444.34709738254605,0.006839991035932348,10800.0
2025-01-26,12,F,0.01,True,39549.936640033964,39230.505924619705,46634.528100813324,319.4307154142589,0.006849661150719093,6450.0
2025-01-26,18,F,0.0,False,12716.590660179567,12716.590660179567,20163.157082805938,0.0,0.0,10800.0
2025-01-27,6,F,0.23,True,53551.8659690663,52530.78181178274,60141.52112487947,1021.0841572835561,0.016978023471726788,10800.0
2025-01-27,12,F,0.01,True,35684.244881348735,35494.0216730601,42506.087367258646,190.22320828863303,0.004475199202530156,7323.8383562843155
2025-01-27,18,F,0.0,True,11920.951117424085,11675.97456155945,19284.52563597834,244.97655586463588,0.012703271031338892,10800.0
2025-01-28,6,F,0.23,True,50375.716492957676,50199.082599425674,57096.238886510306,176.63389353200182,0.0030936169698164437,10800.0
2025-01-28,12,F,0.01,True,35229.63392565431,35119.13978624755,42061.9610456419,110.49413940675731,0.002626937419462181,6665.7793807491225
2025-01-28,18,F,0.0,True,10985.910195108363,10965.432253289595,18303.173708242146,20.47794181876816,0.001118819181044361,10800.0
2025-01-29,6,F,0.24,True,53922.88069380646,53642.861284147875,60218.40333054284,280.01940965858375,0.004650063671093013,10800.0
2025-01-29,12,F,0.01,True,35483.792222489385,34366.04254356383,42468.241188492575,1117.7496789255529,0.02631966023656342,6420.420188341108
2025-01-29,18,F,0.0,True,11377.760950955691,11340.25231252724,18561.753841840113,37.50863842845138,0.00202074861826381,10774.664984043033
2025-01-30,6,F,0.24,True,52711.344715724845,51149.98687551593,57689.96326774979,1561.3578402089115,0.0270646357142292,10800.0
2025-01-30,12,F,0.03,True,31492.701243745916,30628.62339859496,38529.686082169945,864.0778451509577,0.022426288221196272,6717.5243828397915
2025-01-30,18,F,0.0,True,11272.193170605946,11247.676818190685,18235.928394397037,24.51635241526128,0.0013443983703508014,10794.839174336685
2025-01-31,6,F,0.24,True,19613.164335581925,19170.326821550538,25051.28739425475,442.8375140313874,0.017677235786810203,10097.68708607581
2025-01-31,12,F,0.03,True,13283.03515061252,13191.32147169742,19698.081460530106,91.7136789151009,0.004655970130840993,6538.871522387288
2025-01-31,18,F,0.0,True,3644.7324806690904,3603.9571597317226,10806.84114654723,40.775320937367724,0.0037731026471500765,10249.127826164076
2025-02-01,6,F,0.25,True,15427.023278895844,14982.760391156027,22047.127543411963,444.2628877398165,0.020150601789962856,10094.845806045576
2025-02-01,12,F,0.03,True,14835.122632747012,14391.2055506518,21121.218992407303,443.9170820952113,0.021017588154111345,5999.297943801208
2025-02-01,18,F,0.0,True,3570.8634270836346,3482.7613773796675,10875.870809410713,88.10204970396717,0.008100689245750685,10239.722604237466
2025-02-02,6,F,0.26,True,50154.125275733444,50019.22111096761,55647.95794859016,134.90416476583778,0.0024242428606359233,10800.0
2025-02-02,12,F,0.03,True,33804.54761612733,33725.187188564094,40302.1013330016,79.36042756323877,0.0019691387034019006,6450.0
2025-02-02,18,F,0.0,True,11346.751930949164,11296.37428891882,18427.666383634598,50.37764203034385,0.002733804757561905,10800.0
2025-02-03,6,F,0.27,True,48889.51719670119,48420.42125439985,55802.26504486337,469.095942301341,0.008406396083101675,10800.0
2025-02-03,12,F,0.03,True,34076.74245776708,33603.91368427566,41106.941072883,472.82877349141927,0.011502407164111028,6450.0
2025-02-03,18,F,0.0,False,10808.29182925524,10801.876038954293,18134.89954545177,6.415790300947265,0.00035378140832086074,10790.139456061761
2025-02-04,6,F,0.27,True,46836.74205828507,46545.51749334056,53908.20463544641,291.22456494451035,0.005402230827643268,10800.0
2025-02-04,12,F,0.03,True,32113.868816941875,31173.88076291418,39467.93515376187,939.9880540276936,0.023816499403012194,6416.740574066947
2025-02-04,18,F,0.0,True,10664.938040569321,10482.582766299305,17832.942845252743,182.3552742700158,0.010225753306811056,10800.0
2025-02-05,6,F,0.26,True,47873.43143434276,47214.200911668326,53264.288876019935,659.2305226744356,0.012376594836530844,10800.0
2025-02-05,12,F,0.02,True,29899.016291211563,29742.79592566409,36946.63982656521,156.2203655474732,0.004228269912522554,6450.0
2025-02-05,18,F,0.0,True,10112.277409415574,10046.57051119469,17406.17041637104,65.70689822088389,0.0037749198502092414,10785.489032114217
2025-02-06,6,F,0.26,True,47469.45253859207,47159.512052101134,52787.72250823863,309.9404864909375,0.00587145024948869,10800.0
2025-02-06,12,F,0.02,True,31256.75120086394,30855.137696971582,38074.837191657985,401.6135038923567,0.01054800318306675,6450.0
2025-02-06,18,F,0.0,True,10267.942158055826,10198.652148063988,17402.336805886094,69.29000999183882,0.003981649749957859,10797.43419425948
2025-02-07,6,F,0.28,True,9430.128434754524,8757.123461864998,16788.224855618595,673.0049728895265,0.04008791749440315,10194.62462428373
2025-02-07,12,F,0.02,True,10175.803431746504,9929.584424587001,16932.428062545674,246.21900715950324,0.014541269937779136,5449.023853128151
2025-02-07,18,F,0.0,True,2537.9246785451232,2490.3387801826666,9861.439648390362,47.585898362456646,0.004825451461361818,10130.282651877082
2025-02-08,6,F,0.28,True,14847.148228943197,14654.198724728243,21150.086888748632,192.94950421495378,0.009122870521992916,10121.2597267241
2025-02-08,12,F,0.01,True,9887.062043923115,9505.337040642326,17238.621077981512,381.7250032807897,0.022143592666373883,6378.213125219998
2025-02-08,18,F,0.0,True,2460.120705091522,2382.8066061349346,9889.398644651132,77.31409895658726,0.007817876671237645,10272.64254714227
2025-02-09,6,F,0.27,True,51398.21964649327,50094.78031287188,55214.71158226894,1303.4393336213907,0.023606739875463974,10800.0
2025-02-09,12,F,0.01,True,28054.96372166474,27024.057524249598,35451.09464893772,1030.906197415141,0.02907967180206752,6878.54193730317
2025-02-09,18,F,0.0,True,10662.252330989535,10575.908682757856,17636.710410807675,86.34364823167925,0.0048956776076999236,10800.0
2025-02-10,6,F,0.29,True,44587.06290403362,44323.50695208705,50231.31733949201,263.5559519465678,0.005246845312960951,10332.945368823612
2025-02-10,12,F,0.02,True,30557.817602608146,30442.063154962783,36804.84769295553,115.75444764536223,0.003145086989927082,6450.0
2025-02-10,18,F,0.0,True,10219.915980398939,10140.873079999665,17351.97428774278,79.042900399274,0.004555268414333055,10800.0
2025-02-11,6,F,0.31,True,43512.689591268405,42952.69577363082,50705.717776790276,559.9938176375872,0.01104399744625872,10800.0
2025-02-11,12,F,0.01,True,30959.901587883658,30293.171212278015,38344.419914323385,666.7303756056426,0.01738793746509615,6450.0
2025-02-11,18,F,0.0,True,10439.20522514184,10412.41682660319,17748.217661317456,26.788398538650654,0.001509357111223423,10790.260888888888
2025-02-12,6,F,0.32,True,37927.318756984205,37209.07991014514,45068.95042862137,718.2388468390636,0.015936444936222448,10163.741776629588
2025-02-12,12,F,0.02,True,28892.357846044026,28074.06671503274,35547.54328790635,818.2911310112868,0.02301962541781834,7032.842212139143
2025-02-12,18,F,0.0,True,9626.80492795026,9598.758216023336,16957.870062173795,28.046711926923308,0.001653905344485701,10800.0
2025-02-13,6,F,0.46,True,39083.599276417866,38535.79193686007,45426.14514056681,547.8073395577958,0.012059296201838368,9874.074074074075
2025-02-13,12,F,0.11,True,31112.736507191607,30374.74360437884,36940.16098356378,737.9929028127663,0.019978064068024232,7050.0
2025-02-13,18,F,0.0,True,10325.11444207493,10225.997533946816,17478.650894109705,99.11690812811321,0.005670741336307343,10800.0
2025-02-14,6,F,0.42,True,10999.489318888422,10587.421702676069,17063.687833069198,412.06761621235273,0.024148801844216302,9521.681918239725
2025-02-14,12,F,0.09,True,9518.935421746743,9382.465873753876,16053.333784545075,136.46954799286686,0.008501009810451293,5684.104290444326
2025-02-14,18,F,0.0,True,4287.456900326359,4231.780053729716,11162.503794183061,55.67684659664246,0.0049878457040844594,10205.007793094746
2025-02-15,6,F,0.42,True,11548.852850650246,11167.852676058186,18110.518109860564,381.0001745920599,0.021037508274521326,9486.017671168074
2025-02-15,12,F,0.1,True,8806.407503111366,8224.22183595703,16153.600013846273,582.1856671543355,0.036040614268974556,5126.669357910744
2025-02-15,18,F,0.0,True,2840.3944966518866,2733.750799079133,10187.284980930186,106.64369757275381,0.010468313959252401,10289.756699587932
2025-02-16,6,F,0.42,True,42074.063717855934,41775.48647490161,47118.71879473004,298.57724295432126,0.006336701221759778,9874.074074074075
2025-02-16,12,F,0.11,True,25485.59009216937,24938.012853890643,32867.055459264906,547.5772382787254,0.0166603679772101,6616.387390529284
2025-02-16,18,F,0.0,True,9253.647884865719,9224.698666232232,16662.881918611867,28.949218633486453,0.0017373476433960183,10800.0
2025-02-17,6,F,0.41,True,37330.18499874968,36839.46790776634,44051.48809966636,490.71709098334395,0.011139625745970215,9874.074074074075
2025-02-17,12,F,0.12,True,26350.245150141804,26101.048521474702,33392.753793876065,249.19662866710132,0.007462595933396837,7023.152501541481
2025-02-17,18,F,0.0,True,9557.316611751912,9488.84149915692,16978.832645572984,68.47511259499151,0.00403296940516376,10800.0
2025-02-18,6,F,0.39,True,39067.462710689506,38816.20624615463,44571.94895943917,251.2564645348757,0.005637098453189047,9874.074074074075
2025-02-18,12,F,0.13,True,28458.881991682836,28046.472779641044,34753.02143051683,412.40921204179176,0.011866859198597705,6450.0
2025-02-18,18,F,0.0,True,10473.253029153248,10405.841010715834,17562.163669250564,67.41201843741328,0.0038384802526037487,10800.0
2025-02-19,6,F,0.42,True,35919.253689833145,35485.45212033159,42774.79174121646,433.8015695015565,0.010141523823798277,9874.074074074075
2025-02-19,12,F,0.14,True,29400.56387290609,29045.89757308088,35502.05123380602,354.6662998252068,0.009990022759233807,7037.368465717678
2025-02-19,18,F,0.0,True,10082.755209292458,10062.351372767465,17341.08635653962,20.403836524992585,0.0011766181256169079,10798.697357099581
2025-02-20,6,F,0.42,True,36484.39299565711,35799.42092828597,43188.169495706265,684.9720673711417,0.015860178270330285,9874.074074074075
2025-02-20,12,F,0.15,True,26094.257911217806,25691.763042461193,33160.26200330182,402.49486875661387,0.01213786756921694,7027.378276721551
2025-02-20,18,F,0.0,True,10354.771188846664,10307.230941721262,17523.683835955428,47.54024712540195,0.0027129139951645306,10790.910094248396
2025-02-21,6,F,0.42,True,9045.717345955554,8308.210215698256,15746.31523873832,737.5071302572978,0.046836807156185885,7059.646101469715
2025-02-21,12,F,0.14,True,6297.45507794886,6151.787000573534,13696.918988407879,145.668077375326,0.010635098119409872,5654.253917308812
2025-02-21,18,F,0.0,True,3511.6078527647414,3455.4358317196065,10520.694479723627,56.1720210451349,0.005339193258904569,10283.755313974982
2025-02-22,6,F,0.43,True,12067.298097212299,11398.452770954982,17800.164421702888,668.8453262573166,0.03757523303783787,6620.817804302919
2025-02-22,12,F,0.14,True,7249.275373203793,7027.670273496835,14457.408509484225,221.60509970695784,0.01532813433068467,6029.032614386141
2025-02-22,18,F,0.0,True,3383.8265819542194,3340.2704161045604,10466.67945178095,43.55616584965901,0.004161412036197186,10227.728813803016
2025-02-23,6,F,0.42,True,39103.30657217884,38626.89720121915,44824.28628250947,476.4093709596855,0.010628376053933544,9874.074074074075
2025-02-23,12,F,0.13,True,26918.170724670166,26465.886006484194,33707.858719558404,452.28471818597245,0.01341778253993755,6993.56034005497
2025-02-23,18,F,0.0,True,12240.869519519672,12131.402619406952,18900.076812319563,109.4669001127204,0.0057918759378462956,10788.043989878744
2025-02-24,6,F,0.4,True,34237.08640617186,32777.17190930215,41492.46139686304,1459.9144968697074,0.03518505404888035,9874.074074074075
2025-02-24,12,F,0.13,True,26220.724089084353,25937.82914624129,33179.65695843726,282.8949428430642,0.008526156349278554,6464.072571802802
2025-02-24,18,F,0.0,True,10759.688537638533,10684.564067097252,17820.07126881833,75.12447054128097,0.004215722227370338,10779.877585146589
2025-02-25,6,F,0.39,True,38531.534732211694,37844.04132585291,44321.17482342556,687.4934063587862,0.015511624163794,9874.074074074075
2025-02-25,12,F,0.14,True,26661.602975646354,26282.436105780813,33481.458968949875,379.16686986554123,0.011324681825161024,7089.2961949533565
2025-02-25,18,F,0.0,True,9621.586516633566,9573.302713370604,17019.59893752567,48.283803262962465,0.0028369530586589736,10800.0
2025-02-26,6,F,0.39,True,36376.59767566426,35901.28879998834,42266.92436400665,475.30887567592436,0.011245409568543963,9874.074074074075
2025-02-26,12,F,0.14,True,27741.793203298737,27138.88042201871,34335.71346160163,602.9127812800289,0.017559349158545352,6856.49628719857
2025-02-26,18,F,0.0,True,11065.862413638135,11029.20770249277,18154.88530805889,36.65471114536558,0.0020189998737747293,10689.142293153156
2025-02-27,6,F,0.38,True,31989.289434395563,31425.318762213432,39225.160782372746,563.9706721821312,0.014377778470077604,9874.074074074075
2025-02-27,12,F,0.15,True,27163.909993816826,27011.69320261023,33451.73441067297,152.2167912065961,0.004550340778684122,6558.320001321442
2025-02-27,18,F,0.0,True,9907.64439749902,9875.86370566761,17178.41447188886,31.780691831409058,0.0018500363862692735,10800.0
2025-02-28,6,F,0.37,True,11315.915227913885,10103.813737915478,17149.89605922302,1212.1014899984075,0.07067690007057231,6426.809929434605
2025-02-28,12,F,0.14,True,7283.700203095172,7200.431483624918,14332.526779377666,83.26871947025393,0.00580977246734086,5976.119405070616
2025-02-28,18,F,0.0,True,3569.463520454048,3525.6831623617527,10616.555586696642,43.7803580922955,0.0041237817420892746,10155.181395781121
2025-03-01,6,F,0.38,True,9490.960867263037,9044.485538286213,15946.223649289695,446.4753289768232,0.027998812684200056,6415.954808857532
2025-03-01,12,F,0.13,True,9379.831013036766,9218.205622183255,15823.102228185173,161.6253908535109,0.01021451979028568,5047.882713313879
2025-03-01,18,F,0.0,True,2475.400722351709,2378.5661158427683,9869.34932079261,96.83460650894085,0.009811650531502724,10260.533464797563
2025-03-02,6,F,0.36,True,37658.7468613915,36612.86118053188,44639.52713310224,1045.8856808596174,0.023429586916122274,9874.074074074075
2025-03-02,12,F,0.12,True,29181.242746749158,28825.608860610337,35855.34083704965,355.63388613882125,0.009918574969209093,7282.0654983270715
2025-03-02,18,F,0.0,True,11186.503672464887,11096.353930541363,18215.926254387425,90.14974192352383,0.004948951849308826,10656.71286018979
2025-03-03,6,F,0.32,True,38952.074487493526,38064.83543586314,45177.42226173138,887.2390516303858,0.01963899238186378,9874.074074074075
2025-03-03,12,F,0.09,True,30080.883366192968,29581.310958503804,36335.37756433163,499.5724076891638,0.013748925735109618,6543.1183214557495
2025-03-03,18,F,0.0,True,10075.58223586486,10009.6893647532,17415.91222398783,65.8928711116605,0.0037834866336144517,10738.567800919443
2025-03-04,6,F,0.31,True,35700.69136486351,35127.925892184074,42512.62530215849,572.7654726794353,0.013472832331772142,9874.074074074075
2025-03-04,12,F,0.07,True,25327.24901206004,25052.914179574924,32735.394037031645,274.33483248511766,0.00838037361562774,6345.756766605848
2025-03-04,18,F,0.0,True,10180.873323446542,10079.411810176955,17492.88366123613,101.46151326958716,0.0058001593810644144,10800.0
2025-03-05,6,F,0.31,True,35285.59387300633,34999.544548607504,41888.75591668424,286.04932439882396,0.00682878538975398,9874.074074074075
2025-03-05,12,F,0.1,True,24962.28912591093,24442.84726865605,32352.29047327828,519.441857254882,0.01605579851243981,7057.580130504164
2025-03-05,18,F,0.0,True,10472.191294265436,10421.396847397842,17712.603781063066,50.79444686759416,0.002867700734202592,10788.983187763442
2025-03-06,6,F,0.31,True,32765.503602349963,31830.959775074,40180.40325442101,934.5438272759638,0.02325869706579256,9874.074074074075
2025-03-06,12,F,0.1,True,26941.746797853382,26263.97930874944,33895.9308579283,677.7674891039424,0.019995541410110344,6622.278739054473
2025-03-06,18,F,0.0,True,10324.280005118171,10260.516578100922,17596.59346866806,63.76342701724934,0.003623623352484928,10800.0
2025-03-07,6,F,0.32,True,6417.174312634999,6228.127529726224,13811.543024020539,189.04678290877564,0.013687593238495676,5785.605963965309
2025-03-07,12,F,0.11,True,6396.978453649794,6236.622430508682,13769.833200987176,160.35602314111202,0.011645458648665105,4878.322635250402
2025-03-07,18,F,0.0,True,3391.928648482599,3356.239825078055,10510.227171857216,35.688823404543655,0.0033956281649274037,10203.235930295943
2025-03-08,6,F,0.32,True,7292.291794621753,7196.977678826008,14332.485310358668,95.31411579574524,0.006650215488227841,5148.3555598304565
2025-03-08,12,F,0.09,True,6164.701052386123,6044.640816562331,13561.163100679385,120.06023582379203,0.008853240310764883,5177.6327167090985
2025-03-08,18,F,0.0,True,2543.1367520148997,2503.3170064803817,9933.90605782312,39.819745534518006,0.004008468099329294,10264.434123034418
2025-03-09,6,F,0.32,True,30253.61440318881,29176.628224588538,37630.4013414338,1076.986178600273,0.028620108747403478,9874.074074074075
2025-03-09,12,F,0.1,True,25286.986557431104,23863.25480334172,32514.359323880664,1423.7317540893855,0.0437877843419078,6504.534789154683
2025-03-09,18,F,0.0,True,9847.93293649702,9799.699084283331,17247.539276893407,48.233852213688806,0.0027965642773347893,10800.0
2025-03-10,6,F,0.33,True,31798.565799045253,30541.427885418412,38887.25434566919,1257.1379136268406,0.032327762265037516,9875.692516170113
2025-03-10,12,F,0.08,True,25402.330598249322,25022.55869522029,32616.76312150158,379.7719030290318,0.01164345774025256,6481.504882566931
2025-03-10,18,F,0.0,True,9885.932886744169,9862.243677994618,17262.686841386534,23.689208749550744,0.0013722781955794335,10798.801454906052
2025-03-11,6,F,0.33,True,32242.9229728043,30973.006646667764,39256.21919390237,1269.9163261365356,0.032349430286801296,9886.28899874554
2025-03-11,12,F,0.07,True,25002.744286551653,23896.064882533363,32395.481564854555,1106.6794040182904,0.03416153582414755,7007.532142398457
2025-03-11,18,F,0.0,True,9812.474977335773,9748.992861688883,17185.192169726408,63.482115646889724,0.003694000917762235,10799.608783260943
2025-03-12,6,F,0.33,True,29633.679067860627,28647.45378694965,37016.378616564645,986.2252809109777,0.026642943415044033,9875.96363179538
2025-03-12,12,F,0.08,True,25262.47177671722,23991.612073147146,32544.80096375222,1270.8597035700732,0.039049546039182495,6627.58860094024
2025-03-12,18,F,0.0,True,9832.582415229297,9795.005771405764,17240.877477971648,37.57664382353323,0.002179508779152582,10799.411449902118
2025-03-13,6,F,0.34,True,31253.54062529791,30153.769439836913,38402.67220699311,1099.7711854609952,0.028637881747737525,9920.985822772613
2025-03-13,12,F,0.05,True,24744.270362431656,24305.371638000026,32025.452871763024,438.8987244316304,0.013704684401781223,6901.71586866329
2025-03-13,18,F,0.0,True,9807.433564620658,9685.689465627442,17210.20074459359,121.74409899321654,0.007073949967228664,10781.333242231725
2025-03-14,6,F,0.32,True,6706.780883941041,6199.113627870432,14047.092775080737,507.66725607060926,0.0361403789523766,5002.526097492556
2025-03-14,12,F,0.05,True,6268.342815068691,6055.3028304126055,13629.4181377547,213.03998465608584,0.0156308935937585,4156.806946962308
2025-03-14,18,F,0.0,True,2550.668731788841,2503.0623093312024,9952.838521128915,47.60642245763847,0.004783200526822035,10149.901268832491
2025-03-15,6,F,0.34,True,8050.019373175097,6203.30068420766,15232.08825878143,1846.7186889674367,0.12123870723390717,4591.466724208284
2025-03-15,12,F,0.05,True,6149.373993047992,5925.867821940609,13516.156699260377,223.50617110738312,0.016536222247231988,6038.981649386388
2025-03-15,18,F,0.0,True,2568.4155767708753,2527.130275763151,9947.933191239186,41.28530100772423,0.004150138547782249,10214.854750966897
2025-03-16,6,F,0.34,True,30919.609041445117,30159.519319859788,38092.89641113356,760.0897215853292,0.01995358172247503,9902.921079395586
2025-03-16,12,F,0.05,True,24643.5169181694,24343.548654074315,32016.215147075443,299.96826409508503,0.009369260629874483,7121.196302218154
2025-03-16,18,F,0.0,True,10068.139465142858,10022.499867565868,17459.873143105342,45.63959757699013,0.002613970743253227,10726.134408722264
2025-03-17,6,F,0.34,True,27210.906630709316,26095.56821030152,34580.2584074315,1115.3384204077956,0.03225361728841514,9874.074074074075
2025-03-17,12,F,0.05,True,23706.76508055868,22947.76874183545,31024.10085139787,758.996338723231,0.024464732833313765,6801.970870224324
2025-03-17,18,F,0.0,True,9922.170887869535,9873.206513562161,17332.675065848474,48.96437430737387,0.0028249750324951905,10798.991646344552
2025-03-18,6,F,0.35,True,30188.22309567801,28932.90075157259,37403.22141282774,1255.3223441054215,0.033561877739089564,9899.234225605942
2025-03-18,12,F,0.06,True,23478.723905093007,22903.31301817896,30864.471300763755,575.4108869140473,0.01864314736859946,6883.863487654809
2025-03-18,18,F,0.0,True,9730.174292178379,9666.284658291383,17143.209291381074,63.88963388699631,0.0037268187537742702,10793.380311895124
2025-03-19,6,F,0.35,True,29998.320726209262,28217.089789334495,37080.36552467741,1781.2309368747665,0.04803703824573512,9887.052247118372
2025-03-19,12,F,0.07,True,23267.257611860143,22687.062700016257,30646.76989305354,580.1949118438861,0.018931682323082087,7088.644870770842
2025-03-19,18,F,0.0,True,9938.975073694563,9876.448219776703,17347.479436756912,62.526853917859626,0.003604376886325852,10799.802684263406
2025-03-20,6,F,0.37,True,27941.68959389087,26815.531859520503,35244.02036030877,1126.1577343703684,0.03195315752452091,9877.908226632453
2025-03-20,12,F,0.06,True,24539.100423304306,23513.84768667264,31744.046787448948,1025.2527366316644,0.032297480642481655,6384.872609192261
2025-03-20,18,F,0.0,True,9872.689859936232,9807.815663112358,17247.957767287935,64.87419682387372,0.0037612683019732675,10800.0
2025-03-21,6,F,0.38,True,5456.629507863379,5197.534975374341,12865.189405038938,259.0945324890381,0.020139193006171986,4349.548443827316
2025-03-21,12,F,0.06,True,5667.356575854888,5438.577074454068,13025.48031505362,228.77950140082066,0.01756399732426135,2432.046238851196
2025-03-21,18,F,0.0,True,2489.47523686798,2425.7781431634157,9884.497177819389,63.697093704564395,0.006444141017865773,10208.884835055344
2025-03-22,6,F,0.36,True,5858.594850382167,5776.069500255442,13253.37017640507,82.52535012672524,0.006226744520698957,4269.1500446441105
2025-03-22,12,F,0.07,True,6865.77383600684,6268.357224904388,14127.99162586904,597.4166111024515,0.042286025283915986,2317.428208272347
2025-03-22,18,F,0.0,True,2674.107333861648,2613.0212232762897,10070.317038178226,61.086110585358256,0.006065957045222189,10281.106603323415
2025-03-23,6,F,0.37,True,28183.1777693747,27592.291424344097,35485.21634104783,590.8863450306017,0.016651620194494593,9874.074074074075
2025-03-23,12,F,0.08,True,23044.99318380207,22550.30333607797,30450.528333612478,494.6898477241011,0.016245690133988355,6286.619190105055
2025-03-23,18,F,0.0,True,9869.341157276096,9828.239948067105,17273.226679314856,41.10120920899135,0.002379474893258428,10800.0
2025-03-24,6,F,0.36,True,26951.421736083605,26460.59494283192,34181.4830676037,490.82679325168283,0.014359435261510796,9883.882603143344
2025-03-24,12,F,0.05,True,23082.440113138226,22755.79127856622,30383.139692889647,326.6488345720063,0.01075099011733964,6797.833716575162
2025-03-24,18,Q,0.0,True,9911.227254820236,9859.705830661826,17309.97838624519,51.52142415841081,0.0029764002593643114,10772.850061584542
2025-03-25,6,F,0.35,True,27366.626189798168,26404.511736602944,34764.99172546531,962.1144531952232,0.02767480748429103,9897.27196225123
2025-03-25,12,F,0.06,True,22965.733086811946,22208.423228414184,30252.153793727553,757.3098583977626,0.02503325427873444,6550.646224847578
2025-03-25,18,Q,0.0,True,9642.762630950443,9603.769755318788,17055.362362199452,38.9928756316549,0.0022862531328021805,10794.372459369528
2025-03-26,6,F,0.35,True,26404.90413075318,25986.222757435902,33730.780777368804,418.6813733172785,0.012412442394401582,9874.074074074075
2025-03-26,12,F,0.07,True,22502.513710623152,21853.100365817758,29868.20909343709,649.4133448053944,0.02174262751321402,6889.593640073308
2025-03-26,18,Q,0.0,True,9804.338102618134,9770.535569802487,17199.221208336166,33.80253281564728,0.001965352524174977,10786.150354098332
2025-03-27,6,F,0.34,True,29125.6226544663,27238.65163505829,36154.13817685181,1886.9710194080108,0.05219239386035677,9874.074074074075
2025-03-27,12,F,0.06,True,22981.897554630137,21631.341443380443,30384.143996907966,1350.5561112496944,0.04444937173109545,7382.894347325146
2025-03-27,18,Q,0.0,True,9867.175455260136,9790.389723946506,17271.059961485753,76.7857313136301,0.004445918865713008,10774.461464846765
2025-03-28,6,F,0.37,True,5130.240945827309,5026.724840863912,12529.321345875867,103.51610496339708,0.008261908375226588,4297.925708675188
2025-03-28,12,F,0.07,True,5227.600841383404,5060.700391703522,12597.494323289968,166.9004496798825,0.013248702114619784,1531.592131309389
2025-03-28,18,Q,0.0,True,2405.5695543757465,2313.9639304670955,9817.183781149119,91.60562390865107,0.009331150964551716,10279.823427110168
2025-03-29,6,F,0.38,True,5600.600248806315,5356.240300247077,12935.734622613898,244.35994855923764,0.01889030315541989,4025.916790293019
2025-03-29,12,F,0.07,True,5156.511689327947,5066.576253891477,12524.265524221519,89.93543543647047,0.007180894980431251,1200.0
2025-03-29,18,Q,0.0,True,2809.2680714722283,2749.7491922664694,10200.193391983063,59.51887920575882,0.005835073602872887,10094.56111841363
2025-03-30,6,F,0.36,True,24286.84781885236,23736.452801248477,31603.4336157045,550.3950176038816,0.017415671483568707,9874.074074074075
2025-03-30,12,F,0.05,True,20995.395695344905,20727.527994436674,28367.250914665554,267.8677009082312,0.009442850197716783,6311.855924381329
2025-03-30,18,Q,0.0,True,9795.835525835333,9703.962588803537,17175.119522382232,91.87293703179603,0.0053491876380871335,10789.427688693355
2025-03-31,6,F,0.36,True,34485.34042916639,27197.366521572047,41050.63528885798,7287.9739075943435,0.17753620269970477,9925.669086034935
2025-03-31,12,F,0.05,True,23347.001990476005,21581.52534140121,30736.044934151778,1765.4766490747934,0.057439942349678086,7411.496576278472
2025-03-31,18,Q,0.0,True,9737.872568327168,9678.60618103325,17107.55317929607,59.26638729391743,0.003464340380694704,10797.391521439335
2025-04-01,6,F,0.37,True,27956.24232483698,26480.169690942108,35114.473688152364,1476.0726338948734,0.042036017597863094,9887.134129151756
2025-04-01,12,F,0.05,True,22359.951921862765,22017.422397928276,29699.256637942726,342.5295239344887,0.011533269270345474,7009.809345997806
2025-04-01,18,Q,0.0,True,9863.981989078498,9754.44636597202,17253.02768076482,109.53562310647794,0.006348776871702224,10698.317218387525
2025-04-02,6,F,0.36,True,27175.77944242843,26714.31769414076,34333.83700181397,461.46174828767107,0.013440436274666607,9903.487815568422
2025-04-02,12,F,0.05,True,21381.114704636486,20850.184634525314,28760.353570919695,530.9300701111715,0.018460484806000717,6524.9358991325425
2025-04-02,18,Q,0.0,True,9704.397572397384,9631.259059017748,17085.986792965938,73.1385133796357,0.004280613947901786,10794.73301768873
2025-04-03,6,F,0.33,True,25780.502992316287,25123.16727278956,33131.683514686876,657.3357195267272,0.019840094127282673,9917.296409020895
2025-04-03,12,F,0.05,True,21995.088015614285,21486.26711821545,29306.28086793843,508.82089739883304,0.017362179107328894,6660.35928327932
2025-04-03,18,Q,0.0,True,9724.448675395406,9681.986506104491,17106.382000407917,42.46216929091497,0.0024822413816026337,10800.0
2025-04-04,6,F,0.32,True,4387.11356335969,4258.923351004753,11780.010064459915,128.1902123549362,0.01088201212507312,3751.0464504336787
2025-04-04,12,F,0.05,True,4696.187129898696,4493.945317824173,12059.830594084333,202.2418120745233,0.016769871723880454,1200.0
2025-04-04,18,Q,0.0,True,2478.868252856715,2415.9695487880217,9845.463842868792,62.898704068693405,0.006388597335030773,10157.806763352353
2025-04-05,6,F,0.32,True,4834.097662375254,4553.686858851134,12182.089020270043,280.41080352411973,0.0230182855385097,3442.6663387367507
2025-04-05,12,F,0.04,True,4644.877772279179,4497.365516576189,12015.515895678682,147.51225570298993,0.01227681416126643,1200.0
2025-04-05,18,Q,0.0,True,2659.1751257140795,2604.321208123318,10032.53726682291,54.85391759076174,0.005467601677609597,10224.619915440993
2025-04-06,6,F,0.32,True,24187.753822534825,23589.37081145477,31516.915098101683,598.3830110800554,0.01898609077752337,9936.622410904909
2025-04-06,12,F,0.04,True,22534.125494073174,21715.47063618327,29751.590027270733,818.6548578899055,0.027516339702836547,6268.729918372312
2025-04-06,18,Q,0.0,True,9625.784479729744,9573.847150727548,17026.80191299982,51.93732900219584,0.0030503279046514378,10766.812932650351
2025-04-07,6,F,0.32,True,25446.248894432574,23021.123754531218,32393.19385364918,2425.1251399013563,0.0748652680207438,9928.92698694617
2025-04-07,12,F,0.05,True,20920.95508278114,20588.767976013958,28274.34512152781,332.18710676718183,0.011748710901680896,7365.388593968253
2025-04-07,18,Q,0.0,True,9635.364675679846,9593.623223488088,17010.071830825942,41.74145219175807,0.0024539256863168268,10791.06780258183
2025-04-08,6,F,0.31,True,25066.432771017156,24005.812502802488,32279.472436951874,1060.6202682146686,0.0328574226324878,9969.064552706095
2025-04-08,12,F,0.05,True,21039.81422923505,20769.344267170738,28388.067268694253,270.4699620643114,0.009527593390007916,5984.767740500734
2025-04-08,18,Q,0.0,True,9729.55584486427,9628.496341720529,17114.85698621792,101.05950314374059,0.005904782214956324,10794.363411492493
2025-04-09,6,F,0.31,True,26288.873428796374,25196.167455030984,33281.13893899021,1092.7059737653908,0.03283258952671362,9930.968469514773
2025-04-09,12,F,0.04,True,22192.990157174492,21787.583663022968,29474.470941626074,405.4064941515244,0.013754496050308361,6909.917165592214
2025-04-09,18,Q,0.0,True,9696.379639943652,9627.305346986419,17097.458030573405,69.07429295723341,0.0040400329004297506,10779.250481514726
2025-04-10,6,F,0.31,True,26529.26474746904,25075.934921595235,33539.1388228229,1453.3298258738032,0.04333235368836702,9940.456112679149
2025-04-10,12,F,0.04,True,21296.236751427183,20366.61368877556,28682.190298631005,929.6230626516226,0.03241116013012414,6899.8015635595675
2025-04-10,18,Q,0.0,True,9836.2112141822,9720.3299023428,17208.91734249188,115.88131183939913,0.006733794435357507,10797.389314451988
2025-04-11,6,F,0.31,True,4578.361050126885,4159.645100847007,11896.048577499325,418.71594927987826,0.03519790176982421,3296.337858277728
2025-04-11,12,F,0.04,True,3886.2380713027924,3704.6624131306944,11280.818882229938,181.57565817209797,0.016095964314977545,1200.0
2025-04-11,18,Q,0.0,True,2388.513647940299,2291.813976903826,9799.42568700311,96.69967103647286,0.00986789166274558,10160.856167999646
2025-04-12,6,F,0.31,True,4348.194052246641,4105.923601659819,11749.117517833327,242.27045058682234,0.020620310437706797,3317.5432173860727
2025-04-12,12,F,0.05,True,4623.696613181999,4287.346709022033,11985.296325966363,336.3499041599662,0.02806354511496374,2242.3005120122994
2025-04-12,18,Q,0.0,True,2492.8919348730506,2369.9923283757707,9891.550708783652,122.89960649727982,0.012424705702427985,10234.818100508695
2025-04-13,6,F,0.31,True,22343.75508875277,21785.52782467886,29600.454349457726,558.2272640739102,0.01885873971674819,9966.551119437598
2025-04-13,12,F,0.05,True,20292.27211101995,19822.704776759518,27564.935810181934,469.5673342604314,0.017034951123919638,6383.684454320872
2025-04-13,18,Q,0.0,True,9742.323290947792,9646.507225953748,17089.284975559716,95.8160649940437,0.005606791924359345,10746.743930228082
2025-04-14,6,F,0.33,True,22283.97247567869,21065.96059427056,29689.04582061126,1218.0118814081288,0.041025632442607464,9949.093527353161
2025-04-14,12,F,0.06,True,19809.660020448726,19258.7868198109,27110.57293778993,550.8732006378268,0.020319496821476407,5320.982401421277
2025-04-14,18,Q,0.0,True,9568.24362072458,9468.140565382248,16950.306061160285,100.10305534233157,0.005905678338853505,10800.0
2025-04-15,6,F,0.35,True,24135.267817895074,22076.452107967794,31168.466460517688,2058.8157099272794,0.06605444360040176,9969.923233631283
2025-04-15,12,F,0.08,True,20353.828225698344,19685.46104728135,27730.636445448854,668.3671784169928,0.024102121843896054,6930.5294587192875
2025-04-15,18,Q,0.0,True,9728.716193118958,9570.638047481612,17117.322945922377,158.0781456373461,0.00923498061798284,10790.882177854948
2025-04-16,6,F,0.34,True,26129.93127558248,23540.106900609382,33035.61326518959,2589.8243749730973,0.07839492350826303,9958.827983332752
2025-04-16,12,F,0.07,True,20720.715343444623,20179.41068685487,28076.920797839044,541.304656589753,0.019279345498293205,6959.10864322313
2025-04-16,18,Q,0.0,True,9617.657865963709,9564.467426993804,17002.044792905377,53.19043896990479,0.0031284730523766253,10778.135009255282
2025-04-17,6,F,0.35,True,24708.94964912383,23252.019627084366,31617.73212704898,1456.9300220394653,0.04607952323035405,9956.636977971464
2025-04-17,12,F,0.07,True,20224.61396383521,19399.79569210543,27631.447722173827,824.8182717297823,0.02985070778857084,7079.348779842769
2025-04-17,18,Q,0.0,True,9574.993461833505,9509.58932790188,16984.944549542248,65.40413393162453,0.0038507122434725404,10787.52830918678
2025-04-18,6,F,0.34,True,3803.581766770323,3570.6728711320593,11166.583786625753,232.90889563826386,0.020857667849787636,3195.9585857267775
2025-04-18,12,F,0.07,True,3905.796721466322,3709.347300180575,11277.162999154858,196.44942128574712,0.017420110119936157,1200.0
2025-04-18,18,Q,0.0,True,2571.6464871739418,2493.8216142805586,9935.999712777406,77.82487289338314,0.00783261625836227,10087.781698051816
2025-04-19,6,F,0.35,True,3401.6742017753295,3274.4403165331787,10800.31369729202,127.23388524215079,0.011780573121135578,3174.745790550735
2025-04-19,12,F,0.08,True,5569.788454495363,3998.362400695816,12790.439389862835,1571.426053799547,0.12285942694392447,1200.0
2025-04-19,18,Q,0.0,True,2380.3635188053086,2333.3030664523285,9787.16692555246,47.060452352980064,0.004808383540502823,10015.824700751422
2025-04-20,6,F,0.35,True,21732.071237714103,20815.285322307027,28954.668231835796,916.7859154070757,0.03166280159270018,9984.644832163345
2025-04-20,12,F,0.08,True,20159.543655077534,19693.66801038186,27451.363520953728,465.87564469567224,0.01697094733892062,6491.250405769807
2025-04-20,18,Q,0.0,True,9462.017125723462,9391.760246423348,16862.253885929495,70.25687930011372,0.004166517701334027,10730.20361167768
2025-04-21,6,F,0.34,True,20394.802067419012,19560.333546296206,27787.904020088223,834.4685211228061,0.03002991951172562,9982.456242562432
2025-04-21,12,F,0.09,True,18767.875478747606,18449.566618928155,26144.36390027799,318.30885981945175,0.012175047020978285,5882.12529030344
2025-04-21,18,Q,0.0,True,9311.07157456592,9248.784080350384,16709.100202626836,62.287494215535844,0.0037277587338750673,10800.0
2025-04-22,6,F,0.35,True,23559.92175336981,21339.328663199816,30502.2231660884,2220.593090169994,0.07280102430824757,10006.41485470505
2025-04-22,12,F,0.08,True,19852.64637244274,19417.59583924496,27161.237442772912,435.05053319778017,0.016017331099674872,6141.067446425421
2025-04-22,18,Q,0.0,True,9456.000650734002,9426.81234228195,16848.98016076424,29.188308452052297,0.001732348674730018,10779.672520401455
2025-04-23,6,F,0.34,True,21402.067328156343,20681.606367331435,28460.322937829227,720.4609608249084,0.025314574342629036,9986.341030148453
2025-04-23,12,F,0.07,True,19837.570501337286,19303.774452966845,27086.697810332134,533.796048370441,0.0197069444237247,6282.798036450582
2025-04-23,18,Q,0.0,True,9559.802288720053,9525.343469506734,16954.15524386279,34.45881921331966,0.0020324704308575534,10781.097455912817
2025-04-24,6,F,0.33,True,19296.12998751057,18957.323094960615,26620.266421761502,338.8068925499538,0.012727404270942471,9992.514348720237
2025-04-24,12,F,0.07,True,19880.584941115296,19026.000906234593,27175.413354298573,854.5840348807033,0.031446956251928594,5588.875420698063
2025-04-24,18,Q,0.0,True,9320.21386758995,9285.053266935609,16725.85367441956,35.16060065434067,0.0021021707674099247,10790.320515122306
2025-04-25,6,F,0.35,True,3470.7366105824094,3291.832350836399,10851.24525956707,178.9042597460102,0.016486979647637963,2744.906852242355
2025-04-25,12,F,0.07,True,3313.5945919833885,2908.977247969209,10695.263996081803,404.61734401417925,0.0378314498980493,1200.0
2025-04-25,18,Q,0.0,True,2129.01087113233,2070.0366969393335,9553.136383175808,58.97417419299654,0.006173278787986004,10090.0344857482
2025-04-26,6,F,0.34,True,3390.1187520887306,3264.645144744598,10774.841688982186,125.47360734413269,0.011645053446347683,2675.993951119141
2025-04-26,12,F,0.07,True,4983.8722671841915,3548.6192824433874,12169.118640696797,1435.252984740804,0.11794222959918667,1200.0
2025-04-26,18,Q,0.0,True,2477.8956205482264,2426.938984071775,9883.057111504968,50.95663647645142,0.005155958920558324,9927.76653545991
2025-04-27,6,F,0.32,True,22144.17436062779,19759.17103957472,29192.33604564459,2385.0033210530673,0.08169963915611003,9446.167821117026
2025-04-27,12,F,0.07,True,19233.904830291285,18703.18220488524,26470.762468873025,530.7226254060442,0.02004938943599079,5658.010913287919
2025-04-27,18,Q,0.0,True,9159.468081057457,9136.94769575332,16562.027593323866,22.520385304136653,0.0013597601608401253,10798.843261086262
2025-04-28,6,F,0.32,True,30056.797150242026,24414.680942075607,36542.23870954642,5642.116208166419,0.15439985089617547,10001.439298476724
2025-04-28,12,F,0.06,True,20588.396786064153,19776.792785321366,27914.122661512873,811.6040007427873,0.029075031681429192,7273.305776414805
2025-04-28,18,Q,0.0,True,9291.009121629879,9207.917286019094,16691.097950363303,83.09183561078498,0.004978212689056587,10800.0
2025-04-29,6,F,0.32,True,20054.563046333067,19513.441990455292,27367.565940484554,541.1210558777748,0.019772348664639557,10014.058218862645
2025-04-29,12,F,0.07,True,20245.9783112211,19573.246726476253,27470.175201338483,672.7315847448481,0.024489526543393477,6108.360284970003
2025-04-29,18,Q,0.0,True,9296.343275595076,9252.900404134698,16708.980134869314,43.44287146037823,0.002599971459043093,10791.170237226168
2025-04-30,6,F,0.31,True,19367.2681910202,18909.694302928736,26572.494573720767,457.57388809146505,0.017219831838595576,9320.278477611804
2025-04-30,12,F,0.06,True,17988.68953886493,17614.01916766941,25357.28697252079,374.6703711955197,0.014775648972287251,6781.668494929682
2025-04-30,18,Q,0.0,True,9362.566319420304,9288.943291966323,16752.83596006894,73.6230274539812,0.004394660559529423,10800.0
2025-05-01,6,F,0.3,True,22184.480259107855,19606.554464988272,29288.05269403877,2577.925794119583,0.08801970622800363,9601.769991855886
2025-05-01,12,F,0.07,True,19492.885428954192,18838.69203258222,26797.86998229885,654.1933963719712,0.024412141592003177,5005.799940547187
2025-05-01,18,Q,0.0,True,9382.739729314466,9330.337995250193,16778.889794293354,52.401734064273114,0.0031230751680659703,10776.410134696334
2025-05-02,6,F,0.29,True,5864.78098983422,4045.9817820429635,13053.759346708819,1818.7992077912568,0.1393314492387836,2871.7269621459745
2025-05-02,12,F,0.07,True,4299.182795698174,4080.7175053596657,11667.71785012701,218.46529033850857,0.018723909263552378,3705.341171134801
2025-05-02,18,Q,0.0,True,2719.366681939806,2644.0345610171553,10014.851046925362,75.33212092265057,0.007522041073768954,10178.855537477291
2025-05-03,6,F,0.3,True,4789.688099359311,4213.9225994021035,12185.351465860158,575.7654999572078,0.04725062724455152,2838.592015652072
2025-05-03,12,F,0.06,True,4638.974293537616,4485.931108655435,11961.510415778874,153.04318488218087,0.012794637095353435,3547.783326076271
2025-05-03,18,Q,0.0,True,2799.6834906756085,2700.755031759849,10225.804924850203,98.92845891575962,0.009674393325785922,10387.10922211102
2025-05-04,6,F,0.3,True,20880.56671365453,19972.194167104433,28158.92972025696,908.3725465500975,0.032258773880053854,10025.023079048446
2025-05-04,12,F,0.07,True,19882.99587316681,19156.271208062797,27110.359859360844,726.7246651040114,0.026806160776692275,7905.311308914455
2025-05-04,18,Q,0.0,True,9970.850009453685,9947.138199160716,17312.951109480688,23.71181029296895,0.0013695995641080626,10800.0
2025-05-05,6,F,0.3,True,22645.582857072543,21961.51880340273,29833.93636216102,684.064053669812,0.02292905788112574,10012.784287169516
2025-05-05,12,F,0.08,True,21093.522946598903,20617.818461007017,28214.505366465623,475.7044855918866,0.01686028088790405,6473.547884186024
2025-05-05,18,Q,0.0,True,10858.87130665677,10833.971151200001,18065.758588397453,24.900155456769426,0.001378306664230601,10800.0
2025-05-06,6,F,0.3,True,23567.003535017007,21986.185909781812,30612.79793963208,1580.817625235195,0.05163910951075235,9746.584354098064
2025-05-06,12,F,0.08,True,20495.937099700393,20077.974681622723,27635.70140950297,417.96241807767,0.015124002531520589,6405.0866215887145
2025-05-06,18,Q,0.0,True,11073.72417698134,11023.351580057972,18279.957234037156,50.3725969233692,0.002755618969916175,10800.0
2025-05-07,6,F,0.29,True,24381.06732946851,23194.703829899576,31389.455962304826,1186.3634995689354,0.03779496850769326,10044.779221118592
2025-05-07,12,F,0.07,True,22016.138923334373,21661.207928376527,29114.366479051227,354.93099495784554,0.012190922828880046,6218.504318557603
2025-05-07,18,Q,0.0,True,10869.689766505418,10832.439871369445,18153.819543377154,37.24989513597393,0.0020519040109971444,10800.0
2025-05-08,6,F,0.29,True,25540.132766860894,24781.622913301286,32573.207245201826,758.509853559608,0.02328631159497933,10038.970164964436
2025-05-08,12,F,0.08,True,23012.165756693434,22579.21328016038,30124.440889146146,432.9524765330534,0.014372133183359644,6699.721851897
2025-05-08,18,Q,0.0,True,12860.862212542228,12797.094006942832,19995.00296872809,63.768205599395515,0.003189207108352427,10780.413580751203
2025-05-09,6,F,0.29,True,6392.408881631369,6300.612632048595,13666.410766979945,91.79624958277418,0.0067169245201210695,2757.934084319319
2025-05-09,12,F,0.08,True,7896.5149045762555,7107.247379914441,14984.116951074844,789.2675246618146,0.05267360947854846,1200.0
2025-05-09,18,Q,0.0,True,4220.328199655096,4182.144174783854,11459.102925415387,38.18402487124149,0.0033322001835372587,10800.0
2025-05-10,6,F,0.29,True,9593.013408578454,8091.321842267501,16575.616498915486,1501.691566310953,0.09059642315018607,2764.2562116332992
2025-05-10,12,F,0.08,True,7123.553937587033,6203.767889833945,14407.773682553772,919.7860477530876,0.06383956800118586,3835.8455862492265
2025-05-10,18,Q,0.0,True,4921.8523436287705,4862.040447861685,12070.164667415906,59.81189576708584,0.004955350437641622,10590.250424470674
2025-05-11,6,F,0.3,True,26391.77524160721,25569.843565102456,33501.00874998888,821.9316765047552,0.024534535143065743,10084.941852578046
2025-05-11,12,F,0.08,True,22992.816827010633,22466.6875089093,30194.28015541392,526.1293181013316,0.017424800836227095,7299.135998176712
2025-05-11,18,Q,0.0,True,12156.861546849255,12102.50198690044,19482.50296927336,54.35955994881442,0.002790173317799416,10787.518979982277
2025-05-12,6,F,0.3,True,26490.452673021464,24180.458428192927,33478.98827443177,2309.9942448285365,0.06899832891881925,10066.087763308467
2025-05-12,12,F,0.08,True,23284.752972027767,22572.402664363573,30411.758534388115,712.3503076641937,0.023423515837096467,7511.097300321556
2025-05-12,18,F,0.0,True,11867.345150481999,11822.405839806948,19224.740308313885,44.939310675050365,0.0023375769947652308,10797.368578200545
2025-05-13,6,F,0.29,True,26181.13144816905,25256.858209962844,33277.070675066934,924.2732382062059,0.027775078138074324,10103.124083614357
2025-05-13,12,F,0.08,True,23090.151384144367,22755.712923918763,30304.339435827194,334.4384602256032,0.011035992417317453,6797.36662049689
2025-05-13,18,F,0.0,True,12428.11921798946,12376.727939298116,19718.480166065936,51.39127869134427,0.0026062494806159,10799.563025393765
2025-05-14,6,F,0.29,True,26979.64950238912,25278.153120522977,33995.50467765796,1701.4963818661417,0.05005062869339824,10041.869531630668
2025-05-14,12,F,0.08,True,23269.384063447425,22448.716167669667,30418.840202335,820.6678957777585,0.026978934447170762,7179.029945557975
2025-05-14,18,F,0.0,True,12425.522659771977,12391.426546900295,19677.67765097076,34.096112871682635,0.0017327305323553042,10797.039910309408
2025-05-15,6,F,0.31,True,29411.604862846587,27310.881135677242,36278.90632692088,2100.723727169345,0.05790482514106265,10064.74315474478
2025-05-15,12,F,0.07,True,25305.963088915814,24162.738934837107,32373.99849231682,1143.2241540787072,0.03531303537775921,7326.563648854033
2025-05-15,18,F,0.0,True,13459.327690716005,13429.094164221828,20643.822164690606,30.233526494177568,0.0014645314347790346,10800.0
2025-05-16,6,F,0.33,True,7053.575034312826,6853.428903652975,14409.671615295032,200.14613065985031,0.01388970796859845,2288.064378446053
2025-05-16,12,F,0.07,True,6907.5131751018325,6662.149199406291,14222.338492939089,245.36397569554174,0.017252013500969384,1200.0
2025-05-16,18,F,0.0,True,4450.265540947208,4227.109357990947,11861.360815594207,223.15618295626155,0.018813708344735343,10800.0
2025-05-17,6,F,0.32,True,7683.995103041701,7394.684630995315,14821.940823437883,289.31047204638617,0.019519068082426868,2151.0013615734665
2025-05-17,12,F,0.08,True,7121.183405941886,6914.044313915156,14328.226551754286,207.1390920267304,0.014456715300985325,2668.7137210522333
2025-05-17,18,F,0.0,True,4800.322343355476,4777.029839530214,12081.62323312651,23.29250382526152,0.001927928340075693,10800.0
2025-05-18,6,F,0.32,True,25741.134120611307,25231.131245964345,32882.16866116667,510.0028746469616,0.015510013341950499,10086.205189387989
2025-05-18,12,F,0.08,True,23541.386632396752,23134.807398965197,30689.293093413376,406.5792334315556,0.013248243685313717,7248.141708271031
2025-05-18,18,F,0.0,True,13169.649840252914,13141.49996463618,20362.597579001882,28.14987561673479,0.0013824304835137156,10800.0
2025-05-19,6,F,0.32,True,24011.8835855499,23411.8972829599,31188.222520377276,599.9863025899976,0.01923759208136943,10059.506051221984
2025-05-19,12,F,0.08,True,22589.335316329816,22180.388874190485,29713.231108807813,408.94644213933134,0.013763109122727095,6495.780506476065
2025-05-19,18,F,0.0,True,12209.444682725461,12182.464106857364,19514.68162212081,26.98057586809773,0.0013825783269512313,10800.0
2025-05-20,6,F,0.31,True,26511.8880057551,25343.241920156768,33314.31785405353,1168.6460855983314,0.03507939411270689,9826.925817055502
2025-05-20,12,F,0.07,True,23235.39847129372,22749.882403437572,30414.722098671864,485.51606785614786,0.015963192636810224,7157.687427651899
2025-05-20,18,F,0.0,True,12625.950805042834,12555.658841289836,19840.68402853107,70.29196375299762,0.003542819574764518,10790.661474654147
2025-05-21,6,F,0.3,True,27264.992811220844,25053.963343521187,34203.25483456964,2211.0294676996564,0.06464383224326775,10072.522190678923
2025-05-21,12,F,0.07,True,23655.106263066475,22839.720696786877,30827.808512264535,815.3855662795977,0.026449676627360804,6376.112777239427
2025-05-21,18,F,0.0,True,12853.307939417942,12807.265469888393,20075.689022374096,46.042469529549635,0.0022934440495783683,10772.839926903187
2025-05-22,6,F,0.31,True,23704.516189276736,23135.563388200964,30792.587143020155,568.9528010757713,0.018476940519261874,10090.28555693179
2025-05-22,12,F,0.07,True,22943.6451902848,22594.855702277026,30134.790113154108,348.7894880077729,0.011574312835698933,6333.439817917577
2025-05-22,18,F,0.0,True,12853.699336152195,12796.721117849387,20069.57004164674,56.97821830280736,0.0028390353248510455,10782.40980103157
2025-05-23,6,F,0.31,True,7121.117766136022,6982.145055413093,14370.080860187096,138.97271072292824,0.00967097625093801,2208.3117839910865
2025-05-23,12,F,0.06,True,9084.325528780852,7346.592806012046,16208.29366529428,1737.7327227688056,0.10721256405229718,2128.452774449534
2025-05-23,18,F,0.0,True,5312.887392778579,5167.016388635764,12505.950224271888,145.87100414281485,0.01166412799722363,10517.719302321037
2025-05-24,6,F,0.32,True,7214.716597043405,6955.928577682573,14452.025519967361,258.78801936083255,0.017906695431950566,1922.2091102694553
2025-05-24,12,F,0.07,True,7661.9710766656535,7438.258996244747,14790.631412227995,223.7120804209062,0.015125255588206644,1200.0
2025-05-24,18,F,0.0,True,4930.9819920746795,4854.968207648915,12202.797294548809,76.01378442576424,0.006229209794357631,10800.0
2025-05-25,6,F,0.31,True,23444.423982153574,22847.35749000768,30474.889735280456,597.0664921458956,0.019592080474525167,10107.22298292775
2025-05-25,12,F,0.07,True,21831.276664090412,21249.905438005757,29012.43431646649,581.3712260846551,0.020038691677612457,6669.784190005244
2025-05-25,18,F,0.0,True,13312.42065917661,13247.316774179284,20369.598312672817,65.10388499732653,0.0031961300364387922,10796.031055141972
2025-05-26,6,F,0.31,True,26039.450560945683,23955.35013884156,32934.36003701049,2084.100422104122,0.06328042870005922,9718.507064027764
2025-05-26,12,F,0.07,True,26547.34489598721,24688.682797769896,33427.302777657744,1858.6620982173154,0.05560311313719318,5141.029732035526
2025-05-26,18,F,0.0,True,12762.691175739448,12693.70217382822,19961.578476781906,68.98900191122812,0.0034560895067227235,10800.0
2025-05-27,6,F,0.3,True,25779.517915310025,24432.660492128613,32745.973550701492,1346.8574231814127,0.041130474288572805,9616.741049396744
2025-05-27,12,F,0.04,True,22887.506581509173,21964.225648965134,30084.723429184858,923.2809325440394,0.03068936082185734,7270.582303454089
2025-05-27,18,F,0.0,True,12398.061511462469,12331.558776452011,19760.830528428887,66.5027350104574,0.0033653815771955207,10788.797206578547
2025-05-28,6,F,0.31,True,23866.691822720677,23416.951047005292,30976.715089775073,449.7407757153851,0.014518672312799154,10104.509595706075
2025-05-28,12,F,0.04,True,22233.86378299461,21922.808956515313,29304.494625216084,311.054826479296,0.010614577403823848,5650.081500117905
2025-05-28,18,F,0.0,False,12373.069628194724,12354.759728835268,19630.331756027837,18.309899359455812,0.0009327350952096587,10708.728367795007
2025-05-29,6,F,0.3,True,27004.268009844214,25727.498498425044,33889.788571911595,1276.7695114191702,0.037674165736087756,10115.65491807571
2025-05-29,12,F,0.04,True,23308.573085804084,22266.01589820465,30358.857694075195,1042.5571875994356,0.034341120410564724,6673.890104652417
2025-05-29,18,F,0.0,True,13184.875755257603,13140.444297579388,20256.5857008377,44.43145767821443,0.002193432710448187,10800.0
2025-05-30,6,F,0.31,True,7336.978976501136,7142.82457597346,14517.250432134677,194.15440052767553,0.013374047753416503,2098.2520919847766
2025-05-30,12,F,0.04,True,6986.885839411432,6865.54783029524,14182.932334841998,121.33800911619255,0.008555213142920511,1200.0
2025-05-30,18,F,0.0,True,4831.481427251096,4768.450252344353,12016.917807324919,63.03117490674231,0.005245203130899474,10616.539005549917
2025-05-31,6,F,0.3,True,7021.009329119794,6698.8654851293195,14238.280062895039,322.1438439904741,0.02262519367279346,2481.3776175872686
2025-05-31,12,F,0.03,True,6885.8755056502105,6704.625126829547,14058.313434912347,181.25037882066317,0.01289275414578159,2070.0285280558587
2025-05-31,18,F,0.0,True,4611.525501807464,4554.374471862926,11864.164658308953,57.151029944538095,0.0048171136856662656,10800.0
2025-06-01,6,F,0.3,True,30797.094808658738,28929.709100434553,37711.66822031834,1867.3857082241848,0.04951745166282706,10121.173363582187
2025-06-01,12,F,0.03,True,24823.12054408269,24362.583050073434,31958.397579502955,460.53749400925517,0.014410531468718835,6717.779585084223
2025-06-01,18,F,0.0,True,12075.341892669345,12028.89731724423,19337.750940129412,46.444575425115545,0.0024017568314386784,10800.0
2025-06-02,6,F,0.28,True,31264.826040874184,29748.782606884648,38202.115797409395,1516.0434339895364,0.03968480285304889,10084.257146304912
2025-06-02,12,F,0.03,True,27463.60850039898,26732.895141391826,34381.124818125834,730.7133590071535,0.021253329054025574,7414.9936251621575
2025-06-02,18,F,0.0,True,12780.83437799428,12739.349615517835,19955.112776193662,41.48476247644612,0.002078903935132715,10784.921940576
2025-06-03,6,F,0.28,True,34417.026486964285,32102.641910666774,40820.62288280025,2314.3845762975106,0.056696454214878615,10069.811909740929
2025-06-03,12,F,0.03,True,26208.98280032476,25084.31529410443,33273.49459927792,1124.6675062203285,0.03380070292480596,6662.069819668175
2025-06-03,18,F,0.0,True,12725.756436098172,12693.105320278248,20081.766663235852,32.6511158199246,0.0016259085352136743,10776.403786286599
2025-06-04,6,F,0.29,True,33644.069459051105,30803.893575486843,40726.91038785341,2840.1758835642613,0.06973708185856714,10078.121348729801
2025-06-04,12,F,0.03,True,37243.94183295933,29094.149279045207,43427.9963647105,8149.792553914125,0.18766218191306264,6845.92950889684
2025-06-04,18,F,0.0,True,13743.557191705273,13677.994922826225,20848.38149310013,65.56226887904813,0.0031447174400922335,10800.0
2025-06-05,6,F,0.29,True,33614.36177560405,33188.423959892934,40033.84536978103,425.9378157111132,0.010639442995716474,10076.606646726083
2025-06-05,12,F,0.04,True,28184.139968187534,27771.78527170419,35168.46123964822,412.354696483344,0.011725127627092867,6974.941957946863
2025-06-05,18,F,0.0,True,13685.706161787459,13609.675544789405,20836.308841793765,76.03061699805403,0.003648948457010329,10800.0
2025-06-06,6,F,0.29,True,10923.892371714768,10249.938519371828,17714.896760100615,673.9538523429401,0.038044469661313016,2885.7409772533383
2025-06-06,12,F,0.04,True,10023.549138543445,9821.153249911098,17195.619539108873,202.39588863234712,0.01177020043808412,7493.984522308409
2025-06-06,18,F,0.0,True,5718.262357704514,5683.451837342107,12938.68795733637,34.81052036240726,0.0026904211985937366,10800.0
2025-06-07,6,F,0.27,True,10307.342839265943,9793.017125084405,17468.639205255997,514.3257141815375,0.0294428036516311,5910.9391303594175
2025-06-07,12,F,0.02,True,11151.979565966883,10638.971677697684,18091.7642557553,513.0078882691996,0.028355879560281304,7909.44625028767
2025-06-07,18,F,0.0,True,6511.279407145905,6439.142621552664,13816.564312483217,72.13678559324035,0.00522103642857617,10615.037856914807
2025-06-08,6,F,0.27,True,37283.738996895,34979.67392019627,44059.641987227056,2304.065076698731,0.052294230565166244,10061.06442908443
2025-06-08,12,F,0.02,True,30226.84056056448,29667.79817976735,37502.69505541688,559.042380797131,0.014906725502555132,7760.414679423767
2025-06-08,18,F,0.0,True,16087.123127410947,16015.439173325698,23356.72946702763,71.68395408524884,0.003069092108398313,10633.088906224091
2025-06-09,6,F,0.25,True,38205.794776556584,37307.34206697424,44970.20195693319,898.4527095823432,0.019978845335023587,10059.291332435083
2025-06-09,12,F,0.03,True,32627.314529551993,32366.83957854134,39511.66592911193,260.47495101065215,0.006592355571085551,7063.404123583008
2025-06-09,18,F,0.0,True,15725.824794734894,15648.700210142122,22853.987108917867,77.1245845927715,0.0033746664958376857,10800.0
2025-06-10,6,F,0.24,True,38229.03499980373,37486.16367177285,45192.00391183814,742.8713280308802,0.016438114350496497,10028.02729715326
2025-06-10,12,F,0.03,True,34360.07660278819,33644.4652109673,41311.02906426474,715.6113918208939,0.01732252640590643,6618.717186935171
2025-06-10,18,F,0.0,True,16197.663170799633,16163.891289631214,23325.65719311862,33.771881168418986,0.0014478426433524943,10770.555495413255
2025-06-11,6,F,0.24,True,43455.63537849408,40857.78965135081,49960.85618896411,2597.845727143271,0.051997622244854776,10069.993302196726
2025-06-11,12,F,0.03,True,36321.75000372922,35202.50603968483,43066.460750801365,1119.2439640443918,0.025988761196810567,6450.0
2025-06-11,18,F,0.0,False,15972.43313618081,15959.89298300936,23166.465855900537,12.540153171450584,0.0005413062678378535,10765.675615663391
2025-06-12,6,F,0.25,True,39908.1136763252,39383.52248862191,46929.964289558586,524.5911877032922,0.011178171465602588,10084.203221616932
2025-06-12,12,F,0.04,True,35236.62227095166,34889.949667572146,42265.76001732598,346.672603379513,0.00820220914606532,7090.336126876037
2025-06-12,18,F,0.0,True,16120.76927779356,16063.180595934924,23400.65647367223,57.588681858636846,0.002460985738730412,10789.432874032927
2025-06-13,6,F,0.24,True,13624.406464172347,12830.42517922133,20869.27730694392,793.9812849510163,0.03804546143468186,4386.230609454999
2025-06-13,12,F,0.04,True,12816.484080509448,12540.17089374377,20098.754251802,276.31318676567753,0.01374777676785137,6784.688846180037
2025-06-13,18,F,0.0,True,8070.470083439999,7964.320496986458,15293.907518584956,106.1495864535409,0.006940645242201793,10775.944744598522
2025-06-14,6,F,0.22,True,14160.567861840535,13747.171100627846,21220.55119783243,413.39676121268894,0.019480962457512192,4938.885623466926
2025-06-14,12,F,0.05,True,13083.911579740445,12850.852759053767,20240.757007628898,233.0588206866778,0.011514333213863302,8367.831187167822
2025-06-14,18,F,0.0,True,8299.989982471403,8209.527306144118,15499.559502021797,90.4626763272845,0.005836467566415958,10800.0
2025-06-15,6,F,0.21,True,40626.76178796169,39704.51189355028,47592.018594472465,922.249894411405,0.01937824706007572,10083.228751546409
2025-06-15,12,F,0.05,True,35186.57114129639,35063.119112348926,42270.24799502537,123.45202894746035,0.0029205418658056837,7055.884459947702
2025-06-15,18,F,0.0,True,17130.742555600926,17081.01287471313,24383.44291155827,49.72968088779453,0.0020394856078434108,10785.662679383464
2025-06-16,6,F,0.2,True,41205.11369116279,40072.12550816086,48113.550318260415,1132.9881830019294,0.02354821407914122,10040.072946290333
2025-06-16,12,F,0.04,True,35880.19162795261,35261.019659686244,42970.44749024086,619.1719682663679,0.014409251111638755,6258.786133483365
2025-06-16,18,F,0.16,True,16743.736961634953,16697.32292177229,24068.278151182054,46.41403986266232,0.0019284320868787536,10797.654439042373
2025-06-17,6,F,0.2,True,45611.77964264191,43959.50974472779,51951.2709769822,1652.2698979141205,0.03180422474449535,10048.516649729943
2025-06-17,12,F,0.04,True,36635.48686683232,34969.505957311165,43866.61150412492,1665.980909521153,0.03797833596890645,7050.0
2025-06-17,18,F,0.16,True,16621.74763685179,16586.50215166775,23884.392710967004,35.245485184037534,0.0014756701420276788,10716.850059639792
2025-06-18,6,F,0.21,True,43818.20732151227,42964.41435605904,50290.11525949868,853.7929654532345,0.016977351534146107,10085.692707866416
2025-06-18,12,F,0.03,True,36402.02267797563,35211.31914113449,43478.92522297316,1190.703536841138,0.027385762889373368,7118.559289747378
2025-06-18,18,F,0.02,True,16350.180053787224,16248.120769798532,23502.84714369844,102.05928398869219,0.004342422148461116,10779.500832254815
2025-06-19,6,F,0.22,True,39048.12340591447,37363.37813431043,45996.34520985721,1684.7452716040425,0.036627807359855075,10065.789869479138
2025-06-19,12,F,0.03,True,34614.45680936182,34025.937273537835,41375.943662912956,588.5195358239871,0.014223712711391343,6998.620664758105
2025-06-19,18,F,0.57,True,16429.991141952953,16381.212968819935,23495.312779016178,48.778173133017845,0.0020760810290885745,10800.0
2025-06-20,6,F,0.21,True,14284.719856318769,13679.52800030971,21253.543345755552,605.191856009058,0.028474868691950046,3321.351361130566
2025-06-20,12,F,0.01,True,12903.343192355951,12314.005291554913,20020.585032173207,589.3379008010379,0.029436597374850344,7757.932176213358
2025-06-20,18,F,0.7,True,8063.460596607586,7982.756683787675,15179.569442570239,80.70391281991124,0.005316614092727934,10800.0
2025-06-21,6,F,0.2,True,13931.254048635312,13642.350110524112,20889.210325787026,288.90393811119975,0.013830294855835578,2905.494093320936
2025-06-21,12,F,0.01,True,13279.357369614718,13100.778764250352,20362.043398878286,178.578605364366,0.008770171139808278,6544.88294994474
2025-06-21,18,F,0.88,True,7552.354606071156,7433.3343445039245,14824.018736958535,119.0202615672315,0.00802887959595571,10800.0
2025-06-22,6,F,0.19,True,41096.838881007134,38657.59067649404,47506.942906195225,2439.2482045130964,0.051345088850055266,10118.330744635907
2025-06-22,12,F,0.0,True,34614.578105649474,33771.62472663237,41503.430953414514,842.9533790171045,0.020310450477293712,8055.234397614626
2025-06-22,18,F,0.96,False,16532.837848979274,16513.832984762033,23640.73589758764,19.004864217240538,0.0008039032414037433,10799.841309207239
2025-06-23,6,F,0.19,True,37708.23727844692,37245.08851479452,44641.67497765669,463.14876365239616,0.010374807035896473,10063.41160450194
2025-06-23,12,F,0.0,True,32939.720471893736,32494.31533947483,40170.678048079746,445.40513241890585,0.011087817135817484,7176.1455254272005
2025-06-23,18,F,0.87,True,16034.693422092552,15946.18576019845,23287.57368564626,88.50766189410206,0.0038006390484834167,10793.270005934846
2025-06-24,6,F,0.19,True,42018.64575878817,40758.97059525091,49074.58714367069,1259.6751635372566,0.025668584023935515,10078.482120016695
2025-06-24,12,F,0.01,True,35886.5937741999,35339.88914330134,42842.38259170133,546.7046308985591,0.012760836298690285,6330.254437754355
2025-06-24,18,F,0.88,True,16229.723104334485,16192.526423424495,23532.857529641497,37.19668090999039,0.0015806274636702418,10738.31902432301
2025-06-25,6,F,0.19,True,39142.37594426325,38473.929747219605,45931.13296344797,668.446197043646,0.014553226840182582,10096.329523929127
2025-06-25,12,F,0.02,True,31964.58512519417,31782.46280497255,38854.11999576634,182.1223202216206,0.004687336123980293,7275.841135129031
2025-06-25,18,F,0.91,True,16335.883822170637,16261.36065180547,23472.512552068714,74.52317036516797,0.003174912366107138,10731.875944102701
2025-06-26,6,F,0.18,True,37658.74383751316,36559.54598008483,44573.41671385919,1099.1978574283276,0.024660390395573033,10062.123893146621
2025-06-26,12,F,0.01,True,30904.980478184247,30415.766249914195,38013.54340359578,489.21422827005154,0.012869471889952142,7465.592436250391
2025-06-26,18,F,0.91,True,15750.889060935095,15693.581943065763,22935.59779453692,57.307117869331705,0.002498610168468415,10800.0
2025-06-27,6,F,0.16,True,11993.8255028847,11679.303025338204,19302.058854429328,314.5224775464958,0.016294763160683293,3275.7338881794794
2025-06-27,12,F,0.01,True,12822.1436394201,12545.376487143452,19869.527033985214,276.7671522766468,0.013929226991828192,7125.427378296607
2025-06-27,18,F,0.91,True,7430.00930764441,7338.852611301962,14733.450770734882,91.15669634244841,0.006187056770401226,10782.152884463452
2025-06-28,6,F,0.18,True,14252.489158697952,13357.612198628565,21085.344873378574,894.8769600693868,0.042440707773256245,2850.0389009275405
2025-06-28,12,F,0.01,True,11844.400483382346,11356.622061545097,18992.428702739424,487.77842183724897,0.02568278283266073,7733.237689207081
2025-06-28,18,F,0.96,True,7319.875847501589,7215.052746461683,14584.506546919938,104.82310103990676,0.007187291575664867,10800.0
2025-06-29,6,F,0.18,True,36562.88396046308,35284.464626447465,43266.299767156954,1278.4193340156125,0.029547692797756854,10077.754381271798
2025-06-29,12,F,0.02,True,32753.677365503732,31959.336015153982,39421.18904911165,794.3413503497504,0.020150111387054945,7257.108042627543
2025-06-29,18,F,1.0,True,16881.8925900296,16773.477871291183,23917.08618035751,108.41471873841874,0.004532940088139038,10667.592674541434
2025-06-30,6,F,0.18,True,38051.57592816668,36985.850934207636,44785.73414570133,1065.7249939590474,0.02379608181685549,10045.275111046
2025-06-30,12,F,0.01,True,31548.589225985088,31044.002899085564,38543.942887477126,504.58632689952356,0.013091196413729198,6927.087503396464
2025-06-30,18,F,1.0,True,15849.504114720641,15806.117863636333,22903.41406969002,43.38625108430824,0.0018943137015422016,10671.463498769783
2025-07-01,6,F,0.2,True,32797.73175657439,32171.27837478825,40005.06286179882,626.4533817861375,0.015659352516212224,10075.836169577029
2025-07-01,12,A,0.02,True,29040.13213112558,28823.988594240112,36216.600517549225,216.14353688546908,0.005968079107279379,6484.705399821596
2025-07-01,18,F,1.0,True,15897.35738124997,15862.669180618464,23058.624500073827,34.688200631506334,0.0015043482160609916,10800.0
2025-07-02,6,F,0.2,True,33743.35844472777,32482.014690240234,40595.277466707914,1261.3437544875342,0.031071194316185154,10101.059967524001
2025-07-02,12,A,0.03,True,29257.499427407063,28753.455200639415,36260.890827659365,504.04422676764807,0.013900492107688907,7942.84756494342
2025-07-02,18,F,0.88,True,15521.877499956992,15467.289505040406,22764.19913020578,54.58799491658647,0.002397975637287136,10800.0
2025-07-03,6,F,0.19,True,38657.62137876202,37268.87716286744,45045.18625554397,1388.744215894585,0.03083002494464465,10083.418153350807
2025-07-03,12,A,0.04,True,31215.602272781503,30552.08112295537,38166.287213711585,663.5211498261342,0.017385006461612493,6931.046849696671
2025-07-03,18,F,0.91,False,16455.228388923133,16433.64073359661,23459.163149780008,21.58765532652251,0.0009202227372175017,10800.0
2025-07-04,6,F,0.19,True,15919.191832392471,12544.952978810046,22493.429606715992,3374.238853582425,0.150009976805625,2806.175181114698
2025-07-04,12,F,0.04,True,12045.406472666307,11735.150883757471,19140.552912298303,310.2555889088362,0.016209332631634113,6674.492993080295
2025-07-04,18,F,1.0,True,8208.47376006893,8173.244093311365,15436.856104158356,35.2296667575647,0.0022821788659463235,10727.754238273
2025-07-05,6,F,0.18,True,13602.410300125854,12674.009412759822,20595.952874166054,928.4008873660314,0.045076860150061064,2934.255781145443
2025-07-05,12,A,0.02,True,12997.400861684515,12890.034275135213,20099.01342699531,107.36658654930216,0.0053418834182724795,5550.383771167917
2025-07-05,18,F,0.91,True,8777.97639818396,8714.358420202876,15995.309743783462,63.61797798108455,0.003977289530501873,10800.0
2025-07-06,6,F,0.18,True,44111.47243785859,39120.040396402546,50124.02118931213,4991.4320414560425,0.0995816361700916,10051.900016269909
2025-07-06,12,A,0.04,True,38523.24229545628,37618.77775644704,44862.813548726175,904.464539009241,0.02016067356156538,6859.974103182567
2025-07-06,18,F,0.88,True,17158.706878240017,16871.767759878996,24298.153172522867,286.9391183610205,0.01180909167555584,10800.0
2025-07-07,6,F,0.18,True,36269.132534568766,35401.56040393193,43401.33577816072,867.5721306368359,0.019989526015312016,10045.222168141496
2025-07-07,12,A,0.04,True,33890.523036345134,33193.514428526265,40841.25073224549,697.0086078188688,0.017066289482377626,7640.852693068846
2025-07-07,18,F,0.88,True,17581.153088476123,17509.512366263974,24763.614400091625,71.64072221214883,0.0028929832719364165,10680.892875744832
2025-07-08,6,F,0.18,True,40000.054492863106,38838.710964879545,46988.3795673628,1161.3435279835612,0.02471554751784221,9987.896821513403
2025-07-08,12,A,0.03,True,39588.58528248699,38147.604033353244,46130.685007059445,1440.9812491337434,0.03123693586846213,6480.1198591787315
2025-07-08,18,F,0.86,True,20314.69381269115,20151.866777618245,27405.7487334373,162.82703507290353,0.005941345980241035,10800.0
2025-07-09,6,F,0.17,True,42128.17581151543,41365.19588202974,49094.53963447459,762.979929485693,0.01554103440354744,9994.594575467552
2025-07-09,12,A,0.03,True,36791.80546345601,36305.17833280658,43863.66346350013,486.6271306494309,0.011094083171013827,7008.166375238496
2025-07-09,18,F,0.87,True,19538.717755367055,19445.888733845495,26734.477623418796,92.82902152156021,0.003472258662733103,10669.92522306
2025-07-10,6,F,0.18,True,40827.2243291096,39352.41036740822,47798.30097797096,1474.8139617013803,0.030854945291488186,9964.279778453156
2025-07-10,12,A,0.04,True,35299.01286913961,34783.433271144204,42577.18147094913,515.5795979954055,0.012109293762133856,6849.181541027486
2025-07-10,18,F,0.86,True,20260.531002807656,20040.353988261602,27429.612602790912,220.17701454605412,0.00802698228861065,10792.553683142249
2025-07-11,6,F,0.18,True,17941.559393616844,17160.77296269612,25013.678637673605,780.7864309207253,0.031214378429919025,3625.529815132889
2025-07-11,12,A,0.04,True,16351.163942010364,16124.67107726311,23531.96712523719,226.4928647472534,0.009624901460292622,7025.871293433308
2025-07-11,18,F,0.84,True,11459.899286547969,11392.542691769768,18679.89072175673,67.35659477820082,0.003605834519136113,10782.569647009672
2025-07-12,6,F,0.17,True,20587.915052007593,18074.043782760808,27306.227317719975,2513.8712692467852,0.09206219665561216,3574.695409354149
2025-07-12,12,A,0.04,True,18181.472492057528,17795.542830730185,25188.025043276226,385.92966132734364,0.01532195004031747,7091.157681187988
2025-07-12,18,F,0.84,True,11224.205667794156,11073.127488895936,18532.92571143953,151.07817889822036,0.008151879592598091,10535.485181591423
2025-07-13,6,F,0.17,True,41436.48763179339,39828.86929917858,48715.11735575334,1607.6183326148093,0.03300039946275418,9992.135795373139
2025-07-13,12,A,0.05,True,36067.99281367389,35754.11606905141,43304.37394530319,313.87674462248106,0.007248153385589454,6500.853536513578
2025-07-13,18,F,0.83,False,19870.597869088204,19855.727591334056,27142.706664986228,14.870277754147537,0.0005478553755779271,10800.0
2025-07-14,6,F,0.16,True,38846.406935528656,38144.612187991675,45710.774760595516,701.7947475369801,0.015352939240530107,10020.381138174322
2025-07-14,12,A,0.05,True,35000.840615559195,34784.635291560815,41886.44393440866,216.20532399837975,0.0051617015838571235,7007.319165743846
2025-07-14,18,F,0.83,True,19464.93605536622,19404.19243585653,26647.498717714632,60.74361950968887,0.002279524249280025,10722.963399519767
2025-07-15,6,F,0.17,True,39400.086491422124,38806.9273772485,46498.782767962686,593.1591141736208,0.01275644390808232,9975.63337114535
2025-07-15,12,A,0.05,True,36496.467867423664,35763.02621950629,43413.42741166525,733.4416479173742,0.016894350242438988,7476.5759410506125
2025-07-15,18,F,0.83,True,20407.615094015673,20362.490692534273,27555.853730606246,45.12440148140013,0.0016375613661818984,10726.892113139973
2025-07-16,6,F,0.15,True,40543.62497700338,39746.6209789797,47669.24523617567,797.0039980236834,0.016719459141317505,9982.487408437211
2025-07-16,12,A,0.05,True,38127.27110319633,37676.80010056049,45028.54540137659,450.47100263584434,0.010004120688785846,7099.639052895892
2025-07-16,18,F,0.83,True,20181.389915304782,20106.820747078797,27438.002767706268,74.56916822598578,0.002717733096584986,10800.0
2025-07-17,6,F,0.15,True,41602.296235419504,40551.12839055603,48268.26962987296,1051.1678448634775,0.021777616080376656,9946.003646945872
2025-07-17,12,A,0.05,True,38119.07582264834,37808.94974985028,44763.621652236514,310.12607279805525,0.0069280827008902325,7207.778896891034
2025-07-17,18,F,0.83,True,20774.01352415356,20715.651615660325,27951.21536978967,58.361908493236115,0.002087991800038686,10698.028287762741
2025-07-18,6,F,0.15,True,18763.08179022141,17857.26300940969,25934.166211472868,905.8187808117218,0.0349276230215183,3424.5581127756514
2025-07-18,12,A,0.05,True,17651.418004360232,17233.45826936751,24883.50430201567,417.95973499272077,0.016796658939989585,6768.596457829917
2025-07-18,18,F,0.83,True,11681.279833759467,11585.41749023969,18911.982152007964,95.86234351977691,0.005068868125470328,10800.0
2025-07-19,6,F,0.17,True,18322.655486011994,17905.27100484249,25427.307099063913,417.3844811695053,0.016414812608483854,3164.7877015859663
2025-07-19,12,A,0.06,True,20271.32681056321,19220.42593897525,26973.95932607535,1050.9008715879572,0.03895983006736672,3420.548622032508
2025-07-19,18,F,0.83,True,10983.71159216312,10916.943710786383,18265.726815927806,66.76788137673611,0.003655364062409725,10789.873965570618
2025-07-20,6,F,0.2,True,42682.5852659573,41921.43551063203,49649.74321907824,761.1497553252702,0.015330386543324425,9978.962799705025
2025-07-20,12,A,0.06,True,37280.152514851965,36886.79607107257,44156.210080625824,393.3564437793975,0.008908292696795288,6931.96464579848
2025-07-20,18,F,0.83,True,20096.582440901257,20061.094934050256,27285.43051524188,35.487506851000944,0.001300602782542768,10765.142730956928
2025-07-21,6,F,0.21,True,39225.55222207413,38634.307921850545,46130.86800247234,591.2443002235887,0.01281667408018209,9977.570510851736
2025-07-21,12,A,0.06,True,39088.87671300623,38001.433458552536,45603.80782113534,1087.4432544536976,0.023845448580057296,6556.311995180867
2025-07-21,18,F,0.83,True,20039.27545930142,20005.584704139856,27075.297465465654,33.6907551615659,0.001244335549943199,10785.426369687166
2025-07-22,6,F,0.21,True,61274.75824509285,49873.8793421195,66521.01525277327,11400.878902973353,0.17138762629600798,9978.918824603223
2025-07-22,12,F,0.06,True,42001.88705745636,37834.63923140508,48777.947370599955,4167.24782605128,0.08543302969249204,7050.0
2025-07-22,18,F,0.83,True,20018.645162211516,19968.901431208404,26957.56941652106,49.74373100311277,0.0018452602396945741,10800.0
2025-07-23,6,F,0.24,True,41878.38778252246,40960.69896058206,49133.8135144627,917.6888219403991,0.018677337586879436,9936.895860620843
2025-07-23,12,F,0.06,True,38584.95972204461,38101.28552314215,45601.533699749896,483.67419890245947,0.010606533589134793,6894.3107984288
2025-07-23,18,F,0.83,True,20222.515272290526,20166.607744277317,27460.63457625473,55.90752801320923,0.002035915370344449,10735.228481061042
2025-07-24,6,F,0.24,True,42497.36046035414,41970.45445145644,49293.889744790846,526.9060088976985,0.010689073465811846,9978.211131189382
2025-07-24,12,A,0.05,True,38518.181565129424,38199.294704149026,45225.96572289036,318.8868609803976,0.007050968528439812,7142.798024623251
2025-07-24,18,F,0.83,True,20588.2033490909,20555.917477979412,27518.58849028546,32.28587111148954,0.001173238631875578,10790.067554425406
2025-07-25,6,F,0.24,True,20034.89655291591,16685.249563974052,26748.319722210435,3349.6469889418586,0.12522831429147616,3164.229734736092
2025-07-25,12,A,0.05,True,17313.288880752247,17217.63633431938,24305.406565080728,95.65254643286607,0.0039354431770867344,7518.798427892425
2025-07-25,18,F,0.84,True,10908.771065486359,10813.399191502833,18177.756113907995,95.3718739835258,0.005246625237234631,10797.308491107487
2025-07-26,6,F,0.24,True,16948.573323520584,16731.01136812714,24061.791750811848,217.5619553934448,0.009041801942538391,3343.701219647481
2025-07-26,12,A,0.05,True,16837.464875403886,16719.356641379927,23935.689412321703,118.10823402395908,0.004934398670930234,7135.388038197987
2025-07-26,18,F,0.86,True,11397.480719763951,11355.027367515684,18660.069675598217,42.45335224826704,0.0022750907679505244,10750.56649199998
2025-07-27,6,F,0.25,True,40905.614365149995,40167.52084159298,47766.51228650876,738.0935235570141,0.01545211254131029,9961.162890478638
2025-07-27,12,F,0.05,True,33405.04335487976,32637.3346857903,40809.164073162894,767.7086690894575,0.018812163555056046,6883.422828990801
2025-07-27,18,F,0.88,True,19442.15956114154,18994.636088421357,26550.403739188365,447.5234727201823,0.016855618359567098,10795.348076421824
2025-07-28,6,F,0.25,True,45573.47175878601,44020.57212096643,51779.15075840561,1552.8996378195734,0.029990828645784274,9955.246181432849
2025-07-28,12,F,0.05,True,38831.46892537656,37865.68321526595,45477.41491319985,965.7857101106129,0.021236600891980185,7050.0
2025-07-28,18,F,1.0,True,20322.687237963455,20178.277459863348,27205.93627087697,144.40977810010736,0.0053080245672226,10800.0
2025-07-29,6,F,0.24,True,46906.02010687382,43638.93351703748,53357.337161892785,3267.0865898363336,0.06123031552199817,9968.604742179012
2025-07-29,12,F,0.05,True,39379.17644468973,38805.49297863421,45897.9653708279,573.6834660555178,0.012499104511942983,6541.184030371927
2025-07-29,18,F,1.0,True,19081.996613033967,19031.980101079644,26269.297106657003,50.016511954323505,0.0019039912545527771,10800.0
2025-07-30,6,F,0.24,True,47356.900516255584,43868.93803846572,53347.483403929735,3487.9624777898644,0.06538194972347901,9962.088091807549
2025-07-30,12,F,0.05,True,37648.95655688983,36932.97383019199,44500.7940080605,715.9827266978391,0.01608921239850579,6450.0
2025-07-30,18,F,1.0,True,19193.162115655927,19151.53367542378,26284.9368159006,41.62844023214711,0.0015837375042486211,10774.099374534719
2025-07-31,6,F,0.23,True,39450.36269215571,38838.16110134438,46169.87978236799,612.2015908113244,0.013259761422318467,9922.356364950938
2025-07-31,12,F,0.06,True,38845.9269113301,37880.385528902254,45393.265966283114,965.5413824278439,0.021270586327606873,6890.091835326792
2025-07-31,18,F,0.96,True,19576.809876320996,19439.894776974783,26621.890498152854,136.91509934621354,0.005142951788330484,10800.0
2025-08-01,6,F,0.23,True,15021.956917749225,14769.422532603441,22274.03697677103,252.53438514578374,0.011337611830722235,3182.841699802998
2025-08-01,12,F,0.06,True,15751.705459944465,15319.574510939556,22767.32619310411,432.1309490049098,0.018980311756406246,2542.103121712942
2025-08-01,18,F,0.86,True,11155.536591717404,11112.051929588912,18222.962986428236,43.484662128492346,0.002386256404124733,10784.333228543068
2025-08-02,6,F,0.25,True,16138.7134857441,16004.196592411341,23302.716195173994,134.51689333275863,0.005772584286145027,3078.8274652102987
2025-08-02,12,F,0.06,True,15641.025972265275,15528.833629625822,22819.234528173605,112.19234263945327,0.004916569068122587,3315.768732053865
2025-08-02,18,F,0.74,True,11071.578494386968,10931.90197205146,18314.27281359753,139.6765223355069,0.007626648557501192,10778.112302884807
2025-08-03,6,F,0.26,True,33721.050862513315,33022.246882186446,40582.98239443686,698.8039803268694,0.017219138148473333,9984.47766101281
2025-08-03,12,F,0.07,True,31692.893214172633,31137.01834331102,38630.183824956446,555.8748708616113,0.014389651195563215,6285.20745920053
2025-08-03,18,F,0.01,False,18410.471574579897,18389.048652622623,25621.619833694735,21.422921957273502,0.0008361267592106113,10781.514552199069
2025-08-04,6,F,0.26,True,37497.25156766977,36006.621176562156,43952.42009698446,1490.6303911076175,0.033914637415150856,9936.726876597182
2025-08-04,12,F,0.09,True,32080.651862240367,31132.48512725204,39191.96644766981,948.1667349883282,0.024192884943763832,6860.616487743904
2025-08-04,18,F,0.01,True,18559.13832951161,18521.539725440045,25689.448687617318,37.598604071565205,0.0014635815866958744,10777.646877594161
2025-08-05,6,F,0.27,True,36154.93558162781,34907.49476044812,42466.513873087206,1247.4408211796908,0.029374693315013217,9991.845435660112
2025-08-05,12,F,0.08,True,30609.78454095801,30109.848661378302,37721.06068167784,499.93587957970885,0.013253494746571151,7061.971872049897
2025-08-05,18,F,0.0,True,18468.121030758775,18425.795483314054,25430.156900937243,42.32554744472145,0.0016643840464531903,10789.061323470556
2025-08-06,6,F,0.27,True,34650.56214257959,34198.523484008794,41639.203522535805,452.03865857079654,0.010856083217973801,10002.323109285337
2025-08-06,12,F,0.08,True,34128.97134769106,33687.57386941169,40805.876763376495,441.3974782793739,0.010817007580524054,7019.235610809999
2025-08-06,18,F,0.0,False,17635.99469965086,17618.069233457914,24836.933593326332,17.92546619294444,0.0007217262197681683,10800.0
2025-08-07,6,F,0.27,True,35446.13474471284,34403.49190426368,42172.49276832911,1042.6428404491598,0.024723291700512625,9961.615772525132
2025-08-07,12,F,0.09,True,33591.33048461145,32999.33907681485,40144.15643195297,591.991407796595,0.014746639621137887,7049.006229334003
2025-08-07,18,F,0.0,True,18233.32655452952,18130.941090956472,25225.58095705226,102.38546357304949,0.004058795067886268,10800.0
2025-08-08,6,F,0.27,True,13757.024185545144,13632.448661229048,20695.671302318588,124.57552431609656,0.0060194000231410735,3258.2645205030217
2025-08-08,12,F,0.09,True,15133.787319837453,14841.45733079448,21802.510634752438,292.32998904297347,0.013408088359191519,1200.0
2025-08-08,18,F,0.0,True,9480.169291448938,9366.859587541565,16605.189639779008,113.30970390737275,0.006823752475306313,10790.328595242921
2025-08-09,6,F,0.27,True,12849.419787759665,12693.585208815211,20154.464650979797,155.83457894445382,0.007732012814186956,3036.762441365879
2025-08-09,12,F,0.08,True,13686.006270285578,13290.613331069935,20772.30607357611,395.3929392156424,0.019034619354016312,2471.1217719403894
2025-08-09,18,F,0.0,True,10266.746693899846,10203.85277821119,17263.43670315556,62.8939156886554,0.003643186276876093,10795.998693129557
2025-08-10,6,F,0.26,True,32471.28306703514,31987.35258798101,39358.52918040664,483.9304790541282,0.012295441144051625,9965.228621963433
2025-08-10,12,F,0.08,True,30865.707871920742,30591.4915945412,37880.61736804814,274.2162773795426,0.0072389600917867,7237.400202098783
2025-08-10,18,F,0.0,True,17403.011026297194,17330.45133681105,24661.34489646862,72.55968948614463,0.0029422438147943346,10774.422877724739
2025-08-11,6,F,0.26,True,32889.72767972024,32173.707457584132,39616.64647343377,716.0202221361105,0.018073721172140633,9947.566455483473
2025-08-11,12,F,0.08,True,31023.22552524232,30785.807383679734,37810.57813761106,237.41814156258624,0.006279146028883935,6415.236464761949
2025-08-11,18,F,0.0,True,17645.920370029402,17589.263168525402,24710.753782596825,56.65720150400011,0.0022928155896200296,10709.245392370722
2025-08-12,6,F,0.26,True,34207.02897306,33218.55852008296,41183.48589727728,988.4704529770388,0.024001621801577232,9992.777573992451
2025-08-12,12,F,0.08,True,33101.161034565856,32826.41087369209,39547.30343304555,274.7501608737657,0.006947380403291561,7235.4977370016
2025-08-12,18,F,0.0,True,18338.529095692407,18310.649529460505,25323.65630184532,27.879566231902572,0.001100929735405981,10725.298923381422
2025-08-13,6,F,0.27,True,32775.23623792929,31362.850805731578,39499.89191330723,1412.3854321977124,0.03575669106380238,10008.929048198404
2025-08-13,12,F,0.1,True,30293.76655734903,30121.730083002672,37115.1379053554,172.03647434635786,0.004635210430446345,6829.837653241
2025-08-13,18,F,0.0,True,18467.286944734788,18418.799359529738,25371.589210236438,48.48758520504998,0.0019110976771406637,10792.976929841216
2025-08-14,6,F,0.3,True,33773.88273567493,32534.764147599184,40653.75311004171,1239.1185880757475,0.03047980797053835,9917.848354981676
2025-08-14,12,F,0.1,True,30245.43791801219,29895.666117309753,37337.59128190225,349.77180070243776,0.009367819098495897,6536.391893171614
2025-08-14,18,F,0.0,True,17018.135367565585,16970.10260734707,24281.29838841538,48.03276021851343,0.0019781792328465385,10786.834351052978
2025-08-15,6,F,0.29,True,13183.206137971129,13012.468423520668,20416.59634899526,170.73771445046077,0.008362692367127252,3108.310756778232
2025-08-15,12,F,0.1,True,12882.042554586913,12675.655554245297,20132.751122139118,206.38700034161593,0.010251306395709679,1368.6413310382136
2025-08-15,18,F,0.0,True,8805.056286532083,8762.205243681085,16064.799652084215,42.851042850998056,0.0026673873175529234,10800.0
2025-08-16,6,F,0.31,True,13279.185657873064,13113.570949174182,20478.07815320207,165.61470869888217,0.008087414622596588,3101.993932296473
2025-08-16,12,F,0.11,True,12835.031212540785,12310.836841749022,20192.42447226857,524.1943707917635,0.02595995203605541,1200.0
2025-08-16,18,F,0.0,True,8884.695377872,8831.735012997578,16126.014033221109,52.96036487442143,0.003284157186352318,10800.0
2025-08-17,6,F,0.31,True,30731.894309873176,30034.33416897311,37740.883741141784,697.5601409000665,0.018482877764190983,9959.236189154526
2025-08-17,12,F,0.09,True,28796.51728988612,28013.053966803243,36120.42738929152,783.4633230828767,0.021690311541417335,7004.612362939832
2025-08-17,18,F,0.0,True,17362.72000303949,17299.62217011297,24503.73180419357,63.097832926519914,0.002575029527368617,10705.450788313612
2025-08-18,6,F,0.32,True,31453.836153617907,30870.695580448715,38491.83538472951,583.1405731691921,0.015149721163998736,9949.922626304677
2025-08-18,12,F,0.09,True,29601.15743743899,29339.661123631842,36706.18535924842,261.4963138071471,0.007124039484022847,6732.489026209571
2025-08-18,18,F,0.0,True,16758.493504779915,16722.184821271323,24139.750793027073,36.30868350859237,0.0015041034938554697,10797.784121529163
2025-08-19,6,F,0.33,True,31413.46417530038,30712.105686485796,38146.63897594914,701.3584888145851,0.018385852794443585,9964.980286221155
2025-08-19,12,F,0.09,True,30566.399898198673,30040.053042155865,37360.75809781381,526.3468560428082,0.014088227403330121,6656.831319787223
2025-08-19,18,F,0.0,True,17130.316201743364,17079.737475265385,24324.482157199825,50.57872647797922,0.002079334151950625,10800.0
2025-08-20,6,F,0.34,True,35548.30442149421,32371.54725753395,42394.12774605602,3176.757163960261,0.07493389610441505,9934.024827475589
2025-08-20,12,F,0.09,True,30407.196529370252,30004.695499558664,37432.21740504376,402.5010298115885,0.010752796860956305,5700.127263461622
2025-08-20,18,F,0.0,True,16644.427311328465,16531.891469303926,24064.356404535443,112.5358420245393,0.004676453428994657,10626.345511685073
2025-08-21,6,F,0.32,True,33646.746849635674,33033.93491665432,40667.1943317365,612.8119329813562,0.01506895036776905,9899.048521879571
2025-08-21,12,F,0.09,True,31333.5939299472,30980.832359120854,38204.93611577242,352.76157082634745,0.009233402975923689,6912.717763090066
2025-08-21,18,F,0.0,False,17533.411478115253,17527.037478226615,24678.174534786966,6.373999888637627,0.00025828490189388516,10779.525582666924
2025-08-22,6,F,0.31,True,13843.160537875703,13683.497251483324,20764.22828069433,159.66328639237872,0.0076893436266459595,3135.556932796031
2025-08-22,12,F,0.08,True,14053.831753664937,13608.315019652573,20819.009154361043,445.5167340123644,0.021399516696933685,2119.010090206592
2025-08-22,18,F,0.0,True,8920.749693138356,8901.057373993895,16007.635649415173,19.69231914446027,0.0012301828687098907,10800.0
2025-08-23,6,F,0.33,True,12507.753643668753,12368.989923057534,19825.976894556607,138.76372061121947,0.006999086166055114,3269.9205375603988
2025-08-23,12,F,0.07,True,14061.022988360988,13557.358828195594,20930.831383400975,503.6641601653937,0.024063265855976484,1200.0
2025-08-23,18,F,0.0,True,8906.726175083313,8821.90010428166,16183.175570936142,84.82607080165326,0.005241620869144804,10699.791671484172
2025-08-24,6,F,0.33,True,31003.94994958865,30436.14267793789,38161.32412718184,567.8072716507595,0.014879129187404621,9941.458717560005
2025-08-24,12,F,0.07,True,31362.046387396535,29916.143512611314,38477.085708726765,1445.9028747852208,0.037578284533573286,6574.561769523814
2025-08-24,18,F,0.0,True,17000.100180283393,16866.564315723823,24412.597009684097,133.53586455956975,0.005469957354663994,10576.725129166221
2025-08-25,6,F,0.35,True,34984.59650466601,34235.64536131763,41943.53980581911,748.9511433483858,0.017856173961847605,9956.636628061258
2025-08-25,12,F,0.08,True,32743.99835746376,32469.335207746546,39492.56109141278,274.66314971721295,0.006954807237784723,7471.873329843755
2025-08-25,18,F,0.0,True,16663.612996375094,16625.664837575678,24047.076084557375,37.94815879941598,0.0015780778779913972,10756.689779207743
2025-08-26,6,F,0.33,True,32769.141482718,31537.75516379306,39837.63005952366,1231.3863189249387,0.030910129871808502,9939.615839496018
2025-08-26,12,F,0.06,True,30513.7567117644,29811.505597564093,37676.02135655946,702.2511142003059,0.01863920575780337,7319.0069163531225
2025-08-26,18,F,0.0,True,18134.636345447187,18070.80536313036,25146.748603387652,63.83098231682743,0.002538339382302029,10800.0
2025-08-27,6,F,0.34,True,42962.622005003206,36165.16415208664,49132.11707356124,6797.4578529165665,0.13835059952208706,9940.671190977404
2025-08-27,12,F,0.06,True,33064.56600646255,32155.69187569595,39895.279080040884,908.8741307665987,0.022781495748986934,7407.307504333443
2025-08-27,18,F,0.0,True,17190.59815241867,17152.28576533065,24346.479500424182,38.31238708802266,0.001573631501316449,10772.458329497542
2025-08-28,6,F,0.35,True,36888.747313114494,35191.78004909969,43538.384911865505,1696.9672640148056,0.03897634851292638,9930.061788390365
2025-08-28,12,F,0.05,True,31498.070462427684,30453.496073677146,38603.289764490895,1044.5743887505378,0.027059206485333952,6616.874926851104
2025-08-28,18,F,0.0,True,17270.026059745753,17241.979456190296,24460.571763572847,28.046603555456386,0.0011466045776257743,10572.638258378684
2025-08-29,6,F,0.34,True,13706.330760864626,13520.157102467288,20883.556441412202,186.17365839733793,0.008914844505515095,3615.9221239611743
2025-08-29,12,F,0.05,True,14274.329476344064,13904.301219050198,21171.870970602296,370.0282572938668,0.01747735274826022,2790.793472178053
2025-08-29,18,F,0.0,True,9494.819251438908,9424.186497642448,16516.664020749893,70.63275379646075,0.004276453992629794,10737.380701589265
2025-08-30,6,F,0.36,True,13419.182231210687,13271.550095938173,20606.38415758965,147.63213527251355,0.007164388188800137,3629.442848371002
2025-08-30,12,F,0.05,True,13321.588959260562,13217.139660992601,20477.10464895578,104.44929826796033,0.005100784513170258,2859.895689680552
2025-08-30,18,F,0.0,True,9595.825849795787,9510.391972585103,16585.82068212134,85.43387721068393,0.005151018984714893,10797.25555179551
2025-08-31,6,F,0.32,True,34259.79753600396,33232.82141795019,40930.03511655259,1026.9761180537753,0.02509101482882564,9960.178445351425
2025-08-31,12,F,0.07,True,30320.130384660275,29924.633631161552,37392.72643231516,395.4967534987227,0.010576836492910304,6019.118672962939
2025-08-31,18,F,0.0,True,16813.3968145709,16759.760624753035,24067.804744978283,53.63618981786567,0.0022285451617292513,10792.667170157796
2025-09-01,6,F,0.32,True,32594.228576250054,31681.18528991648,39861.054838090444,913.0432863335736,0.02290564788218016,9903.155452458228
2025-09-01,12,F,0.06,True,30477.226991902542,29648.473644956983,37715.74701574388,828.7533469455593,0.021973669157331246,6020.227225595647
2025-09-01,18,F,0.0,True,16992.544115557546,16953.63863005564,24183.428198330483,38.90548550190579,0.0016087663495364835,10713.832021024533
2025-09-02,6,F,0.33,True,34751.03710160699,32169.560637948613,41498.86365739853,2581.4764636583786,0.06220595544423169,9935.709629506997
2025-09-02,12,F,0.07,True,28603.06693005121,27526.18558620399,35970.35358788348,1076.8813438472207,0.029938024968705488,6976.719980285026
2025-09-02,18,F,0.0,True,16149.635030665699,16081.020226831173,23493.148602481233,68.61480383452545,0.0029206303929511894,10800.0
2025-09-03,6,F,0.31,True,32154.31090299193,31346.468814894,39134.3697223325,807.8420880979284,0.02064277753365537,9934.341361076553
2025-09-03,12,F,0.07,True,29314.64428660439,28954.181965174168,36572.77553867724,360.4623214302228,0.00985602859288103,6696.42219988873
2025-09-03,18,F,0.0,True,16050.41404423132,15996.675609787218,23305.480518385022,53.738434444101586,0.0023058282107381945,10716.569158939077
2025-09-04,6,F,0.31,True,32115.544409010537,31223.323516619428,39039.36824604787,892.2208923911094,0.022854388594811162,9904.80486764044
2025-09-04,12,F,0.06,True,29071.601033140447,28607.036057793433,36425.18299132737,464.5649753470134,0.012753950349614542,6789.587274108313
2025-09-04,18,F,0.0,True,15530.27785903002,15478.311585877773,22869.297133767886,51.966273152247595,0.002272316147203155,10752.576364416394
2025-09-05,6,F,0.31,True,11380.12041931843,11171.87488437692,18701.082817742466,208.2455349415086,0.011135480066637516,3572.319692953638
2025-09-05,12,F,0.05,True,10912.623310290975,10683.940126532341,18229.46266077634,228.6831837586342,0.01254470238723401,1277.920534413247
2025-09-05,18,F,0.0,True,6956.742897263333,6871.305300656011,14308.973536184047,85.43759660732212,0.0059709102397366536,10800.0
2025-09-06,6,F,0.3,True,11203.182641464764,11014.794213538813,18520.791251576393,188.38842792595096,0.010171726756539969,3439.800863683679
2025-09-06,12,F,0.05,True,10719.377436874476,10531.916840520122,18062.290603430636,187.4605963543545,0.010378561638176137,1200.0
2025-09-06,18,F,0.0,True,6918.037780595465,6822.655682159597,14297.291042045084,95.3820984358681,0.006671340616580514,10800.0
2025-09-07,6,F,0.29,True,33137.89861437119,30557.087484650052,39752.97031528794,2580.8111297211362,0.06492121492437572,9919.088777766003
2025-09-07,12,F,0.04,True,27114.71951580367,26291.063899588764,34442.97935319427,823.6556162149063,0.023913599568979208,7025.667949930936
2025-09-07,18,F,0.0,True,14571.823418250207,14536.106310817939,21960.06718474348,35.717107432268676,0.0016264571110730824,10800.0
2025-09-08,6,F,0.31,True,28541.867829329756,27574.569440661042,35433.46299205247,967.2983886687143,0.02729900797124103,9937.13030172872
2025-09-08,12,F,0.04,True,27437.846918286763,26350.857389936304,34405.98816068643,1086.9895283504593,0.0315930332613581,6436.888323181958
2025-09-08,18,F,0.0,True,12941.443804352491,12843.981140857162,20261.979629875048,97.46266349532925,0.004810125430766228,10712.06352872621
2025-09-09,6,F,0.31,True,29145.348856717326,26824.62336026562,35712.09447617244,2320.725496451705,0.06498430099080642,9950.515971848072
2025-09-09,12,F,0.06,True,24498.12421398976,23178.686036774976,31791.820105240255,1319.4381772147826,0.041502442227184695,7190.533030905517
2025-09-09,18,F,0.0,True,12679.08280637217,12607.803008984043,19981.669750817247,71.2797973881261,0.0035672593070061507,10765.948425098026
2025-09-10,6,F,0.3,True,25454.84158226507,24974.584268190098,32787.074645899025,480.2573140749737,0.014647763463552666,9925.122503966382
2025-09-10,12,F,0.05,True,27292.544968279166,25186.861132689854,34190.59152025199,2105.6838355893124,0.06158664538874855,6363.761023017069
2025-09-10,18,F,0.0,True,12327.416152692387,12245.41363778342,19680.107147855397,82.00251490896699,0.004166771770747348,10795.432221298815
2025-09-11,6,F,0.3,True,27179.111480263695,25901.629073102522,34509.28743257883,1277.482407161173,0.03701851015199906,9911.267492094197
2025-09-11,12,F,0.04,True,24175.075908670144,23541.46820377298,31503.585904523075,633.6077048971638,0.020112240772127296,6078.066793662689
2025-09-11,18,F,0.0,True,12396.948127037778,12350.84924431265,19719.756661735802,46.09888272512762,0.0023377003842333334,10800.0
2025-09-12,6,F,0.29,True,7587.79753370937,7454.958237305147,14983.392934227873,132.8392964042232,0.00886576872056574,3817.836263133259
2025-09-12,12,F,0.05,True,8970.592410321076,7944.053924624972,16171.570818209275,1026.5384856961045,0.06347796990383994,1200.0
2025-09-12,18,F,0.0,True,4418.129528930283,4307.0162061406045,11806.1987893056,111.11332278967893,0.009411439259376916,10655.037804453157
2025-09-13,6,F,0.28,True,7480.021437121361,7264.29425273832,14786.018856378523,215.72718438304037,0.014589943816416687,3833.248980834618
2025-09-13,12,F,0.07,True,7452.853988321098,7336.050845660255,14798.945069959178,116.80314266084315,0.00789266681568711,1200.0
2025-09-13,18,F,0.0,True,3968.728767741324,3933.1776098076134,11305.594584569295,35.55115793371078,0.003144563310472287,10800.0
2025-09-14,6,F,0.27,True,26674.37650192663,26288.318861707594,33910.29110246456,386.0576402190345,0.011384674907464191,9915.226550155227
2025-09-14,12,F,0.06,True,24223.4271225778,23392.241931702963,31471.479869442817,831.1851908748358,0.026410743769373038,6480.267502340601
2025-09-14,18,F,0.0,True,11660.724219224961,11561.336185995295,19002.78528166046,99.38803322966669,0.00523018240518593,10797.4735754659
2025-09-15,6,F,0.28,True,23747.129769169165,23334.356942082282,30956.19394033063,412.7728270868829,0.013334094878799375,9927.50944323428
2025-09-15,12,F,0.05,True,22114.931267752458,21774.022446450566,29477.46900940474,340.9088213018913,0.011565064191675509,6272.136388922388
2025-09-15,18,F,0.0,True,11375.03356194185,11226.36273786664,18704.414221995827,148.67082407520866,0.00794843518276965,10800.0
2025-09-16,6,F,0.26,True,26330.80390007137,25722.299600166836,33333.73652854471,608.5042999045327,0.01825490818838901,9929.612798044625
2025-09-16,12,F,0.05,True,22640.82427813805,22178.470622605753,29959.38937711245,462.3536555322971,0.015432679542044116,6582.0387689129675
2025-09-16,18,F,0.0,True,11374.21886455735,11262.867676171318,18665.811419767826,111.35118838603194,0.005965515555788089,10783.881824668075
2025-09-17,6,F,0.27,True,27260.908934436557,26517.319232365262,34381.00985768989,743.5897020712946,0.021627919166690164,9874.074074074075
2025-09-17,12,F,0.05,True,23824.05098992758,23189.00623858677,31066.53261392023,635.0447513408071,0.02044144286177137,6211.711847470883
2025-09-17,18,F,0.0,True,11338.469917653094,11208.307981996353,18683.01971319961,130.16193565674075,0.006966857481008862,10769.54622540091
2025-09-18,6,F,0.28,True,31547.474596272892,28483.551980168617,37937.25392355293,3063.922616104275,0.08076289924089819,9890.16620391148
2025-09-18,12,F,0.05,True,23847.549390498272,22312.174434197244,31139.33467951112,1535.3749563010279,0.049306607610703546,7010.784001238281
2025-09-18,18,F,0.0,True,11212.210314293518,11189.915180825958,18544.881824411234,22.295133467559936,0.0012022256964836586,10785.216212986843
2025-09-19,6,F,0.29,True,8438.661605860105,8178.011993563515,15614.157805669534,260.64961229659,0.016693158577015765,4013.1713059053077
2025-09-19,12,F,0.05,True,7573.3609793526675,7248.939557008125,14827.03240229052,324.4214223445424,0.021880401522183554,1949.174684795676
2025-09-19,18,F,0.0,True,4055.336965839817,4005.2361060332796,11358.319402921588,50.1008598065373,0.0044109395086785776,10506.944060386979
2025-09-20,6,F,0.29,True,7801.2577835434295,7397.368217803677,15038.16197104711,403.88956573975247,0.026857641679705193,4210.05459042284
2025-09-20,12,F,0.06,True,7330.046896937821,7165.791254049784,14550.816129685534,164.25564288803707,0.011288414438344422,2964.0605759972323
2025-09-20,18,F,0.0,True,3930.2467640379145,3845.500572398978,11215.7664759635,84.74619163893658,0.007555987530638773,10367.919914559272
2025-09-21,6,F,0.29,True,28512.916451529498,27317.022493833312,35560.27906090936,1195.8939576961857,0.033630049855564996,9907.039916596168
2025-09-21,12,F,0.05,True,23623.781492037022,22939.808872656467,30893.239401834173,683.9726193805545,0.022139880201101414,7520.956253847657
2025-09-21,18,F,0.0,True,11512.73820995568,11441.973401877653,18846.95052596788,70.76480807802727,0.003754708645333655,10759.43277389452
2025-09-22,6,F,0.3,True,26926.50096267677,26490.66952603706,34263.49488477501,435.83143663970986,0.012719993628944477,9884.20238124767
2025-09-22,12,F,0.07,True,23508.49887492128,23043.894724647333,30833.755891103683,464.6041502739463,0.015068036210534971,6573.828703128653
2025-09-22,18,F,0.0,True,11097.777572267545,11020.445641871238,18443.789682187034,77.33193039630714,0.004192843863915567,10788.081490507248
2025-09-23,6,F,0.31,True,28107.191998114584,27755.17133616704,35330.918702371506,352.020661947543,0.00996352981684324,9918.733870516546
2025-09-23,12,F,0.07,True,24570.048642346163,24323.248253113597,31821.125493827865,246.80038923256507,0.007755866123605066,6641.469805407263
2025-09-23,18,F,0.0,True,11553.52724909562,11501.557330557313,18851.374110569184,51.969918538306956,0.002756823891642444,10800.0
2025-09-24,6,F,0.3,True,27582.05114088238,26608.41382237251,34743.59150078334,973.637318509871,0.02802350811912807,9874.074074074075
2025-09-24,12,F,0.07,True,23550.620709212933,23325.016038057925,30779.54199279363,225.60467115500796,0.007329695523339121,6470.736251623303
2025-09-24,18,F,0.0,True,11590.017295855834,11566.20566665851,18911.00942338543,23.811629197323782,0.0012591410994633753,10800.0
2025-09-25,6,F,0.31,True,29240.986408262746,28767.782989474952,36410.21303518164,473.20341878779436,0.012996447406955791,9902.837451016434
2025-09-25,12,F,0.07,True,24629.076446634775,24290.96271635135,31831.49882964561,338.11373028342496,0.01062198585410404,6763.550981984758
2025-09-25,18,F,0.0,True,11948.479819421287,11897.102839936297,19317.463274812828,51.37697948499044,0.0026596131569706968,10719.781047749711
2025-09-26,6,F,0.31,True,8193.430945409877,7905.801055802387,15517.927249335065,287.62988960748953,0.018535329170319078,4645.263344526268
2025-09-26,12,F,0.07,True,8059.617583678095,7918.163009485267,15376.65931541174,141.45457419282775,0.009199304692343055,2809.635559956057
2025-09-26,18,F,0.0,True,4135.578641522522,4063.557014077036,11445.590461785088,72.02162744548605,0.006292521795704137,10708.743740391465
2025-09-27,6,F,0.31,True,12729.27337103972,8578.265290199226,19550.653108716153,4151.008080840495,0.2123206860536989,4620.812319285465
2025-09-27,12,F,0.07,True,8048.294770379051,7725.070438311688,15338.370981102511,323.2243320673633,0.021072924397616193,4680.82560557592
2025-09-27,18,F,0.0,True,3896.6863103960295,3806.7672252846105,11221.092873997954,89.91908511141901,0.008013398170848738,10478.852291816489
2025-09-28,6,F,0.31,True,35369.894569490156,32808.403857041434,41919.37584103506,2561.4907124487218,0.061105172991179596,9915.060107593514
2025-09-28,12,F,0.07,True,26745.865265631845,24700.427493152507,34049.16709495136,2045.4377724793376,0.060073063366728435,6730.57541761646
2025-09-28,18,F,0.0,True,11908.858669374993,11865.739402986817,19271.745432819,43.119266388175674,0.0022374344108315853,10800.0
2025-09-29,6,F,0.32,True,28897.54095556969,28132.919132338066,36231.954948869374,764.6218232316241,0.02110352103028005,9903.518639988135
2025-09-29,12,F,0.07,True,25486.798410851487,24960.692986583465,32750.25008014811,526.105424268022,0.016064165097381226,6440.6226471931095
2025-09-29,18,F,0.0,True,11826.682592787885,11564.234323898449,19132.97331688862,262.4482688894368,0.013717066581479758,10787.60287195373
2025-09-30,6,F,0.34,True,30672.977078194534,30014.536468056576,37834.90254462949,658.4406101379573,0.017402994744370504,9905.813847090758
2025-09-30,12,F,0.07,True,27278.688470279463,26761.462761598676,34464.2964618117,517.2257086807876,0.015007580649554292,6499.73316455151
2025-09-30,18,F,0.0,True,12102.805248969215,12052.267406556004,19478.065207210617,50.537842413210456,0.0025946027942499016,10793.23273812981
2025-10-01,6,F,0.33,True,29678.208542971013,28878.813036228916,36961.206573332616,799.3955067420975,0.02162796025492465,9875.196179520506
2025-10-01,12,F,0.08,True,25392.060545649794,24658.590343496377,32717.944802901522,733.4702021534176,0.02241797908065336,6960.840704734095
2025-10-01,18,F,0.0,True,12086.844537273419,12040.245618958576,19423.20727566299,46.598918314843104,0.0023991361289353538,10795.601563892442
2025-10-02,6,F,0.33,True,28488.40154405278,27668.21962893837,35780.58027563948,820.1819151144118,0.02292254370376483,9902.03518189283
2025-10-02,12,F,0.07,True,24023.405417979346,23341.592251321606,31369.925412170676,681.8131666577392,0.021734612298224154,7298.035716768461
2025-10-02,18,F,0.0,True,12019.801639460837,11884.751049182663,19362.568138948343,135.05059027817333,0.0069748284064919735,10800.0
2025-10-03,6,F,0.33,True,7555.2118189426055,7400.448688754297,14854.497783710469,154.76313018830842,0.010418604010835197,4538.767480275184
2025-10-03,12,F,0.06,True,8016.525261349492,7727.7193778669825,15258.484136965793,288.80588348250967,0.018927560620706572,1200.0
2025-10-03,18,F,0.0,True,3922.8419985797664,3851.336206240867,11231.219891682638,71.50579233889948,0.006366698633676794,10457.422917781263
2025-10-04,6,F,0.33,True,8078.613856719572,7933.648219432831,15448.829368830293,144.96563728674118,0.009383600130843911,5056.271653696893
2025-10-04,12,F,0.08,True,8029.939458489271,7879.012742409859,15381.578716343114,150.92671607941156,0.009812173305660107,2089.7573027588187
2025-10-04,18,F,0.0,True,3644.208513581909,3571.786073383668,11023.579677331023,72.42244019824102,0.006569775183570461,10787.010532788723
2025-10-05,6,F,0.33,True,28919.47302112842,27848.948028383442,36158.53302143535,1070.5249927449768,0.02960642767532501,9874.074074074075
2025-10-05,12,F,0.08,True,24376.063385733323,23989.64755141191,31626.260126616817,386.4158343214149,0.01221819566317313,6121.509937345163
2025-10-05,18,F,0.0,True,11427.237117510378,11358.6699588898,18729.548287951646,68.567158620579,0.0036609082913487516,10800.0
2025-10-06,6,F,0.33,True,28143.456372775392,27134.912680318543,35252.45965271524,1008.5436924568494,0.028609172307191583,9874.074074074075
2025-10-06,12,F,0.07,True,23728.30493608174,23442.556478167324,31035.69542147699,285.74845791441476,0.009207090546347937,6618.435749628152
2025-10-06,18,F,0.0,True,11447.386480788778,11407.372623471547,18779.756246047345,40.01385731723167,0.0021306909841097405,10751.195289882844
2025-10-07,6,F,0.34,True,28138.386826677728,27745.76868945657,35390.839436058384,392.61813722115767,0.011093778601395194,9900.780702541908
2025-10-07,12,F,0.09,True,25190.10299941269,24536.67532739879,32372.68760162563,653.4276720139023,0.020184535805457492,6547.0275028959395
2025-10-07,18,F,0.0,True,11699.625672714832,11653.573220136052,19010.189973749053,46.0524525787805,0.002422514064424069,10769.945751818474
2025-10-08,6,F,0.34,True,25919.31456045893,25530.206894741903,33238.81777862354,389.107665717027,0.011706423143823991,9874.074074074075
2025-10-08,12,F,0.08,True,22672.505729849305,22379.45992195797,29946.223639376618,293.04580789133615,0.009785734970135166,6329.822776071849
2025-10-08,18,F,0.0,True,10413.365517562734,10325.510765833254,17747.178482997024,87.85475172947918,0.004950350378999674,10800.0
2025-10-09,6,F,0.33,True,27241.758626725103,26096.61003592576,34559.80569829211,1145.148590799341,0.03313527283100241,9874.074074074075
2025-10-09,12,F,0.09,True,23292.82361670758,22818.334312480834,30554.011415166307,474.48930422674675,0.015529525658003165,6050.978456242401
2025-10-09,18,F,0.0,True,10544.62617474069,10503.962663242144,17869.392362062586,40.66351149854563,0.002275595648393498,10800.0
2025-10-10,6,F,0.34,True,6707.707420361177,6545.562802807144,14076.053103445223,162.14461755403318,0.011519182000979167,5314.578505854612
2025-10-10,12,F,0.08,True,6744.224371178332,6597.689086997942,14089.06129694692,146.5352841803906,0.010400642107515323,2214.6494765287266
2025-10-10,18,F,0.0,True,3136.9529380967106,2992.622669003318,10509.586191027296,144.33026909339242,0.013733201904430488,10272.96863752362
2025-10-11,6,F,0.33,True,7298.391571004024,6990.2792891552235,14578.29723223318,308.1122818488002,0.021134997931552116,5481.908081501199
2025-10-11,12,F,0.08,True,7183.923352917003,6984.180905723715,14473.371975891727,199.74244719328817,0.013800684976935497,1376.135998291091
2025-10-11,18,F,0.0,True,3281.451901182745,3253.8061122948693,10611.818918564946,27.645788887875824,0.0026051885261169166,10288.131990520309
2025-10-12,6,F,0.34,True,28981.113228901944,28191.26300753352,36109.46390121464,789.850221368426,0.021873773134080152,9887.859011834733
2025-10-12,12,F,0.08,True,22975.15600927591,22435.048928558965,30258.308063101143,540.1070807169453,0.017849877117735655,7250.877095462157
2025-10-12,18,F,0.0,True,10641.334957587658,10542.11328834883,17938.8506441117,99.22166923882833,0.005531105153127363,10800.0
2025-10-13,6,F,0.34,True,27705.949877421306,27043.92377423188,35061.74980895829,662.0261031894261,0.01888171887588674,9884.518552021795
2025-10-13,12,F,0.09,True,23588.013155261913,23259.59099173455,30895.314714397708,328.4221635273643,0.010630160804748637,6085.50924013216
2025-10-13,18,F,0.0,True,10637.3508127904,10586.852015708968,18022.384693547217,50.49879708143271,0.002802004170930467,10789.395324931633
2025-10-14,6,F,0.34,True,28643.15444921809,27427.234313079913,35951.79049966447,1215.9201361381783,0.033820850623546166,9896.328484877788
2025-10-14,12,F,0.1,True,28601.22362384019,25067.436904317357,35569.05711375326,3533.786719522832,0.09935002516995159,5296.0377990844445
2025-10-14,18,F,0.0,True,10843.007843134214,10772.185685004692,18191.04278283056,70.822158129522,0.003893243448163775,10800.0
2025-10-15,6,F,0.34,True,29189.89487384951,28532.964818456763,36540.37721519851,656.930055392746,0.01797819577843614,9874.074074074075
2025-10-15,12,F,0.09,True,24331.596418377863,23788.539786972695,31594.855214393006,543.0566314051684,0.017188134831451277,7056.285794602044
2025-10-15,18,F,0.0,True,9988.85586244914,9933.994450107513,17312.824232791965,54.86141234162642,0.0031688308969090224,10800.0
2025-10-16,6,F,0.36,True,30343.38455913822,29952.206618289623,37468.422945085535,391.17794084859634,0.010440202978970171,9892.336455814217
2025-10-16,12,F,0.09,True,24869.701509345392,24491.0517736681,32069.948326893104,378.6497356772925,0.011806995503006961,6851.189371575718
2025-10-16,18,F,0.0,True,10534.538427092084,10401.55801806729,17815.89421592745,132.98040902479443,0.007464144511248256,10758.650436867687
2025-10-17,6,F,0.36,True,7105.075472923987,6764.395170731947,14386.071366012768,340.6803021920405,0.023681260402815808,5570.756753615355
2025-10-17,12,F,0.09,True,7268.226151042152,7058.912591166066,14517.791390157128,209.3135598760864,0.014417727480090273,3247.9753787225036
2025-10-17,18,F,0.0,True,2762.979968974977,2612.053158329236,10126.324378617352,150.92681064574117,0.014904402130790593,10214.721774328993
2025-10-18,6,F,0.37,True,8950.713890769975,7488.362160691115,16059.511223122581,1462.3517300788608,0.0910582962184651,5671.911658260045
2025-10-18,12,F,0.09,True,7155.965176451844,7009.431199447354,14436.161948129642,146.53397700449023,0.010150480268301178,6104.169026476708
2025-10-18,18,F,0.0,True,3055.211600917206,3001.304957823694,10394.76345762555,53.906643093511775,0.005185942259606313,10253.607207040806
2025-10-19,6,F,0.42,True,31454.97120732427,30973.76263088068,38592.81669003632,481.2085764435906,0.01246886383827554,9893.680529151445
2025-10-19,12,F,0.09,True,25874.10762543197,25401.776718178,33052.814091632325,472.3309072539705,0.014290187393561329,7139.523553822902
2025-10-19,18,F,0.0,True,10568.52836961144,10475.548476373187,17873.053475914883,92.97989323825277,0.005202238854348492,10779.865558255993
2025-10-20,6,F,0.39,True,33129.462355347794,31939.955065084752,40198.582546152975,1189.5072902630418,0.029590776960788094,9874.074074074075
2025-10-20,12,F,0.09,True,25779.04761493203,25322.26290849944,33021.77731773838,456.7847064325906,0.013832832256040277,6602.989767191146
2025-10-20,18,F,0.0,True,10770.945760562356,10642.35017016877,18074.5961058472,128.59559039358646,0.00711471446667543,10753.047950296068
2025-10-21,6,F,0.4,True,33581.76084057729,32903.72146635834,40722.505616766524,678.0393742189481,0.016650237109667964,9896.567757199047
2025-10-21,12,F,0.08,True,26909.47720734562,26337.334695534744,34124.104455783374,572.1425118108746,0.01676652093690059,6556.672704813653
2025-10-21,18,F,0.0,True,10574.71314701947,10459.601566430889,17918.451386152483,115.111580588582,0.006424192476674692,10765.433658294216
2025-10-22,6,F,0.41,True,32586.547455095613,31391.20288138844,39714.67110885736,1195.3445737071743,0.030098312294485622,9879.141718281033
2025-10-22,12,F,0.09,True,26024.444422920293,24963.44910620602,33218.6037404589,1060.995316714274,0.03193979268376127,6315.333622332606
2025-10-22,18,F,0.0,True,9847.029295969287,9736.676191116368,17232.187108651484,110.35310485291848,0.006403894302976509,10754.10937377676
2025-10-23,6,F,0.42,True,32878.26362399704,31734.864626811406,40165.848143397816,1143.3989971856317,0.028466945179485167,9882.035471743178
2025-10-23,12,F,0.1,True,25489.89444923185,25003.049513025282,32722.889357162,486.8449362065694,0.014877810174180555,6832.972776544845
2025-10-23,18,F,0.0,True,10638.6255134589,10472.68416195818,17942.417806649155,165.94135150071997,0.009248550183644979,10763.393314773106
2025-10-24,6,F,0.46,True,8795.33484560641,7706.590608716415,15901.842733149906,1088.7442368899956,0.06846654536586103,5913.956697318616
2025-10-24,12,F,0.1,True,7828.423610368229,7605.092161945566,15075.637861614112,223.33144842266302,0.014814062958577293,4534.861910641563
2025-10-24,18,F,0.0,True,2900.3821211871727,2877.2459739972437,10222.355935882906,23.136147189929034,0.002263289141470377,10265.574624806573
2025-10-25,6,F,0.44,True,7815.269254918419,7755.044635674904,15076.379106901286,60.22461924351501,0.0039946341768460104,6217.063766382062
2025-10-25,12,F,0.09,True,7868.83573257954,7546.848613748874,15109.75290202355,321.98711883066517,0.021309886463301696,3601.134997147416
2025-10-25,18,F,0.0,True,3349.7319360190686,3288.700717441623,10653.869028704108,61.03121857744554,0.005728549732779015,10226.94763235428
2025-10-26,6,F,0.45,True,32288.477744215837,31501.605083679595,39482.444537907715,786.8726605362426,0.01992968443939062,9881.480933263108
2025-10-26,12,F,0.08,True,26182.384302087677,25482.3660721036,33361.280620195204,700.0182299840781,0.020982954400147427,6885.422048832006
2025-10-26,18,F,0.0,True,10347.747647920898,10300.615202152776,17677.270694827926,47.132445768122125,0.002666273916476953,10795.42823953029
2025-10-27,6,F,0.47,True,34911.637924012524,34031.27817109868,41844.513787854965,880.3597529138424,0.02103883336719185,9888.671084423335
2025-10-27,12,F,0.07,True,27689.452387095203,27162.38207268733,34816.76950077186,527.0703144078725,0.015138403762479682,6982.046962640676
2025-10-27,18,F,0.0,True,10769.451093944268,10723.752334727009,18039.27584591835,45.69875921725907,0.0025332923343261075,10787.184763102205
2025-10-28,6,F,0.5,True,35076.20300991905,33662.905020702034,42083.03595541122,1413.2979892170188,0.03358355587069499,9874.074074074075
2025-10-28,12,F,0.09,True,27135.212259000942,26692.65905077182,34299.63026290769,442.5532082291211,0.012902564979183085,7107.1543243105825
2025-10-28,18,F,0.0,True,11117.2662978059,11045.691261190046,18384.2712068334,71.5750366158536,0.0038932757143644234,10697.730328367472
2025-10-29,6,F,0.49,True,35140.29729843968,34466.86198535575,42199.16854619164,673.4353130839299,0.015958497199933707,9874.074074074075
2025-10-29,12,F,0.09,True,26708.147926415997,26411.981253064936,33945.36154207203,296.16667335106104,0.008724805390096988,6656.625206591234
2025-10-29,18,F,0.0,True,10701.806177356704,10649.697108017399,17997.404509557007,52.10906933930528,0.0028953657907524527,10705.418123205103
2025-10-30,6,F,0.47,True,33425.864080363615,32871.73935160909,40569.21423852575,554.1247287545266,0.013658749353550778,9880.816140414445
2025-10-30,12,F,0.09,True,27398.356304967972,27028.05414737497,34520.22216174676,370.30215759300336,0.010727108181920974,6927.024125206823
2025-10-30,18,F,0.0,True,10044.886572215197,9960.459573788494,17386.501266083,84.426998426703,0.004855893496605918,10800.0
2025-10-31,6,F,0.46,True,8040.185647876273,7745.497179898226,15331.180885557953,294.6884679780469,0.019221511387661264,6567.456630413839
2025-10-31,12,F,0.09,True,8727.421453411334,8499.390774463604,15924.272110341715,228.03067894773085,0.014319692439797024,5656.533393605525
2025-10-31,18,F,0.0,True,3414.523701360924,3353.1191886589686,10693.910312057826,61.404512701955355,0.00574200745191581,10253.84374141532
2025-11-01,6,F,0.44,True,8914.041124436075,8609.479278097875,16127.224390502013,304.56184633819976,0.0188849512453965,6729.331563041784
2025-11-01,12,F,0.08,True,9686.97374053744,9140.338850810695,16811.1137372176,546.6348897267453,0.03251628049583457,5199.621068777623
2025-11-01,18,F,0.0,True,3169.9819739138575,3035.82428769147,10520.049546024211,134.15768622238738,0.012752571709425923,10253.985965828986
2025-11-02,6,F,0.45,True,37791.00793319807,36534.289297216856,44677.64051904346,1256.7186359812113,0.028128581128753785,9874.074074074075
2025-11-02,12,F,0.08,True,28019.268931200553,27472.85817185406,35267.604767364784,546.4107593464942,0.01549327670395469,7033.428597648031
2025-11-02,18,F,0.0,True,10978.496368539514,10934.962566922699,18247.34879246203,43.53380161681525,0.002385760370558546,10736.705000604137
2025-11-03,6,F,0.46,True,35873.22118832306,35552.0321443191,42967.46293230511,321.1890440039642,0.007475168932128829,9885.105521079844
2025-11-03,12,F,0.07,True,28621.135597273576,28471.87234891897,35757.02432853535,149.26324835460764,0.004174375557182211,7104.5150051558585
2025-11-03,18,F,0.0,True,11086.245427850587,10993.630991921596,18381.331038067037,92.61443592899013,0.0050385054127576046,10790.568997313898
2025-11-04,6,F,0.44,True,36154.47888040932,35745.65559331569,43110.11900680523,408.8232870936263,0.009483232626407056,9874.074074074075
2025-11-04,12,F,0.08,True,27833.444998073024,27311.480678028405,34933.86705721277,521.964320044619,0.014941498437312264,6753.691415033507
2025-11-04,18,A,0.0,True,10992.074064614022,10897.378336793892,18248.661373303472,94.69572782012983,0.005189187627683372,10800.0
2025-11-05,6,F,0.44,True,35714.97733655129,35385.17002295647,42959.85373129,329.8073135948216,0.007677105133032727,9878.47651136872
2025-11-05,12,F,0.07,True,27880.482267114778,27619.210884616463,35082.2396267308,261.2713824983148,0.007447397466016961,6817.312308880695
2025-11-05,18,A,0.0,True,10668.89448144968,10643.748515400732,18012.78643562079,25.14596604894905,0.0013960064501304583,10784.745614545285
2025-11-06,6,F,0.44,True,38040.39057207553,37495.732767020956,44865.408397045176,544.6578050545722,0.012139816052369719,9878.352746113955
2025-11-06,12,F,0.07,True,27542.33415052241,27317.85799406345,34753.3766409947,224.47615645895712,0.006459117880193763,7002.1571709286945
2025-11-06,18,A,0.0,True,11071.144611327452,10973.255523294674,18310.39132705304,97.88908803277809,0.005346094809462099,10795.225197010295
2025-11-07,6,F,0.42,True,9501.680693114928,8793.358276758578,16653.69294838473,708.32241635635,0.04253245322534011,6978.813374789599
2025-11-07,12,F,0.07,True,8306.78727467109,8179.372680579681,15619.368071575365,127.41459409140771,0.008157474329789367,5578.180110751204
2025-11-07,18,A,0.0,True,3289.439658755975,3211.30052792278,10648.271287137533,78.13913083319494,0.007338198729739566,10244.750069894159
2025-11-08,6,F,0.43,True,8812.603609453918,8742.318026445575,16093.621999247525,70.28558300834266,0.004367294261765868,7339.088792075724
2025-11-08,12,F,0.06,True,9097.388595703776,8927.788324586678,16372.551952255664,169.6002711170986,0.010358817098988199,5000.52486955383
2025-11-08,18,A,0.0,True,3456.922390397085,3406.3148855363506,10814.846034815628,50.60750486073448,0.004679447557350015,10227.14848478628
2025-11-09,6,F,0.43,True,36923.749352438936,36601.37782298977,44107.83742090751,322.37152944916306,0.007308713106309675,9874.074074074075
2025-11-09,12,F,0.06,True,29380.928360206388,28864.169228912928,36432.425499003075,516.7591312934601,0.01418404413693512,6980.723616892621
2025-11-09,18,A,0.0,True,10679.243368958005,10595.296115222014,18031.94177176096,83.94725373599067,0.004655474978710102,10701.792929728315
2025-11-10,6,F,0.41,True,41464.885317644614,39096.477996411915,48305.83323568911,2368.4073212326985,0.04902942693643222,9882.071262823676
2025-11-10,12,F,0.06,True,31994.419174172042,30963.10937062742,38956.07109434169,1031.3098035446237,0.026473660576474815,6450.0
2025-11-10,18,A,0.0,True,10797.264589742712,10637.37406409079,18164.55979076943,159.89052565192105,0.008802334187761138,10800.0
2025-11-11,6,F,0.38,True,39427.58200284957,39002.1396557342,46424.77173984943,425.4423471153714,0.009164123617008251,9874.074074074075
2025-11-11,12,F,0.06,True,28721.30661785735,28477.173659472704,35909.751629380306,244.13295838464546,0.006798514256080319,7073.632023462909
2025-11-11,18,A,0.0,True,11018.105557137415,10945.198554304285,18244.715470716357,72.90700283312981,0.003996061377342335,10798.13832526776
2025-11-12,6,F,0.39,True,41968.43321780116,40152.625577794395,48736.115503666995,1815.8076400067657,0.0372579476480874,9874.074074074075
2025-11-12,12,F,0.06,True,29136.455730893045,27991.869536218626,36358.041079646886,1144.586194674419,0.031480964339279396,7050.0
2025-11-12,18,A,0.0,True,11195.015273968756,11136.366276928404,18502.61628950067,58.6489970403527,0.0031697677843339988,10751.192985166781
2025-11-13,6,F,0.43,True,38080.540582838315,37254.036743991164,45146.79376741576,826.5038388471512,0.018307032900388865,9879.203324711722
2025-11-13,12,F,0.08,True,29588.972845671175,29122.27946390124,36548.834304395124,466.6933817699355,0.012769036021316117,7234.895895790211
2025-11-13,18,A,0.0,True,10878.955168513108,10828.036054552816,18107.661210784703,50.919113960291725,0.002812020468439343,10800.0
2025-11-14,6,F,0.42,True,9249.082847696225,9035.134349546339,16525.617096714006,213.9484981498863,0.012946475577751849,7491.2419134250395
2025-11-14,12,F,0.08,True,11535.927255579334,10457.61947447339,18558.40402079489,1078.3077811059447,0.05810347591838659,5749.480863642172
2025-11-14,18,F,0.0,True,3605.3314867385143,3563.205175467856,10898.917032948362,42.126311270658334,0.0038651832235539435,10263.653646032795
2025-11-15,6,F,0.43,True,10389.738756657754,10012.831279318918,17558.744441560637,376.90747733883654,0.02146551415411663,8459.595290395928
2025-11-15,12,F,0.07,True,10042.952904013197,9916.102761996928,17190.85134006582,126.85014201626836,0.007378933102668707,6715.702571795702
2025-11-15,18,Q,0.0,True,3528.919531403283,3475.7753068844904,10817.354301364012,53.144224518792726,0.004912867142762581,10265.685857269147
2025-11-16,6,F,0.43,True,40953.25621047086,39865.26052044981,47819.85119660394,1087.9956900210527,0.02275196728546742,9876.291392363506
2025-11-16,12,F,0.07,True,29299.34250296992,29068.878408657758,36468.98662256799,230.46409431216307,0.006319454299548475,7037.646437444419
2025-11-16,18,F,0.0,True,10981.916898043904,10949.69750258665,18235.110714426035,32.219395457253995,0.0017668878441064145,10702.59076941088
2025-11-17,6,F,0.44,True,42545.69472269001,40250.40552378584,49448.16853341159,2295.2891989041673,0.04641808315616918,9874.074074074075
2025-11-17,12,F,0.07,True,29967.85692538311,29197.301320452993,37002.20187321522,770.5556049301158,0.020824587887238618,7050.0
2025-11-17,18,F,0.0,True,10861.255270919652,10824.385287602812,18168.945591610238,36.86998331683935,0.00202928580147571,10773.694150508509
2025-11-18,6,F,0.45,True,37965.1510089794,37605.17185830266,45169.44313455302,359.9791506767433,0.00796952819640524,9874.074074074075
2025-11-18,12,F,0.07,True,30757.63482269048,30132.379403954656,37704.151879286386,625.2554187358255,0.016583198071598144,6865.3768434960875
2025-11-18,18,F,0.0,True,10749.747499570421,10633.323801729917,18053.951886908377,116.42369784050425,0.00644865448682887,10742.391046274759
2025-11-19,6,F,0.46,True,42648.523843168994,41023.10225274918,49501.67285309642,1625.4215904198136,0.03283569012391751,9905.640478280759
2025-11-19,12,F,0.07,True,30586.921339367254,30101.98842889573,37666.15162603862,484.93291047152525,0.012874501098123627,6490.799354371997
2025-11-19,18,F,0.0,True,11344.945240649897,11306.831370391723,18554.135695642413,38.11387025817385,0.002054198098115947,10792.090160728143
2025-11-20,6,F,0.48,True,40311.254596451494,39867.73916361303,47288.64262988274,443.51543283846695,0.009378899629447171,9896.899338461006
2025-11-20,12,F,0.07,True,30103.93578208034,29851.60728377242,37181.269781081595,252.3284983079211,0.006786441124619949,7166.213550081063
2025-11-20,18,F,0.0,True,10950.014092668045,10904.96913047439,18143.60040684812,45.04496219365501,0.0024826914825931265,10794.02868714954
2025-11-21,6,F,0.48,True,11377.922762165215,10263.897226795712,18551.548569337614,1114.025535369503,0.06005027187923209,7859.455205768094
2025-11-21,12,F,0.06,True,10685.614597514099,10070.307814492613,17801.41171589301,615.3067830214859,0.03456505544850374,6315.984482995851
2025-11-21,18,A,0.0,True,3429.68824163767,3400.1153114538247,10785.43592327672,29.57293018384553,0.002741931841625645,10448.666236883486
2025-11-22,6,F,0.5,True,9723.893586600194,9509.000075206184,17009.538267675827,214.8935113940097,0.012633706336543173,9680.995998228454
2025-11-22,12,F,0.07,True,10017.82354377134,9892.132342494875,17176.558190673706,125.6912012764642,0.007317601109674597,6823.543766559558
2025-11-22,18,A,0.0,True,3758.089791299605,3713.217167109464,11032.24211946919,44.87262419014132,0.004067407486548196,10341.701999693305
2025-11-23,6,F,0.5,True,41610.346402072915,40968.95523498671,48562.7736697394,641.3911670862071,0.013207465690656648,9881.720553688849
2025-11-23,12,F,0.06,True,29137.811643682297,28191.09366904055,36518.53851203561,946.717974641746,0.025924311684317025,6564.072152876699
2025-11-23,18,A,0.0,True,10700.56853369326,10652.401106911499,18000.46400600858,48.167426781761606,0.0026758991749147826,10790.885776954112
2025-11-24,6,F,0.49,True,39234.49701253297,38931.67302295502,46471.93130442016,302.82398957794794,0.006516277268406638,9900.996654708006
2025-11-24,12,F,0.04,True,29675.30375037631,29357.441132069333,36931.525652804514,317.86261830697913,0.008606809837622867,7038.380828349142
2025-11-24,18,A,0.0,True,11403.786279642025,11348.368873290858,18631.035663386327,55.4174063511673,0.0029744673002839814,10684.61235499831
2025-11-25,6,F,0.49,True,40270.91149197215,39934.01379121753,47524.50087664228,336.89770075462,0.0070889266492055085,9993.764109945327
2025-11-25,12,F,0.02,True,30042.022496647176,29805.683434318635,37141.59562160855,236.33906232854133,0.006363190874627961,6665.854280052366
2025-11-25,18,A,0.0,True,10755.13793216169,10628.649498992565,18016.863940240266,126.48843316912462,0.007020557716851905,10800.0
2025-11-26,6,F,0.46,True,41325.285950205,40957.17121092201,48440.65853039734,368.114739282988,0.007599292628360734,9876.437342117459
2025-11-26,12,F,0.03,True,30176.185104237768,30008.368180881196,37249.158408664414,167.81692335657135,0.004505254092332351,6450.0
2025-11-26,18,A,0.0,True,10895.810222978564,10810.167171304704,18165.430492859035,85.6430516738601,0.004714617234506334,10800.0
2025-11-27,6,F,0.44,True,41607.169512758635,41178.08961219263,48644.62316744606,429.0799005660083,0.008820705611985438,9889.54172605488
2025-11-27,12,F,0.04,True,30831.480320967763,30455.003805467513,37933.27627371454,376.47651550024966,0.00992470338664433,6939.0157772496
2025-11-27,18,A,0.0,True,10677.618467394292,10612.674993554774,17983.159613998727,64.94347383951754,0.0036113494643601586,10793.340364511472
2025-11-28,6,F,0.47,True,9857.49398338462,9494.78147485193,17005.919993033913,362.71250853268975,0.021328602550245247,9240.673779515482
2025-11-28,12,F,0.05,True,9172.896750283133,9008.420884464496,16411.67148258947,164.47586581863652,0.010021883876552295,6603.30273058583
2025-11-28,18,A,0.0,True,3389.8414142820775,3345.4860244484053,10644.297605209078,44.355389833672234,0.004167056529119001,10236.61951289143
2025-11-29,6,F,0.45,True,10385.081485511442,10094.840062388765,17657.416438704746,290.2414231226776,0.016437366368415796,9723.882158060112
2025-11-29,12,F,0.05,True,11061.690657455016,10600.484655376627,18174.634956732167,461.20600207838834,0.025376355738443622,6409.112985541687
2025-11-29,18,A,0.0,True,3124.1153706920504,3059.0409820206414,10470.3755678807,65.074388671409,0.006215095938968372,10247.13158763654
2025-11-30,6,F,0.4,True,44040.67730932528,43231.88643212129,51009.07245617886,808.7908772039882,0.015855824037945575,10339.34347006998
2025-11-30,12,F,0.07,True,32032.10947373956,31660.025997701945,39259.162825475396,372.0834760376165,0.009477621254729618,6647.036608625493
2025-11-30,18,A,0.0,True,10439.496214394452,10378.629036384964,17809.19209650216,60.86717800948827,0.0034177394280250914,10800.0
2025-12-01,6,F,0.42,True,43984.766865386584,42354.09932197617,51003.104351262096,1630.6675434104109,0.03197192728073736,10800.0
2025-12-01,12,F,0.07,True,31217.26353887543,30727.432214622575,38506.80323688558,489.8313242528566,0.012720643706503486,7088.437729066274
2025-12-01,18,A,0.0,True,10444.640238597798,10387.201076202853,17815.66788596711,57.439162394945015,0.0032240813402335702,10800.0
2025-12-02,6,F,0.42,True,44453.76213019565,43891.78740831933,51401.21441926063,561.9747218763223,0.010933102033203012,10800.0
2025-12-02,12,F,0.07,True,31761.500321515097,31397.112109937298,38991.77179070659,364.38821157779967,0.009345259136560934,6678.852092377964
2025-12-02,18,A,0.0,True,10563.483263962755,10525.363584877226,17875.736672049712,38.11967908552833,0.002132481574598926,10737.395285011347
2025-12-03,6,F,0.42,True,45630.30255502824,43883.55416018094,52514.62917778158,1746.7483948473018,0.033262129471273764,10800.0
2025-12-03,12,F,0.06,True,31665.79610817882,31487.788391670343,38877.56823212549,178.00771650847673,0.004578674145606272,7038.993346778294
2025-12-03,18,A,0.0,True,10431.820312968002,10393.05383392942,17783.14028638431,38.766479038582474,0.002179956881308758,10789.095763466774
2025-12-04,6,F,0.41,True,43704.81237299636,43414.58990618591,50753.74785944872,290.2224668104536,0.005718247007376885,10800.0
2025-12-04,12,F,0.07,True,31604.08675605312,31376.441614069707,38859.62932878124,227.64514198341203,0.005858139820567139,6367.488448968979
2025-12-04,18,F,0.0,True,10310.965909911225,10276.555878682006,17603.672255976755,34.410031229219385,0.00195470755924444,10800.0
2025-12-05,6,F,0.39,True,13768.1700182222,13238.885352628913,20806.479063629355,529.2846655932863,0.02543845424180871,10212.886343129696
2025-12-05,12,F,0.07,True,10645.522905697318,10496.14499980341,17886.008380256793,149.37790589390897,0.008351662524031777,6333.438169187119
2025-12-05,18,F,0.0,True,3258.6018115650386,3235.7592141657124,10605.372893198308,22.842597399326223,0.002153870272112373,10198.692117013952
2025-12-06,6,F,0.4,True,12772.569949104733,12200.93577373555,19945.47556170193,571.6341753691831,0.028659841857408493,10228.759038592398
2025-12-06,12,F,0.07,True,10613.359973825442,10468.357144034551,17859.831352312118,145.00282979089025,0.008118936115940329,6213.425645765498
2025-12-06,18,F,0.0,True,3386.04896999625,3284.676468114534,10661.110360568868,101.37250188171583,0.009508625129390996,10241.990386508149
2025-12-07,6,F,0.39,True,45707.43305147523,45196.58470844154,52929.894312869386,510.8483430336855,0.009651414378688411,10800.0
2025-12-07,12,F,0.07,True,32301.276578950743,32125.587165260622,39489.05666468756,175.689413690121,0.004449065855939485,6450.0
2025-12-07,18,F,0.0,True,10312.060275579543,10223.979658635852,17677.58034098825,88.08061694369098,0.004982617261224503,10800.0
2025-12-08,6,F,0.38,True,49375.727825976195,47677.52788200487,56351.354425092155,1698.1999439713254,0.030135920623323122,10800.0
2025-12-08,12,F,0.06,True,32667.843257470784,32122.708595676442,39886.61632925632,545.1346617943418,0.013667107214469143,7173.034176898192
2025-12-08,18,F,0.0,True,10578.574953310885,10520.021363860387,17902.818143820103,58.553589450497384,0.003270635325685279,10800.0
2025-12-09,6,F,0.4,True,47174.10409607267,46773.431203152424,54297.87112064246,400.6728929202436,0.00737916394604133,10800.0
2025-12-09,12,F,0.05,True,32389.16613079972,32234.052690541874,39628.76321232598,155.11344025784638,0.003914163039274475,6508.616939905047
2025-12-09,18,F,0.0,True,10662.820133809406,10573.552667405753,18007.568118894917,89.26746640365309,0.004957219420982606,10785.036508276917
2025-12-10,6,F,0.41,True,48152.45282628992,47556.029911676196,55181.733411421505,596.4229146137222,0.010808339603378148,10800.0
2025-12-10,12,F,0.05,True,33257.59427393093,32733.5887099577,40446.382225920825,524.0055639732309,0.012955560797657993,6576.804632900157
2025-12-10,18,F,0.0,True,10532.805048032691,10479.003344806846,17792.502376112505,53.8017032258449,0.003023841283735159,10800.0
2025-12-11,6,F,0.42,True,47240.00700369658,46865.6009562956,54427.78395892177,374.4060474009748,0.006878950788875585,10800.0
2025-12-11,12,F,0.04,True,32272.631112919596,31967.00970226319,39565.330289236656,305.62141065640753,0.0077244751509012105,6418.784426117785
2025-12-11,18,F,0.0,True,10649.063894472687,10572.734513210064,17944.873119738786,76.32938126262343,0.004253548116685403,10792.664685996155
2025-12-12,6,F,0.42,True,15901.982763132806,14730.795757538002,22806.134559052967,1171.1870055948038,0.05135403382638982,10161.653307179615
2025-12-12,12,F,0.04,True,11727.035094075742,11264.823400342022,18926.346572218958,462.2116937337196,0.024421601494510153,6458.858037829697
2025-12-12,18,F,0.0,True,3023.11979389078,2981.0055910850497,10318.827641222295,42.1142028057302,0.004081297243253658,10232.831361948389
2025-12-13,6,F,0.45,True,16371.298352653352,15001.018642978479,23531.112976397428,1370.2797096748727,0.05823267735144163,10163.78680128534
2025-12-13,12,F,0.05,True,11840.83746217015,11119.590947932165,19050.805667447425,721.2465142379842,0.03785910826177791,6940.1148917131595
2025-12-13,18,F,0.0,True,3158.0952528331636,3082.530211832878,10519.627386389806,75.56504100028542,0.007183243115440643,10229.739461571315
2025-12-14,6,F,0.46,True,48577.71479495248,47933.35748766815,55558.88278439611,644.3573072843283,0.011597736941270857,10800.0
2025-12-14,12,F,0.05,True,33043.826410676746,32733.699303881505,40256.624001697746,310.12710679524025,0.0077037534687996005,6805.141763489606
2025-12-14,18,F,0.0,True,10161.908290939306,10131.737147187296,17567.161429881733,30.17114375200981,0.0017174740422598218,10787.495054018753
2025-12-15,6,F,0.44,True,49635.566369118176,49020.36799931076,56439.5924906788,615.1983698074182,0.01090012068937281,10800.0
2025-12-15,12,F,0.05,True,32247.636292294243,31913.931244887353,39515.86131676253,333.7050474068892,0.008444838003956966,6450.0
2025-12-15,18,F,0.0,True,10203.229561089078,10086.65301342414,17562.823713988095,116.5765476649376,0.006637688196579061,10797.98561820852
2025-12-16,6,F,0.44,True,48597.04890195358,48394.815725219625,55825.93368910685,202.2331767339565,0.003622566849668609,10800.0
2025-12-16,12,F,0.05,True,32844.458106820086,32525.790683454925,40159.175801551835,318.6674233651611,0.007935108652126448,6417.827712123446
2025-12-16,18,F,0.0,True,10095.837368553697,10063.09277680199,17492.31098109643,32.74459175170705,0.0018719420085255422,10800.0
2025-12-17,6,F,0.45,True,48233.36727673694,47865.55753611284,55491.59466322658,367.8097406240995,0.006628206359112641,10800.0
2025-12-17,12,F,0.06,True,32509.14241974101,32195.44362509427,39767.55572511052,313.69879464673795,0.007888309676741295,6450.0
2025-12-17,18,F,0.0,True,10183.571263775724,10070.98276959475,17504.526169344037,112.58849418097452,0.006431964686833546,10800.0
2025-12-18,6,F,0.45,True,48320.189469945326,47764.055815453125,55366.98158906331,556.1336544922015,0.010044500143060986,10800.0
2025-12-18,12,F,0.06,True,32062.50701875575,31422.285055275148,39384.98556132243,640.2219634806024,0.016255483005923076,6450.0
2025-12-18,18,F,0.0,True,10094.948948184929,10001.669585525635,17442.767050534887,93.27936265929384,0.005347738830028886,10800.0
2025-12-19,6,F,0.47,True,15661.100174441419,15099.786558657632,22820.947095554533,561.3136157837871,0.02459642071091474,10103.709715211617
2025-12-19,12,F,0.06,True,10606.580281662284,10302.371852019245,17916.512848672803,304.20842964303847,0.016979220912710882,7024.937700624409
2025-12-19,18,F,0.0,True,2755.7079200051794,2729.2135089480707,10102.05738504676,26.494411057108664,0.0026226747727968905,10237.64732655381
2025-12-20,6,F,0.46,True,14725.123279577283,14502.259853873647,22054.82012802899,222.86342570363558,0.010104975892340346,10097.721123466928
2025-12-20,12,F,0.07,True,10787.270877379744,10562.674246527755,18140.363422373935,224.59663085198918,0.012381043622035516,6738.380692111971
2025-12-20,18,F,0.0,True,2912.5023340650296,2834.845489979414,10280.302190350194,77.65684408561538,0.007553945657211272,10258.364146769118
2025-12-21,6,F,0.45,True,48007.80379379958,47428.28926813313,55164.14041745416,579.5145256664546,0.010505276095684322,10800.0
2025-12-21,12,F,0.06,True,32182.448557022,32014.42518272441,39507.33538195952,168.023374297587,0.00425296651047523,6525.529123426051
2025-12-21,18,F,0.0,True,9981.796859801714,9916.316498900569,17356.568977983166,65.4803609011451,0.0037726558160317883,10800.0
2025-12-22,6,F,0.46,True,47246.03872067218,47019.91232512714,54442.03531903486,226.1263955450413,0.004153525749357492,10800.0
2025-12-22,12,F,0.07,True,32028.81877736675,31731.99895314953,39360.09505712713,296.8198242172184,0.007541135858193811,6346.989540482716
2025-12-22,18,F,0.0,True,9959.726818818386,9914.175975414762,17316.112700709255,45.55084340362373,0.002630546716282229,10763.150487094335
2025-12-23,6,F,0.47,True,48489.19757024882,48154.212603285436,55697.14656600068,334.98496696338407,0.006014400873596451,10800.0
2025-12-23,12,F,0.07,True,31736.67465754508,31569.33271574135,39119.443778669964,167.34194180373015,0.004277717821104962,6459.757606885802
2025-12-23,18,F,0.0,True,10163.005261752058,10116.192270056765,17520.875562888552,46.81299169529302,0.002671840886447987,10799.416940313708
2025-12-24,6,F,0.47,True,47354.15390297276,47104.49836607131,54522.65201637974,249.65553690144588,0.004578932382570902,10800.0
2025-12-24,12,F,0.07,True,31586.493040267997,31376.249177063823,38949.90596322844,210.24386320417398,0.005397801560873075,6431.96668574849
2025-12-24,18,F,0.0,True,9713.173868021075,9640.057517531646,17090.593445690112,73.11635048942844,0.004278163348848886,10800.0
2025-12-25,6,F,0.45,True,46946.524732931095,46673.03014530932,54226.52017247804,273.4945876217753,0.005043557778590112,10800.0
2025-12-25,12,F,0.07,True,32036.54344645978,31749.009324159524,39310.731111648114,287.53412230025424,0.007314392639597979,6334.567103544015
2025-12-25,18,F,0.0,True,9936.732916037628,9838.04740708368,17291.3945006398,98.68550895394765,0.005707203600628982,10796.221871972832
2025-12-26,6,F,0.47,True,14896.832843266804,14549.601672106222,22138.92631566546,347.23117116058165,0.015684192006858146,10092.035610994259
2025-12-26,12,F,0.09,True,10660.434329924086,10324.563488151267,18012.261383408477,335.8708417728194,0.01864678924114426,6810.174792784936
2025-12-26,18,F,0.0,True,2443.180550064667,2374.0052303291977,9829.697306747124,69.1753197354692,0.007037380458092755,10266.955261495588
2025-12-27,6,F,0.46,True,14740.9923094664,14455.148617299843,22036.788678450866,285.84369216655614,0.012971204486163375,10145.914485898036
2025-12-27,12,F,0.08,True,10761.049716748492,10546.659360016898,18123.24912449762,214.39035673159378,0.011829576212236542,6474.287838957027
2025-12-27,18,F,0.0,True,2497.541885550545,2468.129677627032,9899.431338231145,29.41220792351305,0.0029711007550428143,10274.493830249805
2025-12-28,6,F,0.47,True,47430.79672808384,47133.08464684083,54622.929093054714,297.71208124301484,0.0054503133791276095,10800.0
2025-12-28,12,F,0.09,True,31496.589454320332,31218.05130133321,38853.36784850004,278.5381529871229,0.007168957761222133,6427.1584348413335
2025-12-28,18,F,0.0,True,9951.326788149794,9902.315711984887,17285.629436579344,49.011076164906626,0.002835365431425414,10800.0
2025-12-29,6,F,0.47,True,47162.609963893796,46664.44196577813,54257.30523706358,498.16799811566307,0.009181583861178582,10800.0
2025-12-29,12,F,0.08,True,31665.583364475184,31479.18001773119,38994.17868618677,186.40334674399492,0.0047802865203063274,6885.278882465672
2025-12-29,18,F,0.0,True,9739.125230290878,9679.162830304054,17116.178209943282,59.962399986823584,0.0035032586861002473,10793.998165319732
2025-12-30,6,F,0.45,True,48114.31088105566,47752.50020548184,55335.60311808186,361.810675573819,0.006538478939169476,10800.0
2025-12-30,12,F,0.09,True,31414.744413906068,30662.59716665098,38808.11652654495,752.1472472550886,0.01938118400414037,6849.173901632532
2025-12-30,18,F,0.0,True,9753.627489622868,9710.667150074543,17128.519784069922,42.960339548324555,0.002508117460814043,10800.0
2025-12-31,6,F,0.46,True,46859.750658833604,46443.77322559943,54174.84751003162,415.9774332341767,0.007678423703124401,10800.0
2025-12-31,12,F,0.09,True,31095.037864254162,30841.3421553764,38480.49859375939,253.69570887776354,0.0065928384025384455,6722.033162151517
2025-12-31,18,F,0.0,True,9457.95835887765,9393.653524098196,16864.68532211557,64.30483477945381,0.0038129875269672197,10800.0
