date,hour,source,weight,accepted,keep_objective,adjust_objective,keep_cash,expected_gain,relative_gain,initial_energy_kwh,expected_cash_gain,expected_cvar_gain,terminal_energy_change
2025-01-01,6,Q,1.0,False,18810.22693219962,18810.22693219962,26257.663932199623,0.0,0.0,10057.495685185186,0.0,3.5700509215530474e-13,0.0
2025-01-01,18,Q,1.0,False,8193.020419901668,8193.020419901668,15640.457419901668,0.0,0.0,10800.0,0.0,2.5046915652637875e-13,0.0
2025-01-02,6,F,0.0,True,59680.275840838985,56289.56569167021,67040.9589206353,3390.710149168779,0.05057669525853267,10800.0,3303.956228965093,1735.07840407361,0.0
2025-01-02,18,A,0.0,False,10514.80354567625,10514.776346580677,17962.238835421667,0.027199095573450904,1.5142374969324028e-06,10799.994987592592,0.02548884099087445,0.03420509166593255,0.0
2025-01-03,6,A,0.01,True,59073.50949292785,55598.18723731292,66309.55696041083,3475.3222556149267,0.05241057872984761,10800.0,3263.9327230979106,4227.79065034027,0.0
2025-01-03,18,A,0.0,False,10651.318132602502,10651.318132602502,18098.755132602502,0.0,0.0,10800.0,0.0,0.0,0.0
2025-01-04,6,A,0.02,True,46201.93855311691,43849.30977644388,53386.72161278017,2352.628776673031,0.044067676485866826,10800.0,2089.974836336296,5253.078806734722,0.0
2025-01-04,18,A,0.0,False,7835.834281752781,7835.834281752781,15283.27128175278,0.0,0.0,10800.0,0.0,0.0,0.0
2025-01-05,6,A,0.03,True,38841.67495898394,37600.2470017791,46130.874603852615,1241.42795720484,0.026910999799278947,10800.0,1087.0581116362955,3087.3969113708376,0.0
2025-01-05,18,A,0.0,True,6602.114025224353,6581.3159302319455,14045.683515661574,20.79809499240764,0.001480746378004091,10800.0,34.84167593444363,-280.87161884073817,0.0
2025-01-06,6,A,0.03,True,48558.28064973374,47892.42098085391,54759.09289283929,665.859668879828,0.012159800933570629,10800.0,646.3691546792688,389.81028401112053,0.0
2025-01-06,18,A,0.0,True,12136.09733463638,11346.91119959221,18919.7046819269,789.1861350441704,0.0417123918323124,10800.0,391.5005261512488,13268.978271689568,-385.4001974999992
2025-01-07,6,A,0.04,True,55314.29712560518,52306.17787561146,61549.621900472746,3008.119249993724,0.048873074392852114,10800.0,2467.5351568545375,10811.681862783735,0.0
2025-01-07,18,A,0.0,False,10938.592721886316,10938.592721886316,18161.430214672968,0.0,0.0,10778.43921525,0.0,0.0,0.0
2025-01-08,6,A,0.04,True,54216.96109329273,51354.02227382806,61535.34283128285,2862.9388194646745,0.046525113662147934,10800.0,2958.2675446216745,-1906.5745031400475,0.0
2025-01-08,18,A,0.0,True,11010.040998074217,10984.077426862465,18240.118316965625,25.963571211752424,0.0014234321708101534,10800.0,-2.130571381887421,561.8828518727787,0.0
2025-01-09,6,A,0.04,True,59105.399778895204,57417.842084900905,66203.1066629676,1687.5576939942985,0.025490611831638966,10800.0,1548.268452583543,2785.78482821513,0.0
2025-01-09,18,A,0.0,True,13705.525721628013,13684.487226130204,20792.660637399746,21.03849549780898,0.0010118231555208983,10800.0,7.735196986377559,661.1734130387167,-28.64851614285908
2025-01-10,6,A,0.04,True,28618.531974929778,26623.87235689455,35646.91778470268,1994.659618035228,0.055956019257609006,10039.373015873016,1910.0904757893513,1691.382844917449,0.0
2025-01-10,18,A,0.0,False,4689.606472703257,4689.186212326083,11980.717428550046,0.42026037717459985,3.507806437143067e-05,10800.0,2.539065328452125,2.536083549459363,-3.2564999999995052
2025-01-11,6,A,0.05,True,27171.764980998552,26077.85988049653,33223.11212071392,1093.9051005020228,0.0329260274151137,10027.313756613756,1016.7867043216684,1542.3679236070893,0.0
2025-01-11,18,A,0.0,True,5028.520988899261,4939.705710035123,12181.781045228518,88.81527886413824,0.007290828700202775,10511.87006141187,37.96877323564331,1016.9301125699012,0.0
2025-01-12,6,A,0.07,True,64953.45782605734,63742.83745846406,71919.92126353111,1210.6203675932775,0.0168328933948257,10800.0,1161.6413758092967,979.5798356795476,0.0
2025-01-12,18,A,0.0,False,13406.391800187104,13405.828431204774,20818.897675366446,0.5633689823298482,2.706046165914171e-05,10800.0,-0.01491367779817665,11.565653202580165,0.0
2025-01-13,6,F,0.1,True,60093.263042471015,59612.45037712897,66773.84516054291,480.8126653420477,0.007200613716134516,10800.0,463.65857292003057,343.0818484404226,0.0
2025-01-13,18,A,0.0,False,13300.786709873215,13297.511911117317,20510.00058265579,3.274798755897791,0.0001596683892182389,10800.0,-6.966130164895731,204.81857841588408,0.0
2025-01-14,6,F,0.11,True,60281.50428163533,59441.221399790295,67361.70002547343,840.2828818450362,0.01247419351838323,10800.0,843.1411435874033,-57.16523484749632,0.0
2025-01-14,18,A,0.0,False,12457.427884793726,12453.423594109508,19698.018157482406,4.004290684217267,0.0002032839371049221,10799.999773268722,8.25440558786795,-85.00229807303185,0.0
2025-01-15,6,F,0.13,True,66669.43300745539,62858.266094805156,72228.3979978848,3811.166912650231,0.05276549138971407,10800.0,3338.3471534524288,9577.353973231311,-8.770500000000538
2025-01-15,18,A,0.0,False,12382.642236275926,12381.647942935773,19607.801899273247,0.9942933401525806,5.0709066995899915e-05,10799.999496125738,2.574783908778045,37.69893357499859,-5.025449999999182
2025-01-16,6,F,0.14,True,55998.62049895708,55653.87084374361,62307.69855162227,344.7496552134762,0.005533018603276596,10800.0,339.99030994803616,95.18690530869935,0.0
2025-01-16,18,A,0.0,True,12600.198356397259,12517.166137299862,19595.249582216617,83.03221909739659,0.004237364711738669,10782.85231952849,83.32430176246271,-5.841653301285987,0.0
2025-01-17,6,F,0.14,True,27935.90258877953,26726.40362317444,33353.71142847185,1209.4989656050893,0.0362627999645227,10042.22908457774,610.2796341564062,13448.907313448144,-106.18970924039968
2025-01-17,18,A,0.0,True,4393.472328098056,4191.719734016258,11616.73512892151,201.75259408179772,0.017367409331689593,10800.0,230.44657262669898,-1993.7207479500958,102.95008008904551
2025-01-18,6,F,0.14,True,26565.835399871212,26454.61304493706,33170.315175571945,111.22235493415064,0.0033530689818726716,10070.417082321459,83.27324559308181,558.9821868213876,0.0
2025-01-18,18,A,0.0,False,5725.609108208451,5721.902890568468,12915.478147060408,3.7062176399831515,0.00028695938298085345,10800.0,-7.411899691664075,222.36234663294817,0.0
2025-01-19,6,F,0.18,True,58224.3301544387,57954.95183301083,65507.211279915995,269.37832142786647,0.004112193393133433,10800.0,244.73921625293588,492.78210349847177,0.0
2025-01-19,18,A,0.0,False,13149.975598896346,13149.60815688818,20569.901394589393,0.3674420081661083,1.7863090401724455e-05,10800.0,0.4848019844175724,-2.3471995250250757,0.0
2025-01-20,6,F,0.18,True,55996.56083045434,55909.21639379811,61641.77833850508,87.34443665623257,0.0014169681506685555,10800.0,32.30640841955028,1153.5827951803149,-3.830043065987411
2025-01-20,18,A,0.0,False,12579.974918189335,12576.597643778457,19630.057793105465,3.3772744108773622,0.00017204607579217316,10800.0,1.2166815398959443,-9.610373027107926,3.830043065987411
2025-01-21,6,F,0.21,True,55508.5704650023,54683.29707464645,62000.653659419404,825.2733903558546,0.013310720801255223,10800.0,878.830026311276,-1071.1327191082928,0.0
2025-01-21,18,A,0.0,True,12513.087394223736,12434.732582121173,19686.815368674823,78.3548121025633,0.0039800653704122994,10798.822973765431,67.69555087865592,385.55855023721415,-12.498473758136242
2025-01-22,6,F,0.22,True,56001.3260228045,55863.87950004019,62101.228168643975,137.4465227643086,0.002213265772957898,10800.0,135.63426558447827,36.24514359667228,0.0
2025-01-22,18,A,0.0,False,12308.469223234146,12307.427571632494,19359.531206956475,1.04165160165212,5.3805621144267305e-05,10799.878567172873,0.9089488001554855,2.654056029964522,0.0
2025-01-23,6,F,0.23,True,56586.109535396,55129.152037187116,60964.478598638685,1456.9574982088816,0.023898465659007783,10800.0,1166.1015730975341,5900.203069589894,-6.024309621692737
2025-01-23,18,A,0.0,True,12200.98941129362,12171.048128736795,19057.025467551146,29.941282556825172,0.0015711414463819085,10800.0,30.829946552606998,476.50441424406927,-35.83916921301534
2025-01-24,6,F,0.22,True,15138.705844192153,15009.02169949857,21668.69733208543,129.68414469358322,0.005984861143524137,10153.966359102524,140.0620710197727,-207.5585265238078,0.0
2025-01-24,18,A,0.0,True,3206.1008675787143,3137.9202682919904,10497.571298454011,68.18059928672392,0.006494892708827322,10239.16029313002,66.57143912759057,58.215446276577495,-1.8875502096489072
2025-01-25,6,F,0.23,True,16245.908547947458,15736.966107830383,22142.914927022786,508.9424401170745,0.02298443731525026,10154.77797091273,502.7090370791775,336.22803058852514,-15.339825460554493
2025-01-25,18,F,0.0,True,4146.92026981155,4110.216859449511,11135.374618543461,36.703410362038994,0.003296109167348328,10267.7895494007,37.10896465604492,-14.378123384454739,0.45441139714785095
2025-01-26,6,F,0.23,True,57630.71304785147,57186.36595046892,64963.1110696299,444.34709738254605,0.006839991035932348,10800.0,539.6304416064886,-1905.6668844788433,0.0
2025-01-26,18,F,0.0,True,12887.788011672083,12716.590660179567,20288.29739470859,171.19735149251574,0.008438231565807286,10800.0,125.14031190265086,921.1407917972821,0.0
2025-01-27,6,F,0.23,True,53551.8659690663,52530.78181178274,60141.52112487947,1021.0841572835561,0.016978023471726788,10800.0,917.8820256065301,2064.0426335405373,0.0
2025-01-27,18,F,0.0,True,11924.763561801052,11818.710725353018,19317.19627000512,106.05283644803421,0.00549007397169269,10563.743726745286,130.56195485925127,-490.18236822436074,0.0
2025-01-28,6,F,0.23,True,50375.716492957676,50199.082599425674,57096.238886510306,176.63389353200182,0.0030936169698164437,10800.0,174.23454069472064,47.98705674564371,0.0
2025-01-28,18,F,0.0,True,11013.118251453097,10965.432253289595,18318.88113276267,47.68599816350252,0.0026031064789332464,10800.0,30.823735249839956,337.2452582732967,0.0
2025-01-29,6,F,0.24,True,53922.88069380646,53642.861284147875,60218.40333054284,280.01940965858375,0.004650063671093013,10800.0,216.703792614353,1266.3123408845713,0.0
2025-01-29,18,F,0.0,True,11359.918259630407,11322.607153214793,18564.98714360908,37.31110641561463,0.0020097566525091198,10800.0,55.94759883353254,-372.72984835839725,0.0
2025-01-30,6,F,0.46,True,51942.62634993015,50993.9947616926,56944.78484460566,948.6315882375493,0.01665879660141367,10800.0,763.7324489234015,3874.5592694340303,-12.803236993011524
2025-01-30,18,F,0.0,True,11353.148730357785,11239.481913065996,18325.703221249092,113.6668172917889,0.006202589658878111,10800.0,122.73461673369093,-132.72156424598325,-3.5263929429311247
2025-01-31,6,F,0.44,True,19922.897417006563,19534.852892423492,25219.85318618978,388.0445245830706,0.015386470401642193,10097.68708607581,286.5476831134147,2029.9368293930675,0.0
2025-01-31,18,F,0.0,True,3649.1641070470887,3603.9571597317226,10810.964320895166,45.20694731536605,0.004181583249515603,10249.127826164076,39.140198557703116,121.33497515325689,0.0
2025-02-01,6,F,0.44,True,15393.824156104774,15063.781436066902,21969.05568180137,330.04272003787264,0.015023072671770412,10094.845806045576,362.63991994225216,-651.9439980876123,0.0
2025-02-01,18,F,0.0,True,3542.6835645185947,3488.186352838169,10850.948500340353,54.49721168042561,0.005022345436319805,10229.862060299227,55.39447889472467,-17.94534428599991,0.0
2025-02-02,6,F,0.46,True,50866.77137424572,50764.92829874172,56108.08316904419,101.84307550400263,0.0018151230580657446,10800.0,96.25781164677755,161.63584642997012,-3.6203740178261796
2025-02-02,18,F,0.0,True,11341.685885395866,11307.016098487888,18442.19553282611,34.66978690797805,0.0018799164582257956,10788.312221954166,29.174417107689806,59.976826720218014,3.6203740178261796
2025-02-03,6,F,0.45,True,49204.99807617212,48800.99484224167,55878.33054684121,404.00323393045255,0.007230051971430825,10800.0,518.4476411039359,-2288.888143469614,0.0
2025-02-03,18,F,0.0,True,10850.322909318782,10801.876038954293,18127.403442561867,48.44687036448886,0.002672576385139585,10790.139456061761,-7.554013068329368,1120.017668656326,0.0
2025-02-04,6,F,0.43,True,46365.3078872093,46148.43358306868,53400.50036419973,216.87430414061964,0.004061278502289363,10800.0,292.78993119851657,-1518.3125411578494,0.0
2025-02-04,18,F,0.0,True,10595.34221059715,10490.571622543857,17802.191948218016,104.77058805329216,0.005885263362963548,10790.139456061761,79.24668651294633,510.47803080697304,0.0
2025-02-05,6,F,0.43,True,47046.48658064856,46730.38013735025,52504.04600362945,316.1064432983112,0.006020611121597365,10800.0,279.72834402339504,796.870730445793,-5.025450000001001
2025-02-05,18,F,0.0,True,10061.616523612094,10031.669524769555,17361.850845175722,29.94699884253896,0.001724873638737671,10800.0,23.632709609955782,57.01364356733711,5.02279592099876
2025-02-06,6,F,0.42,True,47263.23026648534,46959.325929531115,52531.01178981689,303.9043369542269,0.005785236693520885,10800.0,330.5363392510044,145.55070211817656,-49.17436749704029
2025-02-06,18,F,0.0,True,10259.410873187995,10199.33560120118,17380.22834696256,60.07527198681419,0.0034565294993556964,10800.0,40.14522558308454,-279.5898199792682,49.17436749704029
2025-02-07,6,F,0.44,True,9188.116736800925,8568.395602228833,16546.28710955259,619.7211345720916,0.03745378830120208,10194.62462428373,607.0694062020466,253.0345674009011,0.0
2025-02-07,18,F,0.0,True,2614.3083489573564,2482.904599765876,9928.196885203368,131.40374919148053,0.01323540928034173,10142.12353556845,118.58053827742879,256.4642182810512,0.0
2025-02-08,6,F,0.44,True,15391.558096211565,15249.028982494898,21561.6262683838,142.52911371666778,0.006610313709298486,10121.2597267241,107.55097808702703,699.5627125928149,0.0
2025-02-08,18,F,0.0,True,2548.6341648845428,2389.6151227691407,9982.821416626815,159.01904211540204,0.015929268438134036,10257.31478200712,166.88320884679888,-157.2833346279421,0.0
2025-02-09,6,F,0.42,True,50301.49480165182,49507.03139477304,54198.83865440963,794.4634068787782,0.014658310521089745,10743.389240550861,635.6084001488562,3177.100134598426,0.0
2025-02-09,18,F,0.0,True,10609.555051684792,10578.83119217749,17604.16394977908,30.723859507303132,0.0017452609277527602,10800.0,30.20118615058891,10.453467134337188,0.0
2025-02-10,6,F,0.39,True,45349.76009213107,45117.96692126494,50776.55471481358,231.79317086613446,0.004564964522859031,10347.254813547128,217.29100518190535,1143.1042130508504,-61.853881497472685
2025-02-10,18,F,0.0,True,10280.450990887675,10140.873079999665,17416.8459795126,139.5779108880106,0.008013960222889712,10800.0,130.67227739625378,-664.623001269385,61.10521813027117
2025-02-11,6,F,0.4,True,43526.19562637006,43059.24912796878,50705.23502516704,466.94649840128113,0.00920903922779407,10800.0,490.29794873781793,-449.4309682433286,-1.2760015000003477
2025-02-11,18,F,0.0,True,10523.071888540044,10406.771599543192,17876.674353670347,116.30028899685203,0.00650570048410452,10800.0,141.04206002186402,-512.433458987595,1.2760015000003477
2025-02-12,6,F,0.41,True,37908.07553744849,37251.07724479212,45042.60097857981,656.998292656368,0.014586153516507765,10159.654438703406,794.8680178297654,-2757.394503467922,0.0
2025-02-12,18,F,0.0,True,9630.224624070657,9598.758216023336,16973.87925431744,31.466408047321238,0.0018538135906273465,10800.0,32.44723985137534,15.743839579968153,-2.5639232472822187
2025-02-13,6,F,0.4,True,38759.94104402587,38170.78275859284,45193.7747094744,589.1582854330336,0.013036270796595417,9874.074074074075,743.3935715539119,-2998.58913795395,-6.244155621647224
2025-02-13,18,F,0.0,True,10281.666527983469,10228.934093531117,17426.142676625444,52.7324344523513,0.003026053179461451,10796.360012910684,48.99039306112172,-11.275756639142855,6.244155621647224
2025-02-14,6,F,0.37,True,11120.270497981384,10638.755989358115,17157.892500202757,481.51450862326965,0.028063732688474386,9521.681918239725,367.3356234887324,2283.5777026907926,0.0
2025-02-14,18,F,0.0,True,4194.879502494849,4115.845697995887,11087.352279935894,79.03380449896122,0.00712828477922397,10275.249327974165,63.13141446483496,618.4097495319711,-21.778694117008854
2025-02-15,6,F,0.36,True,11373.334937999532,10955.873226077018,18010.150338731768,417.46171192251495,0.023179246373348797,9486.017671168074,360.1337269498654,1146.559699453057,0.0
2025-02-15,18,F,0.0,True,2874.1462558191506,2749.808832139015,10220.791283349896,124.33742368013554,0.01216514653642194,10260.569297403366,109.6323485538469,294.10150252577023,0.0
2025-02-16,6,F,0.35,True,42047.17547220423,41754.73523368835,47162.312352566696,292.4402385158828,0.006200718835194421,9874.074074074075,269.09696691350837,949.3368106966955,-34.9831149253896
2025-02-16,18,F,0.0,True,9445.663175995629,9224.698666232232,16833.336284849735,220.96450976339656,0.013126602238812759,10800.0,202.10404921637382,-105.26216770874066,34.9831149253896
2025-02-17,6,F,0.35,True,37524.99207081584,36964.09969491545,44274.00074394911,560.8923759003883,0.012668662566642907,9874.074074074075,671.411966599786,-2210.3918139879606,0.0
2025-02-17,18,F,0.0,True,9552.339231685097,9488.84149915692,16972.09450193063,63.49773252817613,0.003741302083897368,10800.0,61.651734144888906,36.919967665798595,0.0
2025-02-18,6,F,0.33,True,38916.15431509724,38612.36559630693,44460.73657673079,303.78871879031067,0.006832741474402454,9874.074074074075,266.29497078233544,1060.0749800086633,-22.492034604461878
2025-02-18,18,F,0.0,True,10480.288954646156,10405.841010715834,17565.411647846577,74.44794393032134,0.004238326173212585,10800.0,42.64614020960653,697.9539246577242,-4.489549778190849
2025-02-19,6,F,0.35,True,35868.513693124616,35402.94486710269,42729.87676506129,465.5688260219249,0.010895627632668579,9874.074074074075,486.53469668787875,-419.31741331917146,0.0
2025-02-19,18,F,0.0,True,10134.035364466012,10061.2908405239,17390.950893048714,72.74452394211221,0.004182895138366971,10800.0,64.6322330280309,232.32628336124708,-5.081406011624495
2025-02-20,6,F,0.36,True,36633.22285924882,35880.4627774445,43332.57185848879,752.7600818043138,0.017371691767167734,9874.074074074075,694.5585724462726,1271.2433004174945,-7.773826238291804
2025-02-20,18,F,0.0,True,10344.962401919338,10295.587809889546,17503.54370554469,49.37459202979153,0.002820834047116464,10800.0,39.48316272555894,90.61547282787888,7.773826238291804
2025-02-21,6,F,0.37,True,9135.44398483182,8346.772173131805,15821.118481158112,788.6718117000146,0.049849308229330924,7062.285688167712,683.733362308185,2249.4611705110237,-10.92641383125374
2025-02-21,18,F,0.0,True,3610.0293757940162,3464.786696615448,10614.164801049905,145.24267917856832,0.013683853784162234,10276.04889052789,140.40301560968146,46.065190054938284,3.6782001531973947
2025-02-22,6,F,0.38,True,12025.921352176474,11296.215235852915,17804.085537059975,729.7061163235594,0.040985318499208764,6616.5236142597305,586.7207375690887,2869.5079289255664,-0.7106056850825553
2025-02-22,18,F,0.0,True,3367.5416068629347,3307.9208035577303,10459.133766022609,59.62080330520439,0.005700357662399125,10250.764695257802,59.29626061239651,190.57818566498736,-13.347834856042027
2025-02-23,6,F,0.37,True,39283.30628099238,38742.0034567755,44983.84982970026,541.3028242168803,0.012033270301811496,9874.074074074075,389.30177932659717,3166.868227179213,-9.197467244326617
2025-02-23,18,F,0.0,True,12196.352158623606,12113.847499191823,18853.09200862725,82.50465943178278,0.004376187173649199,10798.139318464993,47.02448461672975,1163.851841339574,-32.93671451276532
2025-02-24,6,F,0.39,True,34223.138180391026,32783.29130247272,41480.02354560853,1439.8468779183095,0.034711814383016314,9874.074074074075,1369.9550659817032,1397.8362387320321,0.0
2025-02-24,18,F,0.0,True,10714.383939247416,10661.266902592515,17794.52360687133,53.11703665490131,0.002985021562161419,10795.586219585304,60.55976408904462,150.6778914291017,-21.718547959579155
2025-02-25,6,F,0.4,True,38538.41927197926,37871.42290714046,44316.80662018028,666.9963648388002,0.015050641409145984,9874.074074074075,591.4335905368644,1511.255486038659,0.0
2025-02-25,18,F,0.0,True,9616.788746791555,9573.302713370604,17019.23822619889,43.48603342095157,0.0025551104487162367,10800.0,43.5440967087161,-1.1612657553170038,0.0
2025-02-26,6,F,0.4,True,36376.817006632715,35907.94049373322,42278.061778537776,468.8765128994928,0.011090302941406727,9874.074074074075,454.6740965353456,299.1697465572943,-1.0964263824134832
2025-02-26,18,F,0.0,True,10994.42522933336,10956.266922587189,18093.447126219147,38.15830674617064,0.0021089572639188016,10736.54284028197,30.634568118977768,135.3533532694928,1.0964263824134832
2025-02-27,6,F,0.4,True,32031.726381009896,31460.78763114965,39273.6374619446,570.9387498602446,0.014537455320085216,9874.074074074075,503.6277373354751,1481.7885589083062,-9.82980944222436
2025-02-27,18,F,0.0,True,9928.898835140308,9876.334258205954,17209.681677060336,52.56457693435368,0.003054360790671665,10800.0,56.022931844305276,115.7717418232046,-13.40957615512525
2025-02-28,6,F,0.38,True,11291.105149650919,10119.009033467506,17121.25509774012,1172.096116183413,0.06845853937064002,6445.147532678882,911.6807001044253,5208.308321579701,0.0
2025-02-28,18,F,0.0,True,3529.5123044583142,3482.3150952725427,10584.626538238284,47.1972091857715,0.004459033959796852,10183.459663053773,38.267571010981555,178.59276349583342,0.0
2025-03-01,6,F,0.4,True,9517.402866872608,9054.897969070307,15966.68805162685,462.50489780230055,0.028966865032174022,6391.853528154565,356.11115319731107,2761.5463631877683,-45.94635636226121
2025-03-01,18,F,0.0,True,2484.531774059229,2372.4511734210264,9866.886575952656,112.08060063820267,0.011359267158433023,10267.246672993688,83.05159544356138,132.2448536183855,32.50796685466594
2025-03-02,6,F,0.37,True,37679.581877408484,36534.997782979925,44647.111127362936,1144.5840944285592,0.02563624085696054,9874.074074074075,1077.04781256141,1350.7256373430282,0.0
2025-03-02,18,F,0.0,True,10944.861709903626,10899.692638960938,18025.53100749182,45.16907094268754,0.0025058385755134895,10800.0,35.42716134752118,194.83819190330996,0.0
2025-03-03,6,F,0.32,True,38913.49926206936,38033.576659109836,45126.50288483917,879.9226029595229,0.019499020458222664,9874.074074074075,789.7034730603846,1804.3825979827889,0.0
2025-03-03,18,F,0.0,True,10033.431821421555,10006.494798526355,17376.04196888004,26.937022895199334,0.0015502392859917534,10741.442843535242,26.257574678256788,13.588964338888673,0.0
2025-03-04,6,F,0.3,True,35720.75858017456,35131.831232185745,42536.91123042532,588.9273479888143,0.013845089616370005,9874.074074074075,528.7349145192784,1203.8486693906561,0.0
2025-03-04,18,F,0.0,True,10143.80367167201,10087.721909259168,17457.569935242136,56.08176241284309,0.0032124609908982292,10789.730695929462,44.98250325497429,221.9851831573801,0.0
2025-03-05,6,F,0.32,True,35292.43710851465,34988.158375747094,41887.63627301052,304.2787327675542,0.00726416575011205,9874.074074074075,293.2858774685883,219.85710597941943,0.0
2025-03-05,18,F,0.0,True,10493.616742082215,10420.24548974349,17731.433661973446,73.37125233872393,0.00413791990751852,10789.69485124954,87.39727881991348,153.3145918175028,-31.4565891028451
2025-03-06,6,F,0.32,True,32695.5517062675,31813.26427037821,40111.99913031637,882.2874358892877,0.021995598699105,9874.074074074075,897.0776263418229,-295.8038090506292,0.0
2025-03-06,18,F,0.0,True,10302.885235092677,10263.987104256501,17569.104567638446,38.89813083617628,0.002214007588515638,10794.87613841395,28.02420347113366,217.47854730090557,0.0
2025-03-07,6,F,0.3,True,6425.405961303886,6234.275110896837,13819.616186920244,191.13085040704937,0.013830402221151963,5784.31640779385,188.9061310122761,243.76342822777553,-14.448632701351016
2025-03-07,18,F,0.0,True,3418.746866951491,3329.259465719946,10527.472890670035,89.48740123154494,0.008500368717249615,10221.965138320651,75.3563715574619,254.09342327107242,2.0684527997636906
2025-03-08,6,F,0.29,True,7285.54313833071,7190.538014818956,14326.993475920412,95.00512351175348,0.006631197513381296,5146.835358732269,77.0629463545556,379.0623946963515,-1.4660318493843079
2025-03-08,18,F,0.0,True,2577.6340425377202,2512.56557132317,9970.872857277313,65.0684712145503,0.006525855072663935,10254.281732193855,60.125503543236846,78.64050187390944,1.4660318493843079
2025-03-09,6,F,0.31,True,30289.81817715081,29170.018566329643,37665.42642593509,1119.7996108211664,0.02973017212544053,9874.074074074075,1138.976847181024,-333.6742879461592,-3.6160140992869856
2025-03-09,18,F,0.0,True,9859.709904505222,9821.278238878049,17255.2113658034,38.43166562717306,0.002227249774716607,10784.459644776243,43.4604772527382,6.115294015037307,-7.73600694094057
2025-03-10,6,F,0.31,True,31914.228620458423,30572.535630175207,38993.290635481026,1341.6929902832162,0.03440830379835587,9875.692516170113,1192.963073345898,3461.463985020783,-35.30173521282995
2025-03-10,18,F,0.0,True,9898.702081230713,9860.740573036797,17276.018403564653,37.961508193915506,0.0021973528452645494,10800.0,28.694395010435983,-25.699595343153305,15.302258195250033
2025-03-11,6,F,0.26,True,32398.89533211288,30907.896096123437,39388.2725088344,1490.9992359894422,0.037853887490369775,9886.28899874554,1230.433975983069,5270.822086292086,-4.315460275647638
2025-03-11,18,F,0.0,True,9813.293386834826,9773.12043614516,17209.610295521983,40.17295068966632,0.0023343323875334647,10777.649488811208,41.97056587512998,100.8316462874875,-9.917953384261637
2025-03-12,6,F,0.25,True,29613.666360236057,28501.21570462524,36998.26672687725,1112.4506556108172,0.030067642460739428,9875.96363179538,1112.5744553552577,-2.4759948888215604,0.0
2025-03-12,18,F,0.0,True,9854.744574747756,9794.141803529315,17262.096451921137,60.602771218440466,0.0035107422431124146,10800.0,55.651903715490334,99.0173500590081,0.0
2025-03-13,6,F,0.27,True,31694.233516128334,30351.42542117174,38822.227005140216,1342.808094956592,0.0345886415732616,9920.985822772613,1216.7717697597327,2520.726503937136,0.0
2025-03-13,18,F,0.0,True,9759.447190465888,9706.954294728308,17165.744136696198,52.4928957375796,0.003058002922539345,10765.030534723986,55.109783205793065,85.93221200366281,-10.02570134378584
2025-03-14,6,F,0.25,True,6788.576481381737,6235.513099590046,14121.220200766094,553.0633817916905,0.03916541020737614,5003.594095428128,509.02243417584214,1175.826915211206,-21.39048641336194
2025-03-14,18,F,0.0,True,2529.150703983797,2445.3010576197676,9920.383506129372,83.84964636402947,0.008452258555551047,10216.93300068732,67.88151179893794,66.16012076276638,18.359254075072386
2025-03-15,6,F,0.31,True,8335.543283575185,6217.7027403512175,15483.672269862878,2117.840543223968,0.13677895697560663,4594.087080350501,1900.256346642991,4600.683411121889,-18.0544956514932
2025-03-15,18,F,0.0,True,2553.8143163588966,2515.963183302898,9930.362410689435,37.851133055998616,0.0038116567644353202,10225.908150149195,24.751411233704857,71.74132056484905,13.794904552500157
2025-03-16,6,F,0.32,True,30936.091875201593,30197.228477698674,38103.43453952401,738.8633975029188,0.019390992083312308,9902.921079395586,611.9405291314688,2703.436242822298,-11.962315721826599
2025-03-16,18,F,0.0,True,10010.125955692114,9970.804789013655,17398.980635779608,39.32116667845912,0.0022599695638259574,10762.51515188902,32.26247708651863,33.40926270689147,7.813808392231294
2025-03-17,6,F,0.33,True,27138.973043628663,26014.44048441309,34507.15513333389,1124.5325592155714,0.032588387969695994,9874.074074074075,1121.3450315369992,104.92928571958419,-2.985794355830876
2025-03-17,18,F,0.0,True,9941.769844244365,9872.385573637506,17352.145349564493,69.38427060685899,0.0039985989748870104,10800.0,63.347213039771304,79.56241919359923,2.985794355830876
2025-03-18,6,F,0.35,True,30355.312853051553,29028.54859665651,37573.91040697984,1326.764256395043,0.03531078458494912,9899.234225605942,1182.1717245644104,2891.8506366125516,0.0
2025-03-18,18,F,0.0,True,9739.246845821433,9689.074058630622,17150.519671367198,50.172787190811505,0.0029254383046232123,10772.860731577539,50.92350610336143,-15.014378251029257,0.0
2025-03-19,6,F,0.34,True,30347.257435274623,28261.20381563239,37388.85164041212,2086.0536196422327,0.05579346591612085,9887.052247118372,1835.5134705751916,5010.80298134077,0.0
2025-03-19,18,F,0.0,True,9924.408984398307,9876.12205196511,17334.693943687158,48.28693243319685,0.0027855659055798726,10800.0,60.97391459408391,-14.669412063365371,-17.33454406171586
2025-03-20,6,F,0.35,True,28028.46574110534,26836.885632897443,35339.36266970117,1191.5801082078979,0.03371821159722046,9877.908226632453,1157.526191516692,1232.129623687613,-39.95571852790454
2025-03-20,18,F,0.0,True,9854.215054725448,9807.815663112358,17215.466949743808,46.39939161308939,0.0026952153983705847,10800.0,12.733534659491852,122.26584920842492,39.95571852790454
2025-03-21,6,F,0.38,True,5456.183333938185,5197.814338886075,12864.447432627472,258.3689950521093,0.020083955910676785,4343.551744483699,242.1910660331796,323.5585803786007,0.0
2025-03-21,18,F,0.0,True,2509.550565380914,2425.4854566436607,9899.81332776735,84.06510873725347,0.008491585240447378,10209.234470137235,79.8771810058588,117.45682924893435,-2.443400097961785
2025-03-22,6,F,0.34,True,5867.058394745027,5785.3308892453315,13263.183624758718,81.72750549969533,0.006161982508266909,4271.838100286669,82.16343684207823,18.635266036852613,-1.9833806123660906
2025-03-22,18,F,0.0,True,2642.0010388162264,2605.3404540485335,10046.788923916132,36.66058476769285,0.0036489852673647037,10287.72629142829,30.058665261669375,104.68449723597814,1.9833806123660906
2025-03-23,6,F,0.36,True,28251.896598203974,27628.199003472204,35553.54467337739,623.6975947317696,0.017542486985799657,9874.074074074075,572.4691942936624,1024.5680087621874,0.0
2025-03-23,18,F,0.0,True,9868.754015653978,9827.70288177676,17273.709816368242,41.05113387721758,0.0023765094072796277,10799.45093081873,57.959194572555134,101.10105085507678,-31.850101312897095
2025-03-24,6,F,0.35,True,26981.53757251089,26479.586026963065,34209.15375042338,501.95154554782494,0.014673018491187104,9884.041870846224,425.1900197258874,1535.2305164387594,0.0
2025-03-24,18,Q,0.0,True,9915.28511567139,9846.16239541218,17313.191528655272,69.12272025920902,0.0039924886260747,10784.706219193327,66.56834174575124,151.3079718774419,-7.266797539674371
2025-03-25,6,F,0.34,True,27599.325603958154,26528.879933345022,35002.00373607716,1070.4456706131314,0.030582411186643146,9897.571407443242,1097.4441446195779,-539.9694801289255,0.0
2025-03-25,18,Q,0.0,True,9675.290248570074,9615.938630769715,17084.487480416785,59.351617800359236,0.0034740063386971046,10783.401387963018,57.92977571934534,28.436841620243513,0.0
2025-03-26,6,F,0.35,True,26433.751194935277,26007.23791862276,33747.32104708397,426.5132763125184,0.012638433602402122,9874.074074074075,401.13126912754524,919.1928068282584,-29.840928911455194
2025-03-26,18,Q,0.0,True,9828.3187194989,9788.929253581964,17215.429483799744,39.38946591693639,0.002288032718207995,10770.927733932074,18.48548349497287,48.382418756233164,26.806068185449476
2025-03-27,6,F,0.34,True,29016.05556927345,27258.041019298216,36064.586530562876,1758.0145499752325,0.048746283240635686,9874.074074074075,1472.4894633984586,5710.501731535451,0.0
2025-03-27,18,Q,0.0,True,9839.952582932538,9782.498829726674,17243.528982065523,57.453753205863904,0.003331902261168223,10781.51261674462,53.90053431268825,71.06437786345111,0.0
2025-03-28,6,F,0.36,True,5135.801714245385,5024.656600267615,12535.099147522005,111.14511397776914,0.008866711995631946,4318.318217610974,97.63861504285342,270.1299786983275,0.0
2025-03-28,18,Q,0.0,True,2409.929543242146,2338.4799431599995,9822.668161275524,71.44960008214639,0.007273950306478468,10252.0780035435,81.28176657848962,19.391573149481133,-15.664294664220506
2025-03-29,6,F,0.36,True,5637.583724110591,5370.0799699914505,12967.53513478949,267.50375411914047,0.02062872792235415,4020.8107631190164,227.36717161624438,899.6872525868675,-7.030072945311986
2025-03-29,18,Q,0.0,True,2807.8395801274683,2746.635663090562,10194.872065449712,61.203917036906205,0.006003402165714809,10096.539417758911,62.078008285951,0.17857563702182233,-1.2805232637329027
2025-03-30,6,F,0.35,True,24341.519828312383,23751.831500857967,31660.72082519148,589.6883274544161,0.018625233793957682,9874.074074074075,580.0493229062267,314.6218476895788,-8.834522350698535
2025-03-30,18,Q,0.0,True,9766.455016163229,9696.954419133457,17156.796336560103,69.5005970297716,0.004050907620886657,10794.902500560083,71.45189459533503,100.22412046204363,-10.096767351988092
2025-03-31,6,F,0.39,True,33755.94515878835,27044.59277692251,40359.341052305994,6711.352381865843,0.16628993950044632,9925.797944698123,6058.059526067722,13065.857115962406,0.0
2025-03-31,18,Q,0.0,True,9793.060759603364,9704.94749228088,17183.895351366344,88.11326732248381,0.005127665498467881,10778.445386015686,87.73474359952525,132.53708873833796,-9.061100041628379
2025-04-01,6,F,0.4,True,27712.55710459513,26340.724101966625,34889.248324171116,1371.833002628504,0.03931964913322893,9886.70081699944,1238.3921690025236,2907.958398166207,-17.339727996246438
2025-04-01,18,Q,0.0,True,9740.193766806675,9701.313445317614,17127.47836450767,38.880321489061316,0.0022700552096233187,10738.069270248709,29.379088368768862,40.377606361005974,10.850633615860716
2025-04-02,6,F,0.39,True,26945.421054534163,26554.776188381373,34121.051645795924,390.6448661527902,0.011448793261356638,9903.33182958109,359.90029511773173,614.8914207013022,0.0
2025-04-02,18,Q,0.0,True,9656.170187578698,9624.841374960974,17044.718459060707,31.328812617724907,0.0018380363801826834,10798.835466769517,25.8008193674832,110.55986500483277,0.0
2025-04-03,6,F,0.38,True,25744.742395713816,25111.915333375357,33105.06074584489,632.8270623384597,0.01911571971417958,9917.296409020895,615.9590205856839,523.625710689535,-13.505724565695346
2025-04-03,18,Q,0.0,True,9717.976115312907,9681.986506104491,17113.258664545418,35.98960920841637,0.0021030249068214133,10800.0,43.847092927873746,133.76894860444258,-21.093975876066906
2025-04-04,6,F,0.36,True,4393.931525536669,4271.069863583477,11786.52302335322,122.8616619531922,0.010423910572249366,3754.2498494172355,122.0309812084015,204.8819715723862,-13.650993302171628
2025-04-04,18,Q,0.0,True,2426.458142640772,2375.4234161735467,9816.105526303922,51.03472646722548,0.005199080870765831,10192.106274453263,61.69468241942741,11.111590863002675,-16.264358241607624
2025-04-05,6,F,0.37,True,4831.538162328121,4563.898748046888,12175.854747940097,267.63941428123326,0.021981160240640382,3443.35341913377,250.4050233711423,531.6716084372031,-13.55785174511584
2025-04-05,18,Q,0.0,True,2698.421882079907,2617.126104568898,10070.075098195663,81.29577751100896,0.008073006081709896,10215.051400723289,80.75254008770935,327.221444072474,-22.93844387371246
2025-04-06,6,F,0.37,True,24189.85263287696,23616.332435799282,31519.513332916336,573.5201970776761,0.018195718665450958,9936.622410904909,556.8368109738767,333.667722075955,0.0
2025-04-06,18,Q,0.0,True,9639.231364211102,9548.767509993528,17043.380480159107,90.46385421757441,0.005307858633026885,10787.760369850203,89.3640489306199,21.996105739068184,0.0
2025-04-07,6,F,0.36,True,25255.55266717318,22990.52885282426,32226.633654995,2265.0238143489187,0.07028422014527878,9928.92698694617,1943.9779513044705,6420.9172608890185,0.0
2025-04-07,18,Q,0.0,True,9685.131410782467,9636.508445878604,17078.638426504578,48.62296490386325,0.002847004760543709,10758.428292900791,51.559144311919226,121.27753662024702,-13.051551477634348
2025-04-08,6,F,0.36,True,24912.9472357005,23906.20659944145,32134.991975886245,1006.7406362590482,0.03132848568982048,9964.66566266305,942.823561348956,1896.3261569975298,-44.808934368918926
2025-04-08,18,Q,0.0,True,9659.484746113572,9619.377606484577,17033.232531466438,40.107139628995355,0.0023546405272694545,10800.0,35.40774633894034,76.95574774101976,1.2349676475841989
2025-04-09,6,F,0.36,True,25694.537995178376,24858.464467698657,32744.163066761706,836.0735274797189,0.025533513431846098,9930.7675379565,702.161528026907,2678.239989056199,0.0
2025-04-09,18,Q,0.0,True,9724.18258443913,9640.988461787218,17124.613409338395,83.19412265191204,0.004858160628989418,10769.608753389057,75.99391734214805,144.00410619532317,0.0
2025-04-10,6,F,0.33,True,26445.36123543282,25047.566639418525,33466.123110577064,1397.794596014297,0.04176744917228013,9940.456112679149,1211.9851044005263,3741.655870767735,-1.8464957522792247
2025-04-10,18,Q,0.0,True,9809.54769610233,9749.737965535485,17187.89462909169,59.809730566845246,0.003479758973249299,10776.612875961293,47.83172856619058,283.3328455525693,-3.173885860507653
2025-04-11,6,F,0.36,True,4576.58572293151,4162.282858691547,11896.599985757066,414.3028642399631,0.034825316875071684,3302.183031029809,373.51923235294635,923.9736245736738,-7.852705956423961
2025-04-11,18,Q,0.0,True,2533.7418894091797,2394.889049899175,9926.330563370939,138.85283951000474,0.013988335228567173,10071.975600391524,125.57558353204877,157.24413272578226,7.852705956423961
2025-04-12,6,F,0.33,True,4333.7421480071625,4099.394968442444,11734.35204375785,234.34717956471832,0.01997103706202342,3323.4556266590776,232.0283043945292,46.37750340378261,0.0
2025-04-12,18,Q,0.0,True,2439.3661718591065,2371.5270771044197,9846.321361733477,67.83909475468681,0.006889790842937054,10233.536691121599,59.83002496136214,160.18139586648908,0.0
2025-04-13,6,F,0.32,True,22344.0358766859,21793.122345487107,29606.642312885513,550.913531198792,0.01860776799262446,9966.402154430662,506.68692827263294,1276.8275831730834,-28.444629113464543
2025-04-13,18,Q,0.0,True,9687.704542240373,9598.207257664784,17053.209494188028,89.49728457558922,0.005248119693016798,10781.554572438183,82.3669011271304,194.71784326294824,-3.7784131800872274
2025-04-14,6,F,0.31,True,22246.333594142838,21023.861927275226,29652.173469722682,1222.471666867612,0.04122705096528106,9948.84512896848,1233.6515545930815,-223.597754509413,0.0
2025-04-14,18,Q,0.0,True,9569.778603854576,9493.527180481997,16965.090054271004,76.25142337257967,0.004494607640080471,10782.107581779854,94.64966124481725,155.44588962858586,-37.95154620570793
2025-04-15,6,F,0.32,True,24307.615003251223,22153.852066543477,31327.224184783627,2153.762936707746,0.06875051948438762,9969.494683256158,1839.1019406344894,6293.219921465126,0.0
2025-04-15,18,Q,0.0,True,9654.31158576453,9584.576392199897,17050.4893776818,69.73519356463294,0.004089923287240815,10780.263828628227,59.972799570750794,195.24787987766092,0.0
2025-04-16,6,F,0.31,True,26416.771304562993,23684.320711102784,33290.35157583375,2732.4505934602093,0.08207935525210132,9958.57430312599,2395.5093559298366,6876.849604333944,-10.007929038181828
2025-04-16,18,Q,0.0,True,9594.798503833554,9545.08566956079,16981.021588192274,49.71283427276285,0.0029275526218829253,10789.092417117856,36.956965776040306,157.1498037056541,7.103448577478048
2025-04-17,6,F,0.31,True,24893.435809669427,23354.522962308663,31764.594028225176,1538.9128473607634,0.04844742690535652,9956.5898308815,1177.4537963613911,7229.1810199873535,0.0
2025-04-17,18,Q,0.0,True,9630.483391014352,9531.076379932261,17035.085834899262,99.40701108209032,0.005835427660624885,10765.658147178663,88.51397949378224,217.86063176618677,0.0
2025-04-18,6,F,0.28,True,3785.2019699525226,3560.6739582315986,11152.107603261678,224.52801172092404,0.020133235771080248,3197.8546510474766,193.78245075036284,614.9112194112126,0.0
2025-04-18,18,Q,0.0,True,2634.0351007829377,2549.846428105894,10018.039910807123,84.18867267704354,0.008403707055131977,10046.853379082813,79.44541510261297,305.2652531822862,-15.255725548880946
2025-04-19,6,F,0.3,True,3396.750467637079,3257.9702770253425,10796.94795766875,138.78019061173654,0.012853650045906271,3175.647818801183,135.24522507811344,70.69931067243795,0.0
2025-04-19,18,Q,0.0,True,2397.1292895808365,2255.14399511366,9806.070462865266,141.98529446717657,0.01447932635247345,10107.270773115199,131.87557729075343,202.194343528491,0.0
2025-04-20,6,F,0.3,True,21762.702060669333,20804.912565490507,28994.230398058553,957.7894951788257,0.03303379610458497,9984.644832163345,867.5042760873839,1805.7043818287866,0.0
2025-04-20,18,Q,0.0,True,9453.047750641848,9377.630952703652,16856.391828482043,75.4167979381964,0.004474077175327969,10739.50854710434,67.49839288322255,158.36810109943326,0.0
2025-04-21,6,F,0.3,True,20361.25261291879,19497.03500693675,27754.949659112463,864.2176059820413,0.031137422931635645,9982.073707853173,900.8151673158827,-731.9512266767704,0.0
2025-04-21,18,Q,0.0,True,9306.71200556561,9248.810699039781,16710.61447057972,57.90130652582957,0.0034649417965909707,10800.0,52.954083410764724,98.94446230133497,0.0
2025-04-22,6,F,0.3,True,23969.209555182802,21528.054807453052,30866.635267269852,2441.15474772975,0.07908716731163389,10006.680900752108,2096.2544014840933,7061.25919570183,-11.837122788132547
2025-04-22,18,Q,0.0,True,9512.70525846388,9422.873384207092,16896.346590625402,89.83187425678807,0.005316644860175245,10782.158373309354,79.95388211452519,34.30757205658301,11.837122788132547
2025-04-23,6,F,0.29,True,21442.923568880142,20708.12761924445,28477.670615008843,734.7959496356925,0.025802529974078232,9986.341030148453,574.6214606586582,3203.4897795405923,0.0
2025-04-23,18,Q,0.0,True,9577.722973587859,9501.243793997419,16973.01593323508,76.47917959044025,0.004505927519969234,10795.198398719403,72.01128565217005,130.5334285109501,-2.9855636056527146
2025-04-24,6,F,0.29,True,19303.168885224324,18948.859467558228,26631.233251381716,354.3094176660961,0.013304281267098789,9992.262791404886,357.89280201837755,-71.66768704565493,0.0
2025-04-24,18,Q,0.0,True,9310.990374921124,9275.848283909114,16719.346569977235,35.142091012010496,0.0021018818447794364,10797.148544445929,35.63430793947191,-9.844338549235772,0.0
2025-04-25,6,F,0.28,True,3517.3547219323027,3327.102204261215,10894.930067047742,190.25251767108784,0.017462481769067617,2744.906852242355,172.9922885258893,345.2045829039507,0.0
2025-04-25,18,Q,0.0,True,2243.794470811643,2164.7042414218167,9653.638931146752,79.09022938982616,0.008192789263605808,9982.64116186145,66.06442377802705,301.4500583795028,-2.9680453715154727
2025-04-26,6,F,0.28,True,3423.38957897028,3284.0455496033082,10803.714493654674,139.34402936697188,0.012897788945534665,2672.2912563847963,126.13918398505302,264.09690763836966,0.0
2025-04-26,18,Q,0.0,True,2431.443842959792,2320.314716628699,9833.240983560607,111.12912633109318,0.011301373221390678,10010.383492114772,103.52565476998825,196.7088366472733,-3.23672142907526
2025-04-27,6,F,0.27,True,22619.503313050285,19873.960667033563,29641.59616275464,2745.542646016722,0.09262465593760975,9395.920045582465,2517.713689397835,4556.579132377692,0.0
2025-04-27,18,Q,0.0,True,9247.212863114395,9192.809872809683,16646.110302203764,54.40299030471215,0.0032682103696927796,10760.074302627743,54.706266374647385,-6.065521398675969,0.0
2025-04-28,6,F,0.29,True,30399.485963848216,24636.571014271543,36875.23093391997,5762.914949576672,0.15628146057996914,10001.260493154423,5077.486423462942,13976.726273784352,-19.443481806600175
2025-04-28,18,Q,0.0,True,9237.321694633658,9207.719627315959,16632.03576844232,29.60206731769904,0.0017798222496530518,10800.0,15.627496980690921,11.335655230350767,19.443481806600175
2025-04-29,6,F,0.29,True,19991.627699865392,19434.16121508932,27292.965990030098,557.4664847760723,0.020425280454301316,10013.511353139289,548.3945806216761,181.43808308803136,0.0
2025-04-29,18,Q,0.0,True,9326.037677535956,9260.42110894247,16736.619394031623,65.61656859348659,0.003920538971979362,10783.804855916982,69.84315344375136,115.70175303168321,-14.518560280532256
2025-04-30,6,F,0.29,True,19416.63076971194,18924.036774384353,26604.728682945624,492.59399532758835,0.0185152797909702,9322.56648059162,424.16666251420247,1575.1578371259006,-14.980997847109393
2025-04-30,18,Q,0.0,True,9349.352742826928,9300.375438758201,16725.687979762086,48.97730406872688,0.002928268429256179,10800.0,40.165891086864576,324.29174086621333,-10.735811509866835
2025-05-01,6,F,0.29,True,22267.049759694986,19628.21395353348,29365.59754985483,2638.835806161507,0.08986147146100054,9601.769991855886,2487.500795003416,3026.70022316182,0.0
2025-05-01,18,Q,0.0,True,9347.820722922146,9298.227488035212,16753.812074248595,49.593234886933715,0.0029601164598927828,10799.260595999425,53.26483924639615,-0.033186540435849565,-5.322019689510853
2025-05-02,6,F,0.31,True,5579.882139208452,4006.5204701443963,12794.236502480568,1573.3616690640556,0.1229742524111548,2878.1195430045977,1410.6147402249608,3254.9385767819035,0.0
2025-05-02,18,Q,0.0,True,2701.243618596858,2613.9927228729885,9997.31415308324,87.25089572386969,0.008727433627456923,10209.089071919352,73.00434396574565,284.9310351624704,0.0
2025-05-03,6,F,0.3,True,4785.560760467484,4211.417428642026,12181.383053145712,574.1433318254585,0.04713285259321947,2839.6577650583013,545.6412499512353,570.0416374844689,0.0
2025-05-03,18,Q,0.0,True,2754.172386107175,2702.393641865796,10176.121416471738,51.77874424137917,0.0050882592809443775,10381.941983385292,45.430811486283346,126.95865510190623,0.0
2025-05-04,6,F,0.3,True,20876.577698962923,19976.76071882114,28157.113321381697,899.8169801417826,0.03195700389707519,10025.142400613302,848.1400188730076,1033.539225375489,0.0
2025-05-04,18,F,0.0,True,10052.043796783297,9968.086399668968,17387.97339758315,83.95739711432907,0.004828475130172373,10755.05748472971,86.22044435290081,173.52466250653742,-15.863743181727841
2025-05-05,6,F,0.3,True,22619.097204241443,21972.31682363637,29810.260172363298,646.7803806050724,0.021696569465190177,10012.063297915296,621.6036555668361,503.5345007647238,0.0
2025-05-05,18,F,0.0,True,10882.400775731208,10835.880870583585,18081.27157778814,46.51990514762292,0.0025728226550598412,10800.0,41.55464684256731,99.30516610110317,0.0
2025-05-06,6,F,0.3,True,23816.702829884613,22102.606812134687,30846.192046254317,1714.0960177499255,0.05556912876570351,9599.713983319907,1641.643518053097,1610.4308927513703,-11.701433037966126
2025-05-06,18,F,0.0,True,11038.236198858016,11001.055495132006,18244.254087542937,37.1807037260096,0.00203794046868687,10800.0,33.12302991499746,-80.22742259455936,11.701433037966126
2025-05-07,6,F,0.3,True,24461.80044344417,23208.609213871467,31459.361269504658,1253.1912295727016,0.039835240736037794,10043.929811724496,1165.1483987239008,1760.8566169759333,0.0
2025-05-07,18,F,0.0,True,10976.832785172073,10918.479106897523,18246.069302649434,58.353678274550475,0.0031981506431128805,10761.390649954972,60.67149525228524,27.407285187204252,-5.348465164677691
2025-05-08,6,F,0.3,True,25505.131183920785,24791.389265832233,32539.68607528855,713.7419180885518,0.02193450534332552,10039.197163500403,643.9662289517764,2181.386936345315,-56.982221259377184
2025-05-08,18,F,0.0,True,12818.424628686393,12691.811182171394,19990.000905836194,126.61344651499894,0.006333838958358097,10800.0,166.42323932989893,-742.7613804527127,-3.874435857118442
2025-05-09,6,F,0.3,True,6388.448411083378,6295.168653548439,13662.36647382237,93.27975753493956,0.006827496372145136,2757.2830715972923,86.73767105051411,130.84172968848634,0.0
2025-05-09,18,F,0.0,True,4310.64080915609,4220.458416022288,11526.061142855491,90.18239313380218,0.007824216097422176,10761.200381749655,74.90665666567656,305.51472936253776,0.0
2025-05-10,6,F,0.32,True,9461.876089772422,8059.415521480966,16448.613125863216,1402.4605682914562,0.0852631500029797,2765.358452196557,1152.1615416092172,5393.186930801339,-28.075625811210557
2025-05-10,18,F,0.0,True,4677.097416304664,4529.9218298882,11935.7476959799,147.17558641646428,0.01233065495059306,10800.0,195.16763477372479,-1250.2832150125319,21.059434789223815
2025-05-11,6,F,0.32,True,26309.960106118626,25555.325130913145,33421.724808673054,754.6349752054812,0.022579175058303716,10085.70070942467,668.5108799438749,1722.4819052322555,0.0
2025-05-11,18,F,0.0,True,12072.513608690488,12034.19084919428,19412.571199866357,38.322759496208164,0.0019741207438029634,10792.005796652007,37.126078175762814,23.933626408901546,0.0
2025-05-12,6,F,0.32,True,26390.831750540303,24181.241994468422,33384.97501241784,2209.5897560718804,0.06618515530564284,10066.09391037086,2036.4316318967103,3463.16248350331,0.0
2025-05-12,18,F,0.0,True,12100.22782931245,12040.492762540403,19412.842900781743,59.735066772045684,0.0030770901035643877,10645.837470995442,43.55160545270701,323.66922638680944,0.0
2025-05-13,6,F,0.3,True,26253.454794722085,25289.7852729441,33344.46341664854,963.6695217779852,0.0289004357256154,10103.667006392841,892.912701502446,1632.1110778506372,-15.732435610207176
2025-05-13,18,F,0.0,True,12476.992544752193,12375.472925803666,19769.859192265067,101.51961894852684,0.005135070410023267,10800.0,104.23686193215326,-271.3195320125178,15.732435610207176
2025-05-14,6,F,0.3,True,26962.529494278417,25256.575485999587,33989.25865697531,1705.9540082788299,0.05019097431619716,10041.04832625768,1603.5929918404254,2047.2203287679877,0.0
2025-05-14,18,F,0.0,True,12427.946489305365,12388.855082671625,19681.653801121374,39.0914066337391,0.001986185054810376,10800.0,35.04169457933676,80.99424108803305,0.0
2025-05-15,6,F,0.32,True,29224.92121183964,27267.338191750394,36109.3483624265,1957.583020089245,0.05421263769263152,10064.359335056271,1740.7616910074212,4336.426581636488,0.0
2025-05-15,18,F,0.0,True,13512.628592826428,13423.249281492026,20673.379550681155,89.37931133440179,0.00432340107311854,10800.0,71.53116213933754,472.6871414151019,-8.390946450093907
2025-05-16,6,F,0.34,True,7057.985718700496,6854.509551739011,14412.964450743446,203.47616696148543,0.014117579187603545,2269.886692122698,215.77311992456998,-245.93905926169737,0.0
2025-05-16,18,F,0.0,True,4341.79709433095,4223.753270868145,11758.17581538473,118.04382346280545,0.010039297363486738,10800.0,126.59938732264163,-171.1112771967115,0.0
2025-05-17,6,F,0.32,True,7699.748014469667,7405.584100362133,14836.957769499159,294.16391410753477,0.019826430638783483,2124.0750238954192,286.5113219327377,397.17273096311783,-17.700757889228043
2025-05-17,18,F,0.0,True,4899.067473821672,4777.442537949137,12158.181881525561,121.62493587253539,0.010003546340867404,10800.0,96.1626310692609,265.12520859830056,17.700757889228043
2025-05-18,6,F,0.31,True,25787.743278591144,25258.828191145512,32932.34476597158,528.9150874456318,0.01606065681639986,10086.134973520177,517.7486792085474,737.791548973144,-37.30279658424297
2025-05-18,18,F,0.0,True,13229.21497153014,13143.160176745456,20404.072427015846,86.05479478468442,0.0042175303529477905,10798.125978086962,57.66997270034699,437.75754893990506,9.421630835318865
2025-05-19,6,F,0.32,True,23957.10158993271,23395.219062497577,31121.27116494044,561.8825274351329,0.018054613658201716,10059.421583366784,528.916387818248,659.3227923376435,0.0
2025-05-19,18,F,0.0,True,12195.73987254128,12166.171045664289,19504.151914828366,29.568826876991807,0.0015160273056790334,10800.0,36.61166353992303,-140.85673325864445,0.0
2025-05-20,6,F,0.3,True,26538.779888884346,25317.054826728952,33343.67271528433,1221.725062155394,0.03664038669607533,9863.330592604787,1024.6693925551408,4493.301150522684,-40.03812178598855
2025-05-20,18,F,0.0,True,12634.238760714088,12546.686458947828,19844.709660346958,87.55230176625992,0.004411871136679012,10800.0,94.99444448474605,-1.9761356369472196,-10.64903645585764
2025-05-21,6,F,0.3,True,27857.47647320968,25371.440341751142,34760.15558668239,2486.036131458539,0.07151970667274603,9729.017084098614,2245.8819118294814,4803.084392581167,0.0
2025-05-21,18,F,0.0,True,12946.040005050976,12919.824481978816,20149.63455132651,26.215523072160067,0.001301042110981324,10669.675910228207,41.05416125344345,214.36968059111496,-37.06200131361584
2025-05-22,6,F,0.3,True,23749.674168505822,23105.194549997083,30842.913652110627,644.4796185087398,0.02089554916173223,9968.59991941985,619.489292164908,499.80652687666407,0.0
2025-05-22,18,F,0.0,True,12881.476179043066,12827.553874192252,20091.186223181416,53.922304850813816,0.002683878604867925,10755.710958011017,46.02766099744258,157.89287706742198,0.0
2025-05-23,6,F,0.31,True,7127.668300591904,6984.1876885431975,14369.55432415742,143.48061204870646,0.009985042598537214,2198.8605203556644,131.18237416010197,245.96475777210435,0.0
2025-05-23,18,F,0.0,True,4926.489785653737,4817.474466069161,12191.924172353212,109.01531958457599,0.008941600853438912,10799.946624128688,81.36839440395306,552.9385036124513,0.0
2025-05-24,6,F,0.3,True,7240.45722065197,6965.00908200923,14477.14767103647,275.44813864273965,0.01902640940755282,1874.6779597761006,259.59327599435164,317.09725296776105,0.0
2025-05-24,18,F,0.0,True,4872.462144333034,4851.024534653037,12169.693866391512,21.437609679996967,0.001761557021512286,10800.0,21.906497119591222,-9.377748791903286,0.0
2025-05-25,6,F,0.3,True,23499.957756377677,22861.653958707822,30518.456606731772,638.3037976698542,0.020915336771291933,10104.814693852652,565.764579044644,1594.1665994835394,-10.396382348564657
2025-05-25,18,F,0.0,True,13345.466744690457,13242.216574768832,20428.434535740475,103.25016992162455,0.0050542379907272715,10800.0,100.90350004248103,251.20806181193348,-14.811581310950714
2025-05-26,6,F,0.3,True,26231.963740823405,24135.17952644641,33118.13126524235,2096.784214376996,0.06331227440292145,9546.752615351144,1871.3788482972122,4508.107321595668,0.0
2025-05-26,18,F,0.0,True,12771.102606950155,12740.40754354719,19982.6220358377,30.69506340296539,0.0015360878741496253,10767.622716320953,36.4816070748966,150.36499944471052,-19.29412378473353
2025-05-27,6,F,0.29,True,26005.996875786215,24555.900402677602,32941.954250096336,1450.0964731086133,0.04401974643336081,9518.589047313582,1324.1802193248332,2518.325075675609,0.0
2025-05-27,18,F,0.0,True,12505.716913481423,12422.26347728686,19827.14668806101,83.45343619456253,0.004209049214570764,10625.658336591734,78.74462440169009,94.17623585748515,0.0
2025-05-28,6,F,0.32,True,23902.2707623639,23468.67998984157,31012.145559723376,433.59077252232964,0.013981321340289659,10101.99818338186,385.60576833019513,992.9987532447904,-2.4144254563161667
2025-05-28,18,F,0.0,True,12294.494940439092,12254.898030611594,19573.578558105033,39.596909827498166,0.002022977541380744,10787.000342451523,38.83873429241794,-18.135158700501506,2.4144254563161667
2025-05-29,6,F,0.32,True,26894.99790948109,25619.323474235378,33773.40247268452,1275.6744352457135,0.03777156998846836,10116.303142350316,1106.6328862251976,3880.9851692039674,-36.26526306278902
2025-05-29,18,F,0.0,True,13211.268307317328,13142.106117961068,20266.062183578288,69.16218935626057,0.003412709816527806,10798.200891733459,84.81791721565241,547.9136185359948,-62.43157409601554
2025-05-30,6,F,0.32,True,7314.457775952036,7141.414866527564,14496.844702823504,173.04290942447187,0.011936591235661707,2089.676889255962,181.49159035033335,-168.9736185172469,0.0
2025-05-30,18,F,0.0,True,4708.654438055943,4676.10658906038,11932.511960709802,32.54784899556216,0.002727661124726504,10704.745100820528,30.4677116028779,41.60274785366164,0.0
2025-05-31,6,F,0.33,True,7015.05695582238,6691.334676809265,14235.17359399662,323.72227901311453,0.022741013790631783,2481.3776175872686,294.0335014527245,621.4380605921706,-2.0057578288433433
2025-05-31,18,F,0.0,True,4619.361823443467,4554.374471862926,11875.731902219311,64.98735158054114,0.005472281802555381,10800.0,63.82632907774496,-4.442059328454434,2.0057578288433433
2025-06-01,6,F,0.31,True,30765.477203989205,28886.564286448676,37671.08795626245,1878.9129175405287,0.049876789322411325,10121.056258956529,1782.9877967062348,2214.59433849754,-21.469082286741468
2025-06-01,18,F,0.0,True,12107.101691639797,12057.891499205389,19371.369349388857,49.21019243440787,0.0025403569333089194,10774.941591872044,34.66916965708515,-5.271466265258823,21.469082286741468
2025-06-02,6,F,0.25,True,31228.69308494166,29721.786057593286,38153.78752645279,1506.907027348374,0.03949560777691088,10085.676333233683,1438.6123356398384,1365.8938341707853,0.0
2025-06-02,18,F,0.0,True,12803.870037674877,12724.466388487717,20006.444296659225,79.40364918715932,0.003968903619741092,10800.0,100.54560837512327,-422.8391837592935,0.0
2025-06-03,6,F,0.25,True,34898.12479067443,32376.170309120876,41282.36868349383,2521.9544815535555,0.06109035314540765,10072.445024549896,2112.7443760926035,8184.202109219084,0.0
2025-06-03,18,F,0.0,True,12800.842682935445,12758.205241430793,20140.257678692924,42.63744150465209,0.0021170256202709715,10701.20144015009,34.96689689772393,153.41089213859004,0.0
2025-06-04,6,F,0.29,True,33312.933700968664,30635.679066566277,40394.86049886329,2677.2546344023867,0.06627711053681506,10078.748036070634,2735.65459744892,-963.8539342179329,-14.80220328481846
2025-06-04,18,F,0.0,True,13730.790129730982,13677.920208501348,20838.59417415981,52.8699212296342,0.002537115545692317,10800.0,60.241691428411286,-351.58073068828526,14.80220328481846
2025-06-05,6,F,0.29,True,33702.91045100776,33208.46518592704,40096.26514273896,494.4452650807216,0.012331454396576406,10076.864489255488,340.28483144975326,3083.208672619392,0.0
2025-06-05,18,F,0.0,True,13682.21961279652,13619.579893691525,20869.531790364712,62.63971910499458,0.0030014913479714392,10790.58910072469,76.26713563527301,-272.5483306055612,0.0
2025-06-06,6,F,0.28,True,11036.635417529973,10297.834646987949,17797.172521235232,738.8007705420241,0.04151225536868296,2867.8012197504345,549.6245156684054,3783.5250974723385,0.0
2025-06-06,18,F,0.0,True,5756.569730921334,5698.513896118833,12977.42595745071,58.05583480250061,0.004473601698275851,10786.38475659124,52.110618426018846,118.90432752966353,0.0
2025-06-07,6,F,0.24,True,10334.550021521585,9778.543463423282,17485.825211555188,556.0065580983028,0.03179755895826272,5739.07231232777,428.2370945805451,2555.3892703552115,0.0
2025-06-07,18,F,0.0,True,6379.575896349879,6290.937722470002,13708.288606297456,88.63817387987729,0.006466027702331695,10772.077191693332,72.27538739002375,327.2557297970684,0.0
2025-06-08,6,F,0.21,True,36959.82121106347,34718.03846374049,43822.77214312753,2241.7827473229772,0.05115565806748132,10061.569986916042,2111.8872352101607,2597.9102422562955,0.0
2025-06-08,18,F,0.0,True,16110.87940629618,16046.369958725647,23389.166052870234,64.50944757053367,0.002758090965052484,10608.533312502297,44.95237356164216,391.14148017777643,0.0
2025-06-09,6,F,0.18,True,38170.737556468506,37253.133045382696,44927.06656307095,917.6045110858104,0.02042431392215714,10060.22540821968,883.981127313702,2959.022638245071,-165.79390734202934
2025-06-09,18,F,0.0,True,15790.007820615421,15654.017532716176,22934.8449562955,135.99028789924523,0.005929418234934114,10800.0,111.2304806521388,-1215.9456318563043,124.07175239900243
2025-06-10,6,F,0.18,True,38064.27361863766,37291.816225090544,45052.57140332735,772.4573935471126,0.017145689346603266,10028.048591871862,661.5668355993912,3487.0961328686417,-92.03352588463349
2025-06-10,18,F,0.0,True,16307.006611323963,16122.664884278256,23436.364178901174,184.34172704570665,0.007865628202332773,10800.0,177.5040850213045,-1121.3673764817113,91.22398983216408
2025-06-11,6,F,0.19,True,43856.82747907142,41017.56313275221,50309.255645112404,2839.264346319207,0.056436222518331865,10069.918360917243,2438.10179596769,8023.251007030387,0.0
2025-06-11,18,F,0.0,True,16032.130072734997,15977.83413278945,23219.202598872536,54.295939945546706,0.0023384067439156235,10751.54829924347,48.19941011433548,196.98435924936257,-5.44201069677365
2025-06-12,6,F,0.18,True,39972.235066217094,39378.14038583297,46987.038550966536,594.0946803841216,0.012643799198787789,10084.203221616932,563.0455159777484,620.9832881273796,0.0
2025-06-12,18,F,0.0,True,16092.06575237289,16050.989463656295,23359.15214001243,41.07628871659472,0.001758466594608723,10800.0,30.198263747541205,217.56049938107253,0.0
2025-06-13,6,F,0.15,True,13726.188035486584,12728.069535794091,20962.10620248283,998.1184996924931,0.04761537271356216,4316.37952804967,906.8831922645622,1824.7061485585655,0.0
2025-06-13,18,F,0.0,True,8032.569959618546,7943.268432382238,15278.564602598874,89.30152723630817,0.005844889854451252,10794.81313735376,67.25551780457317,440.9201886346923,0.0
2025-06-14,6,F,0.17,True,14129.229447863765,13732.904857930014,21201.40705124234,396.32458993375076,0.01869331544721827,4963.875556527356,391.3876770980751,980.7727855583125,-63.9547062400361
2025-06-14,18,F,0.0,True,8251.557092300289,8209.415022539517,15415.63774852052,42.14206976077185,0.0027337221105118623,10800.0,10.662343702661019,-117.91994150063056,54.20090291974884
2025-06-15,6,F,0.15,True,40419.24860351503,39496.66883967744,47430.295469610195,922.579763837588,0.019451275913486738,10083.228751546409,831.1560992030718,1828.4732926904144,0.0
2025-06-15,18,F,0.0,True,17115.692442436775,17086.09589238846,24368.335808159627,29.596550048314384,0.001214549499043103,10778.329140279213,27.684887005256314,38.23326086115185,0.0
2025-06-16,6,F,0.15,True,41111.82992518861,40033.04293989205,48026.99565430896,1078.7869852965596,0.02246209596497572,10040.072946290333,1022.8694568992723,1118.3505679456812,0.0
2025-06-16,18,F,0.16,True,17065.086035742846,16795.439557456113,24315.504409704015,269.6464782867333,0.011089487338750035,10719.548637157055,199.8018723586174,1396.8921185622844,0.0
2025-06-17,6,F,0.17,True,45745.00356149213,43987.59174670109,52080.67118020693,1757.4118147910413,0.033744031614149766,10048.567466982893,1324.1754783954966,8769.905162118737,-7.626295391590247
2025-06-17,18,F,0.16,True,16592.206426020883,16498.206953522884,23848.348395827692,93.9994724979988,0.003941550623876501,10776.730712761642,65.50706822651046,481.66004699576206,6.394352950468601
2025-06-18,6,F,0.18,True,43970.16391392658,43045.87831363879,50426.93399508211,924.2856002877961,0.018329204793175354,10085.294540759844,703.5107585837759,4415.496834080415,0.0
2025-06-18,18,F,0.02,True,16366.944772659603,16286.382365242001,23524.6963223543,80.56240741760121,0.0034245886243830883,10742.671066998417,70.12864763633115,208.67519562545567,0.0
2025-06-19,6,F,0.19,True,38948.50896738964,37217.05843938487,45910.287707772426,1731.450528004767,0.03771378082023301,10065.789869479138,1584.1545535180558,3061.1625680657717,-8.356064280775172
2025-06-19,18,F,0.57,True,16474.226492133133,16395.600427430032,23550.48836000307,78.62606470310129,0.003338617165860379,10790.325939185126,83.00436051864381,-12.01128024157424,-5.4783281117233855
2025-06-20,6,F,0.19,True,14224.639324469668,13629.712528471555,21200.465085740707,594.9267959981134,0.028061969093227924,3300.039776083788,581.8797258831692,3194.730133431177,-212.72364100716368
2025-06-20,18,F,0.7,True,8193.818986759376,7982.434045679915,15287.889409037165,211.384941079461,0.013826953834092005,10800.0,211.0231811336016,-2104.3844443638336,153.10966811424623
2025-06-21,6,F,0.18,True,13908.62790300881,13624.623788745015,20871.698782453757,284.0041142637947,0.01360713937202605,2905.494093320936,174.6397216924779,2545.1461640610487,-25.947650020103538
2025-06-21,18,F,0.88,True,7773.959026711394,7433.3343445039245,15082.003173252606,340.62468220746905,0.02258484355788724,10800.0,391.9540002476424,-1384.4446734382223,25.947650020103538
2025-06-22,6,F,0.17,True,41178.085849542294,38631.403067729756,47583.94588401007,2546.6827818125385,0.05351978980516444,10118.748190450393,2125.238041428769,8927.606357569577,-36.16065996166071
2025-06-22,18,F,0.96,True,16569.058146325293,16513.811063734443,23661.541445293842,55.24708259084946,0.002334889411942256,10800.0,36.82392074016025,167.83436077586066,14.54723190923869
2025-06-23,6,F,0.18,True,37756.77098591509,37233.66379057834,44681.39627060358,523.10719533675,0.011707494371229138,10063.05865305724,527.372836316732,-85.31281959965236,0.0
2025-06-23,18,F,0.87,True,16080.598987086118,15993.597780049795,23314.283699496402,87.00120703632274,0.0037316697419360135,10730.48445253271,63.5811735878051,468.40066897038514,0.0
2025-06-24,6,F,0.17,True,42127.2593805096,40824.438063984504,49193.40698108087,1302.8213165250927,0.026483656987330444,10078.370711786643,1237.6105609910228,1304.215110681309,0.0
2025-06-24,18,F,0.88,True,16263.481437503799,16147.169426476046,23546.62077139614,116.3120110277523,0.004939647695394377,10787.604564841533,83.04477266136018,665.3447673278438,0.0
2025-06-25,6,F,0.15,True,39020.303252918886,38318.142645673484,45826.82018614445,702.1606072454015,0.015322045134122069,10097.221786083448,651.6909203434843,1009.393738038274,0.0
2025-06-25,18,F,0.91,True,16339.293550623055,16279.077044479105,23480.225637167652,60.21650614395003,0.0025645624992900948,10721.889371637479,92.24363713354978,444.78110783762077,-78.69483325874353
2025-06-26,6,F,0.16,True,37592.59505967621,36510.0181956654,44533.43600383675,1082.5768640108145,0.024309304674302375,10062.438269099797,1000.8788478185816,1633.9603238446616,0.0
2025-06-26,18,F,0.91,True,15721.107263127864,15693.582034768735,22889.378659144073,27.52522835912896,0.0012025327890730188,10800.0,16.10983615074656,228.30784416766983,0.0
2025-06-27,6,F,0.14,True,11971.410064219608,11666.922024865342,19282.68930328182,304.4880393542662,0.015790745500548195,3268.170761358455,294.55143791512455,198.73202878278607,0.0
2025-06-27,18,F,0.91,True,7458.915895610553,7323.156986011867,14759.37831794213,135.75890959868593,0.009198145523084235,10794.450182658038,135.24335104796046,10.311171014511274,0.0
2025-06-28,6,F,0.16,True,14278.389467860294,13364.297754551859,21111.135271212715,914.0917133084349,0.04329903160418362,2850.0389009275405,828.4764868653365,3943.2136410223047,-161.7591287535015
2025-06-28,18,F,0.96,True,7329.573487438755,7215.052746461683,14509.704949625639,114.52074097707282,0.00789269949834697,10800.0,27.736766795880612,-131.03764842297414,135.352236118988
2025-06-29,6,F,0.16,True,36602.013166843964,35202.42428709245,43294.96104456591,1399.5888797515145,0.03232683079009679,10077.150530707524,1293.9828567771037,2112.12045948828,0.0
2025-06-29,18,F,1.0,True,16994.05629414093,16905.290917692877,24006.65541646668,88.76537644805285,0.003697531993030848,10595.491884900479,39.4782600286635,1594.1390524136405,-44.11373080080011
2025-06-30,6,F,0.17,True,38062.96896903891,36974.08541765993,44799.04524820082,1088.8835513789818,0.024305954409211714,10045.275111046,965.7338350602222,2462.9943263753066,0.0
2025-06-30,18,F,1.0,True,15768.650511393504,15730.587497603428,22843.640363513085,38.063013790075274,0.0016662411587809478,10724.296664014362,50.92298835370457,137.1108380536116,-28.590718905865288
2025-07-01,6,F,0.18,True,32762.870919999652,32116.74757347221,39975.785402543275,646.1233465274418,0.0161628680968038,10075.836169577029,651.2860784028962,-103.25463750915424,0.0
2025-07-01,18,F,1.0,True,15936.967427418715,15866.876564330665,23095.48053879941,70.09086308804945,0.003034830254789452,10795.939925925408,63.028590435525985,538.090937159529,-28.774538330288124
2025-07-02,6,F,0.14,True,33654.14122718822,32346.403915149654,40509.965205183784,1307.7373120385673,0.03228186707677609,10101.008817796377,1169.2245121152955,3821.420833969026,-76.21803463016477
2025-07-02,18,F,0.88,True,15521.872710066991,15479.045300704087,22737.948696953034,42.82740936290429,0.0018835212416783804,10787.154582217552,1.257183755569713,-219.76032335695527,76.21803463016477
2025-07-03,6,F,0.13,True,39001.9946688256,37506.764297367874,45339.16930184976,1495.2303714577283,0.03297877739009933,10083.09741091263,1274.2836411749013,6073.298177314609,-119.95486886231083
2025-07-03,18,F,0.91,True,16602.554958848592,16459.39811899585,23580.457989029965,143.15683985274154,0.006070994885652372,10781.130623489918,136.6393630488201,-1170.1940693378647,94.3000319337807
2025-07-04,6,F,0.15,True,16099.413263284163,12519.727147786367,22683.013432738553,3579.686115497796,0.1578135165379398,2807.820029935641,3104.2516757937155,9508.68879408158,0.0
2025-07-04,18,F,1.0,True,8567.463875976626,8480.798425309082,15710.671599542882,86.66545066754406,0.00551634283222276,10423.269159870177,71.5812873463201,301.6832664244939,0.0
2025-07-05,6,F,0.16,True,13615.66838420326,12679.692707767203,20602.970323548343,935.9756764360573,0.045429161996427075,2932.9359659228435,751.6290339548686,3686.9328496237904,0.0
2025-07-05,18,F,0.91,True,8788.385766157524,8714.633040455607,16004.811300770494,73.75272570191737,0.004608159653739049,10800.0,68.34415262634866,108.17146151137331,0.0
2025-07-06,6,F,0.17,True,44391.54800710296,39194.36318544061,50381.91867842543,5197.1848216623475,0.10315575424657039,10051.769491816016,4561.070870497359,12763.973542862022,-3.0231931554026232
2025-07-06,18,F,0.88,True,16979.820051384013,16877.851674336118,24040.748620066082,101.96837704789505,0.004241480939690253,10794.71841170273,92.08336565723584,156.00570825074556,3.0231931554026232
2025-07-07,6,F,0.19,True,36258.622737690974,35408.181666616976,43390.22749847728,850.4410710739976,0.019599829733638587,10045.322916690064,876.3969398644185,-473.38568187407964,-3.3159212658738397
2025-07-07,18,F,0.88,True,17501.491499733307,17406.5977484432,24733.65204242504,94.8937512901066,0.0038366251424309526,10800.0,106.64536928237067,-280.7640537796551,3.3159212658738397
2025-07-08,6,F,0.19,True,39959.7095258415,38834.01928033429,46947.487628992,1125.6902455072122,0.02397764613951466,9988.140869991916,1035.5166097377441,1831.7287843892836,-2.0487957481145713
2025-07-08,18,F,0.86,True,20558.945595004956,20262.037967680317,27649.79477686177,296.9076273246392,0.01073814940475077,10738.911223662692,210.72963697629893,3495.532966408559,-128.48252440384022
2025-07-09,6,F,0.19,True,42042.56418366194,41324.22047034962,49018.67627010113,718.3437133123225,0.01465449024682201,9995.068539036009,643.442763177758,1498.019002691315,0.0
2025-07-09,18,F,0.87,True,19438.354673124326,19375.994639156736,26673.38677722866,62.360033967590425,0.002337912110239702,10746.247018494114,55.54991325682931,136.20241421516675,0.0
2025-07-10,6,F,0.19,True,40773.902244056015,39355.24098585229,47749.48085497651,1418.661258203727,0.02971050643487514,9964.180287825298,1321.9824994215014,1933.575175644478,0.0
2025-07-10,18,F,0.86,True,20247.69669462538,20130.277725833505,27441.031280863946,117.41896879187698,0.0042789561219501,10738.895398063194,99.89854008785187,350.4085740804294,0.0
2025-07-11,6,F,0.2,True,17838.92199881145,17122.60382035831,24928.1629702554,716.3181784531407,0.02873529747490261,3635.1646973067063,638.1992005469692,1690.986627711568,-9.325062780339067
2025-07-11,18,F,0.86,True,11523.603029871705,11426.103081005846,18733.170271553154,97.49994886585955,0.005204668908279554,10754.946588753128,73.61102664051577,349.1713749186074,9.325062780339067
2025-07-12,6,F,0.2,True,20588.905376972194,18068.547468972865,27305.109070031333,2520.3579079993287,0.09230352830802432,3573.5850094790617,2092.8709687499977,9348.815492886763,-57.93958676872171
2025-07-12,18,F,0.87,True,11072.9583747884,10962.984376220777,18393.154294221356,109.97399856762422,0.005979072257452608,10631.335758995634,64.79471677804759,104.50892789133945,57.93958676872171
2025-07-13,6,F,0.2,True,41438.47708376225,39892.82161906325,48717.582916489715,1545.655464698997,0.03172685039297855,9992.135795373139,1626.695097526157,-1620.7926565431658,0.0
2025-07-13,18,F,0.88,False,19871.842902958713,19855.765488923862,27140.83916203031,16.077414034851245,0.0005923698209502433,10800.0,13.94312916999479,42.68569729712726,0.0
2025-07-14,6,F,0.19,True,38835.49372352206,38134.29663890513,45708.72840738057,701.1970846169279,0.015340551116790767,10019.10544077126,678.3342244630403,457.25720307769734,0.0
2025-07-14,18,F,1.0,True,19366.249617379457,19330.977108499254,26569.748079433553,35.27250888020353,0.0013275439712394713,10799.879643001392,25.34591537340748,198.5318701359647,0.0
2025-07-15,6,F,0.19,True,39443.13123887725,38874.73406671428,46547.825977592045,568.3971721629714,0.012211035858830351,9976.607408369846,572.6849996630117,-85.7565500009232,0.0
2025-07-15,18,F,1.0,True,20351.659586890783,20299.288102964332,27517.5021058605,52.37148392645031,0.0019032063202893902,10773.719669374887,46.681832194728486,113.79303463440738,0.0
2025-07-16,6,F,0.18,True,40608.49714204473,39768.56471234952,47725.332503881764,839.9324296952109,0.017599299693237223,9979.940973359124,813.6129174094458,526.3902457152808,0.0
2025-07-16,18,F,1.0,True,20172.76280242847,20110.588964135968,27429.064159225454,62.173838292503206,0.002266713801520339,10800.0,52.937263542145956,184.73149500705358,0.0
2025-07-17,6,F,0.18,True,41427.979906799475,40430.942483860475,48107.45960643349,997.037422939,0.02072521457370126,9945.870756385537,913.7341462671975,1666.0655334361127,0.0
2025-07-17,18,F,0.96,False,21041.27245026848,21021.086373573402,28161.922456254226,20.186076695077645,0.0007167861756040985,10505.578846479388,6.154340333392611,280.63472723374707,0.0
2025-07-18,6,F,0.17,True,18674.549014819364,17824.48448187983,25857.71562286896,850.0645329395338,0.032874695713171344,3424.5581127756514,802.5368243878984,950.5541710327343,0.0
2025-07-18,18,F,0.86,True,11650.750381146203,11585.452482154049,18895.435837015433,65.29789899215393,0.0034557498199770473,10800.0,22.087789992176113,864.2021799995205,0.0
2025-07-19,6,F,0.18,True,18345.254466756065,17918.777815464247,25450.785819684814,426.4766512918177,0.01675691486751505,3159.1012667201057,421.37515763272677,347.55174024882217,-17.80234035093963
2025-07-19,18,F,0.74,True,11002.02345773071,10913.517597057167,18277.845257942416,88.50586067354197,0.004842248056295522,10796.361259798961,70.37933464728849,117.00865345801094,17.80234035093963
2025-07-20,6,F,0.22,True,42651.71520203907,41893.72419131863,49616.7111666394,757.9910107204414,0.01527692974600237,9979.370389598436,760.647357325528,416.8670518256804,-34.07840191475407
2025-07-20,18,F,0.01,True,20055.15416882771,20023.482668932003,27245.124209385056,31.671499895706802,0.0011624648745332936,10800.0,15.666212853506295,-149.88824308338098,34.07840191475407
2025-07-21,6,F,0.22,True,39189.31718711806,38593.317660737084,46072.10183671988,595.999526380976,0.012936234784625326,9978.562497357676,552.023150834415,879.527510931186,0.0
2025-07-21,18,F,0.01,True,20068.325381820418,20006.69981138318,27108.076372164967,61.62557043723791,0.002273328789220769,10784.48658439374,84.51794192727175,647.4832172056404,-80.14549829470525
2025-07-22,6,F,0.22,True,60860.10851148176,49725.97368256758,66136.35438214098,11134.134828914182,0.1683512031004958,9979.162913013895,9928.932805555065,28020.76911691963,-283.994812021665
2025-07-22,18,F,0.0,True,20213.061056099184,19985.690265069847,27132.61886986559,227.37079102933785,0.008379979541225326,10788.00185778274,183.1943017887279,-2901.6949244803527,274.45970244770433
2025-07-23,6,F,0.26,True,41734.57802943608,40879.18456930646,48978.02518318499,855.3934601296205,0.017464841772005378,9936.96554298374,896.0048060509434,-812.2269184264201,0.0
2025-07-23,18,F,0.0,True,20407.67090690154,20211.388078801458,27559.41885226648,196.28282810008386,0.007122168618731291,10685.22632100458,122.9124380612484,1467.4078007767548,0.0
2025-07-24,6,F,0.26,True,42362.65637543189,41856.52284037237,49155.06951039567,506.13353505952546,0.010296670111563665,9978.857619215887,469.5750287559931,1693.8571225487558,-69.80266877024042
2025-07-24,18,F,0.0,True,20576.09814635374,20542.03708353241,27507.61745570072,34.06106282132896,0.001238241111800473,10799.49549802961,47.31678504137744,32.60260702869164,-21.586917455226285
2025-07-25,6,F,0.26,True,19929.18743316109,16660.57227302863,26641.235598826534,3268.61516013246,0.12269007373953904,3168.1062368977787,2985.122177806006,5669.859646529074,0.0
2025-07-25,18,F,0.0,True,10890.568120816826,10834.072078912804,18140.044793942525,56.496041904021695,0.0031144378388132383,10770.89628477281,43.980832756460586,250.30418295126583,0.0
2025-07-26,6,F,0.26,True,16968.71143002311,16758.919488572756,24090.602589180085,209.7919414503558,0.008708455534631605,3329.323196169305,191.0247534921109,375.343759164999,0.0
2025-07-26,18,F,0.0,True,11517.816380983551,11452.772281640964,18767.119547725004,65.04409934258729,0.003465854159301292,10671.251123323473,55.95984271121779,181.6851326273695,0.0
2025-07-27,6,F,0.26,True,40910.114770196335,40137.52233878633,47794.09037305262,772.5924314100048,0.01616502009724637,9965.147997480735,696.3977816808474,1523.8929945830496,0.0
2025-07-27,18,F,0.0,True,19183.10500599235,19073.26857495286,26461.48640315911,109.83643103948998,0.00415080352501956,10712.969047882641,99.18662336500347,212.9961534898266,0.0
2025-07-28,6,F,0.26,True,45577.73354683004,44031.3138979438,51769.45928230152,1546.4196488862362,0.02987127295368357,9954.606220731705,1073.7235026468989,12433.692035395427,-216.05759400566603
2025-07-28,18,F,0.0,True,20263.302343808104,20175.13013655011,27165.83530420993,88.17220725799416,0.0032457020470977377,10800.0,63.77868210914312,349.5612740200959,10.028548564658195
2025-07-29,6,F,0.24,True,46982.42324875297,43660.185828033726,53424.902011160324,3322.237420719248,0.06218518510385365,9966.87058428605,3033.044780895194,5783.852796481035,0.0
2025-07-29,18,F,0.0,True,19087.31531395537,19047.580090911906,26263.51426491526,39.73522304346261,0.0015129438750146188,10779.040216103196,42.252250250789075,-50.340544146471984,0.0
2025-07-30,6,F,0.26,True,46393.05898271519,43616.19198440576,52493.90493291566,2776.8669983094296,0.05289884610143051,9963.21231062925,2165.9872721916545,12897.63012214847,-49.30813431361821
2025-07-30,18,F,0.0,True,19326.010154263466,19121.445307583992,26462.105117580133,204.5648466794737,0.007730482732591474,10800.0,237.45348144200034,-1337.8082950434691,49.30813431361821
2025-07-31,6,F,0.29,True,39353.92465564492,38811.83034708406,46122.87792180677,542.0943085608596,0.011753262870540845,9921.774054711683,474.1533721185551,1358.8187288461122,0.0
2025-07-31,18,F,0.0,True,19532.424716647067,19467.59557085268,26561.676452421325,64.82914579438511,0.0024407023370874386,10776.924544045223,59.86646748077692,99.25356627221481,0.0
2025-08-01,6,F,0.27,True,14990.50601062735,14762.763997689819,22225.924485287116,227.7420129375314,0.010246683465890909,3242.4232145779874,181.98523530729653,915.1355526046655,0.0
2025-08-01,18,F,0.0,True,11239.022212876995,11127.290628908739,18289.943739966555,111.73158396825602,0.006108908018350216,10770.39610522882,88.58297567156478,462.972165933852,0.0
2025-08-02,6,F,0.31,True,16010.414130184889,15903.99182131958,23175.013073378963,106.42230886530888,0.00459211429690867,3059.717726729095,108.7287113578459,-46.12804985075854,0.0
2025-08-02,18,F,0.0,True,11000.26773870813,10941.912614953939,18275.52938277122,58.35512375419057,0.0031930743308154646,10768.781819640373,49.720926047190005,172.6839541399995,0.0
2025-08-03,6,F,0.32,True,33890.62490384709,33188.84177364729,40789.02855018613,701.7831301998012,0.01720519353228379,9983.323922952783,690.6837018327496,221.98856734110632,0.0
2025-08-03,18,F,0.0,True,18614.923346181582,18525.421071605866,25787.34161901735,89.502274575716,0.0034707832974032074,10655.342933847136,70.6022873971524,377.9997435713276,0.0
2025-08-04,6,F,0.32,True,37276.9805720058,35889.685746487135,43719.37268474473,1387.2948255186639,0.031731809958077034,9939.975684372315,1093.37555722252,5878.38536592291,0.0
2025-08-04,18,F,0.0,True,18629.11075499258,18569.371843204077,25750.708811290344,59.738911788503174,0.0023198938804477017,10721.91903687479,68.59469286484818,-177.11562152689476,0.0
2025-08-05,6,F,0.35,True,35479.978172830706,34706.63790784781,41874.92029228061,773.3402649828931,0.018467862376455767,9995.638422778668,586.7869433035085,3861.078982106912,-9.42697148030129
2025-08-05,18,F,0.0,True,18491.89048107664,18443.831562689276,25455.012122158438,48.05891838736352,0.0018879943233469732,10775.610136907175,49.244592996823485,43.376938653284014,-4.864604112121015
2025-08-06,6,F,0.37,True,34037.15271786444,33691.86787660363,41054.571856083516,345.2848412608073,0.008410387093335199,10009.641746258803,357.88138048661494,194.2793494875841,-32.35387857085152
2025-08-06,18,F,0.0,True,17674.631111790102,17616.864412113122,24843.736860144887,57.76669967698035,0.0023252017199413963,10800.0,27.375054541967984,161.6227686964803,32.35387857085152
2025-08-07,6,F,0.34,True,35051.077738271386,34159.24886069291,41805.72960021988,891.8288775784749,0.02133269497044693,9964.804810471956,848.6882243383079,862.8130648032857,0.0
2025-08-07,18,F,0.0,True,18341.48247289619,18235.72915894927,25286.731071310325,105.75331394691966,0.004182166277194471,10726.413696102374,140.12476076585153,387.5478490980895,-77.94459545712016
2025-08-08,6,F,0.33,True,13707.15936183038,13592.0211565687,20656.74307583284,115.1382052616791,0.005573879911222982,3183.8968766851385,107.64629692873496,149.83816665888298,0.0
2025-08-08,18,F,0.0,True,9458.21888901538,9401.76345113557,16588.19621321104,56.455437879809324,0.0034033500179391136,10756.30717674439,52.123927660828485,86.63020437959858,0.0
2025-08-09,6,F,0.35,True,12827.74545479569,12686.862466533878,20129.14833304682,140.882988261812,0.006998954249371733,3034.012610598897,170.86574479401315,-599.6551306440579,0.0
2025-08-09,18,F,0.0,True,10434.698001833889,10199.790769372832,17365.226069501863,234.907232461057,0.01352745029180006,10800.0,162.46705091549666,1448.803630911234,0.0
2025-08-10,6,F,0.34,True,32472.914602198936,31976.68251495577,39323.17025026609,496.23208724316646,0.01261933064106927,9965.872763733505,415.78768342477997,1608.888076367708,0.0
2025-08-10,18,F,0.0,True,17432.751470087424,17349.70390243864,24681.212604333767,83.04756764878402,0.003364809054568159,10745.424637056713,75.6508407500005,147.9345379757142,0.0
2025-08-11,6,F,0.37,True,32443.178565555754,31873.264599982744,39268.56873179473,569.9139655730105,0.014513234986116673,9949.990123036145,493.3305173601475,1531.6689642572437,0.0
2025-08-11,18,F,0.0,True,17637.169212784844,17568.483095845593,24705.183485062622,68.6861169392505,0.0027802309981134064,10728.644302911447,63.38420695788591,106.03819962732905,0.0
2025-08-12,6,F,0.37,True,33414.86884156177,32573.3417967555,40443.75885183816,841.5270448062729,0.020807340086492127,9996.012279144745,710.5688402076485,2619.1640919724814,0.0
2025-08-12,18,F,0.0,True,18468.655437010944,18423.520426189498,25418.32780306206,45.135010821446485,0.0017756876522777875,10647.14187801535,33.66110243856747,229.4781676575676,0.0
2025-08-13,6,F,0.37,True,32488.84839211664,31440.237641617394,39274.20694224924,1048.610750499247,0.026699730742906574,10008.931701338233,948.0291242152962,2011.6325256790224,0.0
2025-08-13,18,F,0.0,True,18495.073808683715,18437.782300964456,25406.419665845162,57.29150771925924,0.00225500123483666,10777.380328231773,68.00800302786956,457.7181300406246,-48.7289707257587
2025-08-14,6,F,0.36,True,33268.926682066456,32271.133229481085,40205.97117568584,997.7934525853707,0.024817046408986545,9919.854764059479,879.8617003720501,2358.635044266306,0.0
2025-08-14,18,F,0.0,True,17061.154550964427,17001.193587195667,24317.79816549604,59.96096376876085,0.0024657233915954643,10745.698842785458,63.52626579958451,-71.30604061654367,0.0
2025-08-15,6,F,0.37,True,13137.575147113572,12972.112492546066,20370.412591782602,165.46265456750552,0.00812269529750482,3104.177522883797,193.21428427710634,-555.0325941920191,0.0
2025-08-15,18,F,0.0,True,8830.492546032465,8761.553426039149,16089.239538474056,68.93911999331613,0.004284796669753261,10798.730903848478,49.54681484503271,387.8461029656469,0.0
2025-08-16,6,F,0.39,True,13202.422836297012,13050.264544395484,20403.55577883779,152.15829190152726,0.007457439945803133,3117.01734049566,154.36866154701784,-44.20739290982601,0.0
2025-08-16,18,F,0.0,True,8890.863800660309,8830.695245734187,16143.791014194821,60.16855492612194,0.0037270400040001306,10800.0,60.363534890790106,-3.8995992933655543,0.0
2025-08-17,6,F,0.34,True,30641.913160462333,29984.27808641173,37663.07043700396,657.6350740506023,0.01746100534077742,9959.236189154526,563.4013035410389,1884.6754101912338,0.0
2025-08-17,18,F,0.0,True,17220.747466097462,17193.306008765183,24387.79464829525,27.441457332279242,0.001125212743834443,10800.0,22.85479361887701,91.73327426806281,0.0
2025-08-18,6,F,0.34,True,31370.807573446407,30814.034577551625,38418.14773168175,556.7729958947821,0.014492447678200685,9949.922626304677,498.18930796276254,1171.6737586402824,0.0
2025-08-18,18,F,0.0,True,16868.61381539191,16814.71875088176,24229.046234947564,53.895064510150405,0.002224398929596043,10686.40829519221,49.539622221698664,87.10884576909825,0.0
2025-08-19,6,F,0.34,True,31392.81353859797,30700.90776750433,38130.17449882324,691.9057710936395,0.0181458852519805,9964.980286221155,623.664795973491,1385.9630871549944,-1.5330825579439988
2025-08-19,18,F,0.0,True,17134.207180765417,17079.737475265385,24329.06554697477,54.46970550003243,0.002238873720606402,10800.0,58.934200905605394,-110.43349286356715,1.5330825579439988
2025-08-20,6,F,0.3,True,36151.28568979321,32562.722493097957,42947.482662897404,3588.5631966952496,0.08355700903036703,9934.67716119929,3315.2649730917983,5465.964472069042,0.0
2025-08-20,18,F,0.0,True,16656.040779495735,16597.513716179965,24070.18286248005,58.52706331577065,0.0024315171866434405,10518.485791452109,64.01704728284312,-109.79967934144292,0.0
2025-08-21,6,F,0.28,True,33635.56073482326,32971.48545508083,40656.5946973022,664.0752797424284,0.016333765399847756,9899.048521879571,651.0787847281317,259.9299002860171,0.0
2025-08-21,18,F,0.0,True,17562.08691112257,17533.412560625162,24700.91726498729,28.67435049740743,0.001160861768402923,10772.515822587093,22.528279178153753,122.92142638509631,0.0
2025-08-22,6,F,0.3,True,13846.095272799905,13682.23521029477,20764.839209979233,163.86006250513492,0.007891227129097466,3142.6077371524843,127.87927647100878,1232.1239003894898,-37.161028289567184
2025-08-22,18,F,0.0,True,9014.738069444858,8901.061064404692,16110.988343657322,113.67700504016648,0.007055867871999273,10800.0,124.52782299323735,-729.5245387683981,37.161028289567184
2025-08-23,6,F,0.28,True,12545.61443229117,12394.72254182301,19854.150917159677,150.89189046815954,0.007600017301054446,3276.566505396613,137.1769231024482,274.29934731424464,0.0
2025-08-23,18,F,0.0,True,8860.62560767461,8820.563680252018,16144.624343022793,40.06192742259191,0.0024814406685099138,10701.743566506038,37.73327846335087,46.572979184819815,0.0
2025-08-24,6,F,0.3,True,30992.400423071907,30392.84893521433,38146.65323764797,599.5514878575777,0.015717014127621137,9941.458717560005,594.8644707719141,93.7403417132673,0.0
2025-08-24,18,F,0.0,True,16869.81054056233,16730.150120285623,24296.646666898017,139.66042027670483,0.005748135625109925,10797.181924386428,143.89916221052772,-84.77483867641251,0.0
2025-08-25,6,F,0.3,True,35373.2592393464,34537.03447661459,42301.230318089074,836.2247627318065,0.019768331947882276,9956.83159497276,764.8776292025068,1426.9426705860496,0.0
2025-08-25,18,F,0.0,True,16768.170780128596,16720.795928144013,24147.47489618515,47.374851984583074,0.0019618967278465797,10672.96480723493,47.19370483297098,3.6229430322298413,0.0
2025-08-26,6,F,0.31,True,32739.508087382972,31537.452002725462,39810.301364706145,1202.05608465751,0.030194598971893083,9939.627037822833,1051.6965475182442,3007.1907427852466,0.0
2025-08-26,18,F,0.0,True,18360.581654882546,18166.73854014155,25307.631003856914,193.8431147409974,0.007659472935710793,10730.82700738277,141.34547261882108,1454.9750410275774,-29.36741690267263
2025-08-27,6,F,0.3,True,43620.708143726006,36467.92550681459,49737.0509545195,7152.782636911419,0.14381195707505978,9941.115849843796,6355.068380143806,15981.84378971587,-1.998227491742
2025-08-27,18,F,0.0,True,17212.72131820005,17168.470103470325,24356.467892403412,44.25121472972387,0.001816815760200003,10762.75702498844,15.0283972225443,556.8976957797686,1.998227491742
2025-08-28,6,F,0.32,True,37082.27465795828,35323.64439191459,43700.32683684258,1758.6302660436922,0.04024295453463378,9930.35578484211,1485.3477978733426,5465.649363407116,0.0
2025-08-28,18,F,0.0,True,17140.71815991299,17078.358534280364,24356.158296792633,62.359625632627285,0.0025603227271206877,10694.82683921846,52.55229163788317,196.1466798948577,0.0
2025-08-29,6,F,0.32,True,13716.400430256972,13527.528605080712,20891.344052188397,188.87182517626024,0.009040673721348036,3615.9221239611743,222.49498010094976,-83.5107122765412,-42.7038575227034
2025-08-29,18,F,0.0,True,9381.374350706566,9318.000761651921,16417.27553243292,63.37358905464498,0.0038601769781744953,10800.0,43.78820081480444,491.78602568164206,-7.256491176469353
2025-08-30,6,F,0.3,True,13473.234506577735,13304.034942445922,20653.159353981027,169.19956413181353,0.00819243008935576,3634.3201867047687,160.90940318430148,165.80321895026373,0.0
2025-08-30,18,F,0.0,True,9580.949385097827,9525.431819521435,16570.384595939337,55.51756557639237,0.003350408993524342,10788.507770426895,48.970351920572284,286.7028018036417,-11.293765290138253
2025-08-31,6,F,0.29,True,34416.48049443923,33313.6137861151,41063.279513969464,1102.8667083241307,0.026857735703962528,9960.178445351425,939.8255625584497,4701.148526930247,-104.4353688756255
2025-08-31,18,F,0.0,True,16917.54623486581,16750.65136102082,24159.13140760832,166.8948738449908,0.006908148766988841,10800.0,137.60123223734627,-773.4926901895442,98.56510126435933
2025-09-01,6,F,0.31,True,32534.303502991468,31636.552292699555,39794.820631752125,897.7512102919136,0.02255949885035043,9903.07305055441,952.515750962375,-1095.2908134091326,0.0
2025-09-01,18,F,0.0,True,16899.97830339938,16854.397409247154,24106.234290868426,45.58089415222639,0.0018908342797237594,10793.696549260028,29.941285965211136,312.7921637403233,0.0
2025-09-02,6,F,0.3,True,34921.07680165302,32200.438212989247,41666.66085027009,2720.6385886637727,0.06529533524273609,9935.709629506997,2464.157361318168,5129.624546912097,0.0
2025-09-02,18,F,0.0,True,16224.70691241204,16162.558105765267,23555.787626095145,62.148806646773664,0.0026383667416802954,10707.42199267081,46.071013464181306,334.0433873583768,-0.9054474447420944
2025-09-03,6,F,0.31,True,32158.784229735742,31350.088336598285,39140.53804655391,808.6958931374575,0.020661338180267,9934.46016699738,741.5811455502553,1587.2825132745575,-17.763598836283563
2025-09-03,18,F,0.0,True,16001.05173200545,15916.98040521243,23265.86939147646,84.07132679302049,0.0036135046311151536,10776.204630197872,67.79580971380346,80.52278005380367,17.763598836283563
2025-09-04,6,F,0.31,True,32136.34424960048,31234.131223962337,39057.87817791166,902.2130256381424,0.023099386544463377,9904.84810131794,759.9123327163907,2846.0138584348997,0.0
2025-09-04,18,F,0.0,True,15479.493355632274,15446.349824130253,22823.009456954383,33.14353150202078,0.0014521981233251268,10786.344984650312,35.097120245860424,-39.071774876809286,0.0
2025-09-05,6,F,0.31,True,11374.671030678883,11168.33831252081,18698.142243723112,206.33271815807348,0.011034931463704021,3559.511596716507,209.78127604628753,180.40013759791918,-18.08145533766401
2025-09-05,18,F,0.0,True,6970.796176102439,6869.594765842054,14306.287406307567,101.20141026038527,0.007073911447897104,10800.0,79.86485830489801,177.35974374759007,18.08145533766401
2025-09-06,6,F,0.31,True,11205.076267280123,11017.09794904612,18523.846800993975,187.97831823400338,0.01014790935454706,3435.6727784346426,184.25314639250792,74.50343682988841,0.0
2025-09-06,18,F,0.0,True,6860.8240247008525,6823.1905321532395,14247.410527449538,37.63349254761306,0.0026414268385898695,10800.0,49.61785006948594,-239.68715043747784,0.0
2025-09-07,6,F,0.3,True,33007.006350046075,30524.170501227287,39631.85973499256,2482.835848818788,0.06264747265005563,9918.940892506493,2148.6396924908477,6683.923126558864,0.0
2025-09-07,18,F,0.0,True,14594.096791047874,14547.458785914854,21980.14321230293,46.63800513301976,0.0021218244432054064,10789.814981984257,43.804718921750464,56.6657242253641,0.0
2025-09-08,6,F,0.31,True,28541.867829329756,27574.569440661042,35433.46299205247,967.2983886687143,0.02729900797124103,9937.13030172872,827.3191831882068,3153.8728483938503,-25.68882676593421
2025-09-08,18,F,0.0,True,12863.006458253998,12722.268166692596,20192.84556243044,140.73829156140164,0.006969710689178478,10800.0,129.27976334393315,-80.96627439716508,22.48745345856878
2025-09-09,6,F,0.31,True,29200.981282800887,26811.92407313887,35758.23315013144,2389.0572096620162,0.06681138857257087,9950.447201277635,1983.6574103829262,8107.9959855818415,0.0
2025-09-09,18,F,0.0,True,12895.052389206214,12791.42671621294,20188.164888814736,103.62567299327384,0.005132991213613858,10650.0505044992,114.73758442643884,273.0601957179697,-35.913180489595106
2025-09-10,6,F,0.3,True,25454.26075415557,24982.580194725335,32785.676897311765,471.680559430235,0.014386787282372995,9925.128843210923,495.3999455570811,-474.38772253690513,0.0
2025-09-10,18,F,0.0,True,12314.098034691926,12244.373434628333,19652.6430801263,69.72460006359324,0.003547848489351649,10800.0,46.13913793167012,471.7092426384829,0.0
2025-09-11,6,F,0.29,True,27164.60725072182,25872.58898695759,34495.78995684523,1292.0182637642283,0.037454375313061776,9911.267492094197,1284.8654917133026,143.0554410184327,0.0
2025-09-11,18,F,0.0,True,12482.067311545163,12353.486901193997,19801.642960005407,128.58041035116548,0.006493421309073557,10797.646918801236,117.25664757180493,226.47525558728194,0.0
2025-09-12,6,F,0.27,True,7587.790819400841,7452.54938027794,14983.59726041391,135.24143912290128,0.009025965979491719,3817.836263133259,142.6255065141395,-147.68134782476523,0.0
2025-09-12,18,F,0.0,True,4321.824465025513,4238.8255952980835,11719.198644577311,82.99886972742934,0.007082299075614223,10749.458154801518,74.58603847802624,168.25662498803524,0.0
2025-09-13,6,F,0.28,True,7483.125137307939,7258.553370875674,14785.648400746368,224.57176643226558,0.015188496327352771,3824.2273654374044,205.05752407172804,390.2848472107207,0.0
2025-09-13,18,F,0.0,True,3978.6755455938273,3933.23309330703,11329.003718264257,45.44245228679756,0.004011160505979594,10800.0,41.1268958514047,86.3111287078766,0.0
2025-09-14,6,F,0.28,True,26824.040887784293,26382.981005048554,34071.97233477582,441.05988273573894,0.012944947195955774,9915.461747392803,427.79818482259,265.23395826300793,0.0
2025-09-14,18,F,0.0,True,11635.248057700128,11559.447330662233,18988.83605181988,75.80072703789483,0.003991857469885845,10799.73866456903,63.166784989491134,252.67884096810894,0.0
2025-09-15,6,F,0.27,True,23658.292460868593,23193.59819952836,30825.53808627213,464.69426134023524,0.015074976470473442,9921.576535165534,400.85890358950564,1276.7071550145783,0.0
2025-09-15,18,F,0.0,True,11290.559812104975,11238.965806516453,18642.11882224342,51.59400558852212,0.0027676041591882324,10788.471662616716,44.26240391263855,146.6320335176863,0.0
2025-09-16,6,F,0.26,True,26315.364975447672,25729.732722445755,33347.72693569978,585.632253001917,0.017561384442517414,9929.602239621125,482.5880017202653,2329.2459034491103,-19.45835513891143
2025-09-16,18,F,0.0,True,11322.901031822872,11261.599572903258,18600.272422707847,61.30145891961365,0.00329572909076185,10784.579390961871,41.966570345884975,234.7528229838931,11.017249583306693
2025-09-17,6,F,0.27,True,27301.396253242354,26528.94045414251,34426.964831746554,772.4557990998437,0.022437522531394628,9874.074074074075,702.9393479328937,1500.3970975459806,-7.9808342214601
2025-09-17,18,F,0.0,True,11347.484960975355,11180.379531904087,18673.96213672413,167.10542907126728,0.00894857919534058,10792.492734903382,137.16924802747963,503.38831310981277,6.912588343297102
2025-09-18,6,F,0.29,True,31594.632685817327,28487.69424944665,37971.83674691463,3106.9384363706777,0.08182217934514661,9890.175496006555,2452.5577310868102,13087.614105677316,0.0
2025-09-18,18,F,0.0,True,11312.372220832289,11208.19858864965,18628.586498396868,104.17363218263927,0.005592138308057039,10771.233359292277,97.13134021608494,170.1355893020086,-2.1237460597913014
2025-09-19,6,F,0.3,True,8411.53757113333,8161.662763081958,15590.53462803525,249.8748080513733,0.01602734056355212,4013.1713059053077,208.28587629461435,1339.8857601140776,-36.8419158817469
2025-09-19,18,F,0.0,True,4067.4661540410207,4016.462238050258,11355.932108286683,51.003915990762835,0.004491389654711313,10499.428104723647,32.17983091062524,-36.714985952434745,29.96013410785781
2025-09-20,6,F,0.3,True,7783.880058318964,7393.82043688998,15021.829169964536,390.0596214289844,0.025966186741684622,4211.456458094906,367.71490410832666,669.6630163668601,-16.152547752333703
2025-09-20,18,F,0.0,True,3921.6875224532478,3886.3116235187517,11229.735672589368,35.375898934496036,0.0031501987193558773,10338.629358215465,30.142863641436634,79.0055232514328,1.8602102453860425
2025-09-21,6,F,0.29,True,28512.916451529498,27317.022493833312,35560.27906090936,1195.8939576961857,0.033630049855564996,9907.039916596168,1069.5206674486617,2527.465804950494,0.0
2025-09-21,18,F,0.0,True,11604.963976875979,11442.647488519504,18923.755435361727,162.31648835647502,0.008577393050280262,10758.882363167093,137.4469843193583,497.39008074229514,0.0
2025-09-22,6,F,0.29,True,26917.320998877432,26480.73035220411,34249.59920437647,436.5906466733213,0.012747321335589031,9884.20238124767,481.7405177830369,-758.5390655411929,-10.474410537837684
2025-09-22,18,F,0.0,True,11073.951569770257,11023.652756209472,18416.895197491252,50.298813560784765,0.0027311234071439178,10782.85140026285,36.22746425142759,136.96862953398022,10.474410537837684
2025-09-23,6,F,0.31,True,28107.191998114584,27755.17133616704,35330.918702371506,352.020661947543,0.00996352981684324,9918.733870516546,332.57327505357534,388.94773787934855,0.0
2025-09-23,18,F,0.0,True,11557.875945611397,11501.557330557313,18875.032063413262,56.31861505408415,0.0029837626163957778,10800.0,47.000766078163,220.61969492318985,-2.4843266641364607
2025-09-24,6,F,0.31,True,27586.152944030182,26640.606712148692,34750.183860973906,945.5462318814898,0.027209819541225012,9874.074074074075,811.2100360542099,2686.723916545589,0.0
2025-09-24,18,F,0.0,True,11590.756623768606,11566.20566665851,18911.47878460372,24.550957110095624,0.0012982039844543058,10800.0,26.470480966141622,-38.3904771209468,0.0
2025-09-25,6,F,0.31,True,29238.25871116144,28770.05835730026,36408.79225684788,468.2003538611825,0.012859540919628333,9902.837451016434,414.3516265092039,1076.9745470395983,0.0
2025-09-25,18,F,0.0,True,11946.57202073698,11845.855142600145,19296.493310024784,100.71687813683457,0.005219439434858914,10764.624360298556,85.65816976876158,301.17416736147675,0.0
2025-09-26,6,F,0.31,True,8193.430945409877,7905.801055802387,15517.927249335065,287.62988960748953,0.018535329170319078,4645.263344526268,289.12153830743955,-29.832973999035403,0.0
2025-09-26,18,F,0.0,True,4114.779799605043,4060.090974728444,11446.885015088477,54.68882487659903,0.00477761633881288,10711.371707795175,51.775530801833156,58.265881495315625,0.0
2025-09-27,6,F,0.31,True,12611.459651872048,8574.997991576114,19441.756789942225,4036.461660295934,0.20761815425981003,4622.773389064606,3618.011135094792,9092.396003045385,-52.45135601310358
2025-09-27,18,F,0.0,True,3739.25813594416,3653.478745323714,11055.791338897694,85.77939062044607,0.007758774382675588,10587.9599555018,39.00790571761536,349.1443621709127,42.510474593913386
2025-09-28,6,F,0.32,True,35249.030372413254,32761.488331303175,41810.386273048585,2487.5420411100786,0.059495791903591534,9915.060107593514,2029.1905422212221,9370.14702302034,-14.727644481097741
2025-09-28,18,F,0.0,True,12071.342747197148,11926.319897265583,19396.82968638781,145.02284993156536,0.007476626452689773,10760.72954908166,111.66093404111598,464.121272565666,14.727644481097741
2025-09-29,6,F,0.34,True,28915.324115621617,28173.622534406793,36249.746462549614,741.7015812148238,0.020460876381055287,9903.518639988135,743.2022898117502,-30.014171938549225,0.0
2025-09-29,18,F,0.0,True,11578.59920471912,11547.364162175227,18916.985486167297,31.235042543892632,0.0016511638477881526,10800.0,29.125356651515176,42.1937178475614,0.0
2025-09-30,6,F,0.36,True,30668.785066302888,29999.7900373159,37838.37693937817,668.9950289869885,0.017680331005180336,9905.813847090758,610.2475581779872,1174.9494161800603,0.0
2025-09-30,18,F,0.0,True,12148.873277280787,12056.455895537254,19519.51843860123,92.41738174353304,0.004734613819200126,10788.081490507248,85.15636605510372,145.22031376854443,0.0
2025-10-01,6,F,0.35,True,29720.010243718214,28940.787747613613,37002.2260962166,779.2224961046013,0.021058800464555705,9875.196179520506,785.6382163452217,-128.31440481243862,0.0
2025-10-01,18,F,0.0,True,12111.16779178474,12063.943610154369,19443.26621317885,47.22418163037037,0.002428819371837913,10780.298517213945,56.458630910543434,139.26871711707145,-23.489578961070947
2025-10-02,6,F,0.32,True,28579.989051022938,27716.365264763972,35873.75419437922,863.623786258966,0.024073972898946847,9902.03518189283,842.4805411041525,468.9221487524569,-3.3395264242299163
2025-10-02,18,F,0.0,True,11978.873749868286,11890.992975391799,19337.1789065801,87.8807744764872,0.0045446533282361545,10790.97703920691,73.78954814336248,235.7672810064214,3.3395264242299163
2025-10-03,6,F,0.32,True,7551.383822735728,7397.388228386386,14851.248385922394,153.99559434934235,0.010369201992158175,4538.767480275184,126.95002331428987,540.9114207010771,0.0
2025-10-03,18,F,0.0,True,4042.6124318428538,3974.4255136389074,11376.503417743927,68.18691820394633,0.005993662173704025,10366.793549102651,67.12621784619296,21.214007155071613,0.0
2025-10-04,6,F,0.34,True,8078.486707884067,7935.939559010469,15449.107010817093,142.54714887359842,0.00922688597948026,5067.993883056052,153.79902065643546,-225.03743565674404,0.0
2025-10-04,18,F,0.0,True,3653.5272441540783,3588.845998476636,11020.7726707419,64.68124567744235,0.005869030022655219,10763.584612112249,51.324026525226145,267.14438304434316,0.0
2025-10-05,6,F,0.36,True,28921.842928105143,27913.143309959618,36161.380074845656,1008.6996181455252,0.027894389430319067,9874.074074074075,983.8416227516136,497.159907878136,0.0
2025-10-05,18,F,0.0,True,11471.508595936552,11358.667468826427,18754.329576639626,112.84112711012494,0.006016804101100993,10800.0,110.34397004193306,49.94314136385947,0.0
2025-10-06,6,F,0.33,True,28119.543554958953,27140.869894904514,35238.805385553875,978.6736600544391,0.02777261173716308,9874.074074074075,853.2866784189391,2507.739632710026,0.0
2025-10-06,18,F,0.0,True,11468.425985958429,11393.506019350038,18811.85427162066,74.9199666083914,0.003982593397048305,10762.437724620604,89.83568243301488,185.28747946466865,-35.06507941146083
2025-10-07,6,F,0.35,True,28167.84443131415,27769.78348848757,35421.25693395259,398.0609428265816,0.011237911279343265,9900.780702541908,373.66097434717085,697.1881562375934,-15.167895316288195
2025-10-07,18,F,0.0,True,11747.02220838222,11643.7259059479,19069.664062665037,103.29630243431893,0.005416786687740057,10775.971404172307,115.87993510143497,399.17043294307086,-47.191438691474104
2025-10-08,6,F,0.36,True,26065.96905193346,25648.72508389352,33384.25439867994,417.2439680399402,0.012498226351175859,9874.074074074075,451.57112642199354,-686.543167641064,0.0
2025-10-08,18,F,0.0,True,10394.590797865503,10326.474454889563,17727.61098285792,68.11634297593992,0.0038423870560904353,10800.0,55.74088008279796,247.5092578628114,0.0
2025-10-09,6,F,0.37,True,27138.5073408248,26111.976876009874,34454.4985331395,1026.530464814925,0.029793800766758315,9874.074074074075,1034.932267233853,-168.03604837862713,0.0
2025-10-09,18,F,0.0,True,10631.195591805792,10503.95796591836,17947.148533484265,127.23762588743193,0.007089573346431205,10800.0,101.8254517123678,508.24348350126775,0.0
2025-10-10,6,F,0.42,True,6672.192335458087,6513.875480043267,14044.332750122825,158.31685541481966,0.011272650558171594,5311.334738966194,146.46105865733807,237.1159351496192,0.0
2025-10-10,18,F,0.0,True,3152.9361359528993,3043.983646262679,10510.194299710884,108.95248969022032,0.010366363036049429,10211.081128456814,100.5471009363464,168.1077750774616,0.0
2025-10-11,6,F,0.38,True,7248.984770716803,6960.498122881729,14530.53113914238,288.4866478350741,0.019853826750898876,5467.896499486248,248.3118764494593,803.4954277122984,0.0
2025-10-11,18,F,0.0,True,3295.6298206674855,3258.353035807002,10622.36685915199,37.27678486048353,0.0035092729666332976,10284.675182825906,32.43849338200744,96.7658295695237,0.0
2025-10-12,6,F,0.41,True,28951.495636178028,28289.509934433394,36081.178696531344,661.9857017446338,0.018347119624677718,9887.859011834733,538.5514319902941,2468.6853950867826,0.0
2025-10-12,18,F,0.0,True,10594.552348676816,10548.484824973146,17889.910126322677,46.067523703670304,0.002575056184093845,10794.514739295128,41.98373928714864,273.34817937561684,-13.897820842847068
2025-10-13,6,F,0.42,True,27677.205571107377,27096.476352185666,35032.76012750652,580.7292189217114,0.016576747501711772,9884.518552021795,613.3164852690679,-651.7453269471364,0.0
2025-10-13,18,F,0.0,True,10702.646610671158,10572.023376607898,18049.754937071222,130.6232340632596,0.007236842523273321,10800.0,101.14171851071296,589.6303110509145,0.0
2025-10-14,6,F,0.45,True,28384.299905534506,27390.42650983017,35697.008176224845,993.8733957043369,0.027841924197061503,9889.875217155293,994.406825413731,-10.66859418797867,0.0
2025-10-14,18,F,0.0,True,10872.381397621879,10794.753297357232,18223.12948412831,77.62810026464649,0.0042598665795717345,10770.072410061286,68.42831048036169,183.99579568574768,0.0
2025-10-15,6,F,0.47,True,29087.87309782439,28618.87574037182,36438.0387235397,468.99735745257203,0.012871092239923176,9874.074074074075,488.0547141766947,-381.14713448248744,0.0
2025-10-15,18,F,0.0,True,10004.780588151445,9947.689281414498,17313.19865661081,57.091306736947445,0.0032975597328543274,10784.167486019427,37.70840219523234,387.6580908343258,0.0
2025-10-16,6,F,0.48,True,30211.973421829418,29862.14428866246,37332.57526090569,349.82913316695704,0.009370613484928663,9892.336455814217,329.2117238132996,1377.8892847587313,-70.00961441502841
2025-10-16,18,F,0.0,True,10410.297425531448,10356.157954380149,17687.232212673865,54.139471151298494,0.003060935170654039,10792.674546103286,35.28811001934446,258.1082544118276,8.622596316383351
2025-10-17,6,F,0.46,True,6928.03882106586,6704.448395790823,14232.721059956051,223.59042527503698,0.01570960495418628,5622.642657880735,207.3250880106134,325.3067452884761,0.0
2025-10-17,18,F,0.0,True,2778.223351807961,2638.818198245781,10141.408805825773,139.4051535621802,0.013746132931955011,10182.849958533689,128.95394941880295,209.02408286754394,0.0
2025-10-18,6,F,0.47,True,8847.903387517365,7402.526423027051,15973.33242410563,1445.3769644903132,0.09048687688419167,5699.886049942795,1308.685630949325,2924.3201621021253,-13.812333732059415
2025-10-18,18,F,0.0,True,3278.8895609337414,3111.754882229732,10585.22039590527,167.13467870400927,0.01578943776821716,10159.593310843846,147.74089650581664,197.38215268148633,13.812333732059415
2025-10-19,6,F,0.49,True,31171.972848099387,30805.839663352803,38331.09853142578,366.13318474658445,0.009551857337102142,9893.680529151445,319.9268391212463,924.1269125067856,0.0
2025-10-19,18,F,0.0,True,10643.006622037878,10546.516076967382,17925.278208454783,96.4905450704955,0.005382931519856912,10730.30844327784,108.36084576395297,205.57510460761978,-32.11974857625137
2025-10-20,6,F,0.48,True,32667.943043906613,31676.963147249793,39745.35585508645,990.9798966568196,0.02493322490984813,9874.074074074075,875.4134959393268,2311.3280143497814,0.0
2025-10-20,18,F,0.0,True,10836.492577762243,10648.080704942973,18124.920819043484,188.41187281926977,0.010395183223162513,10748.322877664288,150.42171069265532,759.8032425323231,0.0
2025-10-21,6,F,0.45,True,33457.964186208206,32774.60212102382,40600.3598395076,683.3620651843885,0.0168314287825454,9896.567757199047,634.5423979055413,976.3933455769275,0.0
2025-10-21,18,F,0.0,True,10627.150317890357,10514.060121102031,17959.679374406143,113.09019678832556,0.006296893971809283,10686.106076126278,93.74026683687407,386.99859902905064,0.0
2025-10-22,6,F,0.45,True,32570.60286824614,31416.46623196955,39697.37216255055,1154.1366362765912,0.02907337623132075,9879.141718281033,1036.9331740231282,2344.069245069226,0.0
2025-10-22,18,F,0.0,True,9770.980979390924,9706.95812482344,17173.10209344111,64.02285456748359,0.0037280890906678833,10800.0,66.86789029623469,-56.90071457503893,0.0
2025-10-23,6,F,0.46,True,32548.843205931655,31599.896305146536,39838.40422386061,948.9469007851185,0.02381990241006594,9882.035471743178,967.4914568633176,-163.69729911613786,-15.02324412033704
2025-10-23,18,A,0.0,True,10615.716406861986,10458.638101221793,17923.399390135357,157.0783056401924,0.008763867959481215,10773.530305394792,142.5714708669184,238.47519557104897,3.7458806221493433
2025-10-24,6,F,0.46,True,8550.163885229933,7710.370348444396,15692.504521712477,839.7935367855371,0.05351558354650025,5898.78003120593,725.0671230359749,2294.528274991235,0.0
2025-10-24,18,A,0.0,True,2941.3719002690705,2897.3036929442533,10255.869479382058,44.068207324817195,0.004296876770264087,10241.746317814033,35.278272199208004,175.79870251218608,0.0
2025-10-25,6,F,0.46,True,7817.089532954005,7754.090645957948,15080.908071466407,62.99888699605708,0.004177393476408302,6212.567672687531,59.97258491007051,277.2598775186111,-15.714972994250274
2025-10-25,18,A,0.0,True,3302.1046221303195,3242.9789748158573,10607.661055149625,59.125647314462185,0.005573862796620833,10261.296607197022,48.330704881442216,246.12756723075518,-2.1918289510867908
2025-10-26,6,F,0.46,True,32174.76385214834,31465.40126035556,39371.53471783998,709.3625917927784,0.018017143524541167,9881.480933263108,717.9474934384634,16.37831069017193,-13.637070786373442
2025-10-26,18,A,0.0,True,10338.488136787915,10293.089457235861,17659.912596261922,45.39867955205409,0.0025707193795321296,10800.0,24.273109225970984,234.43506291786207,13.637070786373442
2025-10-27,6,F,0.45,True,35020.42201898218,34075.039994742474,41947.12141427256,945.3820242397051,0.02253747080528004,9888.671084423335,754.7230594251232,3896.254678351831,-6.023643612224987
2025-10-27,18,A,0.0,True,10754.430476450705,10711.580854179037,18021.777658056017,42.84962227166761,0.0023776579139246656,10795.306667967398,45.176270413830935,-129.60834490344996,6.023643612224987
2025-10-28,6,F,0.42,True,35339.37414273586,33882.598967151425,42325.18472881242,1456.7751755844365,0.03441863715228518,9874.074074074075,1281.5665271987018,3826.5076202010923,-23.37189456489432
2025-10-28,18,A,0.0,True,11037.763539655716,10962.607095627985,18303.50811850872,75.15644402773069,0.004106122364145681,10751.121115518534,35.06785656672582,522.5141526564248,20.248456233246543
2025-10-29,6,F,0.42,True,35700.93892132714,34795.586328788486,42692.617616908276,905.3525925386566,0.021206303175472067,9874.074074074075,781.0129547381075,3039.187918431182,-40.053160262632446
2025-10-29,18,A,0.0,True,10684.218294850543,10563.204866276335,17966.890147838607,121.01342857420786,0.006735357514765326,10772.316842496894,92.48019443395242,286.20946990242237,20.625325862773025
2025-10-30,6,F,0.44,True,33294.0233484544,32751.679488270907,40459.66398057194,542.3438601834932,0.013404556707241014,9880.816140414445,507.8317733915028,1065.648028102536,-27.22002184401208
2025-10-30,18,A,0.0,True,10030.657987573592,9974.316673054107,17368.603480736645,56.34131451948451,0.0032438597945984625,10781.508438454437,35.98562494296857,31.707499267463163,27.22002184401208
2025-10-31,6,F,0.44,True,8074.02008538323,7741.208401419053,15358.823502314717,332.81168396417706,0.021669087083006015,6567.914532441508,296.75019477241585,721.2297838352229,0.0
2025-10-31,18,F,0.0,True,3404.3455175003364,3340.807054888245,10676.145880420674,63.53846261209128,0.0059514419645217195,10263.264358179524,54.90709511533896,252.7144957437231,-5.8069720813582535
2025-11-01,6,F,0.42,True,8910.293068515808,8610.685891447542,16124.119680227723,299.60717706826654,0.01858130446871225,6730.014412592109,274.26967461197455,947.1805525331038,-31.934808154792336
2025-11-01,18,Q,0.0,True,3155.345838495673,3049.186256564328,10480.025861424745,106.1595819313452,0.010129706103312321,10243.494343916458,76.8198376551336,146.36438211698987,31.934808154792336
2025-11-02,6,F,0.42,True,38073.64147632425,36663.2522418442,44942.36207987006,1410.389234480048,0.031382178621887996,9874.074074074075,1200.221454611783,4203.35559736523,0.0
2025-11-02,18,F,0.0,True,11028.347344875909,10958.528679821833,18292.515559484502,69.81866505407561,0.0038167886110051863,10722.096211020405,80.9472210193926,501.49223694551983,-52.5005061977663
2025-11-03,6,F,0.46,True,35849.91484793628,35551.4828899587,42956.137688297444,298.43195797757653,0.006947364778069385,9885.105521079844,247.86506460541568,1011.3378674432624,0.0
2025-11-03,18,F,0.0,True,11066.991394829141,10996.47850231974,18369.82523514086,70.51289250940135,0.00383851732974098,10788.402918929803,59.4874882404074,317.9863173134768,-7.067967845065141
2025-11-04,6,F,0.46,True,36150.39092469219,35727.40409020461,43098.32122382347,422.9868344875795,0.009814461966879696,9874.074074074075,335.25411417122086,1778.936253177233,-1.7606321878374729
2025-11-04,18,F,0.0,True,11201.266259109689,11143.379633730932,18421.692999636034,57.886625378756435,0.0031423075707482546,10654.556645749446,34.88805146284358,462.76402411962636,-0.20248237518171663
2025-11-05,6,F,0.45,True,35809.037070771294,35445.84306494606,43055.582049480705,363.1940058252367,0.008435468492978302,9878.47651136872,390.2752237127206,-541.6243577496816,0.0
2025-11-05,18,F,0.0,True,10714.446441691684,10649.669065720065,18055.338937802622,64.77737597161831,0.0035877130966505064,10771.915624955484,67.43094272198141,-53.07133500726195,0.0
2025-11-06,6,F,0.46,True,37896.53196503819,37417.052337323934,44738.92477376182,479.47962771425955,0.01071728098381706,9878.352746113955,379.1455406680834,2006.6817409235064,0.0
2025-11-06,18,A,0.0,True,11054.616818248081,10964.231573994637,18301.066338668425,90.3852442534444,0.0049387966023853435,10800.0,68.90228178615143,429.65924934588656,0.0
2025-11-07,6,F,0.45,True,9424.902464253215,8751.697064784305,16585.27697796807,673.2053994689104,0.04059054306799931,6991.849139659607,607.277208556894,1318.5638182403018,0.0
2025-11-07,18,A,0.0,True,3238.2760998582,3199.4795059899006,10598.025909496992,38.79659386829917,0.003660737782640555,10259.038837236627,30.96362445783234,156.65938820931228,0.0
2025-11-08,6,F,0.46,True,8803.470590311432,8741.568237995541,16082.720669470847,61.90235231589031,0.003848997541404605,7365.904760727162,50.80781784048668,221.8906895080704,0.0
2025-11-08,18,A,0.0,True,3440.293638735013,3410.0554026189493,10797.518087526223,30.23823611606349,0.0028004802465666674,10220.45196322571,22.98517010346768,145.06132025188958,0.0
2025-11-09,6,F,0.47,True,36878.94489249133,36566.957877941226,44065.67382180802,311.9870145501045,0.007080046382853737,9874.074074074075,289.0743744426218,458.25280214962186,0.0
2025-11-09,18,A,0.0,True,10596.031133730701,10537.36008644692,17969.875820164143,58.671047283780354,0.0032649667627611036,10775.337390974168,55.964950398367364,54.121937708280484,0.0
2025-11-10,6,F,0.45,True,41034.678727880644,38862.39375955008,47921.662168915806,2172.2849683305612,0.04532991699398117,9882.071262823676,2013.731461509713,3171.0701364169736,0.0
2025-11-10,18,A,0.0,True,11297.137542048671,11152.974474795743,18598.631498170344,144.16306725292816,0.0077512728432256065,10442.381978704485,87.63780497271,1130.5052456044032,0.0
2025-11-11,6,F,0.44,True,39289.727833402445,38894.08360458718,46314.06353250333,395.64422881526843,0.008542636914975173,9874.074074074075,358.39990995552216,744.8863771949291,0.0
2025-11-11,18,A,0.0,True,11009.514881046192,10952.36156316662,18234.353053067633,57.15331787957257,0.003134375961309878,10790.78412687571,55.67867079634016,29.492941664638238,0.0
2025-11-12,6,F,0.42,True,41432.28082725836,39926.76035361692,48248.105049077945,1505.520473641438,0.03120372234536514,9874.074074074075,1272.7629237940637,4655.150996947542,0.0
2025-11-12,18,A,0.0,True,11348.494896475893,11248.4121869604,18631.412023720306,100.08270951549275,0.005371718975892645,10669.535591320158,76.0486947280151,480.6802957495429,0.0
2025-11-13,6,F,0.42,True,38414.63430891711,37292.94946812957,45438.01216814004,1121.684840787544,0.024686045609496107,9879.203324711722,1017.2053565961978,2197.825391174476,-7.847972660612868
2025-11-13,18,A,0.0,True,10920.53286417934,10830.071856887254,18144.033814299317,90.46100729208592,0.004985716418848029,10797.082681154372,96.05797310990602,348.70420181077907,-33.40041678905982
2025-11-14,6,F,0.43,True,9250.83565191451,9036.157150478588,16526.618154925818,214.67850143592295,0.012989862742846591,7479.2885951698,201.5121820634413,263.3263874496183,0.0
2025-11-14,18,A,0.0,True,3621.3103595669727,3547.4137204426042,10924.44601605427,73.89663912436845,0.0067643374332915325,10280.782595493054,55.813139890955426,361.6699846682495,0.0
2025-11-15,6,F,0.42,True,10318.251900081077,9981.011663473826,17492.231930910715,337.24023660725106,0.019279428602322048,8693.757905498624,312.3039220682658,922.7609774805396,-30.745977551534452
2025-11-15,18,A,0.0,True,3566.4394579824475,3494.5720924632533,10847.319835352202,71.86736551919421,0.006625356918579395,10246.795126467458,45.92020183522072,94.90858697862996,30.745977551534452
2025-11-16,6,F,0.4,True,41245.8264206033,39998.503978415705,48088.86981479317,1247.322442187593,0.02593786144260537,9876.291392363506,1057.8924930157518,3788.598983436821,0.0
2025-11-16,18,A,0.0,True,10902.038064425435,10873.469351851121,18163.142766060773,28.568712574313395,0.0015728947871122957,10764.376421438847,22.905793274840107,113.25838598946393,0.0
2025-11-17,6,F,0.41,True,42945.479575475816,40375.63153244047,49816.95343948202,2569.8480430353447,0.05158581297343311,9874.074074074075,2330.754047434595,4781.879912015118,0.0
2025-11-17,18,A,0.0,True,10943.796409906385,10908.120591795343,18228.987168586333,35.675818111041735,0.00195709272166921,10712.85494058753,25.776798214672453,197.98039792737882,0.0
2025-11-18,6,F,0.42,True,37974.98003712748,37599.624838091055,45178.41046751305,375.35519903642853,0.008308286970528532,9874.074074074075,347.4889871426785,557.324237874991,0.0
2025-11-18,18,A,0.0,True,10625.895881311504,10591.486931651065,17954.00585417961,34.40894966043925,0.0019165054272514345,10795.154675871278,24.82625456588721,191.6539018911035,0.0
2025-11-19,6,F,0.44,True,42866.89544220712,41116.72538403533,49704.085226025185,1750.1700581717887,0.035211794970434245,9905.640478280759,1493.68765224066,5157.067585240095,-1.9881352434949804
2025-11-19,18,F,0.0,True,11438.719114013025,11345.710569249975,18642.26114913136,93.00854476304994,0.004989123584259182,10769.398679315533,107.26576820062837,323.3087527239413,-44.11782732727988
2025-11-20,6,F,0.44,True,40365.22105786461,39889.20783458534,47324.495253983216,476.0132232792748,0.010058495515368644,9896.899338461006,365.8240053406116,2203.7843587731804,0.0
2025-11-20,18,F,0.0,True,10942.702987312945,10899.985567184762,18142.330111564257,42.71742012818322,0.0023545718695171546,10800.0,47.267583856355486,41.42459663113186,-9.602102098355317
2025-11-21,6,F,0.42,True,11815.958527758283,10422.688402599464,18967.703639229716,1393.2701251588187,0.07345486578972085,7737.255429450519,1310.6982361823138,1651.437779530067,0.0
2025-11-21,18,F,0.0,True,3673.2853411713404,3508.6443943646154,10980.268416186449,164.64094680672497,0.014994255200903944,10282.857290166205,140.77551883350134,477.30855946446536,0.0
2025-11-22,6,F,0.45,True,9736.059388558138,9517.328665179926,17024.21546590801,218.73072337821213,0.012848211643951125,9737.950269488436,212.81890335898788,118.23640038450685,0.0
2025-11-22,18,F,0.0,True,3761.1748361731916,3708.6608745322155,11037.564531326025,52.51396164097605,0.004757749002683942,10346.854673260554,54.955276403990865,260.4941365933428,-22.42825729186552
2025-11-23,6,F,0.45,True,42034.00471455685,41171.42577445515,48940.50315047313,862.5789401017028,0.017625052555132217,9881.720553688849,710.0281689050025,3051.015423933957,0.0
2025-11-23,18,F,0.0,True,10700.603136960186,10652.5974051377,18007.95568500082,48.00573182248627,0.0026658068612680553,10790.885776954112,39.24988791287251,175.11687819232293,0.0
2025-11-24,6,F,0.41,True,39240.39744514047,38928.57891671049,46455.96712438948,311.8185284299834,0.006712130814004258,9900.996654708006,301.32940128460905,209.7825429074237,0.0
2025-11-24,18,F,0.0,True,11443.34825665171,11264.346871238502,18667.433898029874,179.00138541320848,0.009588965810244543,10733.377622035132,148.50236578164913,609.9803926311952,0.0
2025-11-25,6,F,0.41,True,40421.00424894709,40073.732272310845,47671.07238664703,347.27197663624247,0.007284752770393216,10138.346874179308,323.40566544745525,839.9097375145566,-26.290265687241117
2025-11-25,18,F,0.0,True,10671.147968014757,10623.40791925703,17939.693198016375,47.74004875772698,0.002661140758137697,10800.0,28.439204920010525,218.7263657003141,12.129928184573146
2025-11-26,6,F,0.41,True,41508.98462453492,41093.85229540574,48607.643829197215,415.1323291291774,0.008540474222283108,9876.437342117459,411.85886452872364,1210.4838840213743,-83.02290837594592
2025-11-26,18,F,0.0,True,10934.773679379126,10819.351371440342,18160.652674910518,115.4223079387848,0.0063556255386263815,10800.0,83.62737989769084,968.0820967702648,-24.086019044148998
2025-11-27,6,F,0.44,True,41516.98062733444,41164.58974584144,48565.788311316624,352.3908814929964,0.0072559489662578705,9889.54172605488,292.4587499364061,1198.6426311317036,0.0
2025-11-27,18,F,0.0,True,10657.323836373778,10603.691759631107,17984.646680520433,53.632076742671416,0.0029821034405286095,10799.945987228724,51.11681629791565,57.711167569805184,-0.5369924826918577
2025-11-28,6,F,0.46,True,9812.528456972415,9447.921362130382,16965.120147782578,364.6070948420329,0.02149157162849146,9360.311736317304,364.87766241825375,838.9583798433832,-61.223700843471306
2025-11-28,18,F,0.0,True,3419.81858090637,3331.5867552970185,10688.744139494805,88.23182560935129,0.008254648484225153,10245.242855519116,86.3099143046984,368.65676065958496,-23.943540397312972
2025-11-29,6,F,0.5,True,10318.330513393566,10067.341294720874,17606.507759479467,250.989218672692,0.014255479968056563,9723.882158060112,217.8517743379707,695.1428463731618,-2.3488266133081197
2025-11-29,18,F,0.0,True,3099.913848013015,3056.0584871793844,10446.524017444339,43.855360833630584,0.004198081654758829,10249.906087344827,35.690464878040075,252.32190725190094,-6.4549661307173665
2025-11-30,6,F,0.43,True,43904.096085404504,43159.789374036394,50893.302459518076,744.30671136811,0.014624846009161066,10332.279655614491,568.381946635338,3518.4952946554504,0.0
2025-11-30,18,F,0.0,True,10439.240028017777,10385.114508320412,17809.0210271161,54.125519697365235,0.003039219259438992,10793.888481326689,40.995937263454834,262.591648678158,0.0
2025-12-01,6,F,0.42,True,43839.966685189196,42328.25698442107,50868.10354206325,1511.7097007681296,0.02971822410320614,10800.0,1365.4540427307365,3432.1347939472525,-36.76320886335634
2025-12-01,18,F,0.0,True,10474.419905418683,10384.564951252376,17816.72118741653,89.85495416630692,0.005043293500589158,10800.0,54.80170206421462,194.04340884241992,36.76320886335634
2025-12-02,6,F,0.42,True,44436.14009469683,43877.32745483609,51391.09407623498,558.8126398607346,0.010873725300180931,10800.0,533.3663053439159,1570.1549875880592,-76.94771778746872
2025-12-02,18,F,0.0,True,10529.263579414004,10456.219388236788,17832.17731074232,73.04419117721591,0.004096201484785214,10792.123961289237,36.75889810571971,-16.96649252755242,53.84981049682574
2025-12-03,6,F,0.43,True,45809.40589224526,43934.596065438374,52669.805058854516,1874.8098268068861,0.03559553381129716,10800.0,1697.37480757304,3833.0136161456403,-20.615031049350364
2025-12-03,18,F,0.0,True,10424.242635745206,10385.377284881522,17767.41016527293,38.86535086368349,0.0021874516602114176,10800.0,20.650836146774964,79.97706286944594,20.615031049350364
2025-12-04,6,F,0.42,True,43775.4833584121,43462.34674207061,50822.094891911634,313.1366163414932,0.006161426777221045,10800.0,319.0316185633128,-63.75881665549787,-3.925681143960901
2025-12-04,18,F,0.0,True,10304.145561845826,10276.555878682006,17607.133005703825,27.589683163820155,0.0015669605696101963,10800.0,30.229335698593786,-0.893158566153943,-3.763166005950552
2025-12-05,6,F,0.43,True,13610.114659288729,13131.02709487957,20667.462332378276,479.0875644091593,0.02318076388404038,10212.886343129696,387.5154932026344,1867.2075481588845,-2.593336066534903
2025-12-05,18,F,0.0,True,3234.7083431424535,3211.7106554487355,10582.907611483872,22.997687693718035,0.002173097275153613,10215.60307264295,55.135905761073445,112.54162399513984,-54.765851941387155
2025-12-06,6,F,0.43,True,12708.343117426843,12125.509162784427,19880.32180406394,582.8339546424158,0.029317128786279144,10228.759038592398,545.2816364795799,1215.2573873029196,-33.65909009837196
2025-12-06,18,F,0.0,True,3265.0826319671987,3225.777052949901,10552.077718343471,39.30557901729753,0.0037249137152363544,10273.382623574289,28.450082575000124,157.0853359557359,4.352273159303877
2025-12-07,6,F,0.42,True,45646.53191628541,45199.99789887029,52866.377105327534,446.53401741511334,0.008446465255704357,10800.0,422.723296182201,516.5232449761779,-2.9227186442512902
2025-12-07,18,F,0.0,True,10276.851133523713,10223.979658635852,17635.014633088533,52.87147488786104,0.0029980964568443527,10800.0,46.031478804176004,96.49110135554929,2.9227186442512902
2025-12-08,6,F,0.43,True,48941.87033452578,47462.49895031742,55943.29646970312,1479.3713842083598,0.02644412248766095,10800.0,1337.1769031288786,2843.8896215896393,0.0
2025-12-08,18,F,0.0,True,10635.936386018007,10566.030184020097,17963.753427035695,69.9062019979101,0.003891514225122925,10764.807796842135,60.35586793293987,191.0066812993764,0.0
2025-12-09,6,F,0.48,True,47187.95237442239,46846.75658042734,54292.354705732585,341.19579399505164,0.006284416946812323,10800.0,304.4471129979938,734.973619941251,0.0
2025-12-09,18,F,0.0,True,10662.835418538352,10573.35414791895,18006.98690814935,89.4812706194025,0.00496925282812897,10785.207413853439,75.3720931448479,282.1835494910856,0.0
2025-12-10,6,F,0.46,True,47855.42163458096,47381.21383885615,54926.28894588463,474.20779572481115,0.008633530588458612,10800.0,461.40625583796646,588.9154072122356,-24.13685259999329
2025-12-10,18,F,0.0,True,10522.888680368551,10479.003344806846,17776.590797192624,43.88533556170478,0.002468714955661543,10800.0,47.55098406391335,80.33480183908523,-11.140718184917205
2025-12-11,6,F,0.44,True,47165.198799706006,46821.67765443683,54349.24854226196,343.52114526917285,0.006320623642147525,10800.0,354.6023200184136,-221.62349498487038,0.0
2025-12-11,18,F,0.0,True,10631.654764299486,10558.917895861523,17930.428544097726,72.7368684379635,0.00405661628549903,10800.0,64.24749012017855,370.70574345289924,-14.568208584041713
2025-12-12,6,F,0.44,True,16010.016894253886,14731.49631621183,22902.678604756326,1278.5205780420565,0.05582406320702327,10161.653307179615,1098.6808571865004,3927.3405832539747,-23.967296362106936
2025-12-12,18,F,0.0,True,3071.5035375123143,2991.7660711121316,10366.997561874601,79.73746640018271,0.007691471510847377,10223.968434654851,85.55098644533427,226.1261620080013,-24.826546900894755
2025-12-13,6,F,0.43,True,16333.082978565411,14990.111991288313,23499.56189407368,1342.9709872770982,0.057148766999600115,10163.78680128534,1262.5079263817825,1609.2612179063353,0.0
2025-12-13,18,F,0.0,True,3527.900879657931,3432.032172387955,10846.080952436547,95.86870726997586,0.008839018230676138,9980.66027700301,73.81636975638321,484.2439471522539,-3.132149532171752
2025-12-14,6,F,0.45,True,48535.934004987634,47926.44228972353,55525.24821029637,609.4917152641065,0.010976839094094942,10800.0,566.1231778285,1106.7831892095846,-17.359357033652486
2025-12-14,18,F,0.0,True,10226.440625079353,10142.133764003958,17617.886950596654,84.30686107539441,0.004785299242287353,10775.915700828962,75.71220516397807,-67.51932226909275,17.359357033652486
2025-12-15,6,F,0.46,True,49509.65400058297,48979.89972317907,56331.051200964954,529.7542774038957,0.009404303063934673,10800.0,454.6033389624281,1755.506322619416,-18.307409521785303
2025-12-15,18,A,0.0,True,10156.458817804305,10083.409663649993,17533.32949500425,73.04915415431242,0.004166302479807171,10800.0,85.225827570408,-322.0568559595283,5.693586843948651
2025-12-16,6,F,0.44,True,48605.925658448614,48399.50164683354,55835.07186405085,206.42401161507587,0.0036970313590297538,10800.0,194.0709898057612,247.0604361862297,0.0
2025-12-16,18,A,0.0,True,10097.841296701221,10068.068562529636,17485.00422662761,29.772734171585398,0.0017027581912874242,10796.118287314594,27.96877395665433,127.3986119232668,-6.621402788274281
2025-12-17,6,F,0.44,True,48122.43806123559,47789.790301958674,55378.51604226685,332.64775927691517,0.006006801609184085,10800.0,323.52089605073706,182.53726452351748,0.0
2025-12-17,18,A,0.0,True,10118.5897353948,10072.205132239495,17421.957881471364,46.38460315530574,0.0026624219545747373,10799.257995318629,41.28797883277002,171.3815735267467,-5.03562595038602
2025-12-18,6,F,0.42,True,48330.18574809534,47761.277182602535,55377.30569025658,568.9085654928058,0.010273316088632009,10800.0,512.0186872310296,1137.7975652354235,0.0
2025-12-18,18,A,0.0,True,10177.29677656272,10110.316004804392,17498.371185284686,66.98077175832805,0.003827828947568317,10693.733254580877,51.975782369307126,300.09978778046616,0.0
2025-12-19,6,F,0.43,True,15768.812556479423,15141.044863808727,22914.008345914557,627.7676926706954,0.027396677316067354,10103.709715211617,584.7412554298899,860.5287448161043,0.0
2025-12-19,18,A,0.0,True,2858.1871952967085,2799.8461615256656,10188.27389132303,58.34103377104293,0.0057262922447275195,10174.597393757947,45.80774329423912,250.66580953607718,0.0
2025-12-20,6,F,0.4,True,14689.3175893635,14456.006930583471,22017.38722976415,233.31065878002846,0.010596655104681451,10097.721123466928,231.21820285428112,41.849118514964175,0.0
2025-12-20,18,A,0.0,True,2862.595798377546,2838.140168043503,10239.179260063704,24.455630334043235,0.0023884365839192353,10255.083664948426,23.42702334506248,20.572139779617828,0.0
2025-12-21,6,F,0.39,True,48024.176964298495,47419.45586074861,55175.2373415051,604.721103549884,0.010960009103485772,10800.0,623.7550232770736,-324.1935217442069,-4.09561454656432
2025-12-21,18,A,0.0,True,10006.126642071686,9928.315669778322,17378.159166708774,77.8109722933641,0.004477515227414079,10787.844187036917,68.72228891390841,125.2887947894817,4.09561454656432
2025-12-22,6,F,0.41,True,47193.85792692374,46956.62692953607,54397.49590573558,237.23099738766905,0.004361064667365613,10800.0,213.29380182280875,481.9129809730093,-0.22978343085014785
2025-12-22,18,A,0.0,True,9953.744255322636,9887.773668428514,17305.857598594066,65.97058689412188,0.0038120380061073284,10783.512792342934,53.363110417256394,248.98045986155626,0.22978343085014785
2025-12-23,6,F,0.42,True,48384.828286841876,48009.65576610746,55603.14683975405,375.1725207344134,0.006747325323432592,10800.0,356.5205691949377,373.0390307894668,0.0
2025-12-23,18,A,0.0,True,10184.704915706838,10138.021188280729,17536.44497018579,46.68372742610882,0.0026620975634159124,10774.641272879388,32.34823236268494,286.70990126844845,0.0
2025-12-24,6,F,0.44,True,47339.807603073736,47086.57246070974,54510.19065741692,253.23514236399205,0.00464564770935241,10800.0,231.3540015163162,437.6228169534952,0.0
2025-12-24,18,F,0.0,True,9702.26801567105,9640.057517531646,17083.93246535234,62.21049813940408,0.003641462424741624,10800.0,61.054635046872136,23.11726185069392,0.0
2025-12-25,6,F,0.43,True,46917.11096442583,46621.944098059175,54193.511865985536,295.1668663666569,0.005446535133146037,10800.0,287.3885925986324,296.91659075159396,-10.249110171895154
2025-12-25,18,F,0.0,True,9953.973250132858,9834.054916699455,17299.475960014937,119.91833343340295,0.006931905550814119,10799.090983899603,102.69830863193783,743.7788306678101,-28.95819067751472
2025-12-26,6,F,0.45,True,14896.080543345395,14537.120926008898,22143.016866165453,358.9596173364971,0.016210962557906355,10092.035610994259,373.29938176130963,-188.42631742028743,-7.132553706873296
2025-12-26,18,F,0.0,True,2415.8477792772765,2378.153170964679,9805.566741764662,37.694608312597666,0.003844204960845939,10262.66166044445,40.986680245892785,40.3115667991832,-7.69695976631192
2025-12-27,6,F,0.44,True,14727.621969603379,14441.206189710678,22026.679596848244,286.4157798927008,0.01300313007384388,10145.914485898036,244.61812172561986,835.9531633416436,0.0
2025-12-27,18,F,0.0,True,2542.7731283135727,2481.046559871227,9938.078933466404,61.726568442345524,0.006211116741534602,10261.790703931818,59.6985628137445,40.56011257201271,0.0
2025-12-28,6,F,0.48,True,47501.570839546206,47200.68418954682,54703.8625766541,300.8866499993892,0.005500281622303545,10800.0,309.4419262048905,-171.105524110013,0.0
2025-12-28,18,F,0.0,True,9979.6974751504,9927.433484906283,17303.905064622766,52.26399024411694,0.0030203581243039095,10785.047444611222,44.36279244042089,351.49433127975954,-14.028182126441607
2025-12-29,6,F,0.47,True,47209.19075861433,46700.337869401345,54315.56280731608,508.8528892129834,0.009368454691671593,10800.0,466.1904060028901,853.2496642018223,0.0
2025-12-29,18,F,0.0,True,9704.176857983812,9671.300501268268,17083.70038173852,32.87635671554381,0.001924428313592219,10800.0,22.8900507012695,199.72612028550225,0.0
2025-12-30,6,F,0.47,True,48164.38899835077,47829.5296250522,55399.30251160301,334.85937329856824,0.006044469119957497,10800.0,351.72997938559274,-337.4121217404936,0.0
2025-12-30,18,F,0.0,True,9729.506891583946,9711.555251956841,17111.70208648075,17.95163962710467,0.0010490855635739195,10799.449580488195,23.048372953802755,59.878530387795536,-11.732778180970854
2025-12-31,6,F,0.49,True,46829.46318095268,46421.380276420845,54144.74908278267,408.0829045318387,0.007536887905933686,10800.0,385.0863199310843,459.93169201510455,0.0
2025-12-31,18,F,0.0,True,9437.690345338071,9394.086809657709,16845.034753017313,43.603535680362256,0.0025885096896313565,10800.0,40.11451349798881,69.78044364745085,0.0
