date,hour,source,weight,accepted,keep_objective,adjust_objective,keep_cash,expected_gain,relative_gain,initial_energy_kwh,expected_cash_gain,expected_cvar_gain,terminal_energy_change
2025-01-01,6,Q,1.0,False,18810.22693219962,18810.22693219963,26257.663932199623,-7.275957614183426e-12,-2.770984362116449e-16,10057.495685185186,-7.275957614183426e-12,-5.5005955346132395e-12,0.0
2025-01-01,12,Q,1.0,False,17998.242309385118,17998.242309385118,25445.67930938512,0.0,0.0,6143.792100000002,0.0,3.5700509215530474e-13,0.0
2025-01-02,6,F,0.0,True,59680.275840838985,58028.71681844473,67040.9589206353,1651.5590223942563,0.024635074572089754,10800.0,1564.8051021905703,1735.0784040736107,0.0
2025-01-02,12,A,0.0,True,39102.39040784506,36765.10911455508,46409.03823265332,2337.281293289976,0.05036263155407234,5728.808533703705,2196.492118098242,2815.783503834708,0.0
2025-01-03,6,A,0.01,True,59073.50949292785,56593.69393234967,66309.55696041083,2479.8155605781794,0.03739755887765496,10800.0,2268.4260280611634,4227.79065034027,0.0
2025-01-03,12,A,0.0,True,36786.03641821245,36218.73955598806,44223.36815421161,567.2968622243861,0.012827988592957492,6580.584450000002,557.1915982235514,202.10528001666492,0.0
2025-01-04,6,A,0.02,True,46201.93855311691,44658.90741235916,53386.72161278017,1543.0311407577465,0.028902901211082466,10800.0,1280.3772004210114,5253.078806734721,0.0
2025-01-04,12,A,0.0,True,29404.220016819396,29192.9939539525,36826.30988927537,211.22606286689552,0.005735737941216021,5471.685956913576,185.87893532287126,506.94255088055223,0.0
2025-01-05,6,A,0.03,True,38841.67495898394,37854.761865315806,46130.874603852615,986.9130936681322,0.021393765068258866,10800.0,832.5432480995878,3087.396911370839,0.0
2025-01-05,12,A,0.0,True,25489.700454053178,25417.64313196487,32933.2699444904,72.05732208830887,0.002187979578394819,6515.156454320988,87.25500411815301,62.8815916555544,-26.598549999998795
2025-01-06,6,A,0.03,True,48558.28064973374,48450.92567071851,54759.09289283929,107.35497901522467,0.001960495934900032,10800.0,87.86446481466555,389.81028401112417,0.0
2025-01-06,12,A,0.0,True,35718.48792336406,34838.41480113022,41951.457219766315,880.0731222338436,0.020978368346622738,5742.690004629632,-60.565772436923,24128.043987246514,-385.4001974999992
2025-01-07,6,A,0.04,True,55314.29712560518,52307.48105444591,61549.621900472746,3006.816071159272,0.04885190157660704,10800.0,2466.231978020085,10811.681862783735,0.0
2025-01-07,12,A,0.0,True,37894.04898642871,36755.33015506365,44843.332712570904,1138.718831365055,0.025393269466919853,6734.70261466049,770.0799038101904,9781.998002883101,-174.6880844999996
2025-01-08,6,A,0.04,False,54216.96109329273,54178.99797531125,61535.34283128285,37.963117981482355,0.0006169319326873559,10800.0,25.272166611321154,253.81902740319583,0.0
2025-01-08,12,F,0.0,False,37363.56546925308,37334.74650979031,44593.89999278921,28.81895946276927,0.0006462533993983319,6450.0,19.815748195847846,180.0642253384467,0.0
2025-01-09,6,A,0.04,True,59105.399778895204,57816.59504331699,66203.1066629676,1288.804735578211,0.019467435903565183,10800.0,1133.042851479302,3115.237681978203,0.0
2025-01-09,12,A,0.0,True,41810.277287473575,41564.481064329186,48366.52678898347,245.79622314438893,0.005081949014382699,6873.845195210775,129.08013457215566,2493.01101626709,-11.506266142858294
2025-01-10,6,A,0.04,True,28618.531974929778,28299.465469301103,35646.91778470268,319.06650562867435,0.00895074596787711,10039.373015873016,234.49736338279763,1691.382844917449,0.0
2025-01-10,12,A,0.0,True,20731.27294938,20470.378249529465,27732.41946353414,260.8946998505344,0.009407570810530596,5426.123461676416,219.8836592635489,820.2208117397358,0.0
2025-01-11,6,A,0.05,True,27171.764980998552,26114.8364125188,33223.11212071392,1056.9285684797505,0.03181305124695941,10027.313756613756,979.1702457401552,1555.1664547917826,0.0
2025-01-11,12,A,0.0,True,17344.925058787398,16541.856812188526,24249.031290630286,803.0682465988721,0.03311753929358712,6963.429483253879,657.4812445603529,2911.74004077041,0.0
2025-01-12,6,A,0.07,True,64953.45782605734,63950.30092865263,71919.92126353111,1003.1568974047113,0.013948247992776773,10800.0,905.5752028986171,1951.6338901218624,0.0
2025-01-12,12,A,0.0,False,42851.34608355304,42851.34608355304,50266.8140987657,0.0,0.0,5679.796490911898,0.0,-3.410605131648481e-13,0.0
2025-01-13,6,F,0.1,True,60093.263042471015,59612.45037712897,66773.84516054291,480.8126653420477,0.007200613716134516,10800.0,463.65857292003057,343.0818484404226,0.0
2025-01-13,12,A,0.0,True,39620.36798341223,39189.57544454421,46741.48363181891,430.79253886802326,0.009216492618449203,6849.700521210725,387.1936034965838,871.9787074287233,0.0
2025-01-14,6,F,0.11,True,60281.50428163533,59991.28590478081,67361.70002547343,290.2183768545219,0.004308358855919213,10800.0,240.2928353761381,998.5108295674581,0.0
2025-01-14,12,F,0.0,False,40649.935470717784,40610.93581555386,47693.23834720235,38.999655163926946,0.0008177187483058516,6595.735396980637,35.03416473944526,79.3098084896692,0.0
2025-01-15,6,F,0.13,True,66669.43300745539,62858.266094805156,72228.3979978848,3811.166912650231,0.05276549138971407,10800.0,3338.3471534524288,9577.353973231311,-8.770500000000538
2025-01-15,12,F,0.0,True,39734.33668202807,38985.621319323225,46625.08383431967,748.7153627048465,0.01605820946864945,6928.647404790761,969.9984770178708,-4161.8597934662375,-19.127834999999322
2025-01-16,6,F,0.14,True,55998.62049895708,55694.63830391207,62307.69855162227,303.9821950450132,0.004878726098239085,10800.0,286.1984743746216,355.6744134077635,0.0
2025-01-16,12,F,0.0,True,37716.38073497135,37397.137088137475,44361.10385625592,319.2436468338783,0.00719647662214018,6510.990523965732,276.80140713641595,848.844793949349,0.0
2025-01-17,6,F,0.14,True,27935.90258877953,26726.40362317444,33353.71142847185,1209.4989656050893,0.0362627999645227,10042.22908457774,610.2796341564062,13448.907313448144,-106.18970924039968
2025-01-17,12,F,0.0,True,17785.769044757693,16982.618284618577,24479.62104448926,803.1507601391168,0.03280895397357135,6547.3359247226645,1050.4859905620651,-5548.843367588892,43.659977241853994
2025-01-18,6,F,0.14,True,26565.835399871212,26454.61304493706,33170.315175571945,111.22235493415064,0.0033530689818726716,10070.417082321459,83.27324559308181,558.9821868213894,0.0
2025-01-18,12,F,0.0,False,17218.692069902383,17204.84343829973,24498.142418968066,13.848631602653768,0.0005652931298142528,6714.53812058019,11.227275126377208,52.427129525520286,0.0
2025-01-19,6,F,0.18,True,58224.3301544387,57965.98103089336,65507.211279915995,258.34912354534026,0.00394382722905727,10800.0,233.71001837040967,492.7821034984727,0.0
2025-01-19,12,F,0.01,True,41670.17875957646,41331.73969434751,48653.72108053643,338.4390652289512,0.006956077720524882,6450.0,169.03147471083503,3388.1518103623293,0.0
2025-01-20,6,F,0.18,True,55996.56083045434,55909.21639379811,61641.77833850508,87.34443665623257,0.0014169681506685555,10800.0,32.30640841955028,1153.5827951803149,-3.830043065987411
2025-01-20,12,F,0.01,True,39084.472823661185,38940.95221961929,45306.93135176448,143.5206040418925,0.003167740558891396,6469.024313263522,-28.723460506771517,3697.976854602406,-18.35149520025334
2025-01-21,6,F,0.21,True,55508.5704650023,55373.472062225745,62000.653659419404,135.09840277655894,0.002178983523604097,10800.0,94.80840092913422,805.8000369486108,0.0
2025-01-21,12,F,0.01,False,37640.430444002224,37596.58569994662,44773.894899333725,43.84474405560468,0.00097924793351532,5649.986061287717,10.871875407232437,659.4573729674166,0.0
2025-01-22,6,F,0.22,True,56001.3260228045,55864.317351678525,62101.228168643975,137.0086711259719,0.0022062151613798523,10800.0,135.05046340003173,39.164154518894065,0.0
2025-01-22,12,F,0.01,True,38409.42187054079,38180.58448826447,44952.46135906133,228.8373822763242,0.005090653000031913,6677.75219066259,215.27782017728168,472.5446018877228,-14.599762891535647
2025-01-23,6,F,0.23,True,56586.109535396,55129.152037187116,60964.478598638685,1456.9574982088816,0.023898465659007783,10800.0,1166.1015730975341,5900.203069589894,-6.024309621692737
2025-01-23,12,F,0.01,True,42032.42978478306,40324.198200600804,47757.13470316779,1708.2315841822565,0.03576913888992062,6450.0,772.6753109129859,19365.963561163426,-47.48110950386217
2025-01-24,6,F,0.22,True,15138.705844192153,15055.305697959424,21668.69733208543,83.40014623272873,0.0038488767900798477,10153.966359102524,67.66817565479869,314.6394115585754,0.0
2025-01-24,12,F,0.01,True,15601.392993940053,15419.16963017256,21582.89613769175,182.22336376749263,0.00844295235472421,6560.659851827757,89.88074325802154,2228.0848138812653,-27.642462499999965
2025-01-25,6,F,0.23,True,16245.908547947458,15737.015648117416,22142.914927022786,508.89289983004164,0.02298220001780337,10154.77797091273,502.6099565051045,337.21883632926256,-15.339825460554493
2025-01-25,12,F,0.01,True,13895.16829661397,13737.127290289805,19998.419367363775,158.0410063241652,0.007902674877499504,6343.489302759504,149.30981775910186,-19.39584373931575,14.068006499670446
2025-01-26,6,F,0.23,True,57630.71304785147,57534.98018183004,64963.1110696299,95.73286602142616,0.0014736496520127566,10800.0,64.40138644391118,626.6295915502908,0.0
2025-01-26,12,F,0.01,True,39333.092738706655,39214.37171228384,46656.43946955835,118.72102642281243,0.0025445796501525507,6494.379784971564,75.67247565548314,860.971015346598,0.0
2025-01-27,6,F,0.23,True,53551.8659690663,52547.739404750995,60141.52112487947,1004.126564315302,0.016696061980712235,10800.0,889.8881349064322,2284.768588177303,0.0
2025-01-27,12,F,0.01,True,35672.792219121795,35488.52429885044,42497.75815836633,184.26792027135525,0.004335944488758387,7349.330154073093,139.69275631809433,891.5032790653113,0.0
2025-01-28,6,F,0.23,True,50375.716492957676,50226.203974274526,57096.238886510306,149.51251868315012,0.0026186053862555614,10800.0,117.5652202794372,638.9459680742129,0.0
2025-01-28,12,F,0.01,True,35234.11625256863,35137.47499179671,42080.12274956149,96.64126077191759,0.002296601208772013,6626.13015636108,66.8710569120667,595.4040771969412,0.0
2025-01-29,6,F,0.24,True,53922.88069380646,53661.182031498574,60218.40333054284,261.69866230788466,0.00434582532637744,10800.0,175.24742833888013,1729.0246793799888,0.0
2025-01-29,12,F,0.01,True,35579.25685651963,35519.07615153558,42563.70582252282,60.18070498404995,0.0014138972117461869,6367.912872593726,76.69120510695211,-330.21000245807954,0.0
2025-01-30,6,F,0.46,True,51942.62634993015,50994.24284743012,56944.78484460566,948.3835025000299,0.016654439999870676,10800.0,763.2362774483627,3879.520984184426,-12.803236993011524
2025-01-30,12,F,0.16,True,31561.04606232826,30956.88396024691,38499.5981908416,604.1621020813509,0.015692685910292714,6651.414434202283,683.0332559109156,-1753.9995597422712,12.803236993011524
2025-01-31,6,F,0.44,True,19922.897417006563,19534.852892423492,25219.85318618978,388.0445245830706,0.015386470401642193,10097.68708607581,286.5476831134147,2029.9368293930675,0.0
2025-01-31,12,F,0.14,True,13261.614934863816,13177.936149861156,19708.988749278094,83.67878500265942,0.004245716818206841,6550.00730973124,67.61500739609255,321.27555213133746,0.0
2025-02-01,6,F,0.44,True,15393.824156104774,15163.628789787052,21969.05568180137,230.1953663177228,0.010478163907081861,10094.845806045576,172.18495674603764,1160.2081914336832,0.0
2025-02-01,12,F,0.14,True,14115.827423172499,13977.69199728626,20543.8560256009,138.13542588623932,0.006723928833715574,6583.254486239521,116.36669110384537,465.3502832864251,-2.173474891402293
2025-02-02,6,F,0.46,True,50866.77137424572,50776.19281171491,56108.08316904419,90.57856253081263,0.0016143585275924452,10800.0,81.23846101585514,236.73259958459676,-3.6203740178261796
2025-02-02,12,F,0.14,True,33783.34897085176,33707.459261562224,40295.78941278101,75.88970928953495,0.0018833161080960056,6450.0,63.72812389410683,193.30113862314101,3.6203740178261796
2025-02-03,6,F,0.45,True,49204.99807617212,49051.15176006647,55878.33054684121,153.84631610565702,0.002753237518015898,10800.0,117.30930386725231,730.7402447681252,0.0
2025-02-03,12,F,0.14,True,34084.36618027311,33918.814737954,41202.668821084975,165.55144231910526,0.004017978617792503,6459.977685783931,111.6907607810499,1077.2136307611381,0.0
2025-02-04,6,F,0.43,True,46365.3078872093,46208.579648228784,53400.50036419973,156.72823898051865,0.002934958247799321,10800.0,142.3485873675745,287.59303225883923,0.0
2025-02-04,12,F,0.14,True,31908.627302769048,31728.500087588065,39266.846951051135,180.1272151809826,0.004587259461028887,6435.263298676441,151.08905809208954,580.763141777905,0.0
2025-02-05,6,F,0.43,True,47046.48658064856,46730.38013735025,52504.04600362945,316.1064432983112,0.006020611121597365,10800.0,279.72834402339504,796.870730445793,-5.025450000001001
2025-02-05,12,F,0.13,True,30018.712588751812,29890.029694137273,37001.72370635267,128.6828946145397,0.003477754053723899,6490.379487365981,136.83989918004227,-232.4488362576285,5.025450000001001
2025-02-06,6,F,0.42,True,47263.23026648534,46970.76149601865,52531.01178981689,292.46877046669397,0.005567544970138742,10800.0,315.2556498681661,222.45316002418258,-49.17436749704029
2025-02-06,12,F,0.13,True,31074.014629017307,30990.35439986125,37865.24138459533,83.66022915605572,0.002209420199024299,6450.0,64.04462173658249,-88.99339170013263,34.898582109311974
2025-02-07,6,F,0.44,True,9188.116736800925,8727.231901525152,16546.28710955259,460.8848352757723,0.02785427523554162,10194.62462428373,403.889261439801,1139.9114767194367,0.0
2025-02-07,12,F,0.13,True,10344.96277485987,10051.085458839572,17065.336218760618,293.87731602029817,0.01722071644256425,5539.041045893109,230.40412717490835,1269.4637769077563,0.0
2025-02-08,6,F,0.44,True,15391.558096211565,15249.028982494898,21561.6262683838,142.52911371666778,0.006610313709298486,10121.2597267241,107.55097808702703,699.5627125928149,0.0
2025-02-08,12,F,0.11,True,10024.045793364008,9912.574597031997,17347.801500080906,111.47119633201146,0.00642566704094992,6253.604433441758,77.76960652541311,674.0317961319142,0.0
2025-02-09,6,F,0.42,True,50301.49480165182,49507.03139477304,54198.83865440963,794.4634068787782,0.014658310521089745,10743.389240550861,635.6084001488562,3177.100134598426,0.0
2025-02-09,12,F,0.08,True,27752.860708780456,27045.431794749507,35143.62146033707,707.4289140309484,0.020129653252421623,6806.248629354007,732.2330018492212,-496.08175636556643,0.0
2025-02-10,6,F,0.39,True,45349.76009213107,45147.79164562228,50776.55471481358,201.9684465087921,0.003977592564977035,10347.254813547128,177.39624514844036,1344.504926573405,-61.853881497472685
2025-02-10,12,F,0.08,True,30597.398232260424,30476.92316615686,36853.246861830165,120.47506610356504,0.003269048899687156,6450.0,142.43649652349268,-802.7103708598443,26.355396054925222
2025-02-11,6,F,0.4,True,43526.19562637006,43284.48565634472,50705.23502516704,241.70997002534568,0.004766962817653351,10800.0,182.0337263722613,1211.122911549105,-1.2760015000003477
2025-02-11,12,F,0.11,True,31279.560355506823,31202.43862223925,38668.009982343894,77.12173326757329,0.0019944582951847705,6431.402720523579,56.66728070805402,391.4910127031478,1.2760015000003477
2025-02-12,6,F,0.41,True,37908.07553744849,37795.9887724397,45042.60097857981,112.08676500878937,0.0024884612028087073,10159.654438703406,86.51769594776852,511.3813812204835,0.0
2025-02-12,12,F,0.11,True,28829.466570852856,28680.94225690675,35638.180354344346,148.5243139461054,0.0041675616563290685,6459.599240646638,148.46396703159553,282.5891306257199,-20.402506776650625
2025-02-13,6,F,0.4,True,38759.94104402587,38504.4901146981,45193.7747094744,255.45092932777334,0.005652347717576703,9874.074074074075,240.28143501056184,389.50647080784256,-6.244155621647224
2025-02-13,12,F,0.12,True,30713.720311750527,30444.358848656877,36670.8877503255,269.36146309364995,0.007345376117633232,6977.481352036173,218.77293607294268,1349.6082119377243,-24.49599004634183
2025-02-14,6,F,0.37,True,11120.270497981384,10638.755989358115,17157.892500202757,481.51450862326965,0.028063732688474386,9521.681918239725,367.3356234887324,2283.5777026907926,0.0
2025-02-14,12,F,0.06,True,9483.99287373929,9342.362042527258,16040.112474895775,141.6308312120309,0.008829790404131888,5690.00383878898,135.1227657967811,130.16130830493785,0.0
2025-02-15,6,F,0.36,True,11373.334937999532,11013.089742894457,18010.150338731768,360.24519510507525,0.020002342475195733,9486.017671168074,249.8877389115878,2207.149123869807,0.0
2025-02-15,12,F,0.06,True,9002.585421294456,8849.298053981916,16368.751192731821,153.28736731253957,0.00936463420499686,5104.932899528572,112.45742491383862,816.5988479740164,0.0
2025-02-16,6,F,0.35,True,42047.17547220423,41754.73523368835,47162.312352566696,292.4402385158828,0.006200718835194421,9874.074074074075,269.09696691350837,949.3368106966955,-34.9831149253896
2025-02-16,12,F,0.05,True,25622.05086965925,25415.841380171078,33006.31011847557,206.20948948817386,0.006247577773704134,6553.989045756796,187.40587575257086,-106.399103937174,34.9831149253896
2025-02-17,6,F,0.35,True,37524.99207081584,37287.871899052014,44274.00074394911,237.12017176382506,0.005355743049632398,9874.074074074075,214.95711488390953,443.26113759825057,0.0
2025-02-17,12,F,0.07,True,26613.72963262268,26507.815938295782,33679.48213664246,105.9136943268968,0.0031447542422769403,6868.8148911294265,83.27364398600912,452.80100681769454,0.0
2025-02-18,6,F,0.33,True,38916.15431509724,38614.16609890046,44460.73657673079,301.98821619678347,0.006792245010957232,9874.074074074075,264.49446818880824,1060.0749800086705,-22.492034604461878
2025-02-18,12,F,0.11,True,28627.687803346395,28100.143746933223,34895.98182281318,527.5440564131713,0.015117616093790217,6450.0,454.6399576192198,1328.8061346810828,9.373554183388478
2025-02-19,6,F,0.35,True,35868.513693124616,35507.76453634977,42729.87676506129,360.74915677484387,0.008442550835293203,9874.074074074075,330.85603433055803,597.8624488856058,0.0
2025-02-19,12,F,0.13,True,29317.66001590989,29006.78504953395,35431.46994853516,310.8749663759372,0.008773978805493778,7088.757023083583,264.0206709126869,1140.561487822204,-14.753641074232291
2025-02-20,6,F,0.36,True,36633.22285924882,35923.932074617725,43332.57185848879,709.2907846310918,0.01636853651215126,9874.074074074075,626.00578258108,1772.9131542569212,-7.773826238291804
2025-02-20,12,F,0.14,True,26140.45700804003,25808.905720804883,33225.463200507205,331.55128723514645,0.009978831152309868,6973.273376227424,322.1843164837992,80.1263017702313,7.773826238291804
2025-02-21,6,F,0.37,True,9135.44398483182,8348.362797699232,15821.118481158112,787.0811871325877,0.04974877016880624,7062.285688167712,682.1427377407599,2249.461170511022,-10.92641383125374
2025-02-21,12,F,0.14,True,6295.595890811277,6151.939351032867,13694.791934768658,143.65653977840975,0.010489866546543958,5663.112978761849,136.43942015399625,-3.08647524838193,10.689796849277627
2025-02-22,6,F,0.38,True,12025.921352176474,11296.215235852915,17804.085537059975,729.7061163235594,0.040985318499208764,6616.5236142597305,586.7207375690887,2869.5079289255664,-0.7106056850825553
2025-02-22,12,F,0.14,True,7254.836811583173,7027.647183022054,14468.966867702075,227.1896285611183,0.01570185560852003,6071.92357944666,244.13729956402858,-248.2482347985815,-6.576866650928423
2025-02-23,6,F,0.37,True,39283.30628099238,38742.00345677549,44983.84982970026,541.3028242168875,0.012033270301811658,9874.074074074075,387.62606373968447,3200.3825389175327,-9.197467244326617
2025-02-23,12,F,0.16,True,27011.686410616345,26559.781097071143,33808.22494379413,451.90531354520135,0.01336672701085283,6998.279959878779,455.8835189091551,-195.70427776256474,8.42111078765629
2025-02-24,6,F,0.39,True,34223.138180391026,32790.61674746628,41480.02354560853,1432.5214329247465,0.034535212627101,9874.074074074075,1360.500030839612,1440.4280417025739,0.0
2025-02-24,12,F,0.17,True,26217.452509741895,25966.80777189948,33183.627563029426,250.64473784241636,0.00755326515662998,6460.653323361018,247.47211157715356,531.4242512297897,-33.93177169532828
2025-02-25,6,F,0.4,True,38538.41927197926,37873.48534893486,44316.80662018028,664.933923044402,0.015004102816867112,9874.074074074075,588.683668144331,1525.0050980013366,0.0
2025-02-25,12,F,0.17,True,26652.758794607806,26469.67922495254,33469.24435097918,183.07956965526682,0.005470083750185135,7088.99433873662,162.74643834113522,406.66262628251206,0.0
2025-02-26,6,F,0.4,True,36376.817006632715,35907.94049373322,42278.061778537776,468.8765128994928,0.011090302941406727,9874.074074074075,454.6740965353456,299.1697465572943,-1.0964263824134832
2025-02-26,12,F,0.19,True,27705.620933335238,27225.570937949517,34259.01670574166,480.04999538572156,0.014012369342324622,6872.153623465763,371.11463614849345,2163.585765470185,1.0964263824134832
2025-02-27,6,F,0.4,True,32031.726381009896,31507.666849117082,39273.6374619446,524.0595318928135,0.01334379919355871,9874.074074074075,449.7678562345027,1665.5161712232575,-13.028460039451602
2025-02-27,12,F,0.11,True,27162.508792589248,27017.422521034983,33469.42936203325,145.08627155426439,0.00433488931002947,6554.415759011726,146.62363297770207,265.5285526191001,-21.48241358569976
2025-02-28,6,F,0.38,True,11291.105149650919,10119.009033467506,17121.25509774012,1172.096116183413,0.06845853937064002,6445.147532678882,911.6807001044253,5208.308321579701,0.0
2025-02-28,12,F,0.13,True,7275.1519743975205,7199.111167432158,14325.66518205886,76.04080696536221,0.005308012298137053,5976.640419017314,77.31325428290074,-25.448946350764345,0.0
2025-03-01,6,F,0.4,True,9517.402866872608,9054.897969070307,15966.68805162685,462.50489780230055,0.028966865032174022,6391.853528154565,356.11115319731107,2761.5463631877683,-45.94635636226121
2025-03-01,12,F,0.12,True,9408.316048770319,9228.357117360863,15844.767268883948,179.95893140945554,0.011357625413839938,5034.100293901859,147.58879409052133,494.0062932475048,11.122495523071848
2025-03-02,6,F,0.37,True,37679.581877408484,36551.195786210876,44647.111127362936,1128.386091197608,0.025273440155595028,9874.074074074075,1040.3632939239396,1760.4559454732926,0.0
2025-03-02,12,F,0.12,True,29114.472734460433,28808.874556508737,35785.973678094066,305.5981779516951,0.008539607744102354,7333.275078216383,274.16835195763997,628.5965198811846,0.0
2025-03-03,6,F,0.32,True,38913.49926206936,38134.75418262118,45126.50288483917,778.7450794481774,0.017256933944903737,9874.074074074075,668.2070669551904,2210.7602498597043,0.0
2025-03-03,12,F,0.05,True,29932.383396317215,29627.443467433703,36211.91524619008,304.93992888351204,0.008420983171156497,6562.035556448625,268.3046358294305,732.7058610816239,0.0
2025-03-04,6,F,0.3,True,35720.75858017456,35155.58842118717,42536.91123042532,565.1701589873919,0.013286581997593267,9874.074074074075,490.26834006273566,1498.0363784930887,0.0
2025-03-04,12,F,0.05,True,25398.28756379142,25241.037249168614,32806.47574009941,157.25031462280458,0.004793270568548064,6339.1096746433095,137.793313442613,389.1400236037942,0.0
2025-03-05,6,F,0.32,True,35292.43710851465,35006.28684083933,41887.63627301052,286.15026767531526,0.006831377779597714,9874.074074074075,264.6841114769195,429.32312396795896,0.0
2025-03-05,12,F,0.09,True,24930.862519975708,24800.1953031492,32320.88366342077,130.66721682650677,0.004042810777924048,7066.02750711597,126.97314275431927,73.8814814438067,0.0
2025-03-06,6,F,0.32,True,32695.5517062675,32514.860402103237,40111.99913031637,180.69130416426196,0.004504669627091629,9874.074074074075,164.62588289515406,321.30842538213824,0.0
2025-03-06,12,F,0.11,True,26416.18778592591,26279.24865159126,33486.43114902237,136.9391343346506,0.004089391721836219,6619.2008980165665,125.92798015208973,220.22308365126446,0.0
2025-03-07,6,F,0.3,True,6425.405961303886,6267.850553351418,13819.616186920244,157.55540795246816,0.011400852659105579,5784.31640779385,154.67962116094168,256.7847761628493,-14.448632701351016
2025-03-07,12,F,0.1,True,6437.376732510329,6277.744824710422,13812.56635149879,159.6319077999069,0.011557005681466673,4867.230349961899,132.6793219579704,339.7826765063976,14.448632701351016
2025-03-08,6,F,0.29,True,7285.54313833071,7190.538014818956,14326.993475920412,95.00512351175348,0.006631197513381296,5146.835358732269,77.0629463545556,379.0623946963515,-1.4660318493843079
2025-03-08,12,F,0.12,True,6170.956360251677,6047.575331423735,13567.02582969978,123.38102882794192,0.00909418397050934,5089.763259357985,122.77580479425887,-8.114370878699674,1.4660318493843079
2025-03-09,6,F,0.31,True,30289.81817715081,29942.9213435918,37665.42642593509,346.8968335590107,0.00920995370226712,9874.074074074075,315.8968735015442,639.8813684229206,-1.441619489725781
2025-03-09,12,F,0.11,True,25043.794801608215,24481.174739004353,32348.567557452792,562.6200626038626,0.017392425850221008,5619.898261835186,486.8583138437207,1495.3528079292792,1.441619489725781
2025-03-10,6,F,0.31,True,31914.228620458423,30572.535630175214,38993.290635481026,1341.692990283209,0.03440830379835568,9875.692516170113,1192.9197547898657,3462.3303561414223,-35.30173521282995
2025-03-10,12,F,0.09,True,25419.156055669828,25020.8962373867,32635.57255773083,398.25981828312797,0.012203242874891336,6477.828572029137,317.4516599673916,1576.3740007543297,2.8850394306973612
2025-03-11,6,F,0.26,True,32398.89533211288,30908.022598858824,39388.2725088344,1490.8727332540548,0.037850675805080475,9886.28899874554,1230.3074732476816,5270.822086292086,-4.315460275647638
2025-03-11,12,F,0.09,True,25107.94403810958,23891.19466154218,32501.427087636057,1216.7493765674008,0.037436798491542765,7070.839087079496,1256.9774106127697,-245.93473162765417,-40.50494319200516
2025-03-12,6,F,0.25,True,29613.666360236057,29492.67597278116,36998.26672687725,120.99038745489815,0.0032701636632887225,9875.96363179538,108.07545266399393,258.29869581805735,0.0
2025-03-12,12,F,0.09,True,25335.9573060099,24838.0625013499,32647.284781284216,497.89480465999804,0.015250726300688484,5258.338041183235,443.09088274656824,1096.0784382685708,0.0
2025-03-13,6,F,0.27,True,31694.233516128334,30351.42542117174,38822.227005140216,1342.808094956592,0.0345886415732616,9920.985822772613,1216.7717697597327,2520.726503937136,0.0
2025-03-13,12,F,0.09,True,24594.155944540187,24203.353630661135,31897.333561208965,390.80231387905224,0.012251880337556345,6953.513751416618,365.5144602839173,505.7570719027435,0.0
2025-03-14,6,F,0.25,True,6788.576481381737,6235.613316385365,14121.220200766094,552.9631649963721,0.03915831331391413,5003.594095428128,508.4982798996534,1175.9239346867382,-20.782742530922405
2025-03-14,12,F,0.11,True,6310.919190829714,6053.866424022346,13673.207009038011,257.05276680736824,0.018799742199284774,3995.177664769146,235.93054876476162,135.81812809978737,20.782742530922405
2025-03-15,6,F,0.31,True,8335.543283575185,6217.7027403512175,15483.672269862878,2117.840543223968,0.13677895697560663,4594.087080350501,1900.256346642991,4600.683411121889,-18.0544956514932
2025-03-15,12,F,0.11,True,6153.263632282488,5932.375945241099,13520.305478173825,220.88768704138965,0.016337477536877722,6144.471700453415,217.75297764464267,-28.93037310887621,6.643528903119659
2025-03-16,6,F,0.32,True,30936.091875201593,30203.353599380007,38103.43453952401,732.7382758215863,0.019230242225580216,9902.921079395586,605.7676649539644,2704.39109274578,-11.962315721826599
2025-03-16,12,F,0.09,True,24675.731520802063,24379.11210836769,32048.708893253668,296.61941243437104,0.009255268704344285,7116.669107103943,297.48683725227966,-182.32737175155535,11.962315721826599
2025-03-17,6,F,0.33,True,27138.973043628663,26923.347030754798,34507.15513333389,215.62601287386497,0.00624873340154229,9874.074074074075,190.71637240209384,539.3715415835363,-2.985794355830876
2025-03-17,12,F,0.08,True,23878.897776600264,23373.69746060614,31222.673392450975,505.20031599412323,0.016180559225151766,5885.63530134067,470.0082571911007,708.6529553573953,-0.3488932931322779
2025-03-18,6,F,0.35,True,30355.312853051553,29135.258266168967,37573.91040697984,1220.0545868825866,0.0324707908670572,9899.234225605942,1073.2587088987639,2935.9175596764594,0.0
2025-03-18,12,F,0.06,True,23571.85054262294,23352.920444783624,30958.202664254663,218.93009783931484,0.007071796131501477,6928.783418716284,214.70481639166974,84.5056289527779,0.0
2025-03-19,6,F,0.34,True,30347.257435274623,28267.96312936356,37388.85164041212,2079.294305911062,0.05561268171348798,9887.052247118372,1825.0422036693126,5085.042044834948,0.0
2025-03-19,12,F,0.05,True,23383.531088102485,22737.906928771954,30764.409587324164,645.6241593305313,0.020986073452764955,7032.806399328699,680.9248538854481,-706.013891098434,0.0
2025-03-20,6,F,0.35,True,28028.46574110534,27292.355205896834,35339.36266970117,736.1105352085069,0.02082976261028115,9877.908226632453,693.6033821214442,1401.1943516047627,-39.95571852790454
2025-03-20,12,F,0.04,True,24585.01777210064,24214.915104675707,31841.52735288212,370.1026674249333,0.011623269930593755,5474.611141812148,288.474896345062,1319.309663005384,22.71287553552611
2025-03-21,6,F,0.38,True,5456.183333938185,5346.903008586549,12864.447432627472,109.28032535163584,0.008494754704696718,4343.551744483699,91.66753308173247,352.25584539807477,0.0
2025-03-21,12,F,0.05,True,5728.136396279229,5544.375966054155,13100.336462628917,183.76043022507474,0.014027153481842598,2175.5022968644453,158.6798552086584,501.611500328331,0.0
2025-03-22,6,F,0.34,True,5867.058394745027,5785.3308892453315,13263.183624758718,81.72750549969533,0.006161982508266909,4271.838100286669,82.16343684207823,18.635266036852613,-1.9833806123660906
2025-03-22,12,F,0.04,True,6902.534807214564,6296.715102600754,14159.661619375971,605.8197046138102,0.04278489987252317,2330.7723077209903,523.1897786414338,1814.8472513944691,-11.764358026977789
2025-03-23,6,F,0.36,True,28251.896598203974,27673.71158199192,35553.54467337739,578.1850162120536,0.016262373316745557,9874.074074074075,510.2174573148077,1359.3511779449286,0.0
2025-03-23,12,F,0.05,True,23209.213463725464,23167.230071456135,30617.41373951748,41.98339226932876,0.0013712259509084978,6195.048242871986,34.015302996249375,159.36178546153792,0.0
2025-03-24,6,F,0.35,True,26981.53757251089,26499.272532422954,34209.15375042338,482.26504008793563,0.01409754370442347,9884.041870846224,398.99385147344583,1665.423772289882,0.0
2025-03-24,12,F,0.03,True,23134.187766225943,22930.394143860707,30433.455164644754,203.79362236523593,0.0066963682323519964,6767.466656314853,171.6958599840873,641.9552476229519,0.0
2025-03-25,6,F,0.34,True,27599.325603958154,27407.92828701208,35002.00373607716,191.39731694607326,0.005468181718659632,9897.571407443242,178.9650402844345,248.64553323279324,0.0
2025-03-25,12,F,0.04,True,23404.866547791622,23012.2491289897,30758.528880522532,392.6174188019213,0.012764505751461395,4746.948175443875,350.06354354540235,851.0775051303663,0.0
2025-03-26,6,F,0.35,True,26433.751194935277,26057.072434881764,33747.32104708397,376.67876005351354,0.01116173812813096,9874.074074074075,342.6454342963116,1092.2191782727764,-29.840928911455194
2025-03-26,12,F,0.04,True,22614.111428141445,22514.32029716888,29976.0191336044,99.79113097256413,0.0033290321349139385,6834.85349046481,93.65016823948099,212.45399478458512,-6.499250637012665
2025-03-27,6,F,0.34,True,29016.05556927345,27286.620822184843,36064.586530562876,1729.434747088606,0.047953821559079825,9874.074074074075,1437.1871278905455,5844.952383961118,0.0
2025-03-27,12,F,0.03,True,22998.16309350315,21919.955070543125,30399.812467853517,1078.2080229600251,0.0354675879695042,7369.257503396424,1093.2089574003257,-300.0186888061206,0.0
2025-03-28,6,F,0.36,True,5135.801714245385,5024.793052694171,12535.099147522005,111.00866155121366,0.008855826367608616,4318.318217610974,97.50216261629794,270.1299786983275,0.0
2025-03-28,12,F,0.02,True,5235.648492385006,5072.073141303175,12605.723345790304,163.57535108183038,0.01297627645750742,1528.2268975464565,146.39314448284495,343.64413197972385,0.0
2025-03-29,6,F,0.36,True,5637.583724110591,5370.3171487701375,12967.53513478949,267.2665753404535,0.020610437724855428,4020.8107631190164,227.12999283755744,899.6872525868675,-7.030072945311986
2025-03-29,12,F,0.02,True,5160.903054290972,5073.979738104748,12526.382934307814,86.92331618622393,0.0069392191378849265,1200.0,90.83588277120725,-108.15907870940009,2.1685558918125025
2025-03-30,6,F,0.35,True,24341.519828312383,23990.229666459134,31660.72082519148,351.2901618532487,0.011095456853077638,9874.074074074075,323.7254445085491,683.2527961337651,-9.56806517322184
2025-03-30,12,F,0.02,True,20994.926026618014,20917.237558696095,28369.47861824329,77.68846792191835,0.00273845243923376,6722.491353750511,78.95141184933527,193.52989483357692,-15.86397275012132
2025-03-31,6,F,0.39,True,33755.94515878835,27044.99687503669,40359.341052305994,6710.9482837516625,0.16627992699519611,9925.797944698123,6057.49692918807,13069.027091271762,0.0
2025-03-31,12,F,0.04,True,23244.762474984433,21616.338386584335,30629.210937924978,1628.4240884000974,0.05316572117056364,7391.359961104034,1735.247569070285,-1660.4675902916526,-34.51403381867931
2025-04-01,6,F,0.4,True,27712.55710459513,26347.97756658515,34889.248324171116,1364.5795380099808,0.03911174942294776,9886.70081699944,1229.297243556808,2944.7876147099973,-17.339727996246438
2025-04-01,12,F,0.04,True,22339.13652815785,22018.93622843858,29674.43867547438,320.20029971927215,0.010790441673422939,6978.987577723814,293.6652987646921,291.5582934449533,17.339727996246438
2025-04-02,6,F,0.39,True,26945.421054534163,26555.158554532587,34121.051645795924,390.262500001576,0.011437587095873126,9903.33182958109,359.5179289665175,614.8914207013022,0.0
2025-04-02,12,F,0.04,True,21399.6135795573,20943.346999083777,28775.771169362186,456.2665804735225,0.015855928857236447,6531.603408146357,427.63997293794455,572.5321507116076,0.0
2025-04-03,6,F,0.38,True,25744.742395713816,25285.382166322815,33105.06074584489,459.36022939100076,0.013875831037363567,9917.296409020895,425.4588923512747,873.288026945703,-14.15803779496673
2025-04-03,12,F,0.04,True,22013.86149472488,21807.577466395272,29366.244124578567,206.28402832960637,0.0070245288248133005,6501.1874152472155,173.2104978775351,783.3186857687521,-8.834980602421638
2025-04-04,6,F,0.36,True,4393.931525536669,4286.035631496744,11786.52302335322,107.89589403992522,0.009154174969678994,3754.2498494172355,106.50715418808977,230.1871181246754,-14.676546224894992
2025-04-04,12,F,0.05,True,4650.484235522271,4493.815655709146,12020.521480848505,156.66857981312478,0.013033426217218144,1200.0,159.6929918628648,180.6626007305249,-17.485405318861012
2025-04-05,6,F,0.37,True,4831.538162328123,4570.352326142203,12175.854747940099,261.18583618591947,0.021451129435500756,3443.35341913377,243.83170728242112,534.066368305324,-13.55785174511584
2025-04-05,12,F,0.03,True,4668.7126445614795,4499.169775978858,12036.690965304191,169.54286858262185,0.01408550481783821,1200.0,161.65515492310078,287.57941276661086,-9.413382801511034
2025-04-06,6,F,0.37,True,24189.85263287696,23933.37891775671,31519.513332916336,256.47371512024984,0.00813698207873058,9936.622410904909,220.34552982090827,722.5637059868025,0.0
2025-04-06,12,F,0.04,True,22544.571655158667,21810.4793908735,29802.0329684937,734.0922642851656,0.024632288175146906,6123.046837395407,646.0305088406785,1796.1906117871097,-2.534559414807518
2025-04-07,6,F,0.36,True,25255.55266717318,23000.8584984701,32226.633654995,2254.6941687030776,0.06996368881841337,9928.92698694617,1932.0533434966528,6452.816504128486,0.0
2025-04-07,12,F,0.05,True,20935.996514729377,20610.95065464863,28282.31693407654,325.04586008074693,0.011492900699698638,7299.1197311403885,338.8626536559277,288.872765802857,-40.982241829706254
2025-04-08,6,F,0.36,True,24912.9472357005,24209.716751511445,32134.991975886245,703.2304841890546,0.021883636526710548,9964.66566266305,624.4604346282467,2243.415640895446,-48.436517264499344
2025-04-08,12,F,0.05,True,21201.302554329322,21024.800178326856,28553.092206994643,176.50237600246692,0.006181550310660545,6084.994845009201,156.85721365886275,-275.11140280712493,48.436517264499344
2025-04-09,6,F,0.36,True,25694.537995178376,24858.52466227358,32744.163066761706,836.0133329047967,0.025531675101918425,9930.7675379565,702.1013334519885,2678.239989056199,0.0
2025-04-09,12,F,0.05,True,22235.702483129753,21743.528462734866,29488.74420577658,492.1740203948866,0.016690233295810344,6935.773039272443,429.73742325572675,1248.7319427832063,0.0
2025-04-10,6,F,0.33,True,26445.36123543282,25047.97767169388,33466.123110577064,1397.383563738942,0.04175516713190166,9940.456112679149,1211.5740721251714,3741.655870767735,-1.8464957522792247
2025-04-10,12,F,0.05,True,21265.894216517496,20671.15059174729,28651.789118340363,594.7436247702062,0.020757643521447794,6892.050856496602,585.8736226819019,294.35709670187543,-8.480341581320317
2025-04-11,6,F,0.36,True,4576.58572293151,4162.513398505199,11896.599985757066,414.07232442631084,0.03480593824471274,3302.183031029809,373.0581527256454,928.584420846666,-7.852705956423961
2025-04-11,12,F,0.05,True,3886.4609685689693,3714.586147973967,11281.358757994065,171.87482059500235,0.0152352942834311,1200.0,157.8756418447556,171.68258817161131,7.852705956423961
2025-04-12,6,F,0.33,True,4333.7421480071625,4188.764629449448,11734.35204375785,144.97751855771457,0.012354965831695507,3323.4556266590776,135.54911797122077,188.5680117298822,0.0
2025-04-12,12,F,0.06,True,4599.742072248171,4333.002236893629,11973.38620744096,266.73983535454227,0.022277727514441535,2059.252082181152,241.37371381937737,596.1372563267073,-6.43980014018598
2025-04-13,6,F,0.32,True,22344.0358766859,21799.593597834973,29606.642312885513,544.4422788509255,0.018389193651114275,9966.402154430662,498.3851800220473,1313.4375012274018,-28.444629113464543
2025-04-13,12,F,0.06,True,20267.685105359167,19820.713780727037,27546.46485243462,446.97132463212984,0.01622608661498085,6396.837985982218,433.08555852872814,352.86392116250863,-5.448887115258913
2025-04-14,6,F,0.31,True,22246.333594142838,22140.00435181585,29652.173469722682,106.3292423269886,0.003585883592498187,9948.84512896848,96.65896329529642,193.40558063384913,0.0
2025-04-14,12,F,0.06,True,20167.938596188913,19787.456368959793,27507.429096366017,380.4822272291203,0.013831980658613623,4366.618924365287,325.7334886310491,1255.0777542846397,-11.608773656565972
2025-04-15,6,F,0.32,True,24307.615003251223,22174.57360156315,31327.224184783627,2133.041401688075,0.06808906493299026,9969.494683256158,1807.9483542533271,6501.860948694865,0.0
2025-04-15,12,F,0.08,True,20426.167343674693,19757.679285369963,27806.886686185346,668.4880583047307,0.024040377689489422,7065.792131822863,732.7645668912082,-1187.8272103780137,-7.084262563055745
2025-04-16,6,F,0.31,True,26416.771304562993,23684.320711102784,33290.35157583375,2732.4505934602093,0.08207935525210132,9958.57430312599,2395.5093559298366,6876.849604333944,-10.007929038181828
2025-04-16,12,F,0.08,True,20815.04701083877,20183.658626969613,28175.932010843808,631.3883838691581,0.022408784335019038,6951.34260254579,653.4476252422828,-383.5291236179273,-4.18050935860083
2025-04-17,6,F,0.31,True,24893.435809669427,23355.508032148486,31764.594028225176,1537.9277775209412,0.04841641533823411,9956.5898308815,1176.468726521569,7229.1810199873535,0.0
2025-04-17,12,F,0.08,True,20273.395589570137,19560.68732258644,27679.377156474646,712.7082669836964,0.025748710419120923,7136.9702254788845,719.5340971582846,-136.5166034918002,0.0
2025-04-18,6,F,0.28,True,3785.2019699525226,3561.3399310196965,11152.107603261678,223.86203893282618,0.02007351855781528,3197.8546510474766,193.11647796226498,614.9112194112126,0.0
2025-04-18,12,F,0.08,True,3906.81214277294,3709.525154686583,11278.171985013787,197.28698808635727,0.017492816065272664,1200.0,212.29451428743778,425.0062840526193,-52.5797903842722
2025-04-19,6,F,0.3,True,3396.750467637079,3263.4253099274265,10796.94795766875,133.32515770965256,0.012348411628209774,3175.647818801183,126.01444479816382,146.2142582297846,0.0
2025-04-19,12,F,0.11,True,5609.869002395208,3993.403584343161,12819.797349337494,1616.4654180520465,0.12609133935612352,1200.0,1453.830324520839,3252.701870624147,0.0
2025-04-20,6,F,0.3,True,21762.702060669333,20825.349344715054,28994.230398058553,937.3527159542791,0.03232893934708624,9984.644832163345,846.6001156111524,1815.0520068624573,0.0
2025-04-20,12,F,0.1,True,20044.60330174447,19667.706804014386,27352.349270080318,376.8964977300857,0.013779309923566904,6526.606954690867,314.68050095008584,1267.7132087479563,-1.696203338125997
2025-04-21,6,F,0.3,True,20361.25261291879,20265.52148887174,27754.949659112463,95.73112404705171,0.003449155023620135,9982.073707853173,83.0140287533759,254.34190587351782,0.0
2025-04-21,12,F,0.12,True,19059.691928123146,18977.26575997281,26461.93533133219,82.42616815033398,0.0031148956838669872,5597.207109913988,75.85274345717335,131.46849386325675,0.0
2025-04-22,6,F,0.3,True,23969.209555182802,21528.054807453052,30866.635267269852,2441.15474772975,0.07908716731163389,10006.680900752108,2096.2544014840933,7061.25919570183,-11.837122788132547
2025-04-22,12,F,0.11,True,19905.993577936442,19328.20448501823,27230.278244765646,577.789092918214,0.02121862610894473,6214.428883910834,614.297066774976,-893.4117479239608,11.837122788132547
2025-04-23,6,F,0.29,True,21442.923568880142,20709.35835056221,28477.670615008843,733.5652183179336,0.02575931255877776,9986.341030148453,573.2187252690019,3206.929860978579,0.0
2025-04-23,12,F,0.09,True,19790.38929128227,19275.8639792772,27045.351690285,514.5253120050693,0.019024537669069863,6293.938191845946,456.38348307618435,1167.0321713455915,-0.30421473785645503
2025-04-24,6,F,0.29,True,19303.168885224324,19123.86790720976,26631.233251381716,179.30097801456577,0.006732732814965039,9992.262791404886,138.88834661080546,808.2526280750928,0.0
2025-04-24,12,F,0.09,True,19730.0895628512,19017.743157045945,27033.0651411041,712.3464058052559,0.026350929947715204,5871.729284445508,625.6817535760492,1733.2930445840964,0.0
2025-04-25,6,F,0.28,True,3517.3547219323027,3329.6005430253263,10894.930067047742,187.75417890697645,0.017233169717614644,2744.906852242355,169.80583293803465,358.966919378807,0.0
2025-04-25,12,F,0.08,True,3357.1075812082327,2942.4698876693255,10734.500784269358,414.6376935389071,0.03862663964276093,1200.0,362.4951488904662,1042.8508929688248,0.0
2025-04-26,6,F,0.28,True,3423.38957897028,3285.1014115236467,10803.714493654674,138.28816744663345,0.012800057566113394,2672.2912563847963,124.63266562213357,273.11003649001395,0.0
2025-04-26,12,F,0.07,True,5022.572134871183,3548.520090622287,12197.382427459972,1474.052044248896,0.12084986701165998,1200.0,1261.9077960302438,4242.88496437307,0.0
2025-04-27,6,F,0.27,True,22619.503313050285,19874.216363938474,29641.59616275464,2745.286949111811,0.09261602965097164,9395.920045582465,2517.4579924929276,4556.579132377692,0.0
2025-04-27,12,F,0.09,True,19235.917967311085,18741.4534773988,26472.083123484,494.46448991228317,0.018678714765504503,5623.72410370686,414.55362717251046,1600.8319238929398,-0.18958486156225263
2025-04-28,6,F,0.29,True,30399.485963848216,24638.218470761385,36875.23093391997,5761.267493086831,0.15623678407359567,10001.260493154423,5075.8389669731005,13976.726273784352,-19.443481806600175
2025-04-28,12,F,0.08,True,20564.989013763785,19707.004354495337,27900.418582576604,857.984659268448,0.030751676958862786,7280.831438828098,840.082625635896,218.62788057811667,10.108565902522969
2025-04-29,6,F,0.29,True,19991.627699865392,19610.44381962216,27292.965990030098,381.1838802432321,0.013966378017782147,10013.511353139289,340.30091781328883,817.6592485989117,0.0
2025-04-29,12,F,0.09,True,20259.41749131691,19763.234897655624,27508.644118554505,496.1825936612877,0.018037333702194864,6331.217747386196,389.6646301073524,2158.1039025196696,-2.0117123485761113
2025-04-30,6,F,0.29,True,19416.63076971194,18924.987455424096,26604.728682945624,491.643314287845,0.018479546254610072,9322.56648059162,421.00180370981616,1619.4413924187752,-14.980997847109393
2025-04-30,12,F,0.08,True,17936.198642929194,17735.603803709346,25304.445099088374,200.59483921984793,0.007927256987234808,6887.862161754891,170.00699325239475,635.865004130516,-1.7480330188700464
2025-05-01,6,F,0.29,True,22267.049759694986,19663.340148510186,29365.59754985483,2603.7096111848005,0.0886653032264849,9601.769991855886,2454.624607009402,2981.7000835079384,0.0
2025-05-01,12,F,0.07,True,19516.179347920042,18922.859319455085,26822.391903233754,593.3200284649574,0.022120325085304034,4983.1175765101425,534.8659316141675,1169.0819370157324,0.0
2025-05-02,6,F,0.31,True,5579.882139208452,4022.089784078549,12794.236502480568,1557.7923551299027,0.12175735182227368,2878.1195430045977,1393.6437763843896,3282.9715749102816,0.0
2025-05-02,12,F,0.07,True,4341.052429507348,4087.6381884143484,11706.32735934425,253.41424109299987,0.021647629808568356,3568.6340869955093,217.07261851312614,726.8324515974568,0.0
2025-05-03,6,F,0.3,True,4785.560760467484,4494.726601189168,12181.383053145712,290.8341592783163,0.023875298725066486,2839.6577650583013,242.47831819211933,967.1168217239601,0.0
2025-05-03,12,F,0.07,True,4781.770387055209,4593.998314549986,12151.366353811336,187.77207250522224,0.015452753792278397,3360.114725352294,142.6957756235006,901.5259376344527,0.0
2025-05-04,6,F,0.3,True,20876.577698962923,20296.015351016118,28157.113321381697,580.562347946805,0.02061867426963625,10025.142400613302,507.24181336172114,1466.4106917016952,0.0
2025-05-04,12,F,0.08,True,20000.94939391166,19800.795406787576,27238.471232698488,200.15398712408205,0.007348209281430109,7319.157300311041,174.85878630811203,557.1588534997895,-3.7163942544757447
2025-05-05,6,F,0.3,True,22619.097204241443,21981.344617040275,29810.260172363298,637.7525872011684,0.021393727646577886,10012.063297915296,606.2007248111295,631.0372478007803,0.0
2025-05-05,12,F,0.08,True,21142.81301714391,20684.728505364954,28266.987427139808,458.0845117789577,0.016205636096159996,6445.1553526528405,393.82598248359136,1285.1705859072945,0.0
2025-05-06,6,F,0.3,True,23816.702829884613,22103.71418898939,30846.192046254317,1712.9886408952225,0.05553322881237888,9599.713983319907,1639.428764343691,1632.5784298454255,-11.701433037966126
2025-05-06,12,F,0.09,True,20503.371264243604,20254.584594718093,27638.016171346466,248.78666952551066,0.009001610968859574,6405.0866215887145,216.0670091839529,496.92276656200374,11.417892859692074
2025-05-07,6,F,0.3,True,24461.80044344417,23209.202204583285,31459.361269504658,1252.5982388608827,0.03981639131609125,10043.929811724496,1164.3577444414805,1764.8098883880357,0.0
2025-05-07,12,F,0.09,True,21993.40516817681,21645.893122612877,29091.78203359382,347.5120455639335,0.011945368116763798,6221.5801219937075,350.70513364996077,-63.86176172056366,0.0
2025-05-08,6,F,0.3,True,25505.131183920785,24791.389265832233,32539.68607528855,713.7419180885518,0.02193450534332552,10039.197163500403,643.9662289517764,2181.386936345315,-56.982221259377184
2025-05-08,12,F,0.1,True,22919.183162505353,22523.13155711673,30041.088969715416,396.051605388624,0.013183663408070385,6750.9663898493955,417.2191321794344,-1209.2236894259731,56.982221259377184
2025-05-09,6,F,0.3,True,6388.448411083378,6298.886970502639,13662.36647382237,89.56144058073914,0.006555338765970183,2757.2830715972923,78.47471568237233,221.7344979673444,0.0
2025-05-09,12,F,0.09,True,7876.864786918679,7112.271674177096,14968.815922841972,764.5931127415824,0.05107906441516432,1200.0,707.916295300196,1133.5363488277126,0.0
2025-05-10,6,F,0.32,True,9461.876089772422,8059.415521480966,16448.613125863216,1402.4605682914562,0.0852631500029797,2765.358452196557,1152.1615416092172,5393.186930801339,-28.075625811210557
2025-05-10,12,F,0.09,True,7096.676711693609,6203.362989237974,14380.047971417562,893.3137224556349,0.062121748427489666,3710.0167585422605,990.4461230960587,-2329.8544099650812,28.075625811210557
2025-05-11,6,F,0.32,True,26309.960106118626,25556.449911698648,33421.724808673054,753.5101944199778,0.022545520877020664,10085.70070942467,667.3860991583715,1722.4819052322555,0.0
2025-05-11,12,F,0.08,True,22980.79211390453,22715.955233721354,30182.838748459082,264.8368801831748,0.008774419211867389,7288.655253581241,265.4524186420458,-12.310769177454858,0.0
2025-05-12,6,F,0.32,True,26390.831750540303,24184.8267121787,33384.97501241784,2206.0050383616035,0.06607778012537258,10066.09391037086,2031.7766352732579,3484.568061766846,0.0
2025-05-12,12,F,0.08,True,23270.496946692467,22609.57352180157,30399.362222436153,660.9234248908979,0.021741358257940865,7467.693572489065,635.512406456688,508.22036868432406,0.0
2025-05-13,6,F,0.3,True,26253.454794722085,25864.484749720523,33344.46341664854,388.97004500156254,0.011665206308503795,10103.667006392841,318.2132247260233,1632.1110778506381,-15.732435610207176
2025-05-13,12,F,0.06,True,23015.077893609014,22762.234567089978,30229.977870495924,252.84332651903605,0.008363993106518544,7444.268084743704,272.8445099858036,-443.2921408108605,3.137317522357989
2025-05-14,6,F,0.3,True,26962.529494278417,25256.575485999587,33989.25865697531,1705.9540082788299,0.05019097431619716,10041.04832625768,1603.5929918404254,2047.2203287679877,0.0
2025-05-14,12,F,0.05,True,23333.368442403967,23086.731518347326,30483.06362014123,246.63692405664187,0.008090949358964044,7094.1112707413085,240.1970132554925,206.873336924039,-5.661083844894165
2025-05-15,6,F,0.32,True,29224.92121183964,27267.65415642844,36109.3483624265,1957.2670554111974,0.0542038874744089,10064.359335056271,1740.478971112716,4335.761685969643,0.0
2025-05-15,12,F,0.05,True,25276.48557756649,24405.421502167257,32345.838885942158,871.0640753992338,0.026929710448097468,7319.133518126982,815.3493166639892,1114.2951747047882,0.0
2025-05-16,6,F,0.34,True,7057.985718700496,6951.781504558432,14412.964450743446,106.2042141420643,0.0073686585785331694,2269.886692122698,86.2556101219725,398.97208040183546,0.0
2025-05-16,12,F,0.05,True,6968.675169829927,6795.727311374647,14332.651001416412,172.94785845527986,0.012066704089717138,1200.0,115.18673483348903,1155.2224724358298,0.0
2025-05-17,6,F,0.32,True,7699.748014469667,7457.38633872246,14836.957769499159,242.3616757472073,0.016334998017278075,2124.0750238954192,234.65616653689904,398.2310716733373,-17.700757889228043
2025-05-17,12,F,0.04,True,7163.956104244847,6953.9319411152355,14377.815470992044,210.02416312961122,0.014607515554316676,2618.132062968961,169.3128938064856,570.1044989953116,17.700757889228043
2025-05-18,6,F,0.31,True,25787.743278591144,25273.225963702353,32932.34476597158,514.5173148887916,0.01562346436444554,10086.134973520177,500.42998840805376,796.2099138460917,-37.30279658424297
2025-05-18,12,F,0.04,True,23582.538362074658,23430.92802895918,30734.130132289323,151.61033311547726,0.004932963206145705,7186.574037653548,125.99415016313651,205.85419556078523,22.221538803545627
2025-05-19,6,F,0.32,True,23957.10158993271,23718.68897680205,31121.27116494044,238.41261313066207,0.0076607607660719515,10059.421583366784,205.4464735137808,659.3227923376435,0.0
2025-05-19,12,F,0.03,True,22591.812322539758,22446.30645925407,29706.712794637784,145.50586328568897,0.004898080251812767,6686.679239469704,150.11064142760006,14.920213174663331,-7.759517676609903
2025-05-20,6,F,0.3,True,26538.779888884346,25317.054826728952,33343.67271528433,1221.725062155394,0.03664038669607533,9863.330592604787,1024.6693925551408,4493.301150522684,-40.03812178598855
2025-05-20,12,F,0.03,True,23316.070294178924,22798.90764022158,30495.124486795765,517.1626539573444,0.016958863512141858,7166.192941344227,519.7108698667835,-523.4619796517809,34.25993898169145
2025-05-21,6,F,0.3,True,27857.47647320968,25371.479165698052,34760.15558668239,2485.9973075116286,0.07151858976327727,9729.017084098614,2245.82290132287,4803.488123775183,0.0
2025-05-21,12,F,0.03,True,23697.71990400998,23234.27456133927,30865.097460419114,463.4453426707114,0.015015191293823905,6376.112777239427,468.7814474753686,-106.7220960931354,0.0
2025-05-22,6,F,0.3,True,23749.674168505822,23110.685752646168,30842.913652110627,638.9884158596542,0.02071751142149073,9968.59991941985,594.0063895781132,899.6405256308863,0.0
2025-05-22,12,F,0.03,True,22884.677573172783,22728.069925202755,30086.620109315125,156.60764797002776,0.005205225691720035,6063.254098974371,147.87678507511737,174.6172578981441,0.0
2025-05-23,6,F,0.31,True,7127.668300591904,6985.651592272141,14369.55432415742,142.01670831976298,0.0098831672239835,2198.8605203556644,129.7184704311585,245.96475777210435,0.0
2025-05-23,12,F,0.04,True,9234.404778460868,7405.251916532845,16349.508362926455,1829.1528619280234,0.11187815690383347,2128.452774449534,1740.0905455719949,1781.246327120537,0.0
2025-05-24,6,F,0.3,True,7240.45722065197,7010.003061309702,14477.14767103647,230.4541593422673,0.015918478182226643,1874.6779597761006,214.5992966938793,317.09725296776105,0.0
2025-05-24,12,F,0.07,True,7621.8568467814475,7415.794432752118,14768.473682811064,206.06241402932937,0.013952857854848207,1200.0,183.66438913110142,447.9604979645437,0.0
2025-05-25,6,F,0.3,True,23499.957756377677,22894.62552327412,30518.456606731772,605.3322331035561,0.019834955643531188,10104.814693852652,532.7930144783459,1594.1665994835394,-10.396382348564657
2025-05-25,12,F,0.04,True,21844.038879203992,21737.807926203554,29022.929063158786,106.2309530004386,0.00366024231287139,6657.746319179259,130.78833239153028,-313.75692333049574,-12.862271788977523
2025-05-26,6,F,0.3,True,26231.963740823405,24135.17952644641,33118.13126524235,2096.784214376996,0.06331227440292145,9546.752615351144,1871.3788482972122,4508.107321595668,0.0
2025-05-26,12,F,0.07,True,26612.337892822805,24716.291439361026,33493.539206941015,1896.0464534617786,0.056609319240555275,5127.104743412812,1744.3906930146695,3864.0671693667355,-60.25080287745368
2025-05-27,6,F,0.29,True,26005.996875786215,24555.924944426988,32941.954250096336,1450.0719313592272,0.044019001433559045,9518.589047313582,1324.131135826061,2518.8159106633284,0.0
2025-05-27,12,F,0.06,True,22963.91586182305,22040.74603383556,30157.462650369118,923.1698279874909,0.03061165452446284,7212.529488977487,886.4206918605123,734.9827225394793,0.0
2025-05-28,6,F,0.32,True,23902.2707623639,23483.69127866543,31012.145559723376,418.57948369847145,0.01349727586220594,10101.99818338186,370.59447950633694,992.9987532447904,-2.4144254563161667
2025-05-28,12,F,0.06,True,22211.919496120325,22144.409536948435,29291.377792443214,67.50995917188993,0.0023047724026592767,5789.352118484763,87.29178926280292,-390.86483143703936,-0.3459923200243793
2025-05-29,6,F,0.32,True,26894.99790948109,25619.323474235378,33773.40247268452,1275.6744352457135,0.03777156998846836,10116.303142350316,1106.6328862251976,3880.9851692039692,-36.26526306278902
2025-05-29,12,F,0.04,True,23315.80027420807,22480.18925849315,30365.844178115873,835.6110157149233,0.027518122361871743,6671.9856807374545,824.1485989209395,295.9592374128515,-4.837085137873146
2025-05-30,6,F,0.32,True,7314.457775952036,7141.635058006492,14496.844702823504,172.82271794554435,0.011921402311213572,2089.676889255962,181.05120739247832,-164.56978893870655,0.0
2025-05-30,12,F,0.04,True,6999.112876015413,6871.593698518496,14195.232998551244,127.51917749691711,0.008983239479755748,1200.0,130.05875502811978,-50.79155062403879,0.0
2025-05-31,6,F,0.33,True,7015.05695582238,6775.985764943347,14235.17359399662,239.07119087903266,0.01679439940092166,2481.3776175872686,208.10060591888032,647.0742085874217,-2.0057578288433433
2025-05-31,12,F,0.07,True,6945.291428407327,6812.780617836728,14125.221591135674,132.51081057059855,0.009381149153352477,1857.0054866892174,111.1341670992806,399.8703600419749,2.0057578288433433
2025-06-01,6,F,0.31,True,30765.477203989205,28898.30943649873,37671.08795626245,1867.167767490475,0.04956500777621095,10121.056258956529,1768.9409316158708,2260.6286393036244,-21.469082286741468
2025-06-01,12,F,0.05,True,24696.510776422747,24256.47848535211,31832.132001349226,440.03229107063817,0.01382352558264043,6817.9021566869305,429.1667323083093,291.3611161318986,-5.369225423199168
2025-06-02,6,F,0.25,True,31228.69308494166,30850.247272440953,38153.78752645279,378.4458125007077,0.009918957907870184,10085.676333233683,307.59670909265697,1416.9820681610236,0.0
2025-06-02,12,F,0.03,True,27738.05474916323,27137.503886487946,34671.51736849803,600.5508626752853,0.01732115892974837,6496.544506026987,592.4561528774866,165.23223760734618,-0.242035278946787
2025-06-03,6,F,0.25,True,34898.12479067443,32378.934518753755,41282.36868349383,2519.1902719206773,0.06102339454489539,10072.445024549896,2109.9801664597253,8184.202109219084,0.0
2025-06-03,12,F,0.02,True,26357.515722043776,25079.52317229403,33428.64254869495,1277.992549749746,0.03823046502376264,6636.188070712834,1366.1653055076385,-1763.4551151578944,0.0
2025-06-04,6,F,0.29,True,33312.933700968664,33248.16556966428,40394.86049886329,64.76813130438677,0.0016033755409604483,10078.748036070634,36.576154320493515,767.9848663906196,-14.80220328481846
2025-06-04,12,F,0.02,True,34274.4435445506,31575.224675379282,40804.892035456316,2699.21886917132,0.06614939372528926,4009.1951651666513,2378.2749094887185,6280.886929390648,10.005566035828451
2025-06-05,6,F,0.29,True,33702.91045100776,33226.89515571062,40096.26514273896,476.01529529714026,0.011871811342093093,10076.864489255488,319.80096427357057,3124.28662047139,0.0
2025-06-05,12,F,0.03,True,28227.242864529733,27840.589665328233,35212.80934686365,386.6531992015007,0.010980470072489097,6965.071093269338,410.83738052756235,-11.360736688520774,-34.247266611278974
2025-06-06,6,F,0.28,True,11036.635417529973,10297.834646987945,17797.172521235232,738.8007705420277,0.041512255368683165,2867.8012197504345,549.624515668409,3783.5250974723385,0.0
2025-06-06,12,F,0.01,True,10099.89380002388,9868.765329939994,17264.200688827772,231.128470083886,0.01338773072960492,7512.533591437268,231.42149609614717,186.5150892849124,-13.948802674833132
2025-06-07,6,F,0.24,True,10334.550021521585,9832.149640843209,17485.825211555188,502.4003806783767,0.02873186564545862,5739.07231232777,353.87280127238046,2970.551588119947,0.0
2025-06-07,12,F,0.0,True,11016.651651966013,10646.22455164632,18004.594773612138,370.4271003196918,0.02057403151681017,7933.68516713405,314.19296959950225,1124.6826144037514,0.0
2025-06-08,6,F,0.21,True,36959.82121106347,35624.34856850681,43822.77214312753,1335.4726425566623,0.03047439897674517,10061.569986916042,1161.9916526738525,3469.6197976562653,0.0
2025-06-08,12,F,0.0,True,30385.719197244434,29927.630296704054,37662.69119772122,458.08890054038056,0.012162935944633113,7346.779185659037,425.964236664433,642.4932775190123,0.0
2025-06-09,6,F,0.18,True,38170.737556468506,37581.27286345309,44927.06656307095,589.4646930154195,0.013120480327552619,10060.22540821968,538.8730099577297,3298.3886239567273,-165.79390734202934
2025-06-09,12,F,0.0,True,32736.319940474852,32425.466490451883,39607.039471011085,310.8534500229689,0.007848439423261782,7265.889700119442,302.6421710356444,-1292.2346663625704,105.60526163549548
2025-06-10,6,F,0.18,True,38064.27361863766,37323.091239167894,45052.57140332735,741.182379469763,0.01645150002281608,10028.048591871862,629.5402029655379,3502.1285039988006,-92.03352588463349
2025-06-10,12,F,0.0,True,34267.14766555798,33648.666746112336,41225.572624383574,618.4809194456466,0.015002360915172234,6650.642593307985,617.2679063398391,-1245.0247117980707,92.03352588463349
2025-06-11,6,F,0.19,True,43856.82747907142,41017.56313275221,50309.255645112404,2839.264346319207,0.056436222518331865,10069.918360917243,2438.10179596769,8023.251007030387,0.0
2025-06-11,12,F,0.01,True,36444.43388476591,35232.154214061884,43176.29058428527,1212.2796707040252,0.028077439129179257,6450.0,1102.4878656362416,2339.0484756635615,-10.384066642836842
2025-06-12,6,F,0.18,True,39972.235066217094,39439.11493443345,46987.038550966536,533.1201317836458,0.011346110506738446,10084.203221616932,464.65935825569613,1369.215470558991,0.0
2025-06-12,12,F,0.01,True,35229.459313385,34928.087651389025,42274.232927213045,301.37166199597414,0.007128968194759915,7275.469498440754,212.0848162509792,1785.736914899915,0.0
2025-06-13,6,F,0.15,True,13726.188035486584,12878.933809975411,20962.10620248283,847.254225511173,0.04041837291191765,4316.37952804967,753.4180427556603,1876.723655110205,0.0
2025-06-13,12,F,0.01,True,13078.967185256204,12566.03090770207,20348.64966720449,512.936277554134,0.025207386531442583,6236.454349475278,411.1366497540512,2035.9925560016252,0.0
2025-06-14,6,F,0.17,True,14129.229447863765,13732.904857930014,21201.40705124234,396.32458993375076,0.01869331544721827,4963.875556527356,391.3876770980751,980.7727855583125,-63.9547062400361
2025-06-14,12,F,0.01,True,13086.550408328083,12962.064670455904,20245.769611874868,124.48573787217902,0.006148728364426496,8316.446669840743,69.13375866172282,254.20554885283673,61.83743200410936
2025-06-15,6,F,0.15,True,40419.24860351503,39496.980537818294,47430.295469610195,922.268065696735,0.019444704203617196,10083.228751546409,830.779424571534,1829.7728225040837,0.0
2025-06-15,12,F,0.04,True,35194.47397278156,35079.27094471129,42274.1829454302,115.20302807027474,0.002725139081197265,7017.426433530574,118.0835684928752,-57.61080845208289,0.0
2025-06-16,6,F,0.15,True,41111.82992518861,40050.12257012576,48026.99565430896,1061.7073550628556,0.022106470342322982,10040.072946290333,988.7715573050446,1458.71595515618,0.0
2025-06-16,12,F,0.04,True,35817.49293538463,35301.66115152299,42947.58365706752,515.8317838616422,0.01201072889176982,6357.571839993456,391.6135427749614,2484.3648217336386,0.0
2025-06-17,6,F,0.17,True,45745.00356149213,43990.557799911716,52080.67118020693,1754.445761580413,0.0336870804815431,10048.567466982893,1320.7297221338958,8779.499223138253,-7.626295391590247
2025-06-17,12,F,0.05,True,36760.666979511785,34965.5191949883,43995.154419120314,1795.147784523484,0.04080330682379221,7050.0,1885.9454641685152,-1921.1320271085697,7.626295391590247
2025-06-18,6,F,0.18,True,43970.16391392658,43045.87831363879,50426.93399508211,924.2856002877961,0.018329204793175354,10085.294540759844,703.5107585837759,4415.496834080415,0.0
2025-06-18,12,F,0.05,True,36431.62263189412,35546.01849311976,43509.03806597216,885.6041387743608,0.020354486748972278,7189.405647077692,949.8162877946597,-713.9102241752098,-41.353782296468125
2025-06-19,6,F,0.19,True,38948.50896738964,38361.907559716354,45910.287707772426,586.6014076732827,0.012777123319442266,10065.789869479138,429.504973757641,3257.1717566444713,-8.356064280775172
2025-06-19,12,F,0.05,True,34802.55875477642,34210.205577951056,41546.52600566979,592.353176825367,0.014257586223804356,7028.160625412549,491.32326210374595,2447.0157634881016,-30.918748730617153
2025-06-20,6,F,0.19,True,14224.639324469668,13629.712528471555,21200.465085740707,594.9267959981134,0.028061969093227924,3300.039776083788,581.8797258831692,3194.730133431177,-212.72364100716368
2025-06-20,12,F,0.02,True,12904.707692670054,12337.545083896674,20021.227028064182,567.1626087733803,0.02832806440775964,7702.533664365121,465.74879820490605,-905.5125197628677,212.72364100716368
2025-06-21,6,F,0.18,True,13908.62790300881,13627.351382464782,20871.698782453757,281.27652054402824,0.013476455533197394,2905.494093320936,168.08946000877404,2621.59952333983,-25.947650020103538
2025-06-21,12,F,0.01,True,13287.06281508808,13104.343517835563,20371.32426981806,182.7192972525172,0.008969436391684767,6463.23621910436,234.80732723427718,-1399.6189122699361,25.947650020103538
2025-06-22,6,F,0.17,True,41178.085849542294,39074.631073918536,47583.94588401007,2103.454775623759,0.044205135504127996,10118.748190450393,1643.2080345875875,9703.64637061758,-36.16065996166071
2025-06-22,12,F,0.0,True,34843.70923711074,34059.80678079106,41733.18862979254,783.9024563196799,0.01878367031269848,7726.380901464041,972.3292396748293,-3946.3715515573567,12.894553872059987
2025-06-23,6,F,0.18,True,37756.77098591509,37243.1398156855,44681.39627060358,513.6311702295934,0.011495414492396189,10063.05865305724,510.3824172841487,64.97505890894172,0.0
2025-06-23,12,F,0.0,True,32873.2984241475,32609.706665580306,40103.425742620246,263.5917585671923,0.006572799048612398,7255.794325922966,233.89780214287748,593.8791284863255,0.0
2025-06-24,6,F,0.17,True,42127.2593805096,40836.757117883826,49193.40698108087,1290.5022626257705,0.026233236155448238,10078.370711786643,1214.5663790771941,1518.717670971404,0.0
2025-06-24,12,A,0.0,True,35913.25495790178,35430.311658321465,42899.40624963867,482.9432995803145,0.011257575379248569,6334.483675397445,419.806413584869,1262.7377199088696,0.0
2025-06-25,6,F,0.15,True,39020.303252918886,38361.92661009976,45826.82018614445,658.3766428191229,0.014366622867239226,10097.221786083448,590.047518100946,1366.5824943635798,0.0
2025-06-25,12,A,0.01,True,31833.380044487865,31593.914731432815,38738.75503447493,239.4653130550505,0.006181543852969518,7325.61598981967,203.85864223379758,712.1334164249747,0.0
2025-06-26,6,F,0.16,True,37592.59505967621,36539.35518889921,44533.43600383675,1053.2398707770044,0.023650541374940465,10062.438269099797,955.8112610717071,1948.5721941060228,0.0
2025-06-26,12,A,0.0,True,31043.861075566427,30636.731575527403,38141.342705493065,407.1295000390237,0.010674230930532748,7453.922068452218,320.49062733836763,1732.777454013206,0.0
2025-06-27,6,F,0.14,True,11971.410064219608,11835.93793706332,19282.68930328182,135.47212715628848,0.007025582636610329,3268.170761358455,108.16436223865094,546.1552983527504,0.0
2025-06-27,12,A,0.0,True,13032.586787258924,12879.848982122077,20107.293049558964,152.73780513684687,0.007596139607673199,6893.08670149359,140.6104812798185,242.5464771406032,0.0
2025-06-28,6,F,0.16,True,14278.389467860294,13364.297754551859,21111.135271212715,914.0917133084349,0.04329903160418362,2850.0389009275405,828.4764868653365,3943.2136410223047,-161.7591287535015
2025-06-28,12,A,0.01,True,11927.930912490698,11418.419748238752,19061.126503197054,509.51116425194596,0.02673038050329751,7742.801907835573,404.46010753305745,-129.88797778259595,161.7591287535015
2025-06-29,6,F,0.16,True,36602.013166843964,35370.6605017587,43294.96104456591,1231.3526650852655,0.028441015660408277,10077.150530707524,1094.7235633425662,2732.582034854022,0.0
2025-06-29,12,A,0.01,True,32371.02891624256,31669.895458436964,39105.71827963499,701.1334578055976,0.01792917989108323,7487.810824535416,594.8488791489435,2125.6915731331483,0.0
2025-06-30,6,F,0.17,True,38062.96896903891,37062.560514185774,44799.04524820082,1000.4084548531391,0.022331021773132915,10045.275111046,859.1778444746524,2824.612207569773,0.0
2025-06-30,12,A,0.02,True,31532.236326081103,31174.54750348509,38556.706449554666,357.6888225960138,0.009276954790316254,6595.328614683771,422.7687221971646,-1301.5979920230511,0.0
2025-07-01,6,F,0.18,True,32762.870919999652,32353.230998624655,39975.785402543275,409.63992137499736,0.01024720133075699,10075.836169577029,385.1957576942732,488.8832736145532,0.0
2025-07-01,12,A,0.02,True,29258.180898460298,29125.80615140442,36462.88992249347,132.37474705587738,0.0036303964753549925,6112.476775005891,116.55570002003515,464.8380567318527,-10.764353246373503
2025-07-02,6,F,0.14,True,33654.14122718822,32746.618374733625,40509.965205183784,907.5228524545964,0.022402459440732055,10101.008817796377,769.0100525313246,3821.420833969026,-76.21803463016477
2025-07-02,12,A,0.03,True,29481.554185609515,29360.875999617485,36484.99247038576,120.6781859920302,0.0033076116458015605,7297.706357793936,53.45192743213556,293.36033569421033,76.21803463016477
2025-07-03,6,F,0.13,True,39001.9946688256,37506.764297367874,45339.16930184976,1495.2303714577283,0.03297877739009933,10083.09741091263,1274.2836411749013,6073.298177314609,-119.95486886231083
2025-07-03,12,A,0.03,True,31234.91049149443,30568.76017085309,38193.29820057356,666.1503206413399,0.01744155001076435,6934.531796122894,634.2138480586873,-967.0348205054479,116.43102277543767
2025-07-04,6,F,0.15,True,16099.413263284163,12527.517545014942,22683.013432738553,3571.895718269221,0.15747007022946427,2807.820029935641,3090.7731532925827,9622.451299532797,0.0
2025-07-04,12,A,0.04,True,12048.444959747778,11705.85932522861,19149.81947497273,342.5856345191678,0.01788975791478868,6601.318182539701,278.21071405163093,1287.4984093507146,0.0
2025-07-05,6,F,0.16,True,13615.66838420326,12686.964004122327,20602.970323548343,928.7043800809333,0.04507623733357819,2932.9359659228435,735.8727361591955,3856.6328784347506,0.0
2025-07-05,12,A,0.05,True,13002.252060164194,12891.80516402353,20117.028504544876,110.44689614066374,0.005490219199903772,5515.112405836471,94.60938201353201,316.7502825426609,0.0
2025-07-06,6,F,0.17,True,44391.54800710296,39194.36318544061,50381.91867842543,5197.1848216623475,0.10315575424657039,10051.769491816016,4561.070870497359,12763.973542862022,-3.0231931554026232
2025-07-06,12,A,0.06,True,38503.543294474715,37616.63355573162,44847.47039647008,886.9097387430957,0.019776137447718875,6856.753745494178,503.4806667808007,7722.49891357721,-3.909457191635738
2025-07-07,6,F,0.19,True,36258.622737690974,36086.489799996896,43390.22749847728,172.13293769407755,0.003967090002008363,10045.322916690064,139.28521947297122,906.7620308265796,-18.113095801734744
2025-07-07,12,A,0.06,True,34153.81891504116,33693.819705631366,41159.20137724396,459.9992094097979,0.01117609657178921,6813.326847225394,379.6689074242677,1356.7983733061674,18.113095801734744
2025-07-08,6,F,0.19,True,39959.7095258415,39025.26148745079,46947.487628992,934.4480383907066,0.019904111712543412,9988.140869991916,828.2309262387134,2152.5983120397495,-2.0487957481145713
2025-07-08,12,A,0.05,True,39452.69822571821,38412.010753008195,46055.53936623825,1040.6874727100148,0.02259635837579415,6321.522926335303,755.1690617450076,7831.359736872635,-153.7892055332868
2025-07-09,6,F,0.19,True,42042.56418366194,41348.64659476999,49018.67627010113,693.917588891949,0.014156187838862612,9995.068539036009,619.0166387573845,1498.019002691315,0.0
2025-07-09,12,A,0.05,True,36832.398927016555,36616.37382260057,43904.93704448274,216.02510441598133,0.004920291861416708,7059.984226385771,217.87304621922522,-36.958836064965,0.0
2025-07-10,6,F,0.19,True,40773.902244056015,39766.51067165492,47749.48085497651,1007.3915724010949,0.02109743507915235,9964.180287825298,909.0318070745125,1967.1953065316266,0.0
2025-07-10,12,A,0.04,True,35314.64926607536,35073.11862697989,42624.368046255455,241.53063909546472,0.005666491966129763,6685.262275186695,249.86282301975734,-166.64367848593702,0.0
2025-07-11,6,F,0.2,True,17838.92199881145,17122.703612964426,24928.1629702554,716.2183858470235,0.028731294267516798,3635.1646973067063,637.9996153347347,1692.9824798339105,-9.325062780339067
2025-07-11,12,A,0.05,True,16350.040456743991,16231.005001431362,23533.52374512336,119.03545531262898,0.005058122897438835,7087.020552648806,89.81742717467205,455.7534931709397,9.325062780339067
2025-07-12,6,F,0.2,True,20588.905376972194,18068.547468972865,27305.109070031333,2520.3579079993287,0.09230352830802432,3573.5850094790617,2092.8709687499977,9348.815492886763,-57.93958676872171
2025-07-12,12,A,0.05,True,18182.938411739946,17794.936090561212,25193.463096408595,388.00232117873384,0.015400912518217662,7123.578314309931,345.3957345187264,53.05502529988917,57.93958676872171
2025-07-13,6,F,0.2,True,41438.47708376225,41293.213069519734,48717.582916489715,145.26401424251526,0.002981757417881808,9992.135795373139,120.67843194086163,491.711646033099,0.0
2025-07-13,12,A,0.04,False,37228.172509735574,37215.65571399074,44490.75316988887,12.51679574483569,0.0002813347685313405,5375.402116583297,9.667950173752615,56.976911421703335,0.0
2025-07-14,6,F,0.19,True,38835.49372352206,38339.08456113188,45708.72840738057,496.4091623901768,0.01086027066791081,10019.10544077126,452.70340230409784,874.1152017215063,0.0
2025-07-14,12,A,0.04,True,35009.088705483366,34828.91258309791,41912.270719271786,180.17612238545553,0.004298887158662303,7095.050099337256,132.71671100908134,949.188227527422,0.0
2025-07-15,6,F,0.19,True,39443.13123887725,39150.71716212331,46547.825977592045,292.41407675394294,0.00628201361959869,9976.607408369846,247.3662516343029,900.9565023927062,0.0
2025-07-15,12,A,0.04,True,36321.545350043765,35911.589742687785,43317.797972296656,409.95560735597974,0.009463906905382439,7319.554019557756,332.60633491059707,1546.9854489076142,0.0
2025-07-16,6,F,0.18,True,40608.49714204473,39985.546693072065,47725.332503881764,622.9504489726678,0.013052825748715314,9979.940973359124,528.5507638401541,1887.9937026503076,0.0
2025-07-16,12,A,0.05,True,37602.0886124583,37493.38470813032,44614.34284965753,108.70390432798013,0.0024365237137817567,7389.982391344488,85.1677016482281,470.72405359500044,0.0
2025-07-17,6,F,0.18,True,41427.979906799475,40467.57141012887,48107.45960643349,960.4084966706068,0.019963816516766764,9945.870756385537,875.3426336345947,1701.317260720176,0.0
2025-07-17,12,A,0.05,True,38122.016873425,37829.644947697525,44757.34526713547,292.37192572747153,0.006532378629305235,7250.83641616711,126.58753115229774,3315.687891503567,0.0
2025-07-18,6,F,0.17,True,18674.549014819364,17876.360149325315,25857.71562286896,798.1888654940485,0.030868498870337876,3424.5581127756514,707.0292147449727,1823.1930149814616,0.0
2025-07-18,12,A,0.06,True,17814.352994598485,17743.209973085453,25072.50725699688,71.14302151303127,0.0028374913120496827,6815.402064458808,49.840306382826384,426.05430260400635,0.0
2025-07-19,6,F,0.18,True,18345.254466756065,18238.686038158656,25450.785819684814,106.56842859740937,0.004187235292160779,3159.1012667201057,100.81343120214297,360.62181497230904,-17.80234035093963
2025-07-19,12,A,0.06,True,20512.39557863398,19665.509686378653,27236.065218627846,846.8858922553263,0.031094281991809407,2801.7677542991996,660.0163288304248,3860.0275152019767,-8.892129362106061
2025-07-20,6,F,0.22,True,42651.71520203907,41928.80831068249,49616.7111666394,722.9068913565789,0.014569826865966019,9979.370389598436,723.3048719046783,462.0343729654869,-34.07840191475407
2025-07-20,12,A,0.07,True,37273.33254382267,36971.03426423952,44149.38156025107,302.29827958314854,0.006847169063299318,6927.518670673406,247.34801268344745,629.0113540666043,34.07840191475407
2025-07-21,6,F,0.22,True,39189.31718711806,38605.26537215875,46072.10183671988,584.0518149593117,0.012676908403901321,9978.562497357676,538.8993471157082,903.0493568720594,0.0
2025-07-21,12,A,0.07,True,39252.40886669196,38060.077547916284,45743.020423231865,1192.3313187756794,0.026065863332674043,6551.217561343075,965.4581429444152,4736.3002725054885,-14.417288548444049
2025-07-22,6,F,0.22,True,60860.10851148176,49725.97368256758,66136.35438214098,11134.134828914182,0.1683512031004958,9979.162913013895,9928.932805555065,28020.76911691963,-283.994812021665
2025-07-22,12,F,0.07,True,41944.38151818962,37804.40893706718,48720.29335505481,4139.972581122442,0.08497429502223866,7050.0,4460.980729148505,-9040.61194083308,190.00395026750266
2025-07-23,6,F,0.26,True,41734.57802943608,41363.31279194643,48978.02518318499,371.26523748964973,0.007580241059149759,9936.96554298374,315.81000442009827,1109.1046613909907,0.0
2025-07-23,12,F,0.06,True,38450.257333319845,38201.3948701171,45522.901739853136,248.86246320274222,0.00546675307793209,7331.95978251203,196.96567907222925,1037.9356826102603,0.0
2025-07-24,6,F,0.26,True,42362.65637543189,42014.86296223441,49155.06951039567,347.79341319748346,0.007075433249543663,9978.857619215887,293.49905235639744,2048.5742132998676,-69.80266877024042
2025-07-24,12,F,0.07,True,38367.22585259324,38108.878472269935,45089.782507618955,258.3473803233064,0.005729621345582066,7242.953858775842,258.9145454899117,-862.6539267479457,61.72697219789552
2025-07-25,6,F,0.26,True,19929.18743316109,16663.384854048978,26641.235598826534,3265.802579112111,0.12258450127050262,3168.1062368977787,2977.8274922785604,5759.501736671087,0.0
2025-07-25,12,F,0.07,True,17341.710778024317,17252.95955196199,24340.750318348473,88.75122606232617,0.003646199270834473,7469.409620541854,44.11027585976626,894.5269770753721,-0.12384199195366818
2025-07-26,6,F,0.26,True,16968.71143002311,16762.659656727206,24090.602589180085,206.05177329590515,0.008553201296361513,3329.323196169305,183.9981562742505,441.0723404332175,0.0
2025-07-26,12,F,0.07,True,16858.25532839763,16777.213872790904,23976.5283612956,81.04145560672623,0.003380032938277602,7126.016511311423,61.12432739058568,398.34256432286384,0.0
2025-07-27,6,F,0.26,True,40910.114770196335,40269.29372695167,47794.09037305262,640.8210432446649,0.013407955633066598,9965.147997480735,560.9328568658602,1597.7637275760317,0.0
2025-07-27,12,F,0.07,True,33503.127729310494,33145.55166775645,40910.84298740892,357.5760615540421,0.008740373833511396,6834.153965894075,325.28958634778974,645.7295041250837,0.0
2025-07-28,6,F,0.26,True,45577.73354683004,44033.52083120961,51769.45928230152,1544.2127156204297,0.02982864293018319,9954.606220731705,1071.5165693810923,12433.692035395425,-216.05759400566603
2025-07-28,12,F,0.08,True,38728.60912795735,37727.60714770814,45401.54572030646,1001.0019802492097,0.022047751114374462,7050.0,1213.5569973325328,-6081.773870534122,132.73878054807028
2025-07-29,6,F,0.24,True,46982.42324875297,43668.54744814544,53424.902011160324,3313.875800607537,0.06202867344361767,9966.87058428605,3018.9900230970015,5897.715550210689,0.0
2025-07-29,12,F,0.08,True,39218.80033058376,38669.547406326026,45777.180319777915,549.2529242577366,0.011998400085389997,6573.289187290018,435.0460943851358,2284.136597451943,0.0
2025-07-30,6,F,0.26,True,46393.05898271519,43622.36073830689,52493.90493291566,2770.698244408304,0.05278133238419022,9963.21231062925,2155.923405327041,12975.532381418236,-49.30813431361821
2025-07-30,12,F,0.09,True,37499.2188083729,36802.99174991843,44360.82218766004,696.2270584544676,0.0156946382893719,6450.0,698.1318267942843,-718.1309665892586,49.30813431361821
2025-07-31,6,F,0.29,True,39353.92465564492,38830.34877545189,46122.87792180677,523.5758801930351,0.011351760856741548,9921.774054711683,454.45241091367643,1382.469385587281,0.0
2025-07-31,12,F,0.1,True,38494.224509511674,37687.28224106896,45096.63431313683,806.9422684427118,0.017893625117110932,6932.576366761071,569.3377045495508,6008.857367917921,-91.12580457270997
2025-08-01,6,F,0.27,True,14990.50601062735,14793.83283733477,22225.924485287116,196.67317329258003,0.00884881856872913,3242.4232145779874,147.3547734158492,986.3679975346158,0.0
2025-08-01,12,F,0.09,True,15579.613353574145,15234.689134187336,22636.72745510011,344.92421938680855,0.015237371217679978,2745.8255688259496,281.1930856151994,1274.6226754321542,0.0
2025-08-02,6,F,0.31,True,16010.414130184889,15945.971478126043,23175.013073378963,64.44265205884585,0.0027806953918343568,3059.717726729095,64.07375275111553,7.377986154640894,0.0
2025-08-02,12,F,0.08,True,15586.314591468565,15467.422820467998,22763.614109964412,118.89177100056622,0.005222886419802874,3159.1405407307893,97.98455105919857,418.14439882734587,0.0
2025-08-03,6,F,0.32,True,33890.62490384709,33488.84044583371,40789.02855018613,401.7844580133824,0.009850307111850767,9983.323922952783,360.80992950453947,819.4905701769585,0.0
2025-08-03,12,F,0.08,True,31790.17922714066,31535.543308247514,38758.83812526127,254.63591889314557,0.006569751086712409,6534.216658252811,200.83719077976275,1075.9745622676692,0.0
2025-08-04,6,F,0.32,True,37276.9805720058,35889.685746487135,43719.37268474473,1387.2948255186639,0.031731809958077034,9939.975684372315,1093.37555722252,5878.38536592291,0.0
2025-08-04,12,F,0.1,True,31984.3987541659,31152.577406361386,39085.67092405641,831.8213478045145,0.021282002537982427,6810.313931922847,839.4425582539843,-152.42420898947512,0.0
2025-08-05,6,F,0.35,True,35479.978172830706,34707.226222189645,41874.92029228061,772.7519506410608,0.01845381305199793,9995.638422778668,585.6103146198293,3872.84526894374,-9.42697148030129
2025-08-05,12,F,0.12,True,30521.561768821193,30192.13519351735,37636.85887010572,329.4265753038417,0.008752764847905499,7068.051297802058,340.3474585306103,-348.4302130544738,9.42697148030129
2025-08-06,6,F,0.37,True,34037.15271786444,33697.68913345152,41054.571856083516,339.4635844129225,0.008268593948632797,10009.641746258803,344.80363720179594,339.4090782262647,-32.35387857085152
2025-08-06,12,F,0.12,True,33796.94982812608,33434.05360199904,40447.81900762095,362.8962261270426,0.008971960294290966,7219.178195877434,291.4470948592716,1009.8596926566261,30.38983527586788
2025-08-07,6,F,0.34,True,35051.077738271386,34555.569182648,41805.72960021988,495.50855562338256,0.011852647002261059,9964.804810471956,414.49789949807746,1620.213122506122,0.0
2025-08-07,12,F,0.12,True,33531.356153663946,33285.34681869822,40083.244487572105,246.00933496572543,0.006137460630014647,6913.608246600668,168.33311894797953,1553.5243203548453,0.0
2025-08-08,6,F,0.33,True,13707.15936183038,13592.0211565687,20656.74307583284,115.1382052616791,0.005573879911222982,3183.8968766851385,107.64629692873496,149.83816665888298,0.0
2025-08-08,12,F,0.11,True,15094.077853201206,14836.70939125287,21772.876971479214,257.3684619483356,0.01182059965182683,1200.0,202.62506993623174,1449.7064542511962,-25.72869721018469
2025-08-09,6,F,0.35,True,12827.74545479569,12747.473697213312,20129.14833304682,80.27175758237718,0.003987836755646131,3034.012610598897,69.33934581750145,218.64823529745854,0.0
2025-08-09,12,F,0.1,True,13502.131358024342,13298.546805267984,20651.29556593212,203.58455275635788,0.009858197617984113,2379.851136350856,174.04970373845936,590.696980357985,0.0
2025-08-10,6,F,0.34,True,32472.914602198936,31986.294376867,39323.17025026609,486.6202253319352,0.012374898113120529,9965.872763733505,404.3669180192228,1645.0661462542012,0.0
2025-08-10,12,F,0.09,True,30726.544675219964,30556.563418390702,37736.06822097989,169.98125682926184,0.004504477144620976,7264.618063609229,151.79033636928216,363.81840919952265,0.0
2025-08-11,6,F,0.37,True,32443.178565555754,31875.5572011299,39268.56873179473,567.6213644258532,0.014454852385955822,9949.990123036145,490.1168431663391,1550.090425190354,0.0
2025-08-11,12,F,0.09,True,30909.04752865256,30720.814139572816,37711.900110173025,188.2333890797454,0.004991352557941472,6448.799762156088,152.28507776767947,718.966226241284,0.0
2025-08-12,6,F,0.37,True,33414.86884156177,32607.006401337465,40443.75885183816,807.8624402243076,0.019974959379612425,9996.012279144745,673.9731037718666,2677.7867290488075,0.0
2025-08-12,12,F,0.09,True,33098.90448240365,32912.49168295166,39487.810312337264,186.41279945198767,0.0047207682061252785,7137.663101528473,143.1292389914306,865.6712092110647,0.0
2025-08-13,6,F,0.37,True,32488.84839211664,31444.98601644292,39274.20694224924,1043.8623756737215,0.026578827605829674,10008.931701338233,940.9099284415133,2059.048944644106,0.0
2025-08-13,12,F,0.1,True,30205.00147251483,30089.052545273196,37054.535715701924,115.94892724163219,0.0031291426272681278,6933.298767508984,118.41880242951447,155.87859649111306,-14.884193600353683
2025-08-14,6,F,0.36,True,33268.926682066456,32273.24659923272,40205.97117568584,995.6800828337364,0.02476448282975102,9919.854764059479,876.3652257498834,2386.2971416769724,0.0
2025-08-14,12,F,0.1,True,30239.62153690934,29912.39430190903,37330.220685020635,327.22723500031134,0.008765746062991174,6502.805539983949,311.35691814061283,317.4063371940256,0.0
2025-08-15,6,F,0.37,True,13137.575147113572,13015.439787981102,20370.412591782602,122.1353591324696,0.005995723384696628,3104.177522883797,117.61732461673455,90.3606903146856,0.0
2025-08-15,12,F,0.1,True,12896.013452797031,12784.722483085674,20173.30442168113,111.29096971135732,0.00551674467330935,1389.4590643987503,95.21384473381113,321.5424995509161,0.0
2025-08-16,6,F,0.39,True,13202.422836297012,13148.391657281287,20403.55577883779,54.031179015724774,0.002648125630718003,3117.01734049566,41.860450505366316,243.41457020716916,0.0
2025-08-16,12,F,0.1,True,13027.265377477392,12497.74174209441,20364.776327697524,529.5236353829823,0.026001937210711864,1200.0,453.1861374183063,1526.7499592935126,0.0
2025-08-17,6,F,0.34,True,30641.913160462333,29990.7190161803,37663.07043700396,651.1941442820316,0.017289990877701607,9959.236189154526,549.6155872137679,2031.5711413652198,0.0
2025-08-17,12,F,0.1,True,28785.144664050815,28481.75122687049,36113.647526812805,303.39343718032615,0.008401074329450376,6969.789253349227,268.7082543806755,693.7036559930891,0.0
2025-08-18,6,F,0.34,True,31370.807573446407,30822.689835639627,38418.14773168175,548.1177378067805,0.014267156803990632,9949.922626304677,484.3385700212093,1275.583355711392,0.0
2025-08-18,12,F,0.09,True,29599.3307688473,29370.112570942387,36710.64633128178,229.2181979049128,0.006243916160898317,6719.673352893666,198.0815722698244,622.7325127018375,0.0
2025-08-19,6,F,0.34,True,31392.81353859797,30701.07305747974,38130.17449882324,691.7404811182278,0.01814155036556615,9964.980286221155,622.558265288957,1404.7879013374823,-1.5330825579439988
2025-08-19,12,F,0.09,True,30565.976780925164,30043.83102915596,37360.96278390364,522.1457517692033,0.013975703859381303,6643.159933930722,506.0446348223413,300.87875418530894,1.5330825579439988
2025-08-20,6,F,0.3,True,36151.28568979321,32572.231773459185,42947.482662897404,3579.053916334022,0.0833355925521099,9934.67716119929,3302.951812934385,5522.042067992852,0.0
2025-08-20,12,F,0.09,True,30428.058618612617,30046.848204168222,37454.05900418185,381.2104144443947,0.010178080148851998,5659.2985210958705,335.0079819050952,924.0486507858877,0.0
2025-08-21,6,F,0.28,True,33635.56073482326,33496.56579930279,40656.5946973022,138.99493552046624,0.0034187549782591447,9899.048521879571,124.47781589704391,290.3423924685885,0.0
2025-08-21,12,F,0.09,True,31320.508530122286,31211.25350440722,38231.475389085455,109.25502571506513,0.0028577245477232065,6469.194237892134,95.52226278410672,274.6552586191465,0.0
2025-08-22,6,F,0.3,True,13846.095272799905,13682.23521029477,20764.839209979233,163.86006250513492,0.007891227129097466,3142.6077371524843,127.87927647100878,1232.1239003894898,-37.161028289567184
2025-08-22,12,F,0.09,True,14022.252184402107,13586.70983436121,20792.00598371984,435.54235004089605,0.020947586797633963,2122.077407490792,389.3668071419561,411.0026782718287,37.161028289567184
2025-08-23,6,F,0.28,True,12545.61443229117,12401.09236483378,19854.150917159677,144.52206745739022,0.007279186506660516,3276.566505396613,125.83330337163352,373.77528171512813,0.0
2025-08-23,12,F,0.05,True,14146.96831573573,13584.396962467255,21009.3575315763,562.5713532684749,0.026777180236137666,1200.0,466.3739564338466,1923.947936692588,0.0
2025-08-24,6,F,0.3,True,30992.400423071907,30542.970794863802,38146.65323764797,449.429628208105,0.011781626697582755,9941.458717560005,393.0597183390346,1127.3981973813998,0.0
2025-08-24,12,F,0.05,True,30991.790210468876,30113.58586023606,38171.98474077487,878.2043502328161,0.023006515280687735,6189.445134107125,832.7411195185268,909.2646142857375,0.0
2025-08-25,6,F,0.3,True,35373.2592393464,34667.83709517331,42301.230318089074,705.4221441730915,0.016676161399292334,9956.83159497276,581.7062854509641,2474.3171744425617,0.0
2025-08-25,12,F,0.08,True,32781.302549661326,32487.765145309226,39597.745044332914,293.53740435210057,0.007412982835852431,7540.715760023234,299.92778464622097,-127.80760588237172,0.0
2025-08-26,6,F,0.31,True,32739.508087382972,31549.706821726235,39810.301364706145,1189.801265656737,0.029886768621941565,9939.627037822833,1015.4188079318556,3487.649154497628,0.0
2025-08-26,12,F,0.04,True,30573.23481449455,30088.6753051658,37743.38989749707,484.5595093287484,0.012838261498098283,7316.834665578433,415.4649328692394,1381.8915291901894,0.0
2025-08-27,6,F,0.3,True,43620.708143726006,36467.92550681459,49737.0509545195,7152.782636911419,0.14381195707505978,9941.115849843796,6355.068380143806,15981.843789715871,-1.998227491742
2025-08-27,12,F,0.04,True,33244.384105658195,32217.77760538066,40072.8385920761,1026.6065002775358,0.025618512098130587,7432.435138607527,1095.273351056574,-1400.8956699444389,1.998227491742
2025-08-28,6,F,0.32,True,37082.27465795828,35335.22923888379,43700.32683684258,1747.045419074493,0.03997785704434608,9930.35578484211,1467.603210899324,5588.844163503505,0.0
2025-08-28,12,F,0.03,True,31561.414035281625,30481.603513900634,38670.052414758895,1079.8105213809904,0.027923689106996597,6607.27698790919,1195.682530350503,-2317.440179390185,0.0
2025-08-29,6,F,0.32,True,13716.400430256972,13626.438223714631,20891.344052188397,89.96220654234094,0.004306195250894701,3615.9221239611743,110.40464785746735,180.10355991471806,-42.7038575227034
2025-08-29,12,F,0.03,True,14115.063556305835,13918.07667798569,21056.65633145861,196.98687832014548,0.009355088254247062,2674.71973302242,181.8370567539132,256.2240617029838,3.3913787516030425
2025-08-30,6,F,0.3,True,13473.234506577735,13304.161979207553,20653.159353981027,169.0725273701828,0.008186279129134449,3634.3201867047687,160.65532966103274,168.34395418299482,0.0
2025-08-30,12,F,0.05,True,13319.988618473179,13227.213819781457,20475.03733883925,92.77479869172203,0.0045311174361443935,2881.2389816682894,76.6599854319029,395.7743466297625,-5.327760942996974
2025-08-31,6,F,0.29,True,34416.48049443923,33313.6137861151,41063.279513969464,1102.8667083241307,0.026857735703962528,9960.178445351425,939.8255625584497,4701.148526930247,-104.4353688756255
2025-08-31,12,F,0.05,True,30316.403322567618,29940.03515053221,37389.93229341625,376.36817203540704,0.01006602978261288,6022.448792366238,381.2076719253091,-1059.4682314214042,69.8020333916993
2025-09-01,6,F,0.31,True,32534.303502991468,32408.990141817485,39794.820631752125,125.31336117398314,0.003148986706928291,9903.07305055441,106.01776090795465,385.9120053206593,0.0
2025-09-01,12,F,0.03,True,30145.807166666156,29900.33304883371,37463.11506271816,245.47411783244752,0.0065524214262880085,5360.827601332365,225.27800781300175,403.9222003889349,0.0
2025-09-02,6,F,0.3,True,34921.07680165302,32209.750514902757,41666.66085027009,2711.3262867502635,0.06507183996561337,9935.709629506997,2448.8695308833485,5249.1351173382845,0.0
2025-09-02,12,F,0.03,True,28595.239875330946,27731.13848639324,35967.930385619904,864.1013889377064,0.02402421767595438,6989.356289528787,862.6249182381507,29.529413991032243,0.0
2025-09-03,6,F,0.31,True,32158.784229735742,31562.088963441365,39140.53804655391,596.6952662943768,0.015244942866770637,9934.46016699738,507.7304081696275,2024.284724025456,-17.763598836283563
2025-09-03,12,F,0.03,True,29338.60787393843,29079.220647597358,36599.89125534336,259.38722634107035,0.007087103743872501,6864.81133219609,198.99057279363478,962.9455094182867,17.763598836283563
2025-09-04,6,F,0.31,True,32136.34424960048,31467.8083545119,39057.87817791166,668.5358950885784,0.017116544120582937,9904.84810131794,516.1058027885592,3048.601846000296,0.0
2025-09-04,12,F,0.02,True,29124.602496583415,28945.45593125248,36475.659471713494,179.14656533093512,0.0049114003125799955,6907.86286154039,182.87222035051673,-60.57192755541655,-1.0108488774785656
2025-09-05,6,F,0.31,True,11374.671030678883,11170.532705576697,18698.142243723112,204.13832510218526,0.01091757258241597,3559.511596716507,205.10128765300396,230.11204434580168,-18.08145533766401
2025-09-05,12,F,0.02,True,10923.48654231568,10804.93246837695,18242.10359675814,118.55407393873065,0.006498925593197445,1277.920534413247,102.10201569772835,79.66986945784765,18.08145533766401
2025-09-06,6,F,0.31,True,11205.076267280123,11019.145611065784,18523.846800993975,185.93065621433925,0.01003736741141491,3435.6727784346426,176.56173925271287,187.3783392325281,0.0
2025-09-06,12,F,0.03,True,10738.607314335526,10666.456528985456,18081.95502058199,72.15078535006978,0.003990209314642323,1200.0,60.57918912625246,231.4319244763442,0.0
2025-09-07,6,F,0.3,True,33007.006350046075,30524.170501227287,39631.85973499256,2482.835848818788,0.06264747265005563,9918.940892506493,2148.6396924908477,6683.923126558864,0.0
2025-09-07,12,F,0.02,True,27112.62921200275,26297.893305482175,34440.31464106801,814.7359065205746,0.02365645944329007,7007.80286834714,796.8768065275217,357.1819998610256,0.0
2025-09-08,6,F,0.31,True,28541.867829329756,27580.224258204384,35433.46299205247,961.6435711253725,0.027139418220032966,9937.13030172872,820.5155770874917,3176.848619541317,-25.68882676593421
2025-09-08,12,F,0.02,True,27610.049437657523,26419.927058659094,34566.32935874061,1190.1223789984288,0.03443010585957657,6436.888323181958,951.1355285515674,4425.448270153456,25.68882676593421
2025-09-09,6,F,0.31,True,29200.981282800887,26821.26452446464,35758.23315013144,2379.716758336246,0.06655017736320953,9950.447201277635,1974.316959057156,8107.9959855818415,0.0
2025-09-09,12,F,0.04,True,24497.200202555498,23480.678694926202,31791.39844034292,1016.5215076292952,0.03197473396890088,7199.471129177202,1087.0689661833785,-1410.9491710816997,0.0
2025-09-10,6,F,0.3,True,25454.26075415557,25180.352300802915,32785.676897311765,273.90845335265476,0.008354515729858658,9925.128843210923,250.00752393806397,478.01858829183675,0.0
2025-09-10,12,F,0.03,True,26197.020279517666,25057.48865205802,33216.48529674482,1139.531627459648,0.03430620721245667,6577.793895671424,934.8707590611193,4093.217367970551,0.0
2025-09-11,6,F,0.29,True,27164.60725072182,26863.520340922412,34495.78995684523,301.0869097994073,0.008728221912763028,9911.267492094197,271.74336381829926,586.8709196221259,0.0
2025-09-11,12,F,0.03,True,24753.79136940361,24579.37558240471,32089.920622659665,174.41578699889942,0.005435220269000576,5266.570868877803,154.10872797631237,406.1411804517934,0.0
2025-09-12,6,F,0.27,True,7587.790819400841,7506.899474890604,14983.59726041391,80.8913445102371,0.00539865982142679,3817.836263133259,81.33640742323405,-8.901258259957558,0.0
2025-09-12,12,F,0.04,True,8969.173228174082,7953.385434807487,16190.796723601306,1015.787793366595,0.06273859222047315,1200.0,915.482079967951,2006.1142679728455,0.0
2025-09-13,6,F,0.28,True,7483.125137307939,7265.875966212607,14785.648400746368,217.2491710953327,0.014693246126721514,3824.2273654374044,189.79967937690162,548.9898343685873,0.0
2025-09-13,12,F,0.04,True,7427.279064410583,7337.662754146128,14781.042076899637,89.61631026445502,0.006062922343243358,1200.0,97.77770185366353,80.43824199505093,-17.66778018273544
2025-09-14,6,F,0.28,True,26824.040887784293,26500.90822171035,34071.97233477582,323.13266607394326,0.009483826263387032,9915.461747392803,277.0081620181736,922.490081115413,0.0
2025-09-14,12,F,0.04,True,23657.95315336158,23225.01718100198,30961.813922787955,432.9359723596026,0.013982900789961821,7006.080283811149,413.0385976177786,736.1640344196348,-24.523461074584702
2025-09-15,6,F,0.27,True,23658.292460868593,23212.11178022912,30825.53808627213,446.1806806394743,0.014474384174275835,9921.576535165534,377.083132104377,1381.950970701968,0.0
2025-09-15,12,F,0.05,True,22062.819440246407,21931.86801402962,29420.20012918131,130.95142621678679,0.004451071904398729,6300.554898006271,115.02306830684756,318.56715819871306,0.0
2025-09-16,6,F,0.26,True,26315.364975447672,25729.98619431935,33347.72693569978,585.3787811283219,0.01755378356842834,9929.602239621125,482.77829468470736,2342.1340186281277,-21.03638022962332
2025-09-16,12,F,0.06,True,22733.7882820951,22576.315017683934,30054.82146533056,157.4732644111682,0.00523953418232146,6573.112469170851,145.97189481515306,-60.09689783554904,21.03638022962332
2025-09-17,6,F,0.27,True,27301.396253242354,26574.074826057637,34426.964831746554,727.3214271847173,0.021126504492607015,9874.074074074075,631.5060217654391,2026.3761825925776,-7.9808342214601
2025-09-17,12,F,0.06,True,23956.56465095919,23706.791462366564,31201.905096719325,249.77318859262596,0.008005062120994912,6239.997957122354,233.13769496133318,222.6417984188406,7.9808342214601
2025-09-18,6,F,0.29,True,31594.632685817327,28487.74736588142,37971.83674691463,3106.8853199359073,0.08182078050749954,9890.175496006555,2452.50461465204,13087.614105677316,0.0
2025-09-18,12,F,0.06,True,23827.009062257748,22336.329597841934,31118.745201295318,1490.6794644158144,0.04790294257603179,7008.752948082551,1495.1430487046382,-89.27168577645898,0.0
2025-09-19,6,F,0.3,True,8411.53757113333,8161.691345661789,15590.53462803525,249.8462254715423,0.016025507234515436,4013.1713059053077,208.25729371478337,1339.8857601140776,-36.8419158817469
2025-09-19,12,F,0.07,True,7561.095872326775,7246.895653225456,14814.875770783065,314.2002191013189,0.02120842752667317,1937.112656265258,312.6441878229034,-140.9926709534816,12.479619514979277
2025-09-20,6,F,0.3,True,7783.880058318964,7393.82043688998,15021.829169964536,390.0596214289844,0.025966186741684622,4211.456458094906,367.71490410832666,669.6630163668601,-16.152547752333703
2025-09-20,12,F,0.08,True,7327.596088465524,7178.756857117962,14548.044691438152,148.83923134756242,0.010230875317227862,2948.506032666496,143.0357754087454,608.3238404831918,-35.69248719011557
2025-09-21,6,F,0.29,True,28512.916451529498,27323.9743975097,35560.27906090936,1188.942054019797,0.033434553536076585,9907.039916596168,1062.568763772273,2527.465804950494,0.0
2025-09-21,12,F,0.07,True,23593.438959194966,23473.623702066216,30870.601289851664,119.81525712875009,0.003881209050765652,7520.956253847657,96.24192612242405,471.46662012644447,0.0
2025-09-22,6,F,0.29,True,26917.320998877432,26679.495921378115,34249.59920437647,237.82507749931756,0.006943879140895987,9884.20238124767,223.92156336057815,499.6921470215934,-16.069394973501403
2025-09-22,12,F,0.08,True,23501.471553909232,23405.07878957656,30821.172234014928,96.3927643326715,0.0031274853402976774,6793.4107758127275,80.59035784576554,94.4262654912277,16.069394973501403
2025-09-23,6,F,0.31,True,28107.191998114584,27782.50355439943,35330.918702371506,324.68844371515297,0.009189923603468568,9918.733870516546,300.1886198739594,489.9964768239179,0.0
2025-09-23,12,F,0.1,True,24561.83828431576,24458.87271505899,31814.280291240895,102.9655692567685,0.0032364576006177004,6641.469805407263,114.34275442587386,134.23776659442774,-26.232110964801905
2025-09-24,6,F,0.31,True,27586.152944030182,26669.82345984628,34750.183860973906,916.3294841839015,0.026369054271766966,9874.074074074075,780.6085049190369,2714.419585297338,0.0
2025-09-24,12,F,0.1,True,23604.904434766162,23411.759220975837,30834.160052653537,193.14521379032522,0.006264001142255972,6485.572765262452,176.50139595780274,332.8763566503653,0.0
2025-09-25,6,F,0.31,True,29238.25871116144,28771.485870636607,36408.79225684788,466.77284052483446,0.012820332990777587,9902.837451016434,412.03314725338714,1094.793865429052,0.0
2025-09-25,12,F,0.11,True,24618.156941550587,24342.2780663258,31824.597434071446,275.8788752247856,0.008668731027825331,6761.487092168234,223.66953951444157,1044.1867142068727,0.0
2025-09-26,6,F,0.31,True,8193.430945409877,7974.741069547163,15517.927249335065,218.68987586271396,0.014092724649942195,4645.263344526268,217.81429612953798,17.511594663498272,0.0
2025-09-26,12,F,0.12,True,8133.099883069242,8005.459309368671,15453.211355680269,127.64057370057162,0.008259808965445469,2721.3587247531846,116.10036595624115,351.2112036878907,-8.730494310013455
2025-09-27,6,F,0.31,True,12611.459651872048,8574.997991576114,19441.756789942225,4036.461660295934,0.20761815425981003,4622.773389064606,3618.011135094792,9092.396003045385,-52.45135601310358
2025-09-27,12,F,0.11,True,8045.167785834049,7717.006588783535,15335.131964705006,328.1611970505137,0.02139930701645099,4680.82560557592,308.23330895387335,-324.827737089719,52.45135601310358
2025-09-28,6,F,0.32,True,35249.030372413254,32767.748870229487,41810.386273048585,2481.281502183767,0.059346055450897064,9915.060107593514,2022.9300032949104,9370.14702302034,-14.727644481097741
2025-09-28,12,F,0.1,True,26705.74288678594,24708.970054805257,34014.20818159227,1996.7728319806847,0.05870408099228644,6732.100471228213,1961.4467332188106,525.7962354955912,13.10409197964509
2025-09-29,6,F,0.34,True,28915.324115621617,28798.209899397778,36249.746462549614,117.11421622383932,0.0032307595956521384,9903.518639988135,105.58738811723742,230.5365621320284,0.0
2025-09-29,12,F,0.1,True,25536.11485718716,25260.340687282678,32839.0773317307,275.7741699044818,0.00839774416067456,6168.017660495365,269.4312992512605,592.2913793410125,-33.74776339691016
2025-09-30,6,F,0.36,True,30668.785066302888,30011.145526541433,37838.37693937817,657.6395397614542,0.01738022592287918,9905.813847090758,587.6737211501313,1399.3163722264007,0.0
2025-09-30,12,F,0.1,True,27172.874251939997,26711.692652892845,34374.0365556572,461.1815990471514,0.013416568004762047,6499.175045208047,362.42843761517724,1975.0632286394803,0.0
2025-10-01,6,F,0.35,True,29720.010243718214,29556.577024916944,37002.2260962166,163.4332188012704,0.004416848283027521,9875.196179520506,136.18431081539165,544.978159717592,0.0
2025-10-01,12,F,0.11,True,25765.967574104732,25663.614816425586,33099.4095303619,102.35275767914572,0.0030922834918024177,6555.120540603094,112.20230120512133,-196.99087051938704,0.0
2025-10-02,6,F,0.32,True,28579.989051022938,28011.230818148037,35873.75419437922,568.7582328749013,0.015854438590205196,9902.03518189283,519.4130746786977,1032.960409580254,-3.3395264242299163
2025-10-02,12,F,0.09,True,24342.479675070204,24246.91480100051,31694.580946781247,95.56487406969609,0.003015180236336307,7217.541342526615,95.69773918886494,-48.71454803951542,3.3395264242299163
2025-10-03,6,F,0.32,True,7551.383822735728,7411.430537636423,14851.248385922394,139.9532850993055,0.00942367142899369,4538.767480275184,112.90771406425301,540.9114207010771,0.0
2025-10-03,12,F,0.08,True,7989.568797159383,7728.413160652632,15235.563969319006,261.15563650675176,0.017141186045535328,1200.0,245.42907412941895,974.8737285699958,-47.88022238423946
2025-10-04,6,F,0.34,True,8078.486707884067,7973.141650293101,15449.107010817093,105.34505759096646,0.006818844449533969,5067.993883056052,110.70339013981538,-107.16665097697478,0.0
2025-10-04,12,F,0.09,True,8064.019202870595,7909.073050872063,15424.033842389854,154.9461519985325,0.010045760634464778,2078.091623355166,131.94841043373526,459.95483129595027,0.0
2025-10-05,6,F,0.36,True,28921.842928105143,28689.952276854245,36161.380074845656,231.89065125089837,0.006412660434168679,9874.074074074075,202.47997343981115,588.2135562217632,0.0
2025-10-05,12,F,0.1,True,24602.510307930155,24335.45075886824,31866.93354097315,267.0595490619162,0.008380459598302496,5876.239044384125,223.89191568070964,868.1121269257555,-0.34509966622317734
2025-10-06,6,F,0.33,True,28119.543554958953,27140.869894904514,35238.805385553875,978.6736600544391,0.02777261173716308,9874.074074074075,853.2866784189391,2507.739632710026,0.0
2025-10-06,12,F,0.1,True,23725.557996663665,23484.653642427504,31033.328147923243,240.90435423616145,0.007762762443263206,6648.41990679377,230.5424567381342,207.23794996062406,0.0
2025-10-07,6,F,0.35,True,28167.84443131415,27809.51664925981,35421.25693395259,358.3277820543408,0.010116179183660486,9900.780702541908,317.7467264215302,1029.752185063668,-15.81628405853553
2025-10-07,12,F,0.1,True,25071.290920300322,24578.279242377972,32278.73286787814,493.0116779223499,0.01527357594674869,6427.057537847536,450.8758093912984,1307.7269749046404,-33.71699368697409
2025-10-08,6,F,0.36,True,26065.96905193346,25819.394376330616,33384.25439867994,246.57467560284567,0.0073859572437416955,9874.074074074075,222.8553934458032,474.38564314077166,0.0
2025-10-08,12,F,0.1,True,22679.970091434683,22558.19633624293,29975.069607782232,121.77375519175257,0.004062501164639072,6680.533067106415,101.42680757906419,406.93895225379583,0.0
2025-10-09,6,F,0.37,True,27138.5073408248,27011.29186977046,34454.4985331395,127.21547105434001,0.0036922746367061437,9874.074074074075,110.66106275726634,331.08816594145947,0.0
2025-10-09,12,F,0.11,True,23452.570938900113,23229.28838651917,30748.66206035998,223.28255238094425,0.0072615371668086895,5502.604941961668,195.9231396835021,594.4893735466189,-3.4297174427665595
2025-10-10,6,F,0.42,True,6672.192335458087,6544.598379443882,14044.332750122825,127.5939560142051,0.009085084943824706,5311.334738966194,113.44866391119649,282.9058420601441,0.0
2025-10-10,12,F,0.1,True,6752.326674167276,6657.295382220858,14101.712439389134,95.0312919464177,0.006738989491870132,2076.8681887114626,72.10091885069778,458.6074619143985,0.0
2025-10-11,6,F,0.38,True,7248.984770716803,6961.726349841136,14530.53113914238,287.25842087566707,0.019769299423738864,5467.896499486248,246.93853189327456,806.3977796478353,0.0
2025-10-11,12,F,0.08,True,7175.224903171016,6987.958885891994,14464.757129357846,187.26601727902198,0.012946364436285253,1279.8738257064902,173.9656471532835,266.0074025147901,0.0
2025-10-12,6,F,0.41,True,28951.495636178028,28289.548880696042,36081.178696531344,661.9467554819857,0.01834604021807142,9887.859011834733,537.7647626361941,2483.6398569158423,0.0
2025-10-12,12,F,0.08,True,22987.309025791503,22898.214908426387,30294.959508713237,89.09411736511538,0.0029408891383231827,7113.37853306697,85.43001135675513,73.28212016726229,0.0
2025-10-13,6,F,0.42,True,27677.205571107377,27558.427530544992,35032.76012750652,118.77804056238529,0.003390484795662014,9884.518552021795,115.67732710116252,62.014269224547206,0.0
2025-10-13,12,F,0.09,True,23798.721401006944,23637.686490926382,31136.539224288135,161.03491008056153,0.0051718949534040005,5856.63195209416,130.52770239931488,610.14415362505,0.0
2025-10-14,6,F,0.45,True,28384.299905534506,28155.631407923007,35697.008176224845,228.66849761149933,0.006405816881981685,9889.875217155293,212.77657155947963,317.83852104034304,0.0
2025-10-14,12,F,0.11,True,26174.562548517548,24917.675388100313,33334.86941303862,1256.8871604172346,0.03770487728161356,5474.472890451711,1127.944683108777,2599.6348149567316,-1.5071017244354152
2025-10-15,6,F,0.47,True,29087.87309782439,28891.5471904565,36438.0387235397,196.3259073678928,0.005387938381026593,9874.074074074075,188.2543683921176,161.43077951546707,0.0
2025-10-15,12,F,0.11,True,23990.908075066152,23778.26043548176,31297.79862625942,212.6476395843929,0.006794332154913211,6798.8810956746065,203.0032336147924,192.88811939195057,0.0
2025-10-16,6,F,0.48,True,30211.973421829418,29870.793198533782,37332.57526090569,341.1802232956361,0.00913894155201548,9892.336455814217,320.5628139419787,1377.8892847587313,-70.00961441502841
2025-10-16,12,F,0.1,True,25149.54352656995,24542.634704346092,32314.41523584209,606.908822223857,0.018781364842731043,6780.522701711848,514.4996744143318,1377.5831574986596,34.1223284323969
2025-10-17,6,F,0.46,True,6928.03882106586,6704.448395790823,14232.721059956051,223.59042527503698,0.01570960495418628,5622.642657880735,207.3250880106134,325.3067452884761,0.0
2025-10-17,12,F,0.08,True,7245.793138373025,7030.990221727213,14501.13269117399,214.80291664581182,0.014812837122478719,3329.925634034323,176.90154932391852,772.6122251410548,-1.0575228094876366
2025-10-18,6,F,0.47,True,8847.903387517365,7402.589530180467,15973.33242410563,1445.3138573368979,0.09048292610224212,5699.886049942795,1308.5710098683485,2925.35044065338,-13.812333732059415
2025-10-18,12,F,0.08,True,7145.486118870187,6995.454098038701,14423.74775126414,150.03202083148608,0.010401736318380695,5752.778152175992,123.41755387562807,341.7958478347841,13.812333732059415
2025-10-19,6,F,0.49,True,31171.972848099387,30807.678934392185,38331.09853142578,364.2939137072026,0.009503873556050995,9893.680529151445,317.453981642233,936.7986412994005,0.0
2025-10-19,12,F,0.07,True,26122.694100653585,25613.236782032393,33282.6548343654,509.4573186211928,0.015306991619405371,7056.4836369617215,424.5980080759691,1697.1862109044282,0.0
2025-10-20,6,F,0.48,True,32667.943043906613,31692.411412541835,39745.35585508645,975.5316313647781,0.024544543893923486,9874.074074074075,859.9652306472854,2311.3280143497814,0.0
2025-10-20,12,F,0.06,True,25643.361426278912,25255.227068847104,32887.226123217995,388.1343574318089,0.011801979162900291,6649.649191372033,340.4613885303297,953.4593780295486,0.0
2025-10-21,6,F,0.45,True,33457.964186208206,32784.51797810359,40600.3598395076,673.4462081046149,0.01658719801417362,9896.567757199047,623.8898741859666,991.1266783729461,0.0
2025-10-21,12,F,0.06,True,26931.36580983125,26375.37653472057,34126.14030082844,555.9892751106818,0.0162921816006595,6606.960099716651,469.7623587532071,1780.3694355494267,-4.048211288791208
2025-10-22,6,F,0.45,True,32570.60286824614,31672.15405046878,39697.37216255055,898.4488177773601,0.02263245068460559,9879.141718281033,757.3514240865479,2821.9478738162184,0.0
2025-10-22,12,F,0.06,True,25778.888213738122,25150.793198351057,33023.43312765118,628.0950153870654,0.019019676511499613,6078.523184724372,539.9497362722868,1762.9055822955474,0.0
2025-10-23,6,F,0.46,True,32548.843205931655,32310.148682016206,39838.40422386061,238.69452391544837,0.005991568401539685,9882.035471743178,219.52772072775406,590.529886201633,-15.02324412033704
2025-10-23,12,F,0.06,True,25547.302072698283,25226.111006395942,32822.268397793305,321.1910663023409,0.009785766858330094,6516.422402554668,259.12901686762416,1034.047166246583,15.02324412033704
2025-10-24,6,F,0.46,True,8550.163885229933,7710.794712320809,15692.504521712477,839.3691729091242,0.05348854108964923,5898.78003120593,724.2183952831492,2303.0155525195214,0.0
2025-10-24,12,F,0.06,True,7831.000893955583,7611.336506644637,15080.690291823226,219.66438731094604,0.014565937172653722,4534.861910641563,175.6644858984164,879.9980282505958,0.0
2025-10-25,6,F,0.46,True,7817.089532954005,7754.090645957948,15080.908071466407,62.99888699605708,0.004177393476408302,6212.567672687531,59.97258491007051,277.2598775186111,-15.714972994250274
2025-10-25,12,F,0.05,True,7913.456906368553,7567.99422556737,15153.438865798995,345.4626808011826,0.022797642426953323,3610.777734362767,312.27018238915116,447.1161324417608,15.714972994250274
2025-10-26,6,F,0.46,True,32174.76385214834,31995.49534142435,39371.53471783998,179.26851072398858,0.004553251784791581,9881.480933263108,156.27883473977272,689.1382378028475,-16.62936494582391
2025-10-26,12,F,0.06,True,25880.59078702477,25650.590471205425,33100.405659854645,230.0003158193431,0.0069485648660280825,6626.138700620531,210.6960101472214,156.74139532389472,16.62936494582391
2025-10-27,6,F,0.45,True,35020.42201898218,34075.11516641495,41947.12141427256,945.3068525672279,0.022535678747328442,9888.671084423335,754.5566015299337,3898.080402806044,-6.023643612224987
2025-10-27,12,F,0.05,True,27637.009556305013,27267.39047569249,34769.80660967444,369.61908061252325,0.010630461214865645,7065.25725778663,315.4668805463807,999.9686192626286,6.023643612224987
2025-10-28,6,F,0.42,True,35339.37414273586,33883.926777458364,42325.18472881242,1455.4473652774977,0.03438726551586005,9874.074074074075,1279.7357755705525,3836.566446625323,-23.37189456489432
2025-10-28,12,F,0.07,True,27158.60999466786,26768.098980593473,34320.954361147655,390.51101407438546,0.011378209648985041,7020.5542126574055,390.59229367996886,-323.9602445981727,23.37189456489432
2025-10-29,6,F,0.42,True,35700.93892132714,34795.82591568054,42692.617616908276,905.113005646599,0.021200691270992292,9874.074074074075,780.7733678460427,3039.187918431182,-40.053160262632446
2025-10-29,12,F,0.06,True,26833.30183114459,26522.087507368808,34054.51612736293,311.21432377578094,0.009138709315729172,6597.748254842937,262.32634802244866,425.3643526465912,40.053160262632446
2025-10-30,6,F,0.44,True,33294.0233484544,32760.47320257179,40459.66398057194,533.5501458826111,0.013187211493867399,9880.816140414445,494.1420547972375,1163.568113970231,-27.22002184401208
2025-10-30,12,F,0.09,True,27355.276801436543,27006.85167317919,34475.08367231885,348.4251282573532,0.01010657817596872,6953.221565130083,295.1101767245127,1222.3033375276227,-11.311586215528223
2025-10-31,6,F,0.44,True,8074.02008538323,7747.355422324004,15358.823502314717,326.66466305922586,0.0212688597541338,6567.914532441508,286.4233223731808,804.8268137209061,0.0
2025-10-31,12,F,0.11,True,8644.21529815292,8494.560716762628,15850.583687283175,149.65458139029215,0.00944158173243545,5727.021296064927,123.84250210610298,516.2415856837961,0.0
2025-11-01,6,F,0.42,True,8910.293068515808,8615.661107801785,16124.119680227723,294.6319607140231,0.01827274707439172,6730.014412592109,269.2944582577311,947.1805525331038,-31.934808154792336
2025-11-01,12,F,0.08,True,9682.673961935103,9133.55521694594,16811.55072217025,549.1187449891622,0.03266318224082751,5213.564571394432,456.2738700782429,1779.8115557563515,5.589360330204727
2025-11-02,6,F,0.42,True,38073.64147632425,36664.39391407477,44942.36207987006,1409.2475622494821,0.031356775590589,9874.074074074075,1198.3213897186288,4218.523450617057,0.0
2025-11-02,12,F,0.08,True,28065.801785014577,27465.45655576361,35320.574918683145,600.3452292509683,0.016997040128398647,7034.353988711844,621.3905405582918,-420.9062261463737,0.0
2025-11-03,6,F,0.46,True,35849.91484793628,35555.17165681575,42956.137688297444,294.7431911205276,0.006861491907379388,9885.105521079844,243.1236778898019,1032.3902646145807,0.0
2025-11-03,12,F,0.09,True,28568.39424686323,28433.70794547944,35715.13847574134,134.68630138379012,0.0037711263943515884,7106.1795326938045,104.20646697203483,793.0486187026636,-13.301763069972367
2025-11-04,6,F,0.46,True,36150.39092469219,35729.18001736887,43098.32122382347,421.2109073233223,0.009773255555264863,9874.074074074075,332.5845367263828,1796.8092587888787,-1.7606321878374729
2025-11-04,12,F,0.09,True,27844.965468886916,27337.271742850826,34944.35645841479,507.6937260360901,0.014528632874961265,6742.202110678502,426.5802040620838,1710.5388967912913,-6.400183975787513
2025-11-05,6,F,0.45,True,35809.037070771294,35579.859989472236,43055.582049480705,229.17708129905805,0.0053228192580390896,9878.47651136872,209.39445312877797,395.6525634055074,0.0
2025-11-05,12,F,0.09,True,27921.049557950624,27737.663204051878,35155.17308806416,183.38635389874617,0.005216482747485298,6649.333543705249,161.91303602444532,476.5883732233415,-3.4167309502809076
2025-11-06,6,F,0.46,True,37896.53196503819,37418.64107495879,44738.92477376182,477.8908900794049,0.010681769678105342,9878.352746113955,377.5568030332288,2006.6817409235064,0.0
2025-11-06,12,F,0.09,True,27522.946677142165,27316.272705356052,34732.57054474553,206.67397178611282,0.005950436968661947,6989.776447859527,204.20831406168872,49.31315448843725,0.0
2025-11-07,6,F,0.45,True,9424.902464253215,8754.26014344219,16585.27697796807,670.6423208110245,0.040436003673734705,6991.849139659607,604.3361863947575,1326.1226883253103,0.0
2025-11-07,12,F,0.1,True,8306.640965180226,8188.305975822972,15616.457563661103,118.33498935725402,0.007577582103678557,5574.80145386186,93.13067544184742,504.086278308127,0.0
2025-11-08,6,F,0.46,True,8803.470590311432,8742.023083907652,16082.720669470847,61.4475064037797,0.00382071588922283,7365.904760727162,50.037475193277714,228.20062421003558,0.0
2025-11-08,12,F,0.09,True,9075.251698957714,8921.902624652554,16351.312800666432,153.34907430516068,0.00937839525025236,4973.477964001948,138.6413544337138,294.1543974289125,0.0
2025-11-09,6,F,0.47,True,36878.94489249133,36572.02469929279,44065.67382180802,306.92019319853716,0.006965062974860103,9874.074074074075,284.00755309105443,458.25280214962186,0.0
2025-11-09,12,F,0.09,True,29326.071051402774,28843.326259377638,36386.41941019402,482.7447920251361,0.013267169450860842,6928.255350237056,415.9407079703233,1336.081681096296,0.0
2025-11-10,6,F,0.45,True,41034.678727880644,38895.19167169051,47921.662168915806,2139.4870561901334,0.04464551017969287,9882.071262823676,1968.775307052223,3414.234982758271,0.0
2025-11-10,12,F,0.05,True,31955.073571751913,30950.583306610977,38926.821850944805,1004.4902651409357,0.025804579397394483,6450.0,805.8220412833034,4022.1436706344666,-3.536889869650622
2025-11-11,6,F,0.44,True,39289.727833402445,38986.35304581444,46314.06353250333,303.37478758800717,0.006550381556891418,9874.074074074075,247.97759449975274,1107.9438617650449,0.0
2025-11-11,12,F,0.04,True,28715.79066298646,28559.312613630413,35906.2739072982,156.47804935604654,0.004357958438128031,7144.203279141587,155.71440788782638,15.272829364388599,0.0
2025-11-12,6,F,0.42,True,41432.28082725836,39943.8756565997,48248.105049077945,1488.4051706586542,0.030848987108294704,9874.074074074075,1247.9155356701085,4809.7926997709565,0.0
2025-11-12,12,F,0.04,True,28977.825538829165,28064.959616588036,36209.90909648616,912.8659222411297,0.02521038978056189,7050.0,928.769772940861,-318.07701399465077,0.0
2025-11-13,6,F,0.42,True,38414.63430891711,37301.16407206077,45438.01216814004,1113.4702368563449,0.024505258564922024,9879.203324711722,1007.6357622162031,2224.92520015028,-7.847972660612868
2025-11-13,12,F,0.05,True,29730.318852839388,29233.219040286658,36682.625179051116,497.0998125527294,0.013551369623257375,7215.53811658248,385.09704990289174,2545.3493884991103,-22.136317926724587
2025-11-14,6,F,0.43,True,9250.83565191451,9051.886146424162,16526.618154925818,198.9495054903491,0.01203812562408913,7479.2885951698,182.60507158704058,326.88867806616327,0.0
2025-11-14,12,F,0.06,True,11432.403648020654,10493.376958120878,18465.430560947836,939.0266898997761,0.05085322472175139,5742.8145674764155,814.6522457143656,2950.1838902002455,-33.54916644554032
2025-11-15,6,F,0.42,True,10318.251900081077,9989.600890922742,17492.231930910715,328.651009158335,0.018788397641673855,8693.757905498624,302.4431803342777,948.1912631819705,-30.745977551534452
2025-11-15,12,F,0.06,True,10058.20792691386,9927.37014343001,17208.826559335594,130.83778348385022,0.007602946257417662,6723.603267630337,98.22235551831182,594.2964721249837,4.206350061143894
2025-11-16,6,F,0.4,True,41245.8264206033,40002.392060401675,48088.86981479317,1243.4343602016233,0.02585700942838786,9876.291392363506,1053.5089200306102,3798.50880342022,0.0
2025-11-16,12,F,0.06,True,29338.715318083436,29100.004308613563,36513.2398480806,238.7110094698728,0.006537656216294955,7042.884849580092,290.81535200552753,-1042.0868507131872,0.0
2025-11-17,6,F,0.41,True,42945.479575475816,40378.64110269265,49816.95343948202,2566.8384727831653,0.05152540040212171,9874.074074074075,2326.208385918195,4812.601737299439,0.0
2025-11-17,12,F,0.06,True,30039.78457962248,29239.448541133628,37082.26251065397,800.336038488851,0.021582718645037084,7050.0,886.3905178509885,-1721.0895872426318,0.0
2025-11-18,6,F,0.42,True,37974.98003712748,37615.05166067478,45178.41046751305,359.9283764527063,0.007966822487292333,9874.074074074075,327.50883776126284,648.3907738288672,0.0
2025-11-18,12,F,0.07,True,30644.769447038067,30111.566829101022,37607.640763128045,533.2026179370441,0.014178039545086703,6875.574602944513,410.1002370851056,2617.1163767781063,-11.243751408610478
2025-11-19,6,F,0.44,True,42866.89544220712,41117.917505540194,49704.085226025185,1748.9779366669245,0.03518781059370861,9905.640478280759,1492.4835338705598,5157.307522544806,-1.9881352434949804
2025-11-19,12,F,0.05,True,30668.45233445734,30173.46133625595,37748.26558119689,494.9909982013887,0.013112946795837766,6456.097319944794,494.4557643882872,41.79816593727173,-2.254531918120847
2025-11-20,6,F,0.44,True,40365.22105786461,39894.43275934199,47324.495253983216,470.78829852262425,0.009948089166001171,9896.899338461006,359.9029379876738,2217.70721069896,0.0
2025-11-20,12,F,0.05,True,30143.859580216456,29878.944562368502,37214.555635358985,264.915017847954,0.007118586083458377,7183.415889979316,235.2077902140154,594.1445526786647,0.0
2025-11-21,6,F,0.42,True,11815.958527758283,10449.166090677414,18967.703639229716,1366.7924370808687,0.07205893043657732,7737.255429450519,1273.5501432263372,1864.8458770905777,0.0
2025-11-21,12,F,0.05,True,10774.466357073628,10136.688055185705,17903.98839756479,637.7783018879236,0.03562213556699305,6145.374258365303,556.6251774310076,1623.0624891382768,0.0
2025-11-22,6,F,0.45,True,9736.059388558138,9526.800767868472,17024.21546590801,209.2586206896667,0.012291821676524204,9737.950269488436,197.48936860312097,235.38504173090496,0.0
2025-11-22,12,F,0.05,True,10025.806155344739,9913.4546194752,17192.461767716286,112.35153586953857,0.006534930098289378,6826.3931631391515,91.16224045079434,563.7931005473338,-10.151664763747249
2025-11-23,6,F,0.45,True,42034.00471455685,41171.91218470596,48940.50315047313,862.0925298508955,0.017615113747406604,9881.720553688849,709.5417586541953,3051.015423933957,0.0
2025-11-23,12,F,0.05,True,29236.188069568227,28210.70439106667,36617.11935021924,1025.4836785015577,0.02800558035965267,6492.274218879658,1028.8282833312624,-66.8920965942084,0.0
2025-11-24,6,F,0.41,True,39240.39744514047,38977.95508814208,46455.96712438948,262.4423569983919,0.00564927119686653,9900.996654708006,241.86681219545426,411.5108960587577,0.0
2025-11-24,12,F,0.05,True,29589.382745896874,29355.876288725514,36859.97104940848,233.50645717135922,0.0063349604061912704,7050.0,193.82030328460678,793.7230777351324,0.0
2025-11-25,6,F,0.41,True,40421.00424894709,40082.721637994655,47671.07238664703,338.28261095243215,0.007096182108275527,10138.346874179308,314.41629976364493,839.9097375145566,-26.290265687241117
2025-11-25,12,F,0.03,True,30213.521988585806,30045.757008034576,37326.776502105124,167.7649805512301,0.004494494201549085,6649.188428162934,150.05773920816137,-8.438686877513646,26.290265687241117
2025-11-26,6,F,0.41,True,41508.98462453492,41093.85229540574,48607.643829197215,415.1323291291774,0.008540474222283108,9876.437342117459,411.85886452872364,1210.4838840213743,-83.02290837594592
2025-11-26,12,F,0.03,True,30178.96553670613,30006.424396353585,37253.48174812677,172.5411403525468,0.004631544012962567,6450.0,142.16826369675982,29.565754619987274,41.901873139404415
2025-11-27,6,F,0.44,True,41516.98062733444,41164.95460911618,48565.788311316624,352.02601821825374,0.007248436202902649,9889.54172605488,292.0938866616634,1198.6426311317036,0.0
2025-11-27,12,F,0.02,True,30852.753490592382,30482.1181392666,37953.47571052186,370.6353513257818,0.009765518029302133,6930.090488452946,358.11848256312805,678.3934679332551,-31.037562324778264
2025-11-28,6,F,0.46,True,9812.528456972415,9447.921362130382,16965.120147782578,364.6070948420329,0.02149157162849146,9360.311736317304,364.87766241825375,838.9583798433832,-61.223700843471306
2025-11-28,12,F,0.0,True,9182.846181248551,9015.417846699544,16417.02446490693,167.42833454900756,0.010198458003574447,6642.87643838041,167.26087807723707,410.5423971592645,-29.524837144770572
2025-11-29,6,F,0.5,True,10318.330513393566,10073.947776537181,17606.507759479467,244.38273685638524,0.013880250427561813,9723.882158060112,208.3883711332237,752.2812741419857,-2.3488266133081197
2025-11-29,12,F,0.03,True,11202.680294333146,10698.541372037898,18321.974102662287,504.13892229524754,0.027515535142143513,6311.393918351235,402.68120889535567,1996.760308319037,2.3488266133081197
2025-11-30,6,F,0.43,True,43904.096085404504,43159.7893740364,50893.302459518076,744.3067113681027,0.014624846009160922,10332.279655614491,568.3819466353307,3518.4952946554513,0.0
2025-11-30,12,F,0.06,True,32033.91371084549,31712.772789543054,39249.01851289379,321.14092130243444,0.008182138903599223,6622.3249135662945,349.7155053941533,-310.8372777865461,-18.899572857857493
2025-12-01,6,F,0.42,True,43839.966685189196,42332.94779655298,50868.10354206325,1507.0188886362157,0.029626008907331282,10800.0,1360.346486841052,3440.4696691026684,-36.76320886335634
2025-12-01,12,F,0.06,True,31189.095046083105,30762.707617940003,38476.96068143667,426.3874281431017,0.011081629645160972,7091.0252842422215,407.8984049306964,-137.24116895117822,36.76320886335634
2025-12-02,6,F,0.42,True,44436.14009469683,43886.11998779593,51391.09407623498,550.0201069008981,0.010702634703300594,10800.0,524.406811528228,1573.49420470497,-76.94771778746872
2025-12-02,12,F,0.05,True,31737.124500253212,31432.423336712454,38960.54511425758,304.701163540758,0.007820762328842592,6724.877267273149,296.4734007350489,-259.7297598354171,30.76412846632047
2025-12-03,6,F,0.43,True,45809.40589224526,43934.60957642563,52669.805058854516,1874.796315819629,0.03559527728885053,10800.0,1697.3612965857828,3833.0136161456403,-20.615031049350364
2025-12-03,12,F,0.05,True,31779.005177033254,31591.244460718866,38983.714378082535,187.76071631438754,0.004816388569170067,6998.861035020155,162.0357194274693,230.18670626972926,20.615031049350364
2025-12-04,6,F,0.42,True,43775.4833584121,43551.202185443406,50822.094891911634,224.2811729686946,0.004413064306886512,10800.0,212.45982568919862,290.56817337084703,-3.925681143960901
2025-12-04,12,F,0.06,True,31882.210450117876,31810.325585587765,39143.918947045895,71.88486453011137,0.0018364248257145025,6218.050804759125,58.066685002129816,411.7517512826671,-9.81674726358142
2025-12-05,6,F,0.43,True,13610.114659288729,13131.02709487957,20667.462332378276,479.0875644091593,0.02318076388404038,10212.886343129696,387.5154932026344,1867.2075481588845,-2.593336066534903
2025-12-05,12,F,0.05,True,10669.220377696955,10528.742592865992,17901.992210720677,140.47778483096226,0.00784704758986749,6304.0414731888795,135.6539876160532,60.7098202697689,2.593336066534903
2025-12-06,6,F,0.43,True,12708.343117426843,12150.11438969179,19880.32180406394,558.2287277350533,0.028079461350617577,10228.759038592398,492.49945238905275,1778.7965309661913,-33.65909009837196
2025-12-06,12,F,0.06,True,10654.74160005711,10530.976380103835,17910.47725815372,123.76521995327494,0.006910213400200208,6188.660588626629,116.85790176216324,178.32959745407516,-2.913612583923168
2025-12-07,6,F,0.42,True,45646.53191628541,45426.36590888076,52866.377105327534,220.16600740464492,0.0041645752831899275,10800.0,188.80979556016246,667.4330572077934,-2.9227186442512902
2025-12-07,12,F,0.06,True,32252.065730620623,32130.96688740232,39480.053577154686,121.09884321830395,0.0030673424234757968,6516.813565491854,85.6327984249292,669.0120755492762,2.9227186442512902
2025-12-08,6,F,0.43,True,48941.87033452578,47464.15783116736,55943.29646970312,1477.7125033584234,0.02641446958991234,10800.0,1335.5180222789422,2843.8896215896393,0.0
2025-12-08,12,F,0.06,True,32648.351936351923,32167.329187212665,39863.416304846054,481.02274913925794,0.012066771835628692,7103.913224917267,501.24030263956956,-221.54249105533836,-13.255114831255923
2025-12-09,6,F,0.48,True,47187.95237442239,46860.51650421304,54292.354705732585,327.4358702093523,0.006030975668380418,10800.0,289.4747963684058,759.2214768189724,0.0
2025-12-09,12,F,0.05,True,32432.137012880965,32279.045870948343,39676.399051140346,153.09114193262212,0.003858493855132806,6491.727747749489,131.24824860505032,436.85786655143374,0.0
2025-12-10,6,F,0.46,True,47855.42163458096,47385.183877057934,54926.28894588463,470.23775752302754,0.008561251206800496,10800.0,456.41384624527564,609.3628350303643,-24.13685259999329
2025-12-10,12,F,0.05,True,33090.64979139618,32710.671364728893,40276.44661271122,379.97842666728684,0.00943425894347308,6627.743746247852,349.7757939755393,271.16804435953327,24.13685259999329
2025-12-11,6,F,0.44,True,47165.198799706006,46940.995062639835,54349.24854226196,224.20373706617102,0.004125240791357589,10800.0,210.70325030740787,270.0097351753011,0.0
2025-12-11,12,F,0.04,True,32496.265281461914,32407.286908930473,39796.264102135916,88.97837253144098,0.0022358473725845388,6274.070793860315,72.47967595687805,329.97393149128993,0.0
2025-12-12,6,F,0.44,True,16010.016894253886,14731.49631621183,22902.678604756326,1278.5205780420565,0.05582406320702327,10161.653307179615,1098.6808571865004,3927.3405832539747,-23.967296362106936
2025-12-12,12,F,0.06,True,11706.436798372302,11269.048952665169,18908.40882621335,437.38784570713324,0.023131922401676025,6441.494965920963,375.189232525463,1298.9716088651176,-3.987901666723701
2025-12-13,6,F,0.43,True,16333.082978565411,15030.799350096086,23499.56189407368,1302.2836284693258,0.05541735775073096,10163.78680128534,1214.8273145257735,1749.1262788710446,0.0
2025-12-13,12,F,0.06,True,11840.09134846747,11131.162132808275,19055.71606269054,708.9292156591946,0.03720296908953305,6942.975381957804,637.8629191334985,1421.3259305139118,0.0
2025-12-14,6,F,0.45,True,48535.934004987634,47929.01484035194,55525.24821029637,606.9191646356921,0.010930507907628725,10800.0,562.8278325144784,1121.2390829217393,-17.359357033652486
2025-12-14,12,F,0.06,True,33045.80163847971,32757.92483108632,40261.82768535124,287.87680739338975,0.0071501177155484695,6787.167866707487,247.17635358683765,574.5966356336803,17.359357033652486
2025-12-15,6,F,0.46,True,49509.65400058297,48979.89972317908,56331.051200964954,529.7542774038884,0.009404303063934544,10800.0,453.78368620555557,1771.8993777567812,-18.307409521785303
2025-12-15,12,F,0.07,True,32241.82760295614,31942.1903094874,39509.96291292223,299.6372934687388,0.007583841425746787,6450.0,327.4980285548445,-809.7022555122285,18.307409521785303
2025-12-16,6,F,0.44,True,48605.925658448614,48459.94633677701,55835.07186405085,145.97932167160616,0.0026144736058913228,10800.0,129.07150126300257,338.15640817208714,0.0
2025-12-16,12,F,0.06,True,33002.64388909008,32856.806055073765,40317.704825285844,145.83783401631808,0.0036172156785287475,6372.769619979767,131.03011903906736,307.1541180964323,-0.7975766720610409
2025-12-17,6,F,0.44,True,48122.43806123559,47978.00548459507,55378.51604226685,144.43257664051634,0.0026080976335711176,10800.0,128.08454225705646,326.9606876690964,0.0
2025-12-17,12,F,0.07,True,32668.44478468413,32512.926348388606,39929.44779890562,155.5184362955224,0.0038948306292326145,6450.0,106.45359205080604,1279.2351822815554,-21.602959593899868
2025-12-18,6,F,0.42,True,48330.18574809534,47784.43997501013,55377.30569025658,545.7457730852111,0.009855043799670322,10800.0,487.3995488233195,1166.9244852378515,0.0
2025-12-18,12,F,0.08,True,32093.207590607526,31714.92363129247,39420.97949852577,378.28395931505656,0.0095960060893262,6450.0,332.7124096429907,911.43099344139,0.0
2025-12-19,6,F,0.43,True,15768.812556479423,15141.30491357303,22914.008345914557,627.507642906392,0.027385328373517554,10103.709715211617,584.4820023122375,860.5128118830944,0.0
2025-12-19,12,F,0.09,True,10628.567530442635,10373.199394361873,17938.90500943253,255.36813608076227,0.014235436106411517,7051.31147661967,228.43481170190353,629.5854974335102,-6.592370680331442
2025-12-20,6,F,0.4,True,14689.3175893635,14516.03624719554,22017.38722976415,173.28134216796025,0.007870204596016292,10097.721123466928,156.47371229099736,336.15259753928103,0.0
2025-12-20,12,F,0.08,True,10849.098146289527,10787.05359101794,18208.53706843047,62.04455527158643,0.0034074431701137495,6754.734516058506,55.067527844450524,211.01961229013432,-5.182815836324153
2025-12-21,6,F,0.39,True,48024.176964298495,47429.74817616463,55175.2373415051,594.4287881338678,0.010773470433025466,10800.0,610.8546415663805,-272.0321958506529,-4.09561454656432
2025-12-21,12,F,0.08,True,32195.647865103172,32029.572451037133,39519.07131988767,166.07541406603923,0.0042024118613957166,6523.5963706100865,151.41469453048921,349.7184863870043,-4.097008362074121
2025-12-22,6,F,0.41,True,47193.85792692374,46983.46098134495,54397.49590573558,210.3969455787883,0.0038677689492064354,10800.0,171.2691485979958,785.7250092915656,-0.22978343085014785
2025-12-22,12,F,0.09,True,32039.030687459566,31773.66163224887,39374.28729997986,265.3690552106964,0.006739653550778864,6283.760366110399,242.43457961246168,455.5204422889442,0.22978343085014785
2025-12-23,6,F,0.42,True,48384.828286841876,48138.51297320829,55603.14683975405,246.31531363358226,0.004429880818498506,10800.0,222.30521721435798,480.20192838448384,0.0
2025-12-23,12,F,0.09,True,31750.629779726936,31660.15115340858,39137.18398110319,90.47862631835596,0.0023118328176611335,6449.301273738569,82.73421490423789,154.8882282823845,0.0
2025-12-24,6,F,0.44,True,47339.807603073736,47136.7885952897,54510.19065741692,203.01900778403797,0.0037244229993610234,10800.0,176.66241941623593,527.1317673560688,0.0
2025-12-24,12,F,0.1,True,31646.177017684196,31538.58816940034,39014.37778692952,107.58884828385635,0.0027576717709413383,6436.516646297321,100.68106043759326,138.15575692528455,0.0
2025-12-25,6,F,0.43,True,46917.11096442583,46676.269578531545,54193.511865985536,240.84138589428767,0.004444099996506249,10800.0,223.28255027201521,492.52782783661314,-10.249110171895154
2025-12-25,12,F,0.1,True,31981.366602285016,31806.35582377013,39269.552847938205,175.01077851488662,0.004456653203884784,6293.11163911591,150.54641104372422,390.88188465782514,7.135199797367022
2025-12-26,6,F,0.45,True,14896.080543345395,14734.970496095339,22143.016866165453,161.1100472500566,0.0072758851345244135,10092.035610994259,147.3929992048652,372.7099319798308,-7.132553706873296
2025-12-26,12,F,0.11,True,10661.036173525634,10467.903578962385,18038.62976514268,193.13259456324886,0.010706611149392989,6563.004706709886,178.15996431960593,231.39728904925823,4.934566152725893
2025-12-27,6,F,0.44,True,14727.621969603379,14455.02373112065,22026.679596848244,272.59823848272936,0.012375820753380139,10145.914485898036,223.4220715437914,983.5233387788071,0.0
2025-12-27,12,F,0.09,True,10765.828240607187,10586.86959371206,18130.192957963274,178.95864689512746,0.009870752468551304,6476.463624853743,160.76140911170296,363.9447556685286,0.0
2025-12-28,6,F,0.48,True,47501.570839546206,47367.39439393191,54703.8625766541,134.17644561429915,0.0024527782736782737,10800.0,119.93746085716703,284.7796951426362,0.0
2025-12-28,12,F,0.09,True,31766.561753531423,31714.038615558908,39127.43375139458,52.52313797251554,0.0013423609201215123,6314.795215531359,44.677981895409175,156.903121542206,0.0
2025-12-29,6,F,0.47,True,47209.19075861433,46700.35402957666,54315.56280731608,508.83672903767,0.009368157167822477,10800.0,466.1709279239294,853.3160222747492,0.0
2025-12-29,12,F,0.08,True,31626.74657936485,31466.336108006297,38964.02034602697,160.4104713585548,0.004116887064887063,6901.0221037253505,138.1716922671185,444.7755818288274,0.0
2025-12-30,6,F,0.47,True,48164.38899835077,47885.060438979715,55399.30251160301,279.3285593710534,0.005042095237797442,10800.0,290.5667828024598,-224.7644686281601,0.0
2025-12-30,12,F,0.1,True,31516.838535459632,31470.95512837827,38910.29891448512,45.88340708136093,0.0011792098329082722,6819.12743107045,52.83764956801315,-10.85800675028645,-9.297493246423983
2025-12-31,6,F,0.49,True,46829.46318095268,46478.5550378704,54144.74908278267,350.90814308228437,0.006480926572321463,10800.0,306.61530921788653,895.4944111000468,-0.6988144053448195
2025-12-31,12,F,0.09,True,31121.66869834571,30993.97025575961,38508.2492646011,127.69844258610101,0.003316132128174636,6738.644695190571,124.52429255672178,53.84526677571739,0.6988144053448195
