date,hour,source,weight,accepted,keep_objective,adjust_objective,keep_cash,expected_gain,relative_gain,initial_energy_kwh,expected_cash_gain,expected_cvar_gain,terminal_energy_change
2025-01-01,6,Q,1.0,False,18810.22693219962,18810.22693219962,26257.663932199623,0.0,0.0,10057.495685185186,0.0,3.5700509215530474e-13,0.0
2025-01-01,12,Q,1.0,False,17998.242309385118,17998.242309385118,25445.67930938512,0.0,0.0,6143.792100000002,0.0,3.5700509215530474e-13,0.0
2025-01-02,6,F,0.0,True,59680.275840838985,56289.56569167021,67040.9589206353,3390.710149168779,0.05057669525853267,10800.0,3303.956228965093,1735.07840407361,0.0
2025-01-02,12,A,0.0,True,39309.40559738228,35726.31991605513,46574.292876655265,3583.085681327153,0.07693269097646625,6622.286563703705,3400.5359606001366,3650.9944145402665,0.0
2025-01-03,6,A,0.01,True,59073.50949292785,55598.18723731292,66309.55696041083,3475.3222556149267,0.05241057872984761,10800.0,3263.9327230979106,4227.79065034027,0.0
2025-01-03,12,A,0.0,True,36701.43726688585,35638.801369349276,44113.16210791196,1062.6358975365729,0.024088862524456908,6951.650082283952,1026.9237385626839,714.2431794777776,0.0
2025-01-04,6,A,0.02,True,46201.93855311691,43849.30977644388,53386.72161278017,2352.628776673031,0.044067676485866826,10800.0,2089.974836336296,5253.078806734722,0.0
2025-01-04,12,A,0.0,True,28911.75090233444,28475.29160880566,36305.64601185277,436.4592935287801,0.012021802156785433,6438.555225,382.9174030471113,1070.837809633332,0.0
2025-01-05,6,A,0.03,True,38841.67495898394,37600.2470017791,46130.874603852615,1241.42795720484,0.026910999799278947,10800.0,1087.0581116362955,3087.3969113708376,0.0
2025-01-05,12,A,0.0,True,25366.86329082068,24822.258962859756,32810.4327812579,544.6043279609221,0.01659851095508905,6572.277727685183,559.8020099907699,62.8815916555544,-26.598549999998795
2025-01-06,6,A,0.03,True,48558.28064973374,47892.42098085391,54759.09289283929,665.859668879828,0.012159800933570629,10800.0,646.3691546792688,389.81028401112053,0.0
2025-01-06,12,A,0.0,True,35667.42134096576,33875.982542936996,41855.03633713305,1791.4387980287647,0.04280103315641926,6438.27561375,805.4456031230366,25035.12999194582,-385.4001974999992
2025-01-07,6,A,0.04,True,55314.29712560518,52306.17787561146,61549.621900472746,3008.119249993724,0.048873074392852114,10800.0,2467.5351568545375,10811.681862783735,0.0
2025-01-07,12,A,0.0,True,37894.04898642871,36755.33015506365,44843.332712570904,1138.718831365055,0.025393269466919853,6734.70261466049,770.0799038101904,9781.998002883101,-174.6880844999996
2025-01-08,6,A,0.04,True,54216.96109329273,51354.02227382806,61535.34283128285,2862.9388194646745,0.046525113662147934,10800.0,2958.2675446216745,-1906.5745031400475,0.0
2025-01-08,12,F,0.0,True,35557.700263176135,35400.5935255412,42694.54948696155,157.10673763493833,0.0036797844109566495,6450.0,65.41034129412583,1833.9279268162227,0.0
2025-01-09,6,A,0.04,True,59105.399778895204,57417.842084900905,66203.1066629676,1687.5576939942985,0.025490611831638966,10800.0,1548.268452583543,2785.78482821513,0.0
2025-01-09,12,A,0.0,True,41837.06317845846,41485.20199626191,48365.759823426975,351.8611821965533,0.007275005778491293,6869.766865210775,208.53013969599124,3025.3100948337633,-11.506266142858294
2025-01-10,6,A,0.04,True,28618.531974929778,26623.87235689455,35646.91778470268,1994.659618035228,0.055956019257609006,10039.373015873016,1910.0904757893513,1691.382844917449,0.0
2025-01-10,12,A,0.0,True,20695.594847683547,19556.750368190857,27595.119145190867,1138.8444794926909,0.041269779394707294,6493.247832499999,913.6535250383786,4503.819089086288,0.0
2025-01-11,6,A,0.05,True,27171.764980998552,26077.85988049653,33223.11212071392,1093.9051005020228,0.0329260274151137,10027.313756613756,1016.7867043216684,1542.3679236070893,0.0
2025-01-11,12,A,0.0,True,17341.93849877843,16534.059197887953,24245.922873571824,807.8793008904759,0.03332021243749267,6963.429483253879,662.1704418024674,2914.1771817602257,0.0
2025-01-12,6,A,0.07,True,64953.45782605734,63742.83745846406,71919.92126353111,1210.6203675932775,0.0168328933948257,10800.0,1161.6413758092967,979.5798356795476,0.0
2025-01-12,12,A,0.0,True,42415.730060759255,42125.6419495901,49831.198075971915,290.08811116915604,0.0058214155462786975,6034.164835376183,290.08811116915604,-4.547473508864641e-13,0.0
2025-01-13,6,F,0.1,True,60093.263042471015,59612.45037712897,66773.84516054291,480.8126653420477,0.007200613716134516,10800.0,463.65857292003057,343.0818484404226,0.0
2025-01-13,12,A,0.0,True,39620.36798341223,39034.611046561826,46741.48363181891,585.7569368504046,0.012531843051119049,6849.700521210725,567.293841615734,369.26190469345966,0.0
2025-01-14,6,F,0.11,True,60281.50428163533,59441.221399790295,67361.70002547343,840.2828818450362,0.01247419351838323,10800.0,843.1411435874033,-57.16523484749632,0.0
2025-01-14,12,F,0.0,True,40386.02137945202,40167.64840319155,47402.070829198165,218.37297626046347,0.004606823550965049,6580.642394832399,196.31475687275815,441.1643877540737,0.0
2025-01-15,6,F,0.13,True,66669.43300745539,62858.266094805156,72228.3979978848,3811.166912650231,0.05276549138971407,10800.0,3338.3471534524288,9577.353973231311,-8.770500000000538
2025-01-15,12,F,0.0,True,39734.33668202807,38985.621319323225,46625.08383431967,748.7153627048465,0.01605820946864945,6928.647404790761,969.9984770178708,-4161.8597934662375,-19.127834999999322
2025-01-16,6,F,0.6,True,56090.63325449284,55982.675535883754,62496.675159896404,107.9577186090828,0.0017274153918248498,10800.0,98.14247052177961,196.30496174603468,0.0
2025-01-16,12,F,0.1,True,38180.307990750065,37807.04558688623,44904.81136700919,373.2624038638387,0.008312303125229657,6462.826519226088,371.63994834676123,32.44911034152028,0.0
2025-01-17,6,F,0.56,True,27685.290787903818,26799.13974172507,33191.74132800306,886.1510461787475,0.026697937821994398,10042.22908457774,317.88591587287374,12829.8232905919,-106.18970924039968
2025-01-17,12,F,0.14,True,18071.43031131113,17383.069409848657,24750.27207502523,688.3609014624744,0.027812255937060146,6501.465578037209,891.2949433455688,-4660.819596791738,43.659977241853994
2025-01-18,6,F,0.57,True,27063.051932052622,26939.699580219567,33190.76722247199,123.35235183305485,0.003716465817323393,10070.417082321459,116.9941869509712,127.16329764166585,0.0
2025-01-18,12,F,0.16,True,16687.53666811146,16546.810383730488,23922.364237047765,140.72628438097308,0.00588262443404465,6637.722760973079,178.73659837586456,-760.2062798977713,0.0
2025-01-19,6,F,0.57,True,58038.42978372114,57827.44027578821,65413.154774233866,210.98950793292897,0.0032254904791113575,10800.0,191.53679581986944,389.05424226119567,0.0
2025-01-19,12,F,0.2,True,41134.66746551232,40908.31748784524,48254.42347969719,226.34997766707966,0.004690761205805625,6450.485704520737,101.8017174100678,2490.9652051402095,0.0
2025-01-20,6,F,0.57,False,55762.112256339184,55709.30769625734,61630.782954847695,52.8045600818441,0.0008567887271613942,10800.0,46.658624940391746,175.74093327577066,-3.830043065987411
2025-01-20,12,F,0.19,True,38863.26056415198,38770.73516769441,45143.99194911734,92.5253964575677,0.002049561690553526,6450.0,-36.21014110717806,2880.628545370728,-22.18153826624075
2025-01-21,6,F,0.6,True,56887.41750346663,56625.05964955626,62908.71367476666,262.35785391037643,0.004170453321724983,10800.0,286.7175371652338,-487.1936650972093,0.0
2025-01-21,12,F,0.19,True,37141.966180949064,36546.64402163766,44272.18698562009,595.3221593114067,0.013446865850669891,6463.725122382237,561.1028037806973,684.387110614246,0.0
2025-01-22,6,F,0.57,True,56338.52657155423,56250.62918146271,62083.241606437165,87.89739009151526,0.00141579897919508,10800.0,89.20981839051092,-26.248565979905834,0.0
2025-01-22,12,F,0.2,True,38791.71037866679,38334.23658467267,45244.67846362352,457.47379399411875,0.0101111071959971,6725.3656716376945,362.276932049419,2105.2905988008715,-14.599762891535647
2025-01-23,6,F,0.56,True,57256.01618455146,56806.86944764626,60966.020912876236,449.14673690519703,0.007367165023727761,10800.0,298.8311652773773,3089.395999919405,-6.024309621692737
2025-01-23,12,F,0.19,True,42303.82963564028,40324.04764049333,47990.79338474871,1979.78199514695,0.0412533708137469,6450.0,926.8792431092734,21712.893136531635,-47.48110950386217
2025-01-24,6,F,0.55,True,15608.759470543626,15511.383345453638,22072.029925739324,97.37612508998791,0.004411743071099801,10153.966359102524,92.69054364603653,93.71162887902392,0.0
2025-01-24,12,F,0.13,True,15577.397002608466,15403.382065291098,21609.02393532152,174.0149373173681,0.008052882806655975,6675.84066358575,114.00411846228963,1581.4487807934092,-27.642462499999965
2025-01-25,6,F,0.53,True,15930.096891064035,15715.908668200042,21853.101165774977,214.18822286399336,0.009801273569329472,10154.77797091273,217.5745640500536,143.8331461093003,-15.339825460554493
2025-01-25,12,F,0.13,True,13898.765136310238,13772.997383669557,20007.369915419287,125.76775264068056,0.0062860712413656036,6460.766447768842,105.10361804076456,219.26307695780633,14.068006499670446
2025-01-26,6,F,0.52,True,57675.76419303432,57439.762204172555,64707.87067576228,236.00198886176804,0.0036471913910492443,10800.0,360.53450225166307,-2490.650267797968,0.0
2025-01-26,12,F,0.1,True,39354.14377021266,39022.55473713637,46362.11094817948,331.589033076285,0.007152155635167549,6450.0,67.13172730118094,5289.146115502128,0.0
2025-01-27,6,F,0.41,True,53734.74993788104,53022.803758534996,60239.56901327614,711.9461793460432,0.011818580229037465,10800.0,618.2567493879251,1873.7885991624717,0.0
2025-01-27,12,F,0.09,True,35919.25860127574,35727.739169407956,42742.93963144926,191.51943186778226,0.0044807267239726,7174.857443653598,183.96505118827918,151.08761359011442,0.0
2025-01-28,6,F,0.35,True,50612.45312274909,50473.59473649451,57197.720703841274,138.85838625457836,0.0024276909035162468,10800.0,133.30701175028662,111.02749008581668,0.0
2025-01-28,12,F,0.12,True,35270.57632009165,35152.45100675113,42081.49815780009,118.12531334051891,0.002807060549450129,6603.820359217586,71.74918268046895,927.5226132009084,0.0
2025-01-29,6,F,0.34,True,54339.83502116668,54058.75425392838,60549.72281600068,281.08076723829436,0.004642147877248694,10800.0,210.90297436778928,1403.555857410076,0.0
2025-01-29,12,F,0.12,True,35618.26221873209,34544.50736387,42601.80330350483,1073.7548548620907,0.02520444609380546,6436.195333021307,1216.8964775777058,-2862.83245431224,0.0
2025-01-30,6,F,0.32,True,52486.2661249072,51101.715420527915,57465.24820550959,1384.5507043792823,0.02409370441467154,10800.0,1138.8150829279548,5091.288912177581,-12.803236993011524
2025-01-30,12,F,0.21,True,31705.16370278219,30955.73729077419,38626.43726192072,749.4264120080006,0.019401903595877613,6721.277044309062,865.9227881073894,-2506.504005138753,12.803236993011524
2025-01-31,6,F,0.34,True,19754.656214454786,19348.992115012494,25118.06835777692,405.66409944229235,0.016150290446864432,10097.68708607581,313.80904228224244,1837.1011432010273,0.0
2025-01-31,12,F,0.14,True,13231.335730638346,13154.023665198138,19661.433483051725,77.31206544020824,0.00393216829825006,6565.552274249723,63.91462512080034,267.94880638810355,0.0
2025-02-01,6,F,0.34,True,15442.382755513258,15044.769367520445,22047.59362816598,397.61338799281293,0.018034321327696216,10094.845806045576,436.82277562723175,-784.18775268838,0.0
2025-02-01,12,F,0.14,True,14667.491729689571,14295.07134791047,20986.1048061186,372.42038177910035,0.01774604602520232,6086.251568969899,280.78980372366277,1862.5871487472505,-2.173474891402293
2025-02-02,6,F,0.34,True,50454.75177648682,50327.05066272437,55845.227047399705,127.7011137624504,0.002286697010902322,10800.0,122.61346141099784,151.6836163144617,-3.6203740178261796
2025-02-02,12,F,0.13,True,33788.25397584942,33710.349509870925,40290.89941477548,77.90446597849223,0.001933549935842909,6450.0,79.12050058114255,-74.25126133845697,3.6203740178261796
2025-02-03,6,F,0.34,True,49077.34466768918,48629.066781603884,55914.12654390405,448.27788608529954,0.00801725634993707,10800.0,573.614632802608,-2506.7349343461156,0.0
2025-02-03,12,F,0.13,True,34029.29431225333,33553.88620540871,41059.049206337,475.40810684462485,0.011578643832094657,6450.0,537.8324347851158,-1248.486558809931,0.0
2025-02-04,6,F,0.32,True,46810.024643021774,46528.6024285728,53902.042219569215,281.42221444897586,0.005220993544226143,10800.0,305.29151748662844,-477.3860607531351,0.0
2025-02-04,12,F,0.12,True,32130.98298723826,31117.186378085862,39488.98739075184,1013.7966091523995,0.025672894549578308,6427.196161284955,1164.603618049594,-3016.1401779439248,0.0
2025-02-05,6,F,0.31,True,47611.060739210705,47066.489113345815,53028.68474795722,544.5716258648899,0.010269378327092453,10800.0,480.39370084015536,1352.8672454421758,-5.025450000001001
2025-02-05,12,F,0.11,True,30011.63677605457,29866.38281935153,37016.0884174891,145.25395670303988,0.003924076338503971,6488.156598537637,165.83714158938528,-480.9724426744142,5.025450000001001
2025-02-06,6,F,0.29,True,47417.37699036527,47111.258920030305,52714.55447664027,306.11807033496734,0.0058070882581511595,10800.0,323.79660784440784,125.08470936943922,-34.7064296296121
2025-02-06,12,F,0.06,True,31192.69226425342,30809.68927425014,38005.07863848577,383.0029900032787,0.01007767918720819,6450.0,480.600140110917,-2383.0782301918553,31.260824783232238
2025-02-07,6,F,0.36,True,9302.420398835266,8659.498196409208,16661.45290737126,642.922202426058,0.038587403271513034,10194.62462428373,630.340284976437,251.6383489924167,0.0
2025-02-07,12,F,0.12,True,10327.550763032015,10036.152917704652,17012.330953652086,291.39784532736303,0.01712862547297246,5564.595014404225,183.62574120910722,2155.4420823651126,0.0
2025-02-08,6,F,0.37,True,15153.204905112574,14990.858122433818,21383.277161175574,162.34678267875643,0.007592231137214105,10121.2597267241,120.72490502224173,832.4375531303049,0.0
2025-02-08,12,F,0.02,True,9928.040808942633,9554.28992581972,17276.72085955344,373.75088312291336,0.02163320725971224,6303.346142667144,431.46254212333224,-1154.233180008402,0.0
2025-02-09,6,F,0.34,True,50954.234478145656,49867.30280734885,54789.99516620789,1086.9316707968028,0.01983814138876171,10743.389240550861,876.2166536205987,4214.3003435240535,0.0
2025-02-09,12,F,0.06,True,27959.492579685073,27045.793548938942,35354.447706645195,913.699030746131,0.025843962783058633,6798.872069463548,943.795453903731,-601.9284631520406,0.0
2025-02-10,6,F,0.38,True,45272.45533624158,45037.58408214148,50720.983262613416,234.8712541001005,0.004630652621303278,10347.254813547128,220.24889734397584,1145.508034488972,-61.853881497472685
2025-02-10,12,F,0.07,True,30582.529422218377,30454.015048917183,36827.23840042817,128.5143733011937,0.003489655452951355,6450.0,145.10709689940268,-695.3362344255802,26.355396054925222
2025-02-11,6,F,0.42,True,43553.10057040727,43094.202445700605,50728.11763191402,458.8981247066622,0.009046228130057022,10800.0,476.61791992179496,-336.7978658152606,-1.2760015000003477
2025-02-11,12,F,0.05,True,31029.459705802103,30349.988818753664,38415.449217023735,679.4708870484392,0.01768743828062104,6450.0,806.6955599128851,-2562.091495776263,1.2760015000003477
2025-02-12,6,F,0.45,True,37916.47107621141,37289.16980253386,45048.84602786921,627.301273677549,0.013924913266135002,10159.654438703406,758.3434946841226,-2620.844420131474,0.0
2025-02-12,12,F,0.07,True,28942.70851893239,28234.385941544842,35566.74532041995,708.3225773875492,0.01991530490086423,7031.028993767848,381.3281147984526,6821.271444117352,-20.402506776650625
2025-02-13,6,F,0.45,True,39030.31521622632,38474.77088827392,45387.89772236998,555.5443279524043,0.012239922001908396,9874.074074074075,695.5837042927451,-2714.67094234296,-6.244155621647224
2025-02-13,12,F,0.0,True,31024.2745284154,30280.86724712071,36874.73170810318,743.4072812946906,0.020160344139706046,7050.0,535.2290861235961,4501.401574945579,-24.49599004634183
2025-02-14,6,F,0.39,True,11054.5905990901,10616.022362297228,17106.80946889943,438.5682367928712,0.02563705626056093,9521.681918239725,336.58079014472605,2039.7489329629461,0.0
2025-02-14,12,F,0.0,True,9398.003050844594,9253.686198421698,15981.542723194158,144.31685242289677,0.009030220356226838,5701.360599315668,133.06196867897233,225.09767487850695,0.0
2025-02-15,6,F,0.37,True,11392.983620071094,10986.38600838541,18017.011522521723,406.59761168568366,0.022567428076372506,9486.017671168074,352.4802972722173,1082.3462882692966,0.0
2025-02-15,12,F,0.0,True,8838.371924692878,8246.164494637906,16185.403047684435,592.2074300549721,0.03658898257338709,5135.455343150615,647.1567497935976,-1098.9863947725282,0.0
2025-02-16,6,F,0.37,True,42046.54362590906,41757.48323725085,47138.012302155665,289.060388658203,0.006132214205497672,9874.074074074075,266.07285342673276,942.2220832786115,-34.9831149253896
2025-02-16,12,F,0.0,True,25572.45040192346,24990.12875277536,32956.62515979504,582.3216491480998,0.01766933496147217,6549.182076060737,573.5822350396884,-307.6830964809608,34.9831149253896
2025-02-17,6,F,0.35,True,37490.75011139403,36941.8527990587,44235.79560405108,548.897312335328,0.012408442186695075,9874.074074074075,657.6178092793416,-2174.4099388803206,0.0
2025-02-17,12,F,0.0,True,26400.82734917808,26141.103010603038,33450.190561291776,259.72433857504075,0.0077645099838561495,7025.16806672484,317.52937596845004,-1156.1007478681759,0.0
2025-02-18,6,F,0.35,True,38895.19813508025,38629.93910935087,44460.7613946377,265.25902572938503,0.005966137722539705,9874.074074074075,236.52927839873155,884.7949664621265,-22.492034604461878
2025-02-18,12,F,0.07,True,28368.473274553122,27937.26840823712,34698.501190290146,431.20486631600215,0.012427189980086758,6450.0,396.4988350367057,564.8447843878857,9.373554183388478
2025-02-19,6,F,0.37,True,35942.66806735067,35487.12377310818,42812.654825416015,455.54429424249247,0.010640412188875884,9874.074074074075,487.28728113727993,-634.8597378958184,0.0
2025-02-19,12,F,0.19,True,29382.410298822433,29076.32874015079,35466.69484347117,306.0815586716417,0.008630112279210202,7036.318798057466,265.30490592332353,1019.0086335236265,-14.753641074232291
2025-02-20,6,F,0.42,True,36354.03373461772,35741.394586256356,43058.71624734742,612.6391483613625,0.014227993812962395,9874.074074074075,575.8685922356672,938.7265502020255,-14.742028828384719
2025-02-20,12,F,0.2,True,26103.2881454858,25724.430812604172,33162.06676463555,378.85733288162737,0.01142441861571926,7027.378276721551,399.5176422311888,-616.5216146792627,14.742028828384719
2025-02-21,6,F,0.37,True,9080.57012813724,8345.880898511576,15773.349485353001,734.6892296256647,0.046577883176169455,7056.464633588896,634.1190419812901,2162.0959355619416,-10.92641383125374
2025-02-21,12,F,0.17,True,6296.068313163769,6158.437017916235,13695.618947521452,137.63129524753367,0.010049293556932768,5663.112978761849,130.9465989871478,-13.734942528953297,10.689796849277627
2025-02-22,6,F,0.4,True,12069.001564741875,11331.598137069936,17824.9164853413,737.4034276719394,0.04136925007633887,6627.259089367703,590.2619720757903,2952.629465759099,-0.7106056850825553
2025-02-22,12,F,0.21,True,7235.506443830365,7009.186470277038,14450.272274064599,226.31997355332715,0.015661986795883914,6050.603667583334,243.26229956896168,-248.14133505307382,-6.576866650928423
2025-02-23,6,F,0.4,True,39216.89360237456,38685.85731133519,44921.85703798159,531.0362910393742,0.011821334335986625,9874.074074074075,381.58104089698463,3115.9523322212553,-9.197467244326617
2025-02-23,12,F,0.21,True,26976.07521217752,26454.056814838106,33767.198297311734,522.0183973394123,0.015459334018273324,6999.059529683502,565.0291532794872,-976.3552892849239,8.42111078765629
2025-02-24,6,F,0.4,True,33959.16454007456,32733.166781494183,41225.57499613752,1225.997758580379,0.029738766741161146,9874.074074074075,1168.045066943203,1159.053832743518,0.0
2025-02-24,12,F,0.2,True,26179.7362122411,25904.292590934427,33140.54740490939,275.44362130667287,0.008311378141746357,6462.94220170848,289.22582944073656,50.16182148842745,-23.62359445963375
2025-02-25,6,F,0.37,True,38486.6574040727,37746.732332453255,44290.76523146603,739.9250716194438,0.016706080099374073,9874.074074074075,654.0760865087068,1716.9797022146595,0.0
2025-02-25,12,F,0.21,True,26708.807087997644,26347.392295250727,33528.12976347219,361.41479274691665,0.010779449832023327,7074.042550233467,375.3906288506769,-279.5167220753374,0.0
2025-02-26,6,F,0.35,True,36300.2563091835,35793.840924829514,42259.340820825026,506.4153843539898,0.011983513573984401,9874.074074074075,489.55994373235444,352.2302317070498,-1.0964263824134832
2025-02-26,12,F,0.24,True,27599.91393644087,27224.865413645966,34132.36965808599,375.04852279490296,0.010988059913562246,6951.033827039271,297.51415779598756,1535.5658807039326,1.0964263824134832
2025-02-27,6,F,0.33,True,32160.286383095605,31450.623081392496,39380.37613390445,709.663301703109,0.018020734471657977,9874.074074074075,622.527760605517,1922.3934800088796,-13.028460039451602
2025-02-27,12,F,0.23,True,27223.08591310419,27038.641689411663,33502.060288569075,184.44422369252788,0.00550545913008999,6568.080607095731,179.51437839560094,394.8726870264036,-21.48241358569976
2025-02-28,6,F,0.38,True,11251.01789340254,10103.790767137622,17086.26721148965,1147.2271262649192,0.06714322748584121,6462.626014129253,890.2883534735029,5138.775455828356,0.0
2025-02-28,12,F,0.26,True,7271.730352011733,7196.725324692179,14321.905392544266,75.00502731955385,0.005237084400697142,5976.640419017314,76.81977076052499,-36.294868819425574,0.0
2025-03-01,6,F,0.44,True,9503.493956893753,9056.869942867132,15955.472187617037,446.6240140266218,0.027991902011727642,6358.101517560048,340.62276638747244,2753.7896491304164,-45.953115954867826
2025-03-01,12,F,0.24,True,9571.069290702428,9402.970769872782,15944.648430131041,168.09852082964608,0.010542629495171915,5006.535455077818,142.36887337566986,361.1964959483521,11.122495523071848
2025-03-02,6,F,0.37,True,37738.29093150389,36487.16729995184,44684.71294548544,1251.123631552051,0.027998918401431823,9874.074074074075,1177.5759313599046,1470.9540038428968,0.0
2025-03-02,12,F,0.21,True,28762.068525805502,28469.268329170234,35458.01366479684,292.80019663526764,0.00825765930949379,7366.729864276795,268.0681344823024,494.6412430592354,0.0
2025-03-03,6,F,0.24,True,39285.068578799735,38265.52056330961,45446.87410984767,1019.5480154901234,0.022433842491032894,9874.074074074075,917.8317507787506,2034.3252942274448,0.0
2025-03-03,12,F,0.1,True,29986.88491758528,29555.8457329199,36256.73290458367,431.03918466538016,0.011888528009397313,6562.692089459995,390.7201098500518,806.3814963065051,0.0
2025-03-04,6,F,0.24,True,35657.81724820156,35003.108607657574,42453.62141996412,654.7086405439841,0.015421738326335163,9874.074074074075,581.8076510845567,1458.0197891884764,0.0
2025-03-04,12,F,0.05,True,25217.425101532193,24955.29075035247,32622.19098043518,262.13435117972404,0.00803546123977192,6391.14685207848,255.80782967939012,126.5304300066897,0.0
2025-03-05,6,F,0.24,True,35308.48670569204,35025.29374846088,41921.76923007538,283.19295723116375,0.0067552720801677514,9874.074074074075,276.6405458349618,131.04822792399864,0.0
2025-03-05,12,F,0.05,True,25044.028276507175,24451.432962191808,32434.20870490912,592.5953143153674,0.018270688201672526,7058.70768858786,594.1853293371933,-31.8003004364582,0.0
2025-03-06,6,F,0.2,True,32848.07018660454,31813.538991606896,40261.11572700327,1034.5311949976458,0.025695542120900094,9874.074074074075,1048.1555797408364,-272.4876948636995,0.0
2025-03-06,12,F,0.05,True,27099.93966277608,26348.1934998821,34051.846613401096,751.7461628939782,0.022076516772459812,6569.509833456476,613.924182017603,2756.4396175276015,0.0
2025-03-07,6,F,0.2,True,6475.295602770855,6263.041435428751,13867.903332129708,212.25416734210376,0.015305425936330611,5787.30364115983,208.80309819042486,268.29042336590135,-14.448632701351016
2025-03-07,12,F,0.06,True,6442.924385409964,6272.083945761928,13814.76595256495,170.8404396480364,0.012366509880416536,4863.034207690528,145.52636931302914,307.01236636781664,14.448632701351016
2025-03-08,6,F,0.17,True,7276.59422320112,7165.301511685402,14319.637522527562,111.29271151571811,0.007772034127304768,5139.116880333232,91.2156001218882,421.76107942898943,-1.4660318493843079
2025-03-08,12,F,0.05,True,6207.935727471984,6039.444310695546,13598.354142976747,168.4914167764382,0.012390574256625046,4754.903328042883,163.23081072668174,84.99326944275072,1.4660318493843079
2025-03-09,6,F,0.18,True,30384.678725261037,28985.8453804147,37754.40695228263,1398.8333448463382,0.03705086260828591,9874.074074074075,1408.6518114611245,-176.48716502230718,-1.441619489725781
2025-03-09,12,F,0.05,True,25882.976218560972,23869.67019349961,33050.515592251,2013.3060250613635,0.06091602472711202,6513.088314192914,1777.662188732087,4692.99455931196,1.441619489725781
2025-03-10,6,F,0.19,True,32416.941208404067,30859.51927091218,39441.619745446274,1557.4219374918866,0.03948676417305855,9875.692516170113,1369.5708069632237,4150.026768731274,-28.496010829681836
2025-03-10,12,F,0.03,True,25647.86601912329,25101.4060156749,32847.61075014489,546.4600034483883,0.01663621770256084,6459.790279264538,459.1067368521508,1690.8146945649942,4.078630564343257
2025-03-11,6,F,0.17,True,32899.66997831494,31004.268185504752,39798.71299978467,1895.4017928101857,0.047624700648496866,9886.28899874554,1563.812893987204,6691.294862624273,-4.315460275647638
2025-03-11,12,F,0.03,True,25205.278555813136,23786.624340825943,32595.574372546518,1418.654214987193,0.04352290893152809,7140.750163649821,1466.971106023313,-407.71187144262603,-40.50494319200516
2025-03-12,6,F,0.18,True,29644.082844164623,28404.73205156489,37029.30635764185,1239.3507925997328,0.03346945742460456,9875.96363179538,1240.897610533968,-30.936358684589322,0.0
2025-03-12,12,F,0.01,True,25560.113038255986,23974.792073735,32803.57544882904,1585.3209645209863,0.04832768815076151,6683.810550301545,1442.391194983582,2858.5953907481,0.0
2025-03-13,6,F,0.23,True,31830.233414028633,30450.36964040563,38955.309045273396,1379.8637736230012,0.03542171291772682,9920.985822772613,1250.025971570627,2596.756041047468,0.0
2025-03-13,12,F,0.01,True,24692.869346351777,24246.370186901113,31980.23344518237,446.4991594506646,0.013961722956651119,7007.486767972157,415.1994241815846,625.9947053815681,0.0
2025-03-14,6,F,0.19,True,6830.373628312866,6274.108280012992,14155.325983843137,556.265348299874,0.039297247476659615,5009.639099770254,499.57154164460917,1311.3172462376504,-12.86592972742983
2025-03-14,12,F,0.02,True,6346.187665837497,6064.305263549199,13712.139057992908,281.8824022882982,0.020557142915203067,3869.7436363182765,265.76653225301743,144.87628757325638,12.86592972742983
2025-03-15,6,F,0.23,True,9281.855661856707,6315.68323514816,16310.411525429394,2966.1724267085474,0.18185760807347004,4615.509915391509,2627.7988519127157,6968.80193268352,-14.59810077669681
2025-03-15,12,F,0.02,True,6197.561894270247,5951.308531944326,13567.242164722207,246.25336232592053,0.018150583540568994,6270.450433210319,247.81614197575436,-75.21111130499389,3.187134028323271
2025-03-16,6,F,0.28,True,30956.31276066485,30292.173203987728,38121.78370609591,664.1395566771207,0.017421523656851363,9902.921079395586,550.4474399652318,2455.785149959694,-13.19233992712725
2025-03-16,12,F,0.02,True,24746.3206224647,24310.02254027538,32119.58189979374,436.2980821893216,0.013583554217812634,7184.73102962466,443.3835684381411,-323.6525406982428,13.19233992712725
2025-03-17,6,F,0.39,True,27115.176118914722,26209.10554412273,34475.72308428474,906.0705747919928,0.02628140887942716,9874.074074074075,896.7284932774201,194.57018230873268,-0.5603831344087666
2025-03-17,12,F,0.06,True,23509.161785401673,22914.171750890328,30849.281707117712,594.9900345113456,0.019286997997560063,6721.80306018398,553.7946225229316,828.7200190651838,-0.3488932931322779
2025-03-18,6,F,0.4,True,30215.8812266775,28999.301566517926,37448.53304588195,1216.579660159572,0.03248671072559821,9899.234225605942,1087.75323931803,2576.528416830858,0.0
2025-03-18,12,F,0.09,True,23507.42695613677,22958.745744327178,30894.96004819357,548.6812118095913,0.01775957020024283,6844.89269837173,558.7970743708138,-202.31725122449325,0.0
2025-03-19,6,F,0.4,True,30340.68987100492,28369.93577533523,37372.384993513755,1970.7540956696903,0.0527328961213401,9887.052247118372,1732.5506449314198,4764.069014765382,0.0
2025-03-19,12,F,0.05,True,23382.534674549373,22773.96755761798,30763.13642319076,608.5671169313937,0.019782349515981925,6990.826568118628,645.0162056503468,-728.9817743790759,0.0
2025-03-20,6,F,0.41,True,28259.127131470617,26989.229556398866,35547.12405838594,1269.897575071751,0.035724340821101354,9877.908226632453,1215.253315027272,1643.936490753175,-39.95571852790454
2025-03-20,12,F,0.01,True,24515.176776627042,23618.097057058672,31728.883922021992,897.0797195683699,0.028273283162845067,6331.168091003814,754.3272237770652,2541.8041572340617,22.71287553552611
2025-03-21,6,F,0.44,True,5459.587187279161,5219.369301399865,12867.288177449947,240.21788587929586,0.018668882095940007,4345.306878856862,223.262950271901,339.09871214789575,0.0
2025-03-21,12,F,0.02,True,5633.236352165783,5432.359230525046,12995.66110219455,200.87712164073673,0.015457245311422828,2483.460254052457,166.93633808293998,678.8156711559088,0.0
2025-03-22,6,F,0.41,True,5840.983264487313,5760.946342177944,13240.227381480368,80.0369223093694,0.006044980951106642,4271.029056674083,80.31039497417441,21.884439588390705,-1.9833806123660906
2025-03-22,12,F,0.02,True,7150.932552526459,6353.4236045132,14385.551552614923,797.5089480132592,0.055438190541140055,2297.9542047269965,699.6626267447191,2119.17515731775,-11.764358026977789
2025-03-23,6,F,0.42,True,28162.351883969786,27598.980968011012,35472.86818824755,563.3709159587743,0.015881741306315447,9874.074074074075,516.2723182315094,941.9719545452742,0.0
2025-03-23,12,F,0.04,True,23057.643241008955,22540.057900066677,30464.332189330024,517.585340942278,0.016989879762523058,6290.337460250071,542.9121562645341,-463.4264621805712,-3.125815754172436
2025-03-24,6,F,0.41,True,26862.98803928207,26452.548079405075,34108.6413668945,410.439959876996,0.012033313067560785,9884.041870846224,349.89875137613126,1210.8241700172853,0.0
2025-03-24,12,F,0.03,True,23149.65282569213,22793.125244396288,30437.32254088734,356.52758129584254,0.011713500121993604,6784.8340762517455,316.86661874241327,793.2192510685854,0.0
2025-03-25,6,F,0.41,True,27474.66042428944,26510.4648895735,34874.60337936502,964.1955347159383,0.02764749821603545,9897.421684847235,997.7498475933971,-671.0862575492283,0.0
2025-03-25,12,F,0.05,True,22920.401011941292,22242.662962346258,30219.411907984577,677.7380495950347,0.022427241524708912,6570.830361435819,595.1230986671653,1652.2990185574906,0.0
2025-03-26,6,F,0.42,True,26482.443861082727,26102.047642822166,33792.30177421813,380.396218260561,0.011256889832547147,9874.074074074075,360.0528258085542,808.8631506026022,-29.14794215026086
2025-03-26,12,F,0.05,True,22546.464309761537,21882.987897557574,29909.043754773735,663.4764122039633,0.022183136901462015,6803.785758467815,655.1449191569336,112.73017844067067,3.9081671385647496
2025-03-27,6,F,0.4,True,28509.015678787306,27051.173302551157,35618.983006791736,1457.842376236149,0.04092880405816672,9874.074074074075,1230.8933396285938,4538.980732151091,0.0
2025-03-27,12,F,0.04,True,22821.59251251116,21706.15034408559,30223.03814653706,1115.4421684255722,0.03690701652882568,7248.754850739862,1140.3290440238088,-497.7375119646979,0.0
2025-03-28,6,F,0.45,True,5130.209973307979,5026.023171371102,12529.596907987636,104.1868019368776,0.008315255686354791,4304.845094357805,93.26760989002833,218.38384093699744,0.0
2025-03-28,12,F,0.03,True,5236.036116470597,5058.675123110619,12604.664079771732,177.36099335997824,0.014071060699238422,1567.90342711037,160.38298505548664,339.560166089846,0.0
2025-03-29,6,F,0.44,True,5536.603669236261,5328.768676572828,12880.669438833487,207.8349926634337,0.016135418554942427,4029.32080840902,175.68385462385595,739.9783633204847,-7.030072945311986
2025-03-29,12,A,0.03,True,5273.8590383758155,5161.255774583371,12616.798408522824,112.60326379244452,0.008924868270573257,1200.0,105.39738672302701,114.20979437862684,2.1685558918125025
2025-03-30,6,F,0.41,True,24242.946530544046,23753.93277314675,31552.262260071744,489.013757397297,0.015498532351391056,9874.074074074075,469.35763724188655,525.0808523480077,-9.56806517322184
2025-03-30,12,F,0.0,True,20929.03464465368,20670.687028397824,28302.235682530856,258.3476162558545,0.009128169913987249,6389.27602528591,260.1190537686307,168.2096328396517,-14.765445732729859
2025-03-31,6,F,0.4,True,33491.79109117108,26901.293748520402,40113.579748642034,6590.497342650677,0.16429591634423465,9924.638216729432,5957.550246713821,12658.941918737124,0.0
2025-03-31,12,A,0.03,True,23337.24988402916,21791.125116850708,30707.410160494248,1546.1247671784513,0.05035021706804745,7386.589644512611,1654.363557370336,-1688.7737807256303,-34.51403381867931
2025-04-01,6,F,0.4,True,27999.774460167166,26404.694867042344,35120.95546811283,1595.0795931248213,0.04541674825939838,9884.750912314015,1423.5776163247865,3669.181261647281,-17.339727996246438
2025-04-01,12,A,0.0,True,22620.1159270242,22092.925541958226,29912.708569668284,527.1903850659728,0.017624294498043147,7014.47222311971,490.75766550164553,489.5126656399357,17.339727996246438
2025-04-02,6,F,0.38,True,27203.362261022325,26651.96712508083,34362.24191164489,551.3951359414932,0.016046541356622982,9902.707885631762,505.9587161866948,908.7283950959691,0.0
2025-04-02,12,A,0.03,True,21438.084895830623,20856.725059303295,28808.493636842715,581.3598365273283,0.02018015394542659,6545.857433315902,568.3385421767343,260.4258870118115,0.0
2025-04-03,6,F,0.32,True,25748.991597879874,25090.528916204068,33092.26484390716,658.4626816758064,0.019897782299933463,9917.473929122047,625.2600187587341,850.3181339754753,-13.505724565695346
2025-04-03,12,A,0.06,True,22221.32416423129,21565.27246456081,29492.12846815799,656.0516996704791,0.022244976329151823,6665.094222324926,566.0862807609337,1995.3997279641396,-14.218224186064617
2025-04-04,6,F,0.25,True,4376.822912733642,4238.703963702471,11770.464949116662,138.1189490311708,0.011734366452663897,3754.2498494172355,137.36623554903963,203.3226263191964,-13.650993302171628
2025-04-04,12,F,0.06,True,4741.688978543144,4495.417884736862,12100.508622100062,246.2710938062819,0.02035212745987376,1200.0,238.33077325122395,414.1012172378512,-18.510958241584376
2025-04-05,6,F,0.28,True,4836.6234653736265,4546.242956820249,12186.45511490215,290.3805085533777,0.023828135894767892,3442.6663387367507,275.11503921045914,480.8448786117499,-12.727756615708131
2025-04-05,12,F,0.05,True,4628.995870839492,4499.035786632253,12001.16662700035,129.96008420723956,0.010828954238069989,1200.0,126.74285822500497,205.61795770287995,-10.243477930918743
2025-04-06,6,F,0.26,True,24210.38427441218,23577.829379032417,31535.448453522895,632.5548953797625,0.020058534963028195,9936.854469278625,614.3352426974234,364.3930536467492,0.0
2025-04-06,12,F,0.04,True,22590.66909367428,21734.423048192664,29802.929592989774,856.2460454816173,0.02873026434565758,6223.680543219329,746.2056970427511,2235.762471674687,-2.534559414807518
2025-04-07,6,F,0.27,True,25724.850990037376,23077.998695747337,32638.272963186795,2646.852294290038,0.08109657938321256,9928.92698694617,2280.3630857746757,7329.784170307141,0.0
2025-04-07,12,F,0.06,True,20884.44574681145,20547.3479683326,28251.3609673098,337.09777847884834,0.011932089886533635,7498.779630788989,367.0013630477515,-32.86305407163536,-40.982241829706254
2025-04-08,6,F,0.26,True,25204.266053462277,24089.82626644206,32399.58285539186,1114.4397870202156,0.034396732575053914,9964.66566266305,1039.7454358084542,2111.871683030945,-44.808934368918926
2025-04-08,12,F,0.06,True,21053.3117707147,20756.390546021525,28401.92240777696,296.92122469317474,0.01045426504692768,5946.797906051395,288.67939078580457,-349.2938572565024,37.27866232612905
2025-04-09,6,F,0.25,True,27186.015891252006,25672.563478411503,34093.1447094487,1513.4524128405028,0.044391692985160706,9930.7675379565,1254.590901548312,5177.230225843777,0.0
2025-04-09,12,F,0.05,True,22216.653321027567,21809.057728890482,29526.328903422436,407.59559213708417,0.013804479164012808,6865.960084401764,401.03804584606405,131.15092582045054,0.0
2025-04-10,6,F,0.26,True,26762.811750039968,25161.60027872201,33744.991572900246,1601.211471317958,0.04745034438247869,9940.275661377453,1382.2188007269324,4405.3194503128225,-1.8464957522792247
2025-04-10,12,F,0.05,True,21362.095702834242,20359.779681976248,28748.450738636802,1002.3160208579939,0.034865044727816236,6919.431707960455,1008.8696144224486,-14.114816353197511,-8.480341581320317
2025-04-11,6,F,0.25,True,4585.510704180228,4158.277644401871,11900.72789295194,427.2330597783566,0.035899741899937075,3290.4926855256454,380.96442526916144,1035.3841285845476,-7.976727662997291
2025-04-11,12,F,0.06,True,3899.0855847291205,3709.343952798603,11293.439777250942,189.74163193051754,0.016801048721464436,1200.0,176.64556741442175,151.90985192129108,7.976727662997291
2025-04-12,6,F,0.24,True,4369.9782265952235,4111.458589648377,11772.518327579382,258.51963694684673,0.0219595867046743,3310.808128588297,256.2204949182578,45.98284057175067,0.0
2025-04-12,12,F,0.07,True,4606.5156946527095,4286.274707848001,11974.197021936716,320.2409868047089,0.026744255687293914,2409.299055034665,285.9916199497875,765.7305303530073,-5.854540878624903
2025-04-13,6,F,0.23,True,22311.998186978046,21717.79651102361,29569.80615593672,594.2016759544349,0.02009487897285851,9966.700084444532,550.6757952314438,1357.6076616794885,-35.31800611386461
2025-04-13,12,F,0.09,True,20294.090296074384,19822.61983484015,27554.753799240636,471.4704612342357,0.017110312967021635,6412.1419124491495,443.5658139488987,538.4470222312643,1.4244898851411563
2025-04-14,6,F,0.24,True,22464.335763020594,21063.466945935943,29870.830785855072,1400.8688170846508,0.04689755123074827,9950.087120891883,1412.0154288193044,-222.93223469311806,0.0
2025-04-14,12,F,0.08,True,20015.507254740623,19367.95881300726,27294.247401554552,647.5484417333646,0.023724722363895744,5245.215003398282,559.7428697643918,1916.2144217025714,-11.608773656565972
2025-04-15,6,F,0.24,True,25100.567500831887,22297.393215054457,32021.27013869274,2803.1742857774298,0.0875410086369506,9966.142642184708,2403.2262129632472,7998.961456283592,0.0
2025-04-15,12,F,0.14,True,20557.710207993725,19585.02723343341,27939.532931704787,972.6829745603136,0.03481385952077057,7150.98093649272,1034.8820080017067,-1146.2777074763717,-7.084262563055745
2025-04-16,6,F,0.24,True,27551.26915934422,24079.991466682437,34324.85394679408,3471.2776926617844,0.10113015187311525,9959.185602796111,3041.6087613732634,8727.818137304834,-9.74796245051948
2025-04-16,12,F,0.14,True,21053.625963522278,20159.9646810494,28425.092154622813,893.6612824728763,0.03143916922455919,6977.35178844593,931.9407589508774,-704.3484835233214,-4.440475946263177
2025-04-17,6,F,0.3,True,24992.543570049173,23396.428654021118,31846.038547877684,1596.1149160280547,0.050119731960646785,9956.636977971464,1221.7403284781758,7487.491750997624,0.0
2025-04-17,12,F,0.13,True,20281.56150351854,19379.857397460648,27687.376024208206,901.7041060578922,0.03256733701559496,7148.186051036684,912.7197021517022,-220.3119218761948,0.0
2025-04-18,6,F,0.32,True,3799.1172116210546,3567.385982376787,11163.203783376599,231.73122924426752,0.02075848777295853,3195.9585857267775,198.8939848633927,656.744887617516,0.0
2025-04-18,12,F,0.14,True,3900.899329711905,3704.1089809023515,11272.753275700185,196.7903488095535,0.017457168093420395,1200.0,213.7415809659724,386.13216494585095,-52.5797903842722
2025-04-19,6,F,0.3,True,3399.2144014856895,3260.4951499665403,10799.69260027294,138.7192515191491,0.012844740739717284,3173.851297217701,135.35348069502106,67.3154164825653,0.0
2025-04-19,12,F,0.22,True,5706.078675551837,3972.0461366038744,12901.892355522123,1734.0325389479622,0.13440141113917922,1200.0,1555.8387189943442,3563.876399072369,0.0
2025-04-20,6,F,0.33,True,21745.565078599247,20827.1105417703,28977.179387235927,918.4545368289473,0.031695788073614735,9983.715029454044,825.8126791615359,1852.8371533482136,0.0
2025-04-20,12,F,0.22,True,19845.359370827144,19540.89053648594,27165.103619157926,304.46883434120537,0.01120808661765905,6539.091614556837,251.72671369298405,1078.2356861123246,-1.696203338125997
2025-04-21,6,F,0.32,True,20312.31828422496,19495.332479256802,27706.157771011356,816.985804968157,0.02948751724149063,9981.308638434653,853.7746260061504,-735.7764207599264,0.0
2025-04-21,12,F,0.22,True,18830.498883558677,18521.96707872594,26190.927149522573,308.531804832739,0.01178010244048818,5924.185160213716,296.65483627648064,237.53937112522044,0.0
2025-04-22,6,F,0.33,True,23636.762346222757,21398.788603454486,30567.343861812362,2237.9737427682703,0.07321453093489619,10007.479038893282,1923.6831612518945,6449.063901116227,-11.837122788132547
2025-04-22,12,F,0.17,True,19830.022632436125,19295.829469508564,27152.356723942135,534.1931629275605,0.019673915172767488,6170.944984264359,567.6673838949209,-832.7366901358341,11.837122788132547
2025-04-23,6,F,0.32,True,21316.356113667083,20643.216441863427,28389.363823523654,673.1396718036558,0.0237109811966229,9985.790240631932,531.6078221606003,2830.6369928611757,0.0
2025-04-23,12,F,0.14,True,19710.276154270083,19185.382775345737,26975.179044435874,524.8933789243456,0.019458383503579174,6337.849805562553,475.43284702305755,993.4062307937111,-0.30421473785645503
2025-04-24,6,F,0.34,True,19397.553592525728,19036.79749293447,26735.726073939233,360.7560995912572,0.013493409477399824,9991.38234080116,370.30126224144624,-190.90325300377208,0.0
2025-04-24,12,F,0.15,True,19703.66370283861,18995.37747842646,27015.46296248282,708.2862244121497,0.0262178081269889,5570.5491421778615,638.8712093453651,1388.30030133573,0.0
2025-04-25,6,F,0.32,True,3513.0312812517423,3311.0647511656316,10887.471267578538,201.96653008611065,0.018550361706812537,2755.9170171549376,183.81099742914012,363.1106531394357,0.0
2025-04-25,12,F,0.11,True,3309.661063734902,2890.7166836618508,10686.353130029085,418.94438007305143,0.03920368108515905,1200.0,367.27082700579194,1033.4710613451998,0.0
2025-04-26,6,F,0.35,True,3380.781996908863,3250.8115741844977,10764.086845345815,129.97042272436556,0.012074449471815836,2713.1392068244318,120.96895307468549,180.02939299359605,0.0
2025-04-26,12,F,0.08,True,4967.519811430788,3550.1962515182677,12155.306372100906,1417.32355991252,0.11660122061304752,1200.0,1217.7697529194975,3991.076139860438,0.0
2025-04-27,6,F,0.34,True,20851.51892901754,19402.293724028583,27997.052259050553,1449.2252049889576,0.051763492512697275,9870.922506011713,1344.7362962157604,2089.778175463908,0.0
2025-04-27,12,F,0.11,True,19117.873203802796,18607.090770615097,26365.055130753924,510.7824331876982,0.01937346349759338,5664.816793963224,444.2195771679835,1333.871789491729,-0.18958486156225263
2025-04-28,6,F,0.37,True,30546.984444910973,24207.615813147448,36959.7298542006,6339.368631763526,0.17152096773356243,10002.09491799183,5579.889415039612,15457.740085987982,-19.443481806600175
2025-04-28,12,F,0.08,True,20677.17159028528,19894.562825533994,27989.911439349475,782.6087647512868,0.027960387314804443,7179.980337289834,742.8452968160345,655.8565666321415,10.108565902522969
2025-04-29,6,F,0.31,True,20023.412395575768,19480.391545483748,27331.879647694743,543.0208500920198,0.01986767310157609,10013.839472573303,538.6839280694621,86.73844045127044,0.0
2025-04-29,12,F,0.02,True,20310.126781982537,19586.441531817894,27532.752518066685,723.6852501646426,0.026284522395273353,6152.837003835384,595.6838637110995,2587.7723605118986,-2.0117123485761113
2025-04-30,6,F,0.3,True,19363.17159273947,18913.467873073903,26564.663135757597,449.7037196655656,0.016928643791467392,9321.422479101711,386.14494786467185,1477.7866168761461,-14.980997847109393
2025-04-30,12,F,0.02,True,17966.019114126313,17583.44413523558,25332.579904601633,382.5749788907342,0.0151020930490084,6815.8380644477975,374.7251267507563,116.3110672849757,2.950065475934025
2025-05-01,6,F,0.29,True,22245.482905047233,19595.11056109563,29347.991977434216,2650.3723439516034,0.09030847309722194,9648.277738725914,2498.9941945369937,3027.562988292222,0.0
2025-05-01,12,F,0.02,True,19514.078713012852,18841.071819075216,26815.75883708765,673.006893937636,0.02509743983104558,5029.62532338017,613.9277936461658,1181.58200582944,0.0
2025-05-02,6,F,0.3,True,5632.872662743899,4018.147175332011,12842.525473771402,1614.725487411888,0.12573270660118063,2884.5121238632214,1447.792735451223,3338.6550392132694,0.0
2025-05-02,12,F,0.02,True,4452.420246958483,4140.794674148996,11805.620121664093,311.6255728094875,0.026396374743384635,3636.7533795955696,266.45653820718326,903.3806920460829,0.0
2025-05-03,6,F,0.3,True,4740.091820766613,4192.8674144874585,12139.898828913136,547.2244062791542,0.04507652114660549,2851.4939284483958,522.7070398732267,490.3473281185288,0.0
2025-05-03,12,F,0.01,True,4631.337059879372,4465.182613324392,11953.267968560906,166.1544465549796,0.013900336459618707,3547.783326076271,122.40460774388521,874.996776221898,0.0
2025-05-04,6,F,0.29,True,21013.866357853665,20087.06816124569,28308.580379425985,926.7981966079751,0.03273912658939091,10026.932224086144,879.4524918154821,946.9140958498201,0.0
2025-05-04,12,F,0.02,True,19966.483495482185,19155.833813431695,27195.64232994227,810.6496820504908,0.029808072639562897,7943.354553780144,813.6897631340253,-23.9824732817533,-2.669688931910059
2025-05-05,6,F,0.3,True,22981.913319285828,22145.463079166424,30169.79737170004,836.450240119404,0.027724754986389585,10010.418105228247,796.8972603734946,791.0595949182316,0.0
2025-05-05,12,F,0.02,True,21144.473461786874,20626.89907212572,28267.823122903104,517.574389661153,0.018309665636820998,6809.226848910361,440.4857773061776,1541.7722470994859,0.0
2025-05-06,6,F,0.29,True,24709.665446611718,22386.44951636396,31651.007841038045,2323.2159302477594,0.07340100959551517,9412.846121624894,2163.0117914519433,3365.4636747311233,-11.701433037966126
2025-05-06,12,F,0.04,True,20579.410135437356,19890.867981447445,27719.163600926822,688.5421539899107,0.02483993254280185,6406.055361419021,656.095196761682,491.4687042954738,11.417892859692074
2025-05-07,6,F,0.29,True,24920.381186547056,23529.62495285084,31901.853867472044,1390.7562336962146,0.043594840584304274,9662.815603820012,1283.7350453067884,2140.423767788565,0.0
2025-05-07,12,F,0.06,True,22015.300619055073,21671.11821598513,29116.559370222105,344.18240306994267,0.011820847329301642,6218.504318557603,342.5352165436925,32.94373052505307,0.0
2025-05-08,6,F,0.3,True,25572.887043739654,24978.617454840503,32597.677306332767,594.2695888991511,0.018230427380287677,10041.013151788136,515.8775099891318,2353.714731810136,-56.982221259377184
2025-05-08,12,F,0.06,True,23060.329281278224,22538.591609103314,30175.209559282164,521.7376721749097,0.017290275023605212,6723.5041015832985,554.9512055311134,-1450.1438207338433,56.982221259377184
2025-05-09,6,F,0.3,True,6418.877541532085,6295.090479757919,13678.787326123878,123.78706177416643,0.009049564030998327,2749.057335762696,112.57681549721929,224.20492553894246,0.0
2025-05-09,12,F,0.07,True,7866.249958612834,7114.310369193752,14949.657006783907,751.939589419082,0.05029811647704454,1200.0,688.0724843630851,1277.342101119948,0.0
2025-05-10,6,F,0.3,True,9584.524444552966,8096.0637423123835,16557.222953404227,1488.4607022405826,0.08989796818158745,2802.905497078797,1224.0923791866826,5674.572858234633,-28.075625811210557
2025-05-10,12,F,0.1,True,7130.6822596921,6216.785645211876,14414.406721594503,913.8966144802243,0.06340161146633236,3793.9026436802355,1017.0732476843259,-2450.7390612386184,28.075625811210557
2025-05-11,6,F,0.31,True,26443.788656454766,25609.314171082726,33541.40350724526,834.4744853720404,0.02487893761487309,10088.989089093368,732.0531085982147,2048.4275354765405,0.0
2025-05-11,12,F,0.07,True,22962.281751009243,22489.840097643013,30167.242966283426,472.44165336622973,0.01566075010216401,7384.124386687114,485.56230396666797,-262.4130120087275,0.0
2025-05-12,6,F,0.31,True,27191.048430095463,24572.73459953681,34114.028021700076,2618.3138305586544,0.07675182270745437,9801.067144614528,2383.2420576593104,4701.435457986872,0.0
2025-05-12,12,F,0.08,True,23569.447224510055,22752.30556143805,30687.06341966616,817.141663072005,0.026628213064803403,7217.588038469823,790.6562026997781,529.7092074445654,0.0
2025-05-13,6,F,0.29,True,26773.687267065718,25520.968813474046,33845.77908745319,1252.7184535916713,0.03701254594715654,10106.381620285267,1163.8170576824778,1995.0025905238635,-15.732435610207176
2025-05-13,12,F,0.07,True,23239.29352775125,22887.42061166034,30453.143037448717,351.87291609091335,0.011554568133023564,6787.529677142189,380.4386265472858,-614.5826806029163,3.137317522357989
2025-05-14,6,F,0.3,True,27086.197971317153,25267.97617872568,34124.81528923591,1818.2217925914738,0.05328151309188188,10038.858445263048,1719.635705290937,1971.7217460107622,0.0
2025-05-14,12,F,0.07,True,23426.519719389762,22605.5001154924,30579.45376365713,821.0196038973627,0.026848733474537166,7063.501136237201,830.396251650367,-109.45783415895585,-5.661083844894165
2025-05-15,6,F,0.34,True,28956.49481330767,27196.34050759128,35868.8974769068,1760.1543057163872,0.04907188203511451,10063.335815886914,1563.0326223567536,3942.433667192682,0.0
2025-05-15,12,F,0.07,True,25196.44954711535,24200.497503102422,32268.499145226648,995.9520440129272,0.030864529506952742,7308.240226364162,933.9260902272399,1240.519075713606,0.0
2025-05-16,6,F,0.36,True,7067.45026637987,6862.516960969659,14424.869907420823,204.9333054102117,0.014206943059138749,2230.334787728783,219.47165936190504,-290.76707903386796,0.0
2025-05-16,12,F,0.07,True,6914.950592793315,6662.010477569827,14230.696184804634,252.94011522348774,0.017774261493515273,1200.0,177.17380241984574,1515.3262560728554,0.0
2025-05-17,6,F,0.36,True,7678.881312563028,7412.089804007862,14819.356168652277,266.7915085551658,0.018002908191080257,2129.405893979141,263.7528317990309,304.89442258989857,-17.700757889228043
2025-05-17,12,F,0.12,True,7119.583011035437,6921.337975127786,14326.852292115513,198.24503590765107,0.01383730577139761,2579.450508052605,157.3524206428756,573.7314178283259,17.700757889228043
2025-05-18,6,F,0.35,True,25741.62490258726,25226.592408088058,32885.612248484176,515.0324944992026,0.015661332092819478,10086.150577046355,504.13764156834804,732.3604428485842,-37.30279658424297
2025-05-18,12,F,0.08,True,23511.28245281954,23113.643502851384,30661.272522569645,397.63894996815725,0.012968768653533762,7318.363982483281,379.8060139947811,50.18925598147689,22.221538803545627
2025-05-19,6,F,0.33,True,23976.1273326633,23411.41269969195,31144.93834607378,564.7146329713505,0.018131826966436747,10059.459124635763,534.7285091845115,599.7224757368112,0.0
2025-05-19,12,F,0.06,True,22563.27338678376,22144.796515830716,29684.301257722826,418.47687095304354,0.014097581995269988,6509.958296186913,418.27558632460205,79.54838526717049,-5.4760119564743945
2025-05-20,6,F,0.33,True,26409.4523514017,25306.57908270185,33223.42417580674,1102.8732686998483,0.03319565324946125,9834.294864375883,918.3744273911943,4242.164584690643,-40.03812178598855
2025-05-20,12,F,0.02,True,23390.331759719436,22833.445599415118,30567.548225105224,556.8861603043188,0.018218214827152752,7139.945627255984,557.3178895546152,-481.1322464689083,34.25993898169145
2025-05-21,6,F,0.32,True,27431.93342664941,25152.389483038,34360.48003266628,2279.54394361141,0.06634202844210159,9956.752353171081,2061.8460802818336,4353.9572665915,0.0
2025-05-21,12,F,0.01,True,23688.584773741764,22892.442183960993,30852.62843972709,796.1425897807712,0.02580469250249116,6395.119618153585,798.0109124619776,-37.36645362410127,0.0
2025-05-22,6,F,0.32,True,23734.693920277838,23115.582635399493,30827.401573706502,619.111284878345,0.020083148539071203,10000.430050284896,593.8388776302709,505.4481449614723,0.0
2025-05-22,12,F,0.0,True,22911.749615704663,22635.85022646778,30102.97829180065,275.8993892368817,0.009165185801965325,6225.546758217846,257.89982499556936,359.9912848263193,0.0
2025-05-23,6,F,0.33,True,7124.891064950874,6992.733526869857,14373.293797005852,132.15753808101726,0.009194659202509827,2206.6869966398276,124.99362721292346,143.27821736185524,0.0
2025-05-23,12,F,0.0,True,9461.5077081681,7506.96156366076,16571.81763028264,1954.5461445073397,0.117943981047419,2109.0960410763987,1862.9578658829341,1831.7655724881015,0.0
2025-05-24,6,F,0.32,True,7221.225136875808,6957.743988866976,14458.139816159826,263.48114800883195,0.01822372389249824,1903.6264201371685,246.38507382318676,341.9214837129107,0.0
2025-05-24,12,F,0.02,True,7628.573947762632,7413.42706558666,14761.894230137274,215.14688217597177,0.014574476609968983,1200.0,179.77860422973754,707.3655589246728,0.0
2025-05-25,6,F,0.25,True,23477.68550819838,22853.90516678608,30501.463119515178,623.7803414123009,0.02045083342291207,10106.74132511273,559.8067233183792,1422.85458885778,-10.396382348564657
2025-05-25,12,F,0.01,True,21819.661570713877,21222.393705971903,28998.456163949715,597.2678647419743,0.020596540083554014,6684.253908101084,621.206165224321,-301.3753451556713,-12.862271788977523
2025-05-26,6,F,0.22,True,26906.215134205384,24143.876281449782,33720.81123600022,2762.3388527556017,0.08191792402095412,9811.989978021902,2476.307248421992,5720.632086672099,0.0
2025-05-26,12,F,0.02,True,26944.06752415219,24811.181365213273,33817.824950188246,2132.886158938916,0.06306987992517371,5017.40930129048,1971.706824536359,4054.5386484756,-60.25080287745368
2025-05-27,6,F,0.28,True,25428.47813184181,24219.22519592,32414.87859970895,1209.2529359218097,0.037305490199573584,9963.840162758384,1115.189720729184,1881.2643038525648,0.0
2025-05-27,12,F,0.03,True,22924.16373386883,21980.978397843654,30128.063587546014,943.1853360251771,0.03130587312007201,7336.870832597988,900.3535442977263,856.6358345489948,0.0
2025-05-28,6,F,0.33,True,23827.51146976038,23386.109986772135,30935.212861760294,441.4014829882435,0.014268577525576679,10104.928164426776,401.7474827515289,826.3786741362737,-2.4144254563161667
2025-05-28,12,F,0.03,True,22241.12320952178,21920.43700833016,29307.89372020473,320.68620119162006,0.0109419736625611,5663.443414684847,329.8449181755386,-178.40256929721363,-0.3459923200243793
2025-05-29,6,F,0.21,True,27770.224758314027,26160.11775953986,34619.358465482284,1610.1069987741685,0.046508862964042164,10116.519217108518,1394.6728262228498,4808.837639819942,-36.26526306278902
2025-05-29,12,F,0.01,True,23374.46409973953,22215.401002076625,30424.3531031527,1159.0630976629036,0.03809655685145189,6728.693042273624,1150.017515884796,247.62253709536162,-4.837085137873146
2025-05-30,6,F,0.19,True,7517.7540383007945,7260.419737803939,14693.437029154098,257.3343004968556,0.01751355383946341,2082.2347619832167,277.7827372677475,-408.96873541785953,0.0
2025-05-30,12,F,0.02,True,6980.527117114882,6884.218994963245,14173.38125460277,96.30812215163678,0.0067949997549357505,1200.0,98.4534649332727,-42.90685563273928,0.0
2025-05-31,6,F,0.22,True,7121.220526851774,6739.15882612659,14329.260516540327,382.061700725184,0.026663043796584514,2505.998653733145,344.7579411185816,773.7377015164429,-2.0057578288433433
2025-05-31,12,F,0.01,True,6903.222757754867,6723.974028134604,14078.697333127824,179.24872962026348,0.012731911580944564,2285.124356026804,160.41163988220796,349.0792853767189,2.0057578288433433
2025-06-01,6,F,0.22,True,33174.67769526402,30003.158227508215,39920.662068252175,3171.5194677558065,0.0794455628599915,10120.82204970521,2928.0371959856493,5165.737357214895,-21.469082286741468
2025-06-01,12,F,0.02,True,25084.263797133677,24491.748031533287,32230.748925685064,592.5157656003903,0.018383555621576248,6523.318028773678,627.869788408163,-633.0305152701039,-5.369225423199168
2025-06-02,6,F,0.19,True,31558.87453467139,29900.979247898264,38479.28964803687,1657.8952867731277,0.04308539221845302,10084.257146304912,1575.848309207795,1640.9395513065738,0.0
2025-06-02,12,F,0.01,True,27588.418173321777,26767.396668681795,34518.05476439675,821.0215046399826,0.02378527730614808,7478.0710328233035,802.0613110029371,435.3925091154415,-4.0741349866129895
2025-06-03,6,F,0.21,True,35525.00167816522,32698.88148233924,41899.74624108401,2826.1201958259844,0.06744957784624685,10073.322729486219,2377.1152923570335,8980.098069379022,0.0
2025-06-03,12,F,0.02,True,26680.58149225548,25087.963784575433,33757.29255525908,1592.617707680045,0.047178478696803236,6455.0190794462505,1692.9646953831325,-2006.9397540617538,0.0
2025-06-04,6,F,0.26,True,33417.132415509375,30640.360676006952,40501.67848752458,2776.771739502423,0.06855942378678777,10078.539140290357,2828.003585864819,-820.491600535137,-14.80220328481846
2025-06-04,12,F,0.03,True,37332.77204136152,29037.03914454079,43505.06879515197,8295.732896820726,0.19068428407462187,6869.164114870261,7512.327307287538,15530.119526402303,10.005566035828451
2025-06-05,6,F,0.28,True,33832.65837942257,33253.38929846471,40202.860131233414,579.2690809578635,0.01440865349049711,10076.604671486326,404.12778783057,3502.825862545953,0.0
2025-06-05,12,F,0.05,True,28211.14752143647,27767.601390403404,35198.880144174575,443.54613103306474,0.01260114325274839,6966.59682267109,472.3199543239389,-103.15357598480841,-34.247266611278974
2025-06-06,6,F,0.25,True,11138.81687396523,10342.127215844926,17892.962498468634,796.6896581203036,0.04452530754415252,2871.831444086365,599.5514731909898,3942.7636985863064,0.0
2025-06-06,12,F,0.04,True,10056.248474054764,9826.093428803506,17228.78578652386,230.15504525125834,0.013358750181413408,7569.5064303935715,233.81580590044177,119.16039654645283,-13.948802674833132
2025-06-07,6,F,0.2,True,10328.197587184628,9756.685026715744,17477.498614436252,571.5125604688837,0.03269990592342657,5793.90549097154,444.6683252615112,2536.8847041474774,0.0
2025-06-07,12,F,0.0,True,11265.450355547438,10645.688978696779,18180.26518340824,619.7613768506599,0.0340897875030046,7964.818938533898,490.7407297382342,2580.4129422484784,0.0
2025-06-08,6,F,0.2,True,37004.65746052854,34631.55250936911,43848.67346560851,2373.104951159432,0.05412033622911559,10061.232948361634,2220.8442955717765,3045.2131117531117,0.0
2025-06-08,12,F,0.0,True,30148.00234899136,29631.00277982922,37422.33596603542,516.999569162137,0.013815267161071046,7766.896407220238,498.3111785319634,373.7678126035621,0.0
2025-06-09,6,F,0.16,True,38204.91823618168,37276.63448717426,44980.97769621528,928.2837490074162,0.020637251490545575,10059.758370327381,902.1627833256935,2808.9742764374478,-165.79390734202934
2025-06-09,12,F,0.0,True,32748.51878940597,32424.820254057744,39620.8388848193,323.69853534822687,0.008169906151892503,7065.550161123159,318.34793091515894,-1349.448157447503,105.60526163549548
2025-06-10,6,F,0.14,True,38051.84929699328,37192.799240367895,45044.39318304937,859.0500566253831,0.01907118724264781,10028.016649793959,749.2398806948186,3465.4884925254783,-92.03352588463349
2025-06-10,12,A,0.0,True,34246.22779902021,33646.77608741676,41224.88542675528,599.4517116034549,0.014541015830559615,6630.926628127965,608.5096201797787,-1450.4431454405913,92.03352588463349
2025-06-11,6,F,0.13,True,44440.99941125472,41245.171512196765,50837.84224158866,3195.8278990579565,0.06286316960249665,10069.993302196726,2761.8561188875465,8679.435603408107,0.0
2025-06-11,12,A,0.0,True,36691.1887695639,35151.48514019066,43416.97343364344,1539.703629373238,0.03546317275492388,6450.0,1399.42834580021,2948.7180457684844,-10.384066642836842
2025-06-12,6,F,0.15,True,40011.379765246646,39385.04825901981,47022.99979871441,626.3315062268375,0.01331968417387019,10084.011222262487,590.5302369490673,716.0253855554301,0.0
2025-06-12,12,A,0.01,True,35319.6342295796,34885.3048709949,42367.21370368317,434.32935858469864,0.010251544074208035,7107.51344716921,348.92957735675736,1707.9956245587264,0.0
2025-06-13,6,F,0.12,True,13738.004709449635,12675.703779412748,20970.770989835713,1062.3009300368867,0.05065626488180962,4386.230609454999,964.8553524924791,1948.9115508881719,0.0
2025-06-13,12,A,0.01,True,12942.496054509085,12502.732628703145,20187.993724972777,439.76342580594064,0.021783414032962984,6496.075945939839,321.56049555473874,2364.058605024027,0.0
2025-06-14,6,F,0.13,True,14098.324769692108,13721.670583013642,21178.16484023491,376.65418667846643,0.01778502478944198,4963.875556527356,372.2431968544006,970.2543253260974,-63.9547062400361
2025-06-14,12,A,0.02,True,13171.655982619784,12871.654946857816,20317.09244849393,300.0010357619685,0.01476594333182783,8275.339055979086,264.94967648108286,-151.80684973856478,61.83743200410936
2025-06-15,6,F,0.12,True,40534.26661954281,39446.05785728716,47519.134900205725,1088.20876225565,0.02290043294224489,10065.58624866304,973.3334592038082,2297.506061036758,0.0
2025-06-15,12,A,0.05,True,35079.3525193281,34897.13301772462,42178.29476026106,182.21950160348206,0.0043202197395415575,7001.815561237645,173.83401306376618,167.7097707943385,0.0
2025-06-16,6,A,0.1,True,40927.927248046275,39983.54763547416,47877.23909032856,944.3796125721128,0.019725022380475615,10040.072946290333,893.1246031252376,1025.1001889374347,0.0
2025-06-16,12,A,0.05,True,35774.66011744893,35059.40639560334,42902.94958797082,715.2537218455909,0.01667143468490415,6527.178363449755,624.4888531698307,1815.2973735152373,0.0
2025-06-17,6,A,0.1,True,46948.701682232124,44278.396802317,53259.34915004435,2670.304879915122,0.05013776778218287,10048.567466982893,2137.509105232253,10761.093927865299,-7.626295391590247
2025-06-17,12,A,0.08,True,37317.17158144313,35000.869563078166,44566.33853692314,2316.302018364964,0.05197424994754531,7104.2133252400745,2430.064530178708,-2380.4286704827787,7.626295391590247
2025-06-18,6,A,0.04,True,45091.12292759961,43616.75634658269,51456.426777110886,1474.3665810169186,0.028652719851755312,10084.498206546701,1177.2003223321371,5943.325173695588,0.0
2025-06-18,12,A,0.06,True,36828.31038446514,35088.24042305677,43918.056575749964,1740.0699614083715,0.039620832456625094,7401.274021109877,1836.564755719679,-1484.9439345190258,-32.26265007973052
2025-06-19,6,A,0.06,True,38603.26140238194,36464.7773839261,45602.1941622636,2138.4840184558416,0.04689432291013454,10067.0407596824,2024.0104250087534,2404.71494727332,-8.356064280775172
2025-06-19,12,A,0.01,True,34779.06125226168,33918.954643815974,41499.8740953353,860.1066084457052,0.020725523322548674,6925.042217098169,702.1963289915875,3584.623058137984,-30.918748730617153
2025-06-20,6,F,0.1,True,14010.39686472338,13443.911697377484,21014.474039747132,566.4851673458961,0.02695690438287613,3243.6290543681416,562.3914959178182,3015.6621596938276,-212.72364100716368
2025-06-20,12,A,0.01,True,12917.14251118523,12403.800837679843,20030.99531051287,513.341673505387,0.025627367264969097,7495.692792418413,431.97150738558776,-1288.0318234979154,211.3928561977391
2025-06-21,6,F,0.14,True,13861.047018783118,13592.392215876986,20834.76526876546,268.6548029061323,0.01289454426006361,2907.8666833853845,165.3838706048591,2423.2769586601808,-25.947650020103538
2025-06-21,12,F,0.08,True,13330.495900908998,13146.491076899596,20397.151730818492,184.004824009402,0.009021103850072616,6309.914464237852,232.91854112194414,-1336.1326548856387,25.947650020103538
2025-06-22,6,F,0.12,True,41270.433920689895,38554.93465825865,47683.912301807315,2715.4992624312436,0.056947912437300595,10119.165636264877,2282.204415552791,9164.608487463247,-36.16065996166071
2025-06-22,12,A,0.04,True,34700.12212205027,33783.93375999194,41601.81805100576,916.1883620583321,0.022022796237776022,8069.806907173673,1106.297182796734,-3980.012299222166,12.894553872059987
2025-06-23,6,F,0.19,True,37813.034850368786,37242.62248797929,44724.846919332274,570.412362389492,0.012753813633354927,10062.70570161254,570.7104684879232,-5.962121968579595,0.0
2025-06-23,12,F,0.03,True,32855.37585964419,32430.3656215214,40077.324838549765,425.01023812279163,0.010604755677554126,7217.853862500213,404.5811572270977,408.58161791385464,0.0
2025-06-24,6,F,0.2,True,41839.426114809976,40749.458720596675,48949.08914976765,1089.9673942133013,0.022267368262530278,10078.203599441567,1055.0410225532687,698.5274332006684,0.0
2025-06-24,12,F,0.03,True,35870.64839109288,35375.91790417184,42848.5569813871,494.73048692104203,0.01154602445855871,6345.410623218696,422.54909526056144,1443.6278332096626,0.0
2025-06-25,6,F,0.19,True,39199.1406660295,38527.315905617754,45942.96897119723,671.8247604117496,0.01462301578361061,10098.114048237769,616.2680409721215,1111.1343887924795,0.0
2025-06-25,12,A,0.05,True,31886.537317476832,31571.095865800613,38774.435735856474,315.441451676219,0.008135294445678188,7293.596821826322,287.1866622036905,565.09578945067,0.0
2025-06-26,6,F,0.19,True,37738.069866008846,36577.07150918639,44619.2035482227,1160.9983568224561,0.02602014972247755,10061.495141240266,1077.933922375989,1661.2886889292859,0.0
2025-06-26,12,A,0.0,True,30976.430971086433,30416.779348274125,38052.99962630782,559.6516228123073,0.01470716180874724,7477.422728487982,483.878456138249,1515.4633334811188,0.0
2025-06-27,6,F,0.19,True,12010.174528695812,11692.985966892475,19314.022084183707,317.1885618033375,0.016422708870312615,3275.7338881794794,306.17110138593125,220.34920834809418,0.0
2025-06-27,12,A,0.0,True,12916.412498049775,12614.445704594365,19951.201966551707,301.96679345540906,0.015135268239059379,7207.968596197163,249.4592799079146,1050.1502709499,0.0
2025-06-28,6,F,0.21,True,14216.509343639058,13348.10497478356,21051.653779268698,868.4043688554975,0.041251123449060664,2856.8611846667723,791.0122635148946,3778.7512189723748,-161.7591287535015
2025-06-28,12,A,0.01,True,11891.024467625793,11404.975154656697,19024.548274297285,486.0493129690967,0.025548533713452917,7739.845304744704,392.9448020075797,-368.8188929300395,161.7591287535015
2025-06-29,6,F,0.21,True,36760.9332726442,35376.002483123055,43411.535572113164,1384.930789521146,0.031902368144074635,10077.150530707524,1270.015002983877,2298.315730745342,0.0
2025-06-29,12,A,0.0,True,32548.825918711365,31803.67725994665,39270.13235045941,745.148658764716,0.018974946458411888,7264.6319769230995,632.0094633644403,2262.7839080056,0.0
2025-06-30,6,F,0.21,True,38007.9674983234,37023.237147330576,44734.41438663195,984.7303509928242,0.022012814172148693,10044.976096581999,860.2975536880185,2488.6559460961635,0.0
2025-06-30,12,A,0.0,True,31370.553231847152,31023.958978544506,38381.84331174028,346.5942533026464,0.009030161748292838,6922.930811316702,388.1202996836728,-830.5209276204769,0.0
2025-07-01,6,F,0.22,True,32736.23161438018,32144.988166474708,39931.12954958088,591.2434479054718,0.014806579592779829,10077.524745764293,588.073202568652,63.40490673638578,0.0
2025-07-01,12,A,0.0,True,29007.811259237307,28799.056886057824,36187.9656920209,208.75437317948308,0.00576861310624906,6485.739667222224,194.52129166817758,433.1187462410926,-10.764353246373503
2025-07-02,6,F,0.21,True,33705.48673777984,32458.67403759264,40548.04182325024,1246.812700187198,0.030749023728989938,10101.21341670687,1110.4014224423227,3779.3903904010276,-76.21803463016477
2025-07-02,12,A,0.01,True,29184.016961404348,28699.187051924746,36184.83132598777,484.82990947960207,0.013398705803318188,7983.192274016915,435.1089643510277,-56.74593293201724,76.21803463016477
2025-07-03,6,F,0.18,True,38734.64737584531,37291.199635651436,45126.62862582268,1443.4477401938711,0.031986607113120145,10082.937039693541,1242.4780721902716,5673.756931730037,-119.95486886231083
2025-07-03,12,A,0.03,True,31221.0811396819,30570.298730364844,38176.085908541136,650.7824093170566,0.017046860458040228,6931.399238799528,623.5865577378645,-1061.8472405746652,116.43102277543767
2025-07-04,6,F,0.19,True,16281.011611505362,12550.69967611148,22819.086354132785,3730.311935393882,0.1634733256845878,2808.577422296227,3219.072406248415,10224.79058290935,0.0
2025-07-04,12,A,0.04,True,12049.252478343946,11700.672070327202,19142.940392868244,348.5804080167436,0.01820934510910394,6674.492993080295,279.6225276198529,1379.157607937862,0.0
2025-07-05,6,F,0.16,True,13670.562086943415,12694.485894025996,20654.68650855995,976.0761929174187,0.04725688731769916,2915.04612086553,787.4425866890233,3772.6721245679028,0.0
2025-07-05,12,A,0.04,True,13004.34801587117,12892.697877555163,20110.133919475473,111.65013831600663,0.005551934102630719,5515.112405836471,82.66907409414853,579.6212844371885,0.0
2025-07-06,6,F,0.2,True,44388.35379940955,39047.356791186656,50391.03301182774,5340.997008222897,0.10599102040573892,10051.638967362125,4699.858139896292,12864.471886094541,-3.0231931554026232
2025-07-06,12,A,0.06,True,38630.583244990805,37695.551155404944,44961.21881968656,935.0320895858604,0.020796413312008582,6786.983829330182,538.3114903239548,7988.3294595696225,-3.909457191635738
2025-07-07,6,F,0.18,True,36251.80394540176,35391.94949446125,43384.09649774363,859.854450940511,0.019819577226535795,10045.322916690064,890.0583671032146,-558.3466293196807,-3.3159212658738397
2025-07-07,12,A,0.07,True,33889.36344269012,33191.45082558621,40840.160980087356,697.9126171039097,0.017088880169796455,7640.852693068846,610.9308061533156,1693.9045250776417,3.3159212658738397
2025-07-08,6,F,0.19,True,40010.51782020406,38830.806631138075,46988.9370390779,1179.7111890659871,0.025106147604166733,9988.384918470427,1086.1797320618352,1898.8852090830287,-2.0487957481145713
2025-07-08,12,A,0.06,True,39657.54823796574,38188.60254876275,46191.15368115485,1468.945689202992,0.031801450540567364,6476.634239643488,1083.6371485688142,9827.16233025603,-153.7892055332868
2025-07-09,6,F,0.19,True,42042.56418366194,41324.22047034962,49018.67627010113,718.3437133123225,0.01465449024682201,9995.068539036009,643.442763177758,1498.019002691315,0.0
2025-07-09,12,A,0.05,True,36811.84021004167,36297.90643104812,43883.08919169269,513.9337789935526,0.011711431179071209,7059.984226385771,572.7763277850026,-1176.8509758289692,0.0
2025-07-10,6,F,0.19,True,40796.31890822834,39348.82037010915,47771.8196191535,1447.4985381191946,0.030300259643843218,9964.13054251137,1350.8728872658248,1932.513017067331,0.0
2025-07-10,12,A,0.06,True,35267.78729248775,34797.357081406975,42550.10453969856,470.43021108077664,0.011055911992927606,6842.854395134841,492.2708860981802,-436.8135003479533,0.0
2025-07-11,6,F,0.21,True,17821.66628987981,17102.459685527385,24917.935418838093,719.2066043524246,0.028863009405213427,3647.7619466261913,644.3715782105246,1625.3075924261384,-9.325062780339067
2025-07-11,12,A,0.07,True,16368.34945256689,16147.59787013028,23553.101929272816,220.751582436611,0.009372505714937333,7119.482901059357,216.81804375839783,-49.93629602396868,9.325062780339067
2025-07-12,6,F,0.18,True,20617.010981521664,18067.57133260356,27329.278366204697,2549.4396489181054,0.09328602148788293,3566.635315296069,2112.362680367525,9501.811697277837,-55.12595221467018
2025-07-12,12,F,0.07,True,18069.480896127625,17697.271463106015,25098.262714443736,372.2094330216096,0.01483008753460086,7101.964558895306,357.6190844907287,-468.46535564858004,55.12595221467018
2025-07-13,6,F,0.19,True,41440.08211019052,39872.46543141592,48719.44060093476,1567.616678774597,0.03217640965164366,9992.434067852526,1648.7815418049577,-1623.2972606073372,0.0
2025-07-13,12,F,0.07,True,36148.365856629694,35849.46890953599,43377.7937965639,298.8969470937009,0.0068905520759190274,6499.423407502075,315.11675304972596,-324.3961191204162,0.0
2025-07-14,6,F,0.16,True,38975.038267009855,38225.803210590064,45854.545119981136,749.2350564197914,0.016339384775475876,10016.554045965137,728.1463896774294,421.77333484728297,0.0
2025-07-14,12,F,0.08,True,34960.07180161387,34761.99604108902,41891.41650315702,198.07576052485092,0.004728313746801174,7007.319165743846,150.51413601076638,951.2324902816508,0.0
2025-07-15,6,F,0.16,True,39475.53980990226,38863.55302318111,46585.26812740772,611.9867867211433,0.013136916697514732,9977.906124669173,607.9843626293004,80.04848183685499,0.0
2025-07-15,12,F,0.08,True,36324.351341045614,35732.77817746805,43293.081590414295,591.5731635775664,0.013664381047630233,7532.27327023719,496.0576685586493,1910.3099003783054,0.0
2025-07-16,6,F,0.15,True,40640.082543102326,39773.70206922887,47755.89970136378,866.3804738734543,0.018141852196090293,9977.394538281034,846.4205943478955,399.1975905112158,0.0
2025-07-16,12,F,0.1,True,37894.46381648477,37464.615335246395,44876.623637712866,429.8484812383758,0.009578449678133651,7111.261479867953,332.4056625095982,1948.8563745755891,0.0
2025-07-17,6,F,0.18,True,41439.458223590926,40408.865518439845,48111.75883153035,1030.5927051510807,0.021420807099566588,9947.066771428554,953.7268230632253,1537.3176417572176,0.0
2025-07-17,12,F,0.12,True,37903.58413031131,37614.46936813131,44584.930483946046,289.1147621800046,0.0064845847922563845,7198.994311052673,152.54706727044686,2731.353898191186,0.0
2025-07-18,6,F,0.16,True,18733.331029364024,17727.730050667327,25878.802475824647,1005.600978696697,0.03885809552571473,3456.3237073502733,924.1007120972827,1630.0053319883464,0.0
2025-07-18,12,F,0.11,True,17542.676780252215,17187.726040372072,24771.195793034556,354.9507398801434,0.014329172594080114,6787.217519840228,326.5243148676818,568.5285002491223,0.0
2025-07-19,6,F,0.19,True,18007.12050728641,17721.38984260713,25106.324217314734,285.7306646792822,0.011380824297737152,3262.6747745278344,278.86322097649463,382.87074112284245,-17.80234035093963
2025-07-19,12,F,0.14,True,19938.81838390831,18998.397994697218,26708.488935945614,940.4203892110927,0.03521054266553538,3483.716931603558,772.6448581445584,3478.146868034639,-8.892129362106061
2025-07-20,6,F,0.25,True,42771.037725671,41773.91027544553,49789.781204148574,997.1274502254673,0.02002674898564095,9987.114597573283,979.6581081871263,819.3808246942308,-34.07840191475407
2025-07-20,12,F,0.08,True,37162.64117632225,36815.707885363816,44128.88919289247,346.93329095843364,0.007861817899878425,6966.557674192943,281.0003200953215,848.6654333348706,34.07840191475407
2025-07-21,6,F,0.28,True,39337.10954021946,38598.43121431479,46069.706111054125,738.6783259046715,0.01603392746035839,9983.221620980088,676.682811294253,1239.910292208302,0.0
2025-07-21,12,F,0.07,True,39960.68926083266,38119.55761710594,46343.63392182706,1841.1316437267233,0.03972782209596174,6681.791347538516,1509.6840985743984,6827.787658926623,-14.417288548444049
2025-07-22,6,F,0.3,True,57732.31473170999,48600.7150622276,63235.396813454776,9131.599669482384,0.14440645792768123,9989.568242814967,8120.274866055108,24133.750886466718,-283.3078818494869
2025-07-22,12,F,0.1,True,41023.532914341,37682.071150425,47790.42470951459,3341.4617639159987,0.06991906400134476,7246.89436396977,3631.4449840578236,-8420.113383148284,190.0039502675063
2025-07-23,6,F,0.44,True,40891.31654677654,40373.69054032906,47983.94256065554,517.6260064474845,0.010787483871154687,9937.557843068367,526.4377833845792,-176.23553874191475,0.0
2025-07-23,12,F,0.09,True,38361.84986067459,37787.54047430223,45317.71132665908,574.3093863723625,0.012672956545237382,7085.026336649758,459.3900329980752,2298.387067485699,0.0
2025-07-24,6,F,0.44,True,41721.79324026686,41212.138657096024,48531.00676662068,509.6545831708354,0.010501628075051032,9977.777026601874,467.20277116472425,1811.7232366003882,-69.80266877024042
2025-07-24,12,F,0.08,True,38456.4057783865,38120.144492417196,45023.11591965728,336.2612859693036,0.00746863647929997,7100.633690553032,316.4019217645691,-454.12333932120964,61.72697219789552
2025-07-25,6,F,0.37,True,18862.74788120483,16555.965285232167,25615.36568506277,2306.7825959726615,0.09005464237107606,3205.189455504466,2069.864151197544,4738.368895502426,0.0
2025-07-25,12,F,0.08,True,17355.121348609653,17259.727472580307,24334.27580861477,95.39387602934585,0.003920144440689486,7237.660051946371,39.18105032969106,1125.9644870172087,-0.12384199195366818
2025-07-26,6,F,0.47,True,17078.501406074472,16895.637222072306,24227.873961516678,182.86418400216644,0.007547677699356789,3307.8011398351587,170.50984171486198,247.0868457460574,0.0
2025-07-26,12,F,0.08,True,16981.735178871182,16887.548787732732,24115.080868316734,94.18639113844984,0.003905704967475159,7066.439473168845,72.42412181574036,435.2453864541603,0.0
2025-07-27,6,F,0.45,True,40769.613113301144,40107.23695249225,47681.08832259179,662.3761608088971,0.013891800378538264,9965.782283682298,600.8308895047303,1230.9054260832509,0.0
2025-07-27,12,F,0.08,True,33509.51315122113,32716.906186476393,40922.0133082668,792.6069647447366,0.019368718708290416,7050.0,814.0973073470668,-429.80685204667316,0.0
2025-07-28,6,F,0.49,True,44844.67783489673,43856.753712656944,50926.15643064611,987.9241222397832,0.019399149503559917,9959.927830205432,625.3940385235474,10230.370784933366,-216.05759400566603
2025-07-28,12,F,0.08,True,38635.519611037555,37868.54833990466,45215.738348537816,766.9712711328975,0.016962484726464715,7050.0,899.1614507807753,-4474.477121825259,132.73878054807028
2025-07-29,6,F,0.44,True,44943.08851426629,43067.58871721555,51518.5320801357,1875.4997970507393,0.03640437181194234,9973.062225804455,1700.3579217629958,3502.8375057548656,0.0
2025-07-29,12,F,0.08,True,39031.94490853944,38615.20037614904,45575.108013539844,416.74453239039576,0.009144126049390508,6631.341427442992,288.7434536600049,2560.0215746077847,0.0
2025-07-30,6,F,0.44,True,43840.43357155686,42512.100238697516,50231.92247335275,1328.3333328593435,0.026444007464854716,9965.460385306887,918.670877366385,8873.284709652065,-49.30813431361821
2025-07-30,12,F,0.08,True,37229.12612902525,36608.74418570741,44072.16783883066,620.3819433178433,0.014076501650350936,6519.507153982626,601.8133221034805,-308.66317550568965,49.30813431361821
2025-07-31,6,F,0.42,True,39313.077428052864,38836.55150615693,46089.80119589224,476.5259218959327,0.01033907522991015,9922.426402157134,417.2584048603676,1185.3503407112676,0.0
2025-07-31,12,F,0.09,True,38450.05933943472,37689.636496765386,45059.300114210106,760.4228426693371,0.01687604647080452,6939.061196526819,531.842776517864,5828.367413084257,-91.12580457270997
2025-08-01,6,F,0.42,True,15120.05847894924,14911.531765101789,22319.388307884063,208.5267138474519,0.00934285075249093,3261.1410668593644,159.43457535486232,981.8427698518399,0.0
2025-08-01,12,F,0.08,True,15243.111818027848,14955.658318326505,22370.78113919572,287.4534997013434,0.012849506591332108,3686.660941271194,256.651459443121,616.0408051644608,0.0
2025-08-02,6,F,0.45,True,15908.943421929094,15803.287869822032,23090.28947220494,105.65555210706225,0.004575756931685317,3058.239815941771,110.4269170921907,-95.42729970255732,0.0
2025-08-02,12,F,0.06,True,15654.770891735365,15459.665470867289,22795.053784880856,195.10542086807618,0.0085591121086752,3154.6705977194792,154.7228970571923,807.6504762177028,0.0
2025-08-03,6,F,0.4,True,33810.209567623475,33199.44404915537,40707.85047041255,610.7655184681062,0.015003629801382545,9983.53369350915,593.4411335393816,346.4876985744577,0.0
2025-08-03,12,F,0.08,True,31725.54852961124,31189.792787172562,38701.19774453844,535.755742438676,0.01384338918849824,6385.383119915947,535.966743750294,-4.220026232433156,0.0
2025-08-04,6,F,0.34,True,37145.96729218946,35841.33316931716,43596.4840006336,1304.6341228723031,0.029925214218039748,9939.569583400424,1025.9642484930082,5573.397487585828,0.0
2025-08-04,12,F,0.11,True,31923.6483216443,31087.54488060379,39024.59072131026,836.1034410405118,0.021425040611225132,6794.7589698320335,873.943839138592,-756.8079619615901,0.0
2025-08-05,6,F,0.4,True,35517.332287233075,34682.79429619368,41911.941600004604,834.5379910393967,0.019911699605901938,9994.603971746334,654.1828885757277,3737.114597792479,-9.42697148030129
2025-08-05,12,F,0.12,True,30482.421052464633,30097.50075697492,37590.70893919542,384.92029548971186,0.010239772176479483,7029.241722119554,392.027222047087,-272.15107966660435,9.42697148030129
2025-08-06,6,F,0.32,True,34178.90351037955,33807.36104434832,41171.7069968119,371.5424660312274,0.00902421816175845,10009.641746258803,380.3343072660937,270.3733093064402,-32.35387857085152
2025-08-06,12,F,0.13,True,33658.74050442991,33319.17396987779,40321.07286483297,339.56653455211926,0.008421564964068224,7319.663099053787,264.6063310691752,1080.0811369600033,30.38983527586788
2025-08-07,6,F,0.31,True,35140.67790693564,34214.784821588466,41881.63862521788,925.8930853471757,0.02210737487213966,9964.406180728603,883.056029815285,856.7411106378568,0.0
2025-08-07,12,F,0.13,True,33427.319166573114,32834.072587101065,39983.87455046022,593.2465794720483,0.014837145877980452,7060.83382291984,538.8429971574515,1088.0716462920282,0.0
2025-08-08,6,F,0.32,True,13724.679786673421,13607.31442456127,20670.548508699663,117.36536211215207,0.005677902647951322,3167.6179780626694,109.30275043489382,161.252233545094,0.0
2025-08-08,12,F,0.13,True,15082.818420954934,14817.47363403551,21765.300177673606,265.3447869194242,0.012191184350933483,1200.0,212.94059001861024,1402.9225520254276,-25.72869721018469
2025-08-09,6,F,0.28,True,12841.504048047083,12682.810536230829,20144.478187366112,158.6935118162546,0.007877767313713861,3034.318147350784,190.8038737286879,-642.2072382486563,0.0
2025-08-09,12,F,0.12,True,13624.115262769914,13254.665114723388,20715.848219191786,369.450148046526,0.017834179133647845,2457.486095487523,278.3760246985039,1821.4824669604377,0.0
2025-08-10,6,F,0.28,True,32573.793344317943,32008.58538157965,39411.911108227236,565.2079627382918,0.014341044289534711,9966.087477656862,477.1866066026196,1760.4271227134832,0.0
2025-08-10,12,F,0.1,True,30696.57531272812,30469.96061875012,37702.435486861694,226.61469397800101,0.006010611544099592,7297.934916386241,216.78623524362047,196.56917468767278,0.0
2025-08-11,6,F,0.28,True,32730.509213459867,32089.80336862078,39493.86500461495,640.705844839089,0.016222920819834195,9950.775391317238,540.8042448473425,1998.0319998349441,0.0
2025-08-11,12,F,0.09,True,30996.98392549424,30756.57728524165,37788.93740977752,240.4066402525932,0.006361825886916585,6387.475491533025,198.08432652128977,846.4462746259742,0.0
2025-08-12,6,F,0.32,True,34064.83103300888,32845.75806566414,41025.81482288973,1219.0729673447422,0.029714777698079474,9997.225293576856,1043.8256643964269,3504.946058966334,0.0
2025-08-12,12,F,0.12,True,32979.434243808784,32735.285267434847,39421.54523870339,244.14897637393733,0.006193287830184701,7158.68801712739,225.15208183142386,379.93789085030585,0.0
2025-08-13,6,F,0.31,True,32502.81515586008,31390.490745271374,39278.4877052128,1112.324410588706,0.02831892151593925,10008.932459378186,995.2744072002606,2341.0000677689004,0.0
2025-08-13,12,F,0.12,True,30174.669373766832,30040.651375230707,37030.163616099155,134.01799853612465,0.003619157612305533,6956.598770756655,132.15285624902026,268.9544147581455,-16.79663047417671
2025-08-14,6,F,0.32,True,33534.3722235249,32432.400494645684,40436.53902673842,1101.9717288792162,0.02725188048736179,9921.192370111348,953.5294523147968,2968.8455312884435,0.0
2025-08-14,12,F,0.1,True,30194.36779371518,29868.006302354435,37288.01219776527,326.3614913607453,0.008752450777740967,6585.423546674065,322.4546066741823,78.13769373124887,0.0
2025-08-15,6,F,0.34,True,13138.36841965292,12975.765372353026,20369.41623850993,162.60304729989366,0.007982705316438094,3102.799778252319,186.99640096939765,-487.8670733900626,0.0
2025-08-15,12,F,0.11,True,12849.570017536944,12650.49458116001,20097.157017623915,199.0754363769338,0.009905651640297055,1378.6305195927953,203.78221859042606,-94.13564426986295,0.0
2025-08-16,6,F,0.27,True,13171.64695187711,13050.41353655307,20353.987760267155,121.23341532404083,0.0059562488074548,3137.0485514279094,121.62690406280308,-7.86977477522305,0.0
2025-08-16,12,F,0.14,True,12665.721113458016,12215.87679115977,20034.872337085086,449.84432229824597,0.02245306656961183,1200.0,419.2329500812011,612.2274443408546,0.0
2025-08-17,6,F,0.26,True,30956.80638172091,30127.356868977105,37931.0928107444,829.4495127438058,0.021867271709842623,9962.122928999048,709.1068230979145,2406.853792917849,0.0
2025-08-17,12,F,0.12,True,28802.031636576852,28006.64973113571,36127.23088049637,795.3819054411433,0.022016132597379275,6910.188264851804,760.5260129470844,697.1178498812344,0.0
2025-08-18,6,F,0.33,True,31467.158311230807,30854.932679126134,38491.593670978364,612.2256321046734,0.015905437362191507,9951.87263724659,546.9460974832837,1305.5906924278152,0.0
2025-08-18,12,F,0.05,True,29635.5309840657,29354.090429619355,36727.80694783309,281.4405544463443,0.007662873932170597,6696.453566314533,242.1434865586416,785.9413577541254,0.0
2025-08-19,6,F,0.27,True,31566.785724604546,30781.568704337667,38264.41433079553,785.2170202668785,0.020520816377292077,9963.253162352083,720.3980062768314,1317.5238645530208,-1.5330825579439988
2025-08-19,12,F,0.03,True,30710.580655531972,30115.89973088239,37480.82005618861,594.6809246495832,0.015866273036664602,6657.527956388836,567.7742103082201,516.9907020752598,1.5330825579439988
2025-08-20,6,F,0.27,True,36655.747204105945,32726.974211004395,43412.21401058887,3928.772993101549,0.09049925424543573,9935.329494922991,3626.5465922171206,6044.528017688517,0.0
2025-08-20,12,F,0.03,True,30644.441891281116,30168.453096061217,37627.58596248763,475.98879521989875,0.01264999555630356,5634.725257811157,417.6588672243306,1166.5985599113892,0.0
2025-08-21,6,F,0.25,True,33611.895878969786,32918.25268537646,40635.33069954916,693.6431935933288,0.01706995320702594,9900.275872180207,681.1357753798366,250.14836426990223,0.0
2025-08-21,12,F,0.0,True,31521.303191135252,31080.720185360427,38335.84621689388,440.5830057748244,0.01149271632826688,6873.600602463201,314.61579681894364,2519.344179117601,0.0
2025-08-22,6,F,0.25,True,13863.894754464154,13709.455803917139,20785.128104405092,154.43895054701534,0.007430262145667717,3100.7740332974217,122.72313250152729,1146.8245406167134,-37.161028289567184
2025-08-22,12,F,0.0,True,14303.619516865307,13759.9590917587,21025.401043302085,543.6604251066074,0.025857315348560138,2148.7622032166864,478.4735376656863,791.2295691114505,37.161028289567184
2025-08-23,6,F,0.27,True,12563.926208915907,12400.719844074692,19867.460765141517,163.20636484121496,0.008214757123243899,3286.5354571509342,147.991784034999,304.2916161243511,0.0
2025-08-23,12,F,0.0,True,14240.564736164162,13643.03576108569,21077.13373606544,597.5289750784723,0.028349631527745653,1200.0,486.6577198900195,2217.42510376903,0.0
2025-08-24,6,F,0.31,True,31008.04812607536,30411.234604071113,38164.3432854799,596.8135220042459,0.015637987467514238,9940.800023988551,595.4974010167643,26.32241974959743,0.0
2025-08-24,12,F,0.0,True,31670.021636748257,29985.502812303355,38776.61859568056,1684.5188244449018,0.04344161212222216,6581.729215492514,1559.4970578623106,2500.435331651798,0.0
2025-08-25,6,F,0.31,True,35527.323866611514,34647.10796928621,42485.025018196466,880.2158973253026,0.020718262421836952,9957.611462618763,835.7036513613784,890.2449192784752,0.0
2025-08-25,12,F,0.03,True,33115.2057926332,32799.82443985153,39843.09191815336,315.3813527816674,0.007915584298265088,7536.345473213216,257.7577843456238,1152.4713687208496,0.0
2025-08-26,6,F,0.29,True,32810.5817636172,31536.683455736515,39861.98632215992,1273.898307880685,0.03195772276838358,9939.604641169204,1114.4177850263513,3189.6104570866673,0.0
2025-08-26,12,F,0.0,True,30529.225302000887,29823.823466580012,37691.365574083815,705.4018354208747,0.018715210358573518,7318.704491734366,638.6113718906199,1335.8092706051712,0.0
2025-08-27,6,F,0.29,True,44047.68019691299,36559.33557081998,50136.56050264893,7488.344626093007,0.14935896182382447,9940.226532111014,6667.695525903182,16440.540658160244,-1.998227491742
2025-08-27,12,F,0.0,True,33370.08817558637,32373.449677210447,40179.06150091778,996.6384983759199,0.024804922293995207,7442.970599624021,1067.9411101261576,-1453.6108893684323,1.998227491742
2025-08-28,6,F,0.32,True,37137.16812049804,35336.523206082944,43749.3687454968,1800.6449144150974,0.041158191901921805,9930.061788390365,1521.656289842249,5579.77249145693,0.0
2025-08-28,12,F,0.0,True,31588.52937589574,30503.602423471013,38682.735032368284,1084.9269524247284,0.028046800504589492,6607.27698790919,1211.906114307647,-2539.5832376584203,0.0
2025-08-29,6,F,0.3,True,13727.912018111832,13536.02975492963,20900.38362489473,191.88226318220222,0.009180801014276535,3615.9221239611743,228.00739107987465,-133.5501717361558,-42.7038575227034
2025-08-29,12,F,0.0,True,14366.55677943999,13930.99392100859,21251.849871087903,435.56285843139995,0.020495291519255544,2776.1452206773715,367.2744758865265,1318.9952812757874,3.3913787516030425
2025-08-30,6,F,0.31,True,13437.346485823562,13298.782937843038,20622.316126484635,138.56354798052416,0.006719106967939991,3609.564054593414,129.95494194511411,172.1721207082319,0.0
2025-08-30,12,F,0.0,True,13340.143292876515,13237.568997470942,20492.604360789766,102.57429540557314,0.005005429939487692,2877.6817663369998,90.94826798477152,305.9986298494623,-5.327760942996974
2025-08-31,6,F,0.31,True,34491.80757721203,33309.43500404838,41131.16446795578,1182.3725731636514,0.028746391901566686,9960.919004374116,1004.0918169907818,5005.940735073949,-104.4353688756255
2025-08-31,12,F,0.0,True,30337.895391634185,29946.829840440667,37408.41509608539,391.06555119351833,0.010453945995547977,6009.325109097346,409.2362506160862,-1326.0922220745797,69.8020333916993
2025-09-01,6,F,0.29,True,32784.11881639604,31746.213498137055,40060.561767114545,1037.905318258985,0.025908406484479077,9903.361457217772,1094.7169802708231,-1136.2332402367338,0.0
2025-09-01,12,F,0.0,True,30574.07637394795,29703.678263759037,37809.643914714274,870.3981101889149,0.02302053180273894,5966.9454116837005,765.7928551048462,2092.1051016813826,0.0
2025-09-02,6,F,0.31,True,35012.58425643372,32213.11020785279,41745.4347399361,2799.4740485809307,0.06706060353715257,9934.65311727957,2532.405790085977,5341.365169899118,0.0
2025-09-02,12,F,0.02,True,28611.552950782112,27466.27203779976,35980.326291609505,1145.2809129823509,0.03183075394314661,6984.814461782467,1161.329191127712,-320.9655629072772,0.0
2025-09-03,6,F,0.32,True,32151.130023737438,31355.641869269075,39134.425474573094,795.4881544683631,0.020327068682411537,9934.816584759863,731.7267291801109,1520.2160672955679,-17.763598836283563
2025-09-03,12,F,0.03,True,29352.475521001787,28999.797612570183,36606.35945299585,352.677908431604,0.009634334408054362,6701.7795537335605,287.7542930826894,1053.48474544778,17.763598836283563
2025-09-04,6,F,0.36,True,32018.0461236748,31220.736471515418,38946.93668059285,797.3096521593834,0.02047169097529256,9904.80486764044,665.9642463512791,2626.908116162087,0.0
2025-09-04,12,F,0.03,True,29075.90093988771,28619.32852103049,36423.432121447026,456.5724188572203,0.01253512896134736,6816.431047785747,466.6434125818996,-187.47870165743143,-1.0108488774785656
2025-09-05,6,F,0.33,True,11374.641956352423,11168.348871180071,18698.756504381057,206.29308517235222,0.011032449410420336,3565.5424988654436,209.62466740146556,182.73965077994626,-18.08145533766401
2025-09-05,12,F,0.02,True,10912.260436493263,10675.066880571403,18231.353157642065,237.19355592186002,0.013010200278109101,1299.8055240823683,227.27425658957145,-50.985308716444706,18.08145533766401
2025-09-06,6,F,0.32,True,11200.960347967937,11012.479397359593,18519.152141478004,188.48095060834385,0.010177623098964469,3439.800863683679,184.63733247506752,76.87236266547552,0.0
2025-09-06,12,F,0.04,True,10717.385919516337,10529.3517206794,18060.517902474116,188.0341988369364,0.010411340353156625,1200.0,188.74562080561736,-14.228439373642686,0.0
2025-09-07,6,F,0.29,True,33137.89861437119,30557.087484650052,39752.97031528794,2580.8111297211362,0.06492121492437572,9919.088777766003,2241.07473836351,6794.727827152472,0.0
2025-09-07,12,F,0.03,True,27115.739074788245,26290.154227491097,34443.84342098229,825.5848472971484,0.023969010577786557,7025.667949930936,806.8611513167198,374.47391960854816,0.0
2025-09-08,6,F,0.32,True,28491.790271568083,27552.999187623223,35391.261339345016,938.7910839448596,0.026526070233648072,9937.26234002218,804.312058267009,3043.8692523405425,-25.68882676593421
2025-09-08,12,F,0.02,True,27650.73942361604,26418.233901305808,34602.0092370213,1232.5055223102318,0.03561947844900152,6432.261326884708,990.0594682449591,4494.632342521722,25.68882676593421
2025-09-09,6,F,0.31,True,29082.23749119194,26836.150727692308,35659.27881890203,2246.086763499632,0.06298744220000999,9950.584742418507,1857.2356625168977,7777.0220196547325,0.0
2025-09-09,12,F,0.08,True,24497.246971038505,23184.90876453896,31791.191806041083,1312.3382064995458,0.041279931073555105,7180.491617704434,1386.1229065494808,-1475.6940009987293,0.0
2025-09-10,6,F,0.31,True,25451.969378694725,24978.85866409015,32784.23683522178,473.11071460457606,0.014431042484914244,9925.122503966382,496.323959687943,-464.2649016673604,0.0
2025-09-10,12,F,0.07,True,27106.678617902733,25137.34894508902,34015.332267751684,1969.3296728137138,0.05789535311053661,6361.398057488622,1655.8982763767854,6268.62792873857,0.0
2025-09-11,6,F,0.26,True,27123.35551233129,25786.90952770139,34457.21526017055,1336.4459846298996,0.03878566432426451,9911.267492094197,1334.2360985413325,44.19772177138384,0.0
2025-09-11,12,F,0.07,True,24150.025138965502,23588.930869231124,31479.39714803768,561.094269734378,0.017824174557591704,5956.362212782463,537.5304436210936,471.2765222656144,0.0
2025-09-12,6,F,0.25,True,7587.803230662043,7450.441651230161,14983.801586599946,137.36157943188118,0.009167338384587527,3817.836263133259,145.08589110209687,-154.48623340429003,0.0
2025-09-12,12,F,0.07,True,9109.762203795237,7937.82520206007,16295.152608662907,1171.9370017351666,0.07191936337632922,1200.0,1034.8234399880494,2742.2712349423555,0.0
2025-09-13,6,F,0.27,True,7485.164535539379,7260.374805162235,14787.80094027748,224.78973037714422,0.015201024904580994,3827.234570569808,205.43215331596548,387.15154122358126,0.0
2025-09-13,12,F,0.07,True,7455.502014834707,7334.735623370858,14800.168128682264,120.76639146384878,0.008159798619436442,1200.0,118.63741128528454,286.2456773504773,-17.66778018273544
2025-09-14,6,F,0.25,True,27003.020426095958,26522.28579615683,34242.48307588506,480.73462993912835,0.01403912878846339,9915.638145320985,460.4274920359603,406.1427580633863,0.0
2025-09-14,12,F,0.07,True,24230.769465987993,23411.96626434094,31486.937673834676,818.8032016470534,0.026004535916729382,6475.615595115201,779.6365428813006,1132.4105450471584,-25.310959952446865
2025-09-15,6,F,0.25,True,23592.982695692954,23117.762198669974,30749.18596894019,475.22049702297954,0.015454734232737109,9921.569473749121,409.83751965732154,1307.659547313072,0.0
2025-09-15,12,F,0.08,True,22054.816715061992,21717.243335573075,29408.51359124569,337.57337948891654,0.011478763741034678,6311.458777835274,319.7394308914045,356.6789719502458,0.0
2025-09-16,6,F,0.21,True,26528.167375256417,25987.622576336296,33589.48199124823,540.5447989201202,0.016092680412903054,9929.575843562376,447.8622645173964,2122.0115658704226,-19.45835513891143
2025-09-16,12,F,0.08,True,22894.280973576948,22315.977993483124,30218.162122712936,578.3029800938239,0.01913759605052727,6639.118664323555,588.7869024243009,-478.03932442567475,19.45835513891143
2025-09-17,6,F,0.21,True,27431.214296643353,26607.576304314054,34543.615295377494,823.6379923292989,0.02384342186787598,9874.074074074075,729.4805254345774,1993.217412101386,-7.9808342214601
2025-09-17,12,F,0.08,True,23927.528564362103,23270.61005822952,31174.618758908728,656.9185061325843,0.021072222605604683,6211.079796853622,636.0804848847874,306.6923507489955,7.9808342214601
2025-09-18,6,F,0.24,True,32567.339603947148,28701.471654337816,38858.374677601736,3865.867949609332,0.09948609486844151,9890.231248577009,3124.4708747944533,14827.94149629755,0.0
2025-09-18,12,F,0.09,True,23991.546330594007,22291.80225803708,31279.105034283806,1699.744072556925,0.05434119904306411,7014.593197038676,1713.7404526678874,-175.46803814701207,-7.57417143629209
2025-09-19,6,F,0.26,True,8511.370202210155,8230.351796545041,15679.986343610079,281.0184056651142,0.01792210780716879,3993.029504637229,230.76870442593645,1513.1011497624613,-36.8419158817469
2025-09-19,12,F,0.1,True,7598.336237603336,7246.847646750197,14852.890338264458,351.4885908531387,0.02366465939276636,1987.1205454633916,348.4776908550102,-111.8952965592498,12.479619514979277
2025-09-20,6,F,0.26,True,7854.321116405426,7404.500501898593,15089.254945929531,449.8206145068334,0.029810657724235533,4202.168497921582,426.03301431464206,698.5206737975486,-16.152547752333703
2025-09-20,12,F,0.09,True,7334.4631337193,7185.888582859754,14555.31706757822,148.57455085954552,0.010207579138931533,3010.724205989442,140.48838773296848,653.97798423836,-35.69248719011557
2025-09-21,6,F,0.28,True,28573.714393681934,27326.44729072835,35613.21378472662,1247.267102953585,0.035022593313061186,9907.039916596168,1120.2483809137702,2540.374440796345,0.0
2025-09-21,12,F,0.12,True,23608.819201072904,22969.43339017574,30875.640765429336,639.3858108971617,0.020708422401813458,7523.496466159253,612.2396315737496,542.9235864681764,0.0
2025-09-22,6,F,0.25,True,26965.391431097953,26533.83320086637,34313.250731924745,431.55823023158155,0.012577013865668623,9884.20238124767,483.559792439155,-895.5728874983517,-10.474410537837684
2025-09-22,12,F,0.13,True,23651.774640380296,23133.129861369132,30978.908148685703,518.6447790111633,0.016741867612695933,6544.103921341339,536.7642165087345,-506.8471066045231,10.474410537837684
2025-09-23,6,F,0.31,True,28096.751884830097,27747.73510407238,35322.065852830616,349.01678075771633,0.009880984374240587,9918.733870516546,326.5027122168758,450.2813708167637,0.0
2025-09-23,12,F,0.12,True,24569.09147916753,24324.251190786552,31825.797690602205,244.84028838097947,0.0076931390930470855,6631.373188579493,259.659801273825,65.39121211962765,-26.232110964801905
2025-09-24,6,F,0.31,True,27642.269891930322,26641.235449552812,34789.6896949232,1001.0344423775095,0.028773882467930972,9874.074074074075,864.588208811605,2728.9246713180214,0.0
2025-09-24,12,F,0.13,True,23613.566022573184,23370.49282757572,30825.79086246957,243.07319499746518,0.00788538390083633,6456.838094726283,214.92772559626974,562.9093880238806,0.0
2025-09-25,6,F,0.35,True,29250.251671476057,28782.761010351373,36417.708472062644,467.49066112468427,0.01283690492177215,9902.837451016434,407.89098400047806,1191.9935424841533,0.0
2025-09-25,12,F,0.15,True,24628.99826914764,24283.958596803175,31834.313130024886,345.03967234446463,0.010838608985693384,6750.053704375023,290.24970563438546,1095.7993342016953,0.0
2025-09-26,6,F,0.44,True,8194.172344881244,7921.895443953084,15518.293445701478,272.2769009281601,0.017545544030395946,4649.664183546278,274.35117481980706,-41.48547783294225,0.0
2025-09-26,12,F,0.19,True,8069.417271785102,7929.476987928347,15386.756635799455,139.94028385675483,0.009094852617033279,2828.9484979431236,126.74469980204049,384.31872989559133,-8.730494310013455
2025-09-27,6,F,0.39,True,12029.199784468923,8490.606326014691,18916.697468582788,3538.593458454232,0.18706190466550493,4624.734458843747,3177.8479580728654,7938.2955066498835,-52.45135601310358
2025-09-27,12,F,0.17,True,7989.185209890781,7707.314987371885,15280.906867537093,281.8702225188963,0.01844590932739104,4596.850222512992,263.1233108995166,-348.447266634937,52.45135601310358
2025-09-28,6,F,0.43,True,34211.90914891313,32373.36555081039,40883.54492876004,1838.5435981027404,0.0449702588487965,9915.060107593514,1479.0866713610594,7392.255580076948,-14.727644481097741
2025-09-28,12,F,0.14,True,26300.990987056983,24722.8841082467,33611.44032791788,1578.106878810282,0.04695148031188346,6742.414159858185,1543.6873299267718,507.66523792836097,13.10409197964509
2025-09-29,6,F,0.52,True,29043.132294796967,28603.705777031915,36361.53843412067,439.42651776505227,0.01208492645494632,9903.518639988135,441.4196315384979,-39.8622754688181,0.0
2025-09-29,12,F,0.14,True,25302.092780447878,24887.66893301894,32592.854015415898,414.42384742893773,0.01271517514952578,6743.056634587814,413.1431035398673,491.0488440580493,-33.74776339691016
2025-09-30,6,F,0.59,True,30447.568709470375,29930.5514488228,37700.868168597975,517.0172606475753,0.013713669890451285,9905.813847090758,474.61846315974253,847.9759497566588,0.0
2025-09-30,12,F,0.13,True,27445.86359574044,26775.830878026725,34598.93865987381,670.0327177137151,0.01936570148294135,6485.162562199956,524.11135925907,2918.4271690928203,0.0
2025-10-01,6,F,0.57,True,30105.274851102353,29672.59941938836,37369.7701717785,432.675431713993,0.011578220302803675,9875.196179520506,420.3721690211678,246.06525385649456,0.0
2025-10-01,12,F,0.16,True,25540.52303012064,24750.122205834712,32874.64142241733,790.4008242859272,0.02404287286756382,6982.946796741931,819.392676734773,-579.8370489770723,0.0
2025-10-02,6,F,0.52,True,28390.73495585373,27744.386244143887,35669.50864826763,646.3487117098448,0.018120482625185706,9902.03518189283,600.5396239111651,962.2390016296245,-3.3395264242299163
2025-10-02,12,F,0.09,True,24042.31352237121,23311.884805943722,31392.828488792955,730.4287164274865,0.023267375116843805,7168.718042792114,741.2966622760832,-263.4161626280295,3.3395264242299163
2025-10-03,6,F,0.5,True,7629.8005320429,7467.015543417741,14925.2693340954,162.7849886251588,0.01090667008958368,4562.879565394101,133.04491078929823,594.8015567172138,0.0
2025-10-03,12,F,0.01,True,7938.8247404542635,7729.635230685219,15192.985500992869,209.1895097690449,0.013768821786565534,1200.0,197.17248834477323,900.682909508796,-47.88022238423946
2025-10-04,6,F,0.51,True,8043.597879974326,7915.719231927611,15413.539614029476,127.87864804671517,0.008296514055105125,5025.562825788117,140.30125568977746,-248.45215286124085,0.0
2025-10-04,12,F,0.07,True,8007.801500074711,7861.286557543139,15360.086158232103,146.51494253157216,0.009538679732798814,1977.9726570555895,127.12714461374162,387.75595835664376,0.0
2025-10-05,6,F,0.51,True,28949.809675398938,28270.474016038417,36190.297115336536,679.3356593605204,0.018771209785747655,9874.074074074075,661.0752380966806,365.20842527666446,0.0
2025-10-05,12,F,0.08,True,24385.895722847177,23938.469635798363,31650.82657546632,447.4260870488142,0.014136316028966842,6398.293372345699,410.9457137196914,734.3669258841292,-0.34509966622317734
2025-10-06,6,F,0.45,True,28040.31229821372,27459.953737683907,35289.11453809235,580.358560529814,0.016445823822055776,9874.074074074075,558.1558219944709,444.0547707068422,0.0
2025-10-06,12,F,0.02,True,23831.525221107986,23522.979936200318,31142.685141505102,308.54528490766825,0.009907472124054505,6641.360337410418,300.68067292654086,157.292239622544,0.0
2025-10-07,6,F,0.43,True,28340.33795755412,27906.059857923854,35586.36151564109,434.2780996302645,0.012203498226122064,9900.780702541908,394.34723392712476,1016.748386470178,-15.81628405853553
2025-10-07,12,F,0.03,True,25065.61701797449,24495.31393231913,32271.506704592444,570.3030856553596,0.017672031581165742,6569.412475066433,522.9139201950202,1412.7929134903047,-33.71699368697409
2025-10-08,6,F,0.44,True,26455.174807094307,26025.94833025188,33772.6441103498,429.2264768424284,0.012709294405257707,9874.074074074075,467.02129482831515,-755.8963597177981,0.0
2025-10-08,12,F,0.02,True,22774.774255684475,22410.625261852605,30053.041379994876,364.14899383187003,0.012116876599194039,6413.806245638057,328.46492180866335,713.681440464185,0.0
2025-10-09,6,F,0.42,True,26961.24957129517,26105.11971568063,34273.3487517809,856.1298556145412,0.024979463250437567,9874.074074074075,874.720903905516,-371.8209658194196,0.0
2025-10-09,12,F,0.01,True,23166.309913451427,22673.54850790294,30440.066715808214,492.76140554848826,0.01618792133896954,6145.544740326142,460.50411014219935,692.4470277235291,-3.4297174427665595
2025-10-10,6,F,0.38,True,6693.016098911421,6523.4749376188465,14064.710541619352,169.54116129257454,0.01205436548380286,5315.038925193646,156.64437081262804,257.93580959891005,0.0
2025-10-10,12,F,0.03,True,6731.0683399640475,6592.482104630741,14076.753008124502,138.58623533330683,0.00984504276329355,2158.8173681676612,115.56213432709774,460.48202012420506,0.0
2025-10-11,6,F,0.38,True,7269.615755916233,6980.208183362032,14546.195157090779,289.40757255420067,0.019895757579817996,5426.027806042398,246.66426250188852,854.8662010462426,0.0
2025-10-11,12,F,0.02,True,7195.694559884674,6998.002385814447,14480.990022055215,197.69217407022734,0.013651841052934436,1279.8738257064902,182.53328978865466,303.1776856314809,0.0
2025-10-12,6,F,0.38,True,29299.66748629311,28288.326670144594,36394.88499230575,1011.3408161485168,0.02778799318536999,9887.859011834733,858.7816559775019,3149.81286091012,-7.151455600705958
2025-10-12,12,F,0.05,True,23018.439110342923,22476.523181269084,30324.03230598636,541.9159290738389,0.017870839986107577,7156.217047126907,546.4937748982884,-190.18657397891366,7.151455600705958
2025-10-13,6,F,0.35,True,27661.15479325715,27035.70670475199,35016.403057926145,625.4480885051598,0.017861574401874105,9884.518552021795,665.503006062143,-801.0983511397162,0.0
2025-10-13,12,F,0.06,True,23557.861173167934,23228.263795580715,30866.690044356354,329.59737758721894,0.010678092698425963,6076.030154942266,283.96053992827365,912.7367531788777,0.0
2025-10-14,6,F,0.3,True,28427.521201343174,27254.440993513002,35738.8583648584,1173.0802078301713,0.03282366201668174,9890.081236894312,1182.2065932830883,-182.52770905823172,0.0
2025-10-14,12,F,0.09,True,28838.12384230364,25179.566663579004,35782.82967767768,3658.557178724637,0.10224337235707624,5250.204465177116,3330.632358197505,6579.281679330259,-1.5071017244354152
2025-10-15,6,F,0.34,True,29031.211060891,28435.889519843724,36378.131975522425,595.3215410472767,0.016364818882064855,9874.074074074075,601.5807785705547,-125.18475046569097,0.0
2025-10-15,12,F,0.06,True,24127.63547425552,23579.422079940625,31387.919928829862,548.2133943148947,0.01746574464182189,7056.285794602044,501.97829587036904,924.7019688905534,0.0
2025-10-16,6,F,0.43,True,30263.822847349795,29883.332630688015,37391.61662779168,380.4902166617794,0.010175816158186015,9892.336455814217,367.44958812634286,1226.3536683943548,-70.00961441502841
2025-10-16,12,F,0.11,True,25226.27129244251,24508.395402021866,32380.738617901192,717.8758904206443,0.022169842970282884,6837.493066608987,614.0617483637907,1605.6830424452455,34.1223284323969
2025-10-17,6,F,0.42,True,6896.675614800732,6696.621305665756,14208.404119341125,200.05430913497548,0.014079998531478457,5649.793483216176,187.84213146375805,244.2435534243632,0.0
2025-10-17,12,F,0.11,True,7236.301209216836,7023.728799665386,14492.29700812853,212.5724095514497,0.014667958394188359,3288.7980317336833,175.56238003223007,754.7854690876084,-1.0575228094876366
2025-10-18,6,F,0.43,True,9413.71851438676,7449.870177014329,16470.914351703297,1963.8483373724303,0.11923128828420773,5715.871416618651,1760.4418094354369,4258.6240500222775,-13.812333732059415
2025-10-18,12,F,0.09,True,7165.438344254504,6987.279917514339,14441.870622179886,178.15842674016494,0.012336243094890249,5889.985707992583,152.91593318867126,314.3563797474817,13.812333732059415
2025-10-19,6,F,0.46,True,31322.68444318531,30888.50626522433,38469.22438011912,434.178177960981,0.011286377226398255,9893.680529151445,375.52215750650794,1173.1204090893807,0.0
2025-10-19,12,F,0.07,True,26055.232704491536,25526.254987264212,33215.89050115675,528.9777172273243,0.015925441385017287,7082.453670757707,446.7516427299488,1644.521489947464,0.0
2025-10-20,6,F,0.5,True,32610.086055029722,31630.700819727615,39701.230880275325,979.3852353021066,0.024668888434607513,9874.074074074075,859.3475287304536,2400.754131433062,0.0
2025-10-20,12,F,0.08,True,25626.91584057689,25254.634498335567,32880.706759704204,372.2813422413237,0.011322181878935767,6672.938896625806,338.2154356582796,681.3181316609284,0.0
2025-10-21,6,F,0.5,True,33140.49993771137,32612.321353170664,40337.15869067245,528.1785845407067,0.013094094916081496,9896.567757199047,505.0397179833599,462.77733114699004,0.0
2025-10-21,12,F,0.07,True,26918.831533944765,26359.946583665194,34133.681390786674,558.8849502795711,0.01637341556807361,6548.0396016198465,475.5803028798764,1721.9240563936596,-4.048211288791208
2025-10-22,6,F,0.47,True,32430.555177389346,31379.838420445507,39569.17300832854,1050.7167569438388,0.026553922588240183,9879.141718281033,948.7936789755622,2038.4615593655362,0.0
2025-10-22,12,F,0.09,True,25840.639235067058,24951.899997952904,33048.456476750645,888.7392371141541,0.02689200440387816,6340.08510266074,764.7587612503376,2479.6095172762275,0.0
2025-10-23,6,F,0.52,True,32760.122884950368,31768.409709861506,40044.99297716294,991.713175088862,0.024764973130459063,9882.035471743178,1007.5857281112985,-110.25723800098012,-15.02324412033704
2025-10-23,12,F,0.08,True,25380.359558350177,25028.742008054433,32635.78443523288,351.6175502957449,0.010773988012868054,6750.494688873583,279.0813170195943,1243.530843075148,15.02324412033704
2025-10-24,6,F,0.57,True,8571.25206669018,7673.731534730106,15693.713119328328,897.5205319600736,0.05718981385321044,5904.919274489607,765.4276002370061,2641.858634461364,0.0
2025-10-24,12,F,0.09,True,7856.790778433875,7599.414380017926,15098.68164622639,257.37639841594864,0.01704628287730503,4598.647745042886,206.34019072519732,1020.7241538150329,0.0
2025-10-25,6,F,0.57,True,7822.43335959087,7756.1380258217205,15083.261819844165,66.29533376914969,0.004395291586195818,6215.547414296623,62.57519455173133,291.1366201472215,-15.714972994250274
2025-10-25,12,F,0.11,True,7844.3100677364555,7527.129310947768,15087.818452302761,317.1807567886872,0.021022307352874983,3683.2003619218835,289.454811566,337.7850686548745,15.714972994250274
2025-10-26,6,F,0.57,True,32277.12051314098,31653.248990699376,39460.13339493384,623.8715224416046,0.01581017266712285,9881.480933263108,623.9362125476691,176.74633960415304,-12.909364192237263
2025-10-26,12,F,0.08,True,25974.471906455266,25501.13007209925,33175.404573232205,473.34183435601517,0.014267854166213671,6823.958581031563,432.8889222975704,631.0180994434731,12.909364192237263
2025-10-27,6,F,0.6,True,34211.52005813471,33726.284152135464,41239.88365404832,485.235905999245,0.011766180284837243,9888.671084423335,412.0498785557429,1463.7205488700229,0.0
2025-10-27,12,F,0.0,True,28144.075104698313,27340.34570635445,35211.32353146152,803.7293983438649,0.022825878658770893,6937.422031271616,682.1944395494866,2430.6991758875247,0.0
2025-10-28,6,F,0.6,True,34444.60362162253,33390.0513234242,41469.42380503013,1054.5522981983304,0.025429634690762596,9874.074074074075,919.8146815580039,2906.13456649654,-15.326938138929108
2025-10-28,12,F,0.0,True,27404.512265432837,26913.622928831515,34528.90710765222,490.8893366013217,0.014216764378636584,7043.451631101015,454.4930415499766,516.5436673370887,15.326938138929108
2025-10-29,6,F,0.55,True,34821.87974956096,34260.391692763194,41903.10953514064,561.4880567977671,0.013399675179878808,9874.074074074075,481.59581217380764,2150.24005489907,-40.053160262632446
2025-10-29,12,F,0.04,True,26801.273487621034,26475.140220346075,34021.97188740446,326.1332672749595,0.009585960165809784,6658.8218631756245,273.74352574522345,495.39966817476625,40.053160262632446
2025-10-30,6,F,0.45,True,33369.86252647661,32808.05078395177,40518.172256816964,561.811742524842,0.01386567338141271,9880.816140414445,512.5135924804054,1361.3692931515607,-27.22002184401208
2025-10-30,12,F,0.08,True,27392.59764938651,27022.01994023558,34511.939726294695,370.5777091509299,0.010737666792706706,6948.573656252902,326.72862656191865,1032.9859586510156,-11.311586215528223
2025-10-31,6,F,0.47,True,8010.22483592203,7727.086972389136,15298.979234523207,283.1378635328947,0.018506977438989818,6567.692877071042,250.44491994057353,653.8588718464262,0.0
2025-10-31,12,F,0.11,True,8702.887146453226,8499.666127505157,15900.110739704834,203.22101894806838,0.012781107142895341,5621.289442375826,168.54941190332647,693.4321408948545,0.0
2025-11-01,6,F,0.4,True,8929.62898585155,8595.318771765098,16143.127302140489,334.3102140864521,0.02070913571016221,6728.932596137078,308.6444162071839,953.7464609926365,-31.934808154792336
2025-11-01,12,F,0.08,True,9717.252109064626,9142.789417662127,16836.724171281312,574.4626914024993,0.0341196236012686,5228.511162807785,473.10303202975047,1950.107244993028,5.589360330204727
2025-11-02,6,F,0.36,True,38575.71952528015,36914.32618032743,45423.86379114818,1661.3933449527176,0.036575341820139835,9874.074074074075,1421.7205268119214,4793.456362815785,0.0
2025-11-02,12,F,0.08,True,28164.24598560734,27427.23317521972,35433.279387710354,737.0128103876195,0.02080001690848983,7044.788071092,759.9743105530652,-459.2300033088668,0.0
2025-11-03,6,F,0.41,True,36031.598655753085,35682.72958775829,43098.0043097997,348.86906799479766,0.008094784748895465,9885.105521079844,291.8629472482935,1140.1224149300433,0.0
2025-11-03,12,F,0.09,True,28564.462151858454,28426.541325107803,35705.38211523243,137.92082675065103,0.003862746134617392,7126.56456994925,102.21904064804403,897.4876525198106,-13.301763069972367
2025-11-04,6,F,0.42,True,36232.75414125438,35796.65976062717,43169.88752418625,436.09438062721165,0.010101818782429918,9874.074074074075,345.23864484613296,1841.3965624716093,-1.7606321878374729
2025-11-04,12,F,0.12,True,27887.869187645218,27329.98216470178,34979.73089028974,557.887022943436,0.015948865492796106,6730.142110900042,471.61012868476246,1813.8063424847714,-6.400183975787513
2025-11-05,6,F,0.42,True,35776.220235243665,35428.79586634203,43028.996222848014,347.4243689016366,0.008074191810153298,9878.47651136872,372.62756508333405,-504.0639236338866,0.0
2025-11-05,12,F,0.09,True,27895.931145862174,27657.792650775526,35100.111659779715,238.13849508664862,0.006784550926643495,6799.957306456003,181.8127831745369,1126.5142382423319,0.0
2025-11-06,6,F,0.4,True,38223.18904826384,37603.07358374104,45035.97177941017,620.1154645228016,0.013769336821689501,9878.352746113955,488.8565250449683,2625.178789556783,0.0
2025-11-06,12,F,0.09,True,27549.83317557448,27289.016975146085,34762.18620796343,260.81620042839495,0.007502871046949468,7019.965540270927,262.8902016952052,-41.480025336200924,0.0
2025-11-07,6,F,0.36,True,9658.641910502223,8852.012689296176,16782.068469304842,806.6292212060471,0.04806494638497085,7026.335373954213,726.6269186486879,1600.0460511472065,0.0
2025-11-07,12,F,0.1,True,8305.980046501765,8172.080279777827,15607.526372525172,133.89976672393823,0.008579179270819604,5640.593111913624,109.7019148060026,483.95703835868517,0.0
2025-11-08,6,F,0.36,True,8793.04867894434,8723.638975833917,16063.419946180187,69.40970311042292,0.004320979177720387,7462.275317720886,58.102006765700935,226.15392689445343,0.0
2025-11-08,12,F,0.08,True,9103.693950676692,8892.576229223203,16364.554455898968,211.11772145348914,0.01290091471921419,5065.5660016749525,191.03355682573238,401.68329255513027,0.0
2025-11-09,6,F,0.37,True,37004.06967006322,36687.30433796115,44185.87635307274,316.7653321020698,0.0071689272284862484,9874.074074074075,292.5093325117123,485.1199918071652,0.0
2025-11-09,12,F,0.09,True,29279.42272030394,28858.477654360548,36349.76959073729,420.9450659433933,0.011580405341844565,6877.706368135349,367.3254270411344,1072.392778045145,0.0
2025-11-10,6,F,0.3,True,42574.51547878124,39545.786438985255,49404.434766713865,3028.729039795988,0.06130480095759718,9882.071262823676,2808.875807151642,4397.0646528868965,0.0
2025-11-10,12,F,0.08,True,31589.438001164322,30675.24738336444,38615.298982502754,914.1906177998826,0.023674311526478607,6450.0,758.8975032050948,3105.8622918957817,0.0
2025-11-11,6,F,0.32,True,39691.10710567592,39103.82167781461,46729.065404007575,587.2854278613086,0.012567883024917974,9874.074074074075,549.1802040030234,770.1865407608457,-0.5860156106591603
2025-11-11,12,F,0.05,True,28915.876657337114,28716.830098905833,36119.958710014624,199.04655843128057,0.00551070836014253,7061.523646004656,204.74895275772724,-122.12995012409101,0.5860156106591603
2025-11-12,6,F,0.33,True,41827.89311105187,40351.86861372206,48599.88791787547,1476.0244973298104,0.03037094447262944,9874.074074074075,1223.4767363901556,5050.955218793179,0.0
2025-11-12,12,F,0.05,True,29277.175925329255,28037.40730003354,36499.718477415125,1239.7686252957137,0.03396652568876232,7050.0,1231.1029024905874,173.31445610246737,0.0
2025-11-13,6,F,0.41,True,38894.78281094986,37355.01813183674,45861.52024104413,1539.7646791131192,0.0335742180158933,9879.203324711722,1380.6658585456898,3290.2121186960703,-7.847972660612868
2025-11-13,12,F,0.03,True,29877.508090946918,29363.443025331846,36822.476994763405,514.065065615072,0.0139606324063473,7185.765021157093,395.49680400581565,2676.6593676873053,-22.136317926724587
2025-11-14,6,F,0.39,True,9280.345608937607,9054.25522979305,16561.016961468114,226.0903791445562,0.013651962296191837,7411.708068482897,215.58052206994398,210.19714149223,0.0
2025-11-14,12,F,0.0,True,11886.989640554277,10562.497139351215,18900.326367034268,1324.4925012030617,0.07007775820809245,5771.331148782669,1166.3468022812085,3464.530636161413,-21.869670756685082
2025-11-15,6,F,0.49,True,10181.995229095248,9923.834503343944,17370.686148042343,258.1607257513042,0.014861861157994535,9061.132418076717,246.64878818518264,654.2734380233196,-30.745977551534452
2025-11-15,12,F,0.03,True,10036.784081369111,9930.670329967808,17190.495457570756,106.11375140130258,0.006172815185182443,6815.538886586241,77.97922176583234,504.6785055236278,4.206350061143894
2025-11-16,6,F,0.47,True,40841.95128013197,39724.38223953314,47713.415949165035,1117.5690405988353,0.023422532601512305,9876.291392363506,942.3885466093852,3503.609879789101,0.0
2025-11-16,12,F,0.03,True,29384.51950765476,29152.71298933668,36535.7556955674,231.80651831808063,0.00634464824676403,7047.802255313076,266.0516942430186,-684.9035184986787,0.0
2025-11-17,6,F,0.41,True,43123.58614200434,40422.5163303632,49977.45184796824,2701.0698116411368,0.05404576887708902,9874.074074074075,2446.228012321757,5096.835986387498,0.0
2025-11-17,12,F,0.03,True,30077.422914157956,29247.893005563492,37111.49608625072,829.5299085944644,0.022352370453256755,7050.0,916.5368952728168,-1740.1397335670827,0.0
2025-11-18,6,F,0.43,True,38004.94879532332,37604.240624780134,45206.45437929106,400.7081705431847,0.008863959274071001,9874.074074074075,371.78104098790936,578.5425911056245,0.0
2025-11-18,12,F,0.01,True,31000.653645248945,30289.893285706363,37929.56659825912,710.7603595425826,0.01873895283515327,6793.88528112068,569.9680386771506,2970.9151770479475,-11.243751408610478
2025-11-19,6,F,0.5,True,42274.605165275476,40860.90992039621,49149.992785069575,1413.6952448792654,0.028762877973579425,9905.640478280759,1196.1506500343094,4378.311363516579,-1.9881352434949804
2025-11-19,12,F,0.0,True,30528.87073731397,30092.244666629504,37589.38810857521,436.62607068446596,0.011615673801959525,6563.080849496584,426.8823177998129,225.96854736834848,-2.254531918120847
2025-11-20,6,F,0.55,True,40362.05112364215,39882.26091287093,47340.66857502501,479.7902107712216,0.010134842308170088,9896.899338461006,365.108427847299,2293.6356584784908,0.0
2025-11-20,12,F,0.0,True,30356.44015482367,30019.875582218134,37407.391752982185,336.56457260553725,0.008997274518042433,7129.226079925691,283.8745212562135,1053.8010269864662,0.0
2025-11-21,6,F,0.57,True,11053.668327035017,10176.686793696279,18240.650097484395,876.9815333387378,0.04807841434662924,7859.455205768094,846.0966004986149,617.6986568024895,0.0
2025-11-21,12,F,0.0,True,10630.983469128898,10098.897564970028,17744.717059596514,532.0859041588701,0.029985595282913394,6358.885543621536,435.47424763022354,1932.2331305728803,0.0
2025-11-22,6,F,0.59,True,9751.698772642421,9549.744406555257,17033.64818238361,201.9543660871641,0.011856201556166197,9451.722018113695,195.70338916898618,125.01953836355369,0.0
2025-11-22,12,F,0.01,True,10019.053940363918,9881.653844553792,17176.820360961476,137.400095810126,0.007999157755785892,6684.382501660275,115.32795289428395,581.4500504892931,-10.151664763747249
2025-11-23,6,F,0.57,True,41263.37002205948,40773.10481481887,48254.91015216393,490.2652072406054,0.010159903017011836,9881.720553688849,409.5546874658903,1614.2103954942304,0.0
2025-11-23,12,F,0.01,True,28998.1835495083,28182.557203104618,36379.53902518597,815.626346403682,0.022419919775207006,6676.365440676835,821.8665383729676,-124.80383938572868,0.0
2025-11-24,6,F,0.57,True,39275.422498042164,38988.00842375394,46532.73888089525,287.41407428822276,0.006176599125701262,9900.996654708006,275.8566068380096,231.14934900431854,0.0
2025-11-24,12,F,0.01,True,29838.693820746557,29482.72628726041,37077.343823611685,355.96753348614584,0.009600675150291045,6931.999571944242,296.22821265551465,1194.7864166125405,0.0
2025-11-25,6,F,0.57,True,40171.510258471375,39823.83940326297,47401.75598907071,347.6708552084019,0.007334556451633636,9874.074074074075,316.48500069984584,986.3006039099541,-26.290265687241117
2025-11-25,12,F,0.0,True,29870.39530482142,29671.01621546311,36933.87237060935,199.37908935831,0.005398272007810606,6652.038123476928,195.81002110175177,-291.2021486077074,26.290265687241117
2025-11-26,6,F,0.55,True,41092.06097134813,40754.218645777015,48221.35701300836,337.8423255711168,0.00700607254748097,9876.437342117459,320.2701289260658,1077.8381605027707,-52.669513405067846
2025-11-26,12,F,0.0,True,30218.32078150629,30037.527680980602,37275.76882444721,180.7931005256869,0.004850150814518258,6450.0,153.16508740975405,304.19463364920375,18.00853628992627
2025-11-27,6,F,0.52,True,41391.88529596668,41040.85599152279,48445.89181924288,351.02930444388767,0.007245801269457848,9889.54172605488,293.2844096182089,1154.8978965135739,0.0
2025-11-27,12,F,0.01,True,30894.08898703682,30547.608660823946,37982.808865518426,346.4803262128735,0.009122030112086192,6872.21188146677,330.0199761064796,774.9117899840112,-32.317236848373796
2025-11-28,6,F,0.54,True,9804.521027074408,9479.258318130996,16958.433589091303,325.2627089434118,0.019179997211100946,9221.979872162614,326.530669770651,819.010514823015,-61.223700843471306
2025-11-28,12,F,0.01,True,9200.765289471328,9014.827863812578,16438.056374924738,185.93742565875073,0.011311399682409353,6565.61575681061,186.2707808566247,400.52616376640526,-29.524837144770572
2025-11-29,6,F,0.51,True,10256.90198844297,9981.079289648507,17534.11355762642,275.8226987944636,0.01573063262582186,9723.882158060112,240.65651218776839,735.7176918126979,-2.3488266133081197
2025-11-29,12,F,0.02,True,11410.814904723455,10663.066227807865,18477.197142962526,747.7486769155894,0.04046872862426469,6517.725703553782,592.4949972586619,3072.679633459781,2.3488266133081197
2025-11-30,6,F,0.41,True,43992.98183374622,43215.38162964457,50967.76003960633,777.6002041016473,0.015256707445989094,10332.279655614491,592.9161258154709,3693.681565723582,0.0
2025-11-30,12,F,0.08,True,32019.21972954298,31660.682331892018,39243.86494409106,358.5373976509618,0.00913613881206027,6634.400433312638,390.62577030988905,-381.1130491308204,-18.899572857857493
2025-12-01,6,F,0.43,True,43862.14735750844,42315.897124909025,50890.338345265845,1546.2502325994137,0.030383964478853893,10800.0,1396.880123928182,3494.4238066238813,-36.76320886335634
2025-12-01,12,F,0.08,True,31172.21804859961,30725.4942651956,38460.633151171176,446.72378340400974,0.01161509176534205,7090.9898572769525,431.27437284366897,-198.03342199259214,36.76320886335634
2025-12-02,6,F,0.42,True,44432.71970073147,43872.67850958575,51390.367561621206,560.0411911457195,0.010897785279978487,10800.0,536.7427594808469,1527.1969305493167,-76.94771778746872
2025-12-02,12,F,0.06,True,31704.083451530536,31377.773050231932,38930.91786030543,326.3104012986041,0.008381780323533426,6739.687489450878,321.8216895077858,-334.51078013326287,30.76412846632047
2025-12-03,6,F,0.39,True,46012.58167918412,44003.36234703863,52856.11510006327,2009.2193321454906,0.038012996761903256,10800.0,1814.3367078011215,4181.965718356091,-20.615031049350364
2025-12-03,12,F,0.07,True,31712.40828838925,31554.38477275715,38935.29877283446,158.02351563210323,0.00405861828758735,7003.811734442566,143.7712884744251,0.7313116849381913,20.615031049350364
2025-12-04,6,F,0.34,True,43758.54335284346,43432.70514438741,50810.165214277025,325.8382084560508,0.006412854732550531,10800.0,333.2573779884988,-94.24216286800583,-3.925681143960901
2025-12-04,12,F,0.11,True,31652.87862682812,31429.0603340936,38911.14970059491,223.81829273451876,0.005752034942598902,6382.457187114698,239.07285897531256,-169.70316409281168,-9.81674726358142
2025-12-05,6,F,0.34,True,13997.466890905127,13384.992564152057,21011.44556789373,612.4743267530703,0.029149556834345267,10212.886343129696,493.553868262723,2414.1752938353566,-2.593336066534903
2025-12-05,12,F,0.12,True,10595.606703531423,10450.61113799969,17852.182312611585,144.99556553173352,0.00812200788635808,6397.836910588638,147.6406221383295,-88.66725616033136,2.593336066534903
2025-12-06,6,F,0.31,True,13038.777373067625,12310.731766274941,20168.173497571097,728.0456067926843,0.036098737790031636,10228.759038592398,671.1215913858578,1602.6913321827042,-33.65909009837196
2025-12-06,12,F,0.1,True,10614.774524954635,10460.946531128673,17861.19838914034,153.82799382596204,0.008612411691227275,6251.807593469926,142.4787821287282,267.1674675764825,-2.913612583923168
2025-12-07,6,F,0.31,True,45682.76589256767,45111.54513344546,52914.11464845159,571.2207591222104,0.01079524363049937,10800.0,553.8441660425233,490.1029536738474,-10.33756844445088
2025-12-07,12,F,0.1,True,32299.456435998094,32109.32172461405,39485.21510875263,190.13471138404566,0.004815339383624094,6450.0,113.01352093348396,1399.8527169311424,10.33756844445088
2025-12-08,6,F,0.33,True,49895.96287638888,47918.000408284286,56821.59433213975,1977.962468104597,0.03481004873856225,10800.0,1785.65218001607,3846.205761770554,0.0
2025-12-08,12,F,0.1,True,32736.96581750855,32094.49530519836,39968.32512392073,642.4705123101885,0.016074491746107093,7175.474239469611,673.2674783394687,-433.13074163469537,-13.255114831255923
2025-12-09,6,F,0.39,True,47155.578231025356,46763.785131318706,54281.08470853102,391.79309970665054,0.007217856861380569,10800.0,357.34696256325697,688.9227428678823,0.0
2025-12-09,12,F,0.07,True,32390.589762120064,32237.645483844193,39634.54921345937,152.9442782758706,0.0038588625658932114,6510.225789589703,136.01342664619733,338.6170325934354,0.0
2025-12-10,6,F,0.41,True,48139.137548398314,47544.03156570781,55172.982113226106,595.1059826905039,0.010786184829908707,10800.0,557.9394595909253,1076.2150714670697,-24.13685259999329
2025-12-10,12,F,0.07,True,33212.52544338759,32708.492669898136,40400.901741566115,504.03277348945267,0.012475780286133636,6608.084680995231,476.5372671204241,217.02551790514008,24.13685259999329
2025-12-11,6,F,0.38,True,47233.87041092953,46834.0994792825,54421.61137115796,399.7709316470282,0.007345812106160759,10800.0,414.31767502992443,-290.93486765784473,0.0
2025-12-11,12,F,0.06,True,32241.698827529734,31976.927392545134,39531.440222493955,264.7714349845992,0.006697743201218873,6411.974813663541,287.92034498471185,-462.97820000217325,0.0
2025-12-12,6,F,0.38,True,16218.385734238856,14818.725998276612,23096.65075662285,1399.6597359622447,0.060600116904867656,10161.653307179615,1206.8931574757735,4185.877735872326,-23.967296362106936
2025-12-12,12,F,0.07,True,11785.63077317741,11307.159721814729,18982.053312745244,478.47105136268146,0.025206496024401035,6398.327411711012,411.0187946340666,1404.0444798039744,-3.987901666723701
2025-12-13,6,F,0.39,True,16526.353705090572,15036.941209137325,23676.979276512004,1489.4124959532473,0.06290551166004406,10163.78680128534,1396.1499316616537,1865.2512858318769,0.0
2025-12-13,12,F,0.07,True,11920.422443825604,11127.866708963962,19125.98894382505,792.5557348616421,0.04143867996522731,6938.782191806531,721.881344382029,1413.4878095921995,0.0
2025-12-14,6,F,0.47,True,48393.99723759509,47909.50944459169,55425.900854205705,484.4877930033981,0.00874118030625812,10800.0,470.6630313920905,515.9076727235424,-17.359357033652486
2025-12-14,12,F,0.05,True,33115.754787434314,32828.47164533816,40336.09945232297,287.283142096152,0.007122234078079835,6747.183793565295,251.49157251376892,476.4189511502386,17.359357033652486
2025-12-15,6,F,0.47,True,49315.510210514054,48897.73251493984,56171.08094623942,417.7776955742156,0.007437594017000759,10800.0,368.33652277725196,1241.3110097292647,-18.307409521785303
2025-12-15,12,F,0.05,True,32209.068903748048,31963.7076028054,39479.34010857581,245.36130094264809,0.006214929131739718,6450.0,265.95881678508886,-664.4378706389734,18.307409521785303
2025-12-16,6,F,0.46,True,48609.47636346449,48413.88328383957,55844.486508343914,195.59307962492312,0.003502459989415408,10800.0,186.84709040627058,174.91978437301532,0.0
2025-12-16,12,F,0.07,True,32853.28558705154,32533.882644345347,40167.83130901211,319.40294270619415,0.007951709920533661,6440.233834012866,309.00556479964143,224.7820676527126,-1.2206394148342952
2025-12-17,6,F,0.47,True,48094.61427163757,47794.89198049308,55336.78688092813,299.72229114449146,0.005416329860087901,10800.0,292.83790881247114,137.68764664042874,0.0
2025-12-17,12,F,0.07,True,32511.653902616286,32195.297753976713,39769.49944419311,316.3561486395738,0.007954743033250979,6450.0,264.837646787164,1328.3083344353663,-21.602959593899868
2025-12-18,6,F,0.5,True,48269.19166385048,47794.015751994346,55333.849133215524,475.1759118561313,0.008587436429953597,10800.0,422.3218499251525,1057.0812386194548,0.0
2025-12-18,12,F,0.07,True,32135.087393738948,31512.762432462878,39467.248407795385,622.3249612760701,0.01576813652793569,6450.0,592.9687630874541,587.1239637723197,0.0
2025-12-19,6,F,0.49,True,15637.832844141058,15088.685235278661,22814.35870032587,549.1476088623967,0.02407026277072399,10103.709715211617,516.6219029955428,650.5141173371239,0.0
2025-12-19,12,F,0.08,True,10621.019297734389,10313.979713183373,17930.16417016895,307.03958455101565,0.017124192597290786,7037.005078408791,287.5976750522168,479.7571998323024,-6.592370680331442
2025-12-20,6,F,0.48,True,14786.519374200374,14551.54320528107,22118.608917015637,234.97616891930375,0.010623460535013068,10097.721123466928,235.705490217264,-14.586425959200369,0.0
2025-12-20,12,F,0.07,True,10811.182156214754,10585.356285241416,18163.91666264004,225.82587097333817,0.01243266389995182,6730.05751908295,217.09437021149643,246.10907898428604,-5.182815836324153
2025-12-21,6,F,0.49,True,47996.992222689376,47443.391414582286,55160.689652877976,553.6008081070904,0.010036147328665725,10800.0,578.0964294710793,-433.42755448013577,-4.09561454656432
2025-12-21,12,F,0.08,True,32182.90542415637,32012.611836339263,39509.886082915065,170.29358781710835,0.004310151324145351,6529.168254186585,155.68717211052717,348.63240980758746,-4.097008362074121
2025-12-22,6,F,0.48,True,47331.88978251532,47081.835370478206,54532.72677677685,250.05441203711234,0.004585400855905849,10800.0,226.10749805813248,482.10734925549787,-0.22978343085014785
2025-12-22,12,F,0.09,True,32055.49261570221,31755.00997181845,39389.003391193735,300.482643883759,0.007628592196139149,6379.926580248739,275.6028280595565,494.42724680829656,0.22978343085014785
2025-12-23,6,F,0.44,True,48570.700837869656,48166.16462608546,55791.65833515735,404.53621178419417,0.007250836842920548,10800.0,389.34453167901665,303.83360210360115,0.0
2025-12-23,12,F,0.12,True,31826.512721412626,31672.949788474412,39210.03773101681,153.56293293821363,0.003916418902518393,6450.0,143.12288257342152,208.80100729597143,0.0
2025-12-24,6,F,0.47,True,47354.33137393653,47096.37229819406,54522.72719846422,257.95907574247394,0.0047312210704995705,10800.0,239.55597561489412,368.0620025515491,0.0
2025-12-24,12,F,0.14,True,31545.829560270577,31362.31902142163,38907.43985222672,183.51053884894645,0.004716592496086424,6446.72264684861,183.55075286859937,-0.8042803929527054,0.0
2025-12-25,6,F,0.48,True,47120.967192141885,46833.341324257686,54412.62736193329,287.62586788419867,0.0052860132257722915,10800.0,287.6550146249501,140.768180576114,-10.249110171895154
2025-12-25,12,F,0.19,True,32068.68239574691,31774.631772542467,39342.140108915446,294.0506232044427,0.0074741898226783786,6376.188879864713,246.08695667686698,860.8678657860537,7.135199797367022
2025-12-26,6,F,0.51,True,15016.259596351601,14655.169986535515,22266.93452548464,361.0896098160865,0.016216404166582394,10092.035610994259,372.8657305902743,-137.1534444077124,-7.132553706873296
2025-12-26,12,F,0.22,True,10689.688593044812,10359.4246109446,18039.849542752003,330.26398210021216,0.018307468768934642,6830.481204364465,296.15542540635215,599.9986398205963,5.958176858770457
2025-12-27,6,F,0.51,True,14817.208354570694,14539.650468846701,22124.511777438987,277.5578857239925,0.01254526601608567,10145.914485898036,234.99374913428983,851.2827317940623,0.0
2025-12-27,12,F,0.2,True,10739.581889350417,10556.342632648842,18101.832074093232,183.23925670157405,0.010122691225482103,6535.204786220912,170.19916030771492,260.8019278772017,0.0
2025-12-28,6,F,0.5,True,47535.69442470194,47241.942965797054,54736.47444295783,293.75145890488784,0.005366649238818133,10800.0,301.59375618297054,-156.84594556173215,0.0
2025-12-28,12,F,0.26,True,31577.460961019984,31390.59352814153,38930.0692697046,186.86743287845457,0.004800079639824193,6435.467785498012,182.6681828759829,83.98500004936591,0.0
2025-12-29,6,F,0.48,True,47197.16746843174,46699.049287519745,54304.40050085912,498.1181809119953,0.009172703801492382,10800.0,455.1805374467149,858.7528693056038,0.0
2025-12-29,12,F,0.14,True,31619.14343325715,31464.95987439024,38956.18191872669,154.1835588669128,0.003957871415339986,6896.182086232496,132.53921540633746,432.8868692116307,0.0
2025-12-30,6,F,0.48,True,48117.32893700429,47786.28753313205,55337.44327651463,331.0414038722447,0.005982231636869635,10800.0,349.06438179835095,-360.4595585222178,0.0
2025-12-30,12,F,0.23,True,31429.89491371131,30792.092570368157,38823.07190894714,637.8023433431517,0.016428435772393484,6835.196992471039,658.0436016606182,-276.5983233666127,-9.297493246423983
2025-12-31,6,F,0.5,True,46844.991897668326,46425.873696389535,54166.41962124422,419.11820127879037,0.007737602082793212,10800.0,401.77956957164133,346.7726341429834,0.0
2025-12-31,12,F,0.16,True,31088.989140215912,30836.860654125827,38474.19553724885,252.12848609008506,0.006553184090515589,6724.734614476391,263.52075527036504,-227.84538360557076,0.0
