date,hour,source,weight,accepted,keep_objective,adjust_objective,keep_cash,expected_gain,relative_gain,initial_energy_kwh,expected_cash_gain,expected_cvar_gain,terminal_energy_change
2025-01-01,12,Q,1.0,False,17998.242309385118,17998.242309385118,25445.67930938512,0.0,0.0,6143.792100000002,0.0,3.5700509215530474e-13,0.0
2025-01-01,18,Q,1.0,False,8193.020419901668,8193.020419901668,15640.457419901668,0.0,0.0,10800.0,0.0,2.5046915652637875e-13,0.0
2025-01-02,12,A,0.0,True,37492.37455806306,35807.706104552504,44867.58155181889,1684.6684535105524,0.03754756541902931,6450.0,1612.4384472663878,1444.600124883327,0.0
2025-01-02,18,A,0.0,False,10514.767630330001,10514.767630330001,17962.20463033,0.0,0.0,10800.0,0.0,0.0,0.0
2025-01-03,12,A,0.0,True,36606.95027022424,35855.68946631779,44019.06766726792,751.2608039064507,0.017066713215852135,6450.0,715.941200950132,706.3920591263827,0.0
2025-01-03,18,A,0.0,False,10651.318132602502,10651.318132602502,18098.755132602502,0.0,0.0,10800.0,0.0,0.0,0.0
2025-01-04,12,A,0.0,True,29192.9939539525,28470.501334647328,36640.4309539525,722.4926193051724,0.019718453099341487,6450.0,722.4926193051724,-2.5073632059502413e-13,0.0
2025-01-04,18,A,0.0,False,7835.834281752781,7835.834281752781,15283.27128175278,0.0,0.0,10800.0,0.0,0.0,0.0
2025-01-05,12,A,0.0,True,25462.388356402662,24872.212104863735,32900.727299525024,590.1762515389273,0.017938091342663037,6450.0,600.1433862539125,167.49253795277843,-26.598549999998795
2025-01-05,18,A,0.0,False,6587.169297616792,6581.3159302319455,14015.541106024168,5.853367384846933,0.0004176340635418661,10800.0,4.6992662970369565,-343.7532104962926,26.598549999998795
2025-01-06,12,A,0.0,True,34740.45039465126,33861.6962610475,41082.17700882734,878.7541336037611,0.02139015499141983,6450.0,46.872556706817704,21952.897631770145,-385.4001974999992
2025-01-06,18,A,0.0,False,11354.595964702625,11346.91119959221,18528.204155775653,7.684765110414446,0.00041476038615533787,10800.0,0.0,153.69530220833278,0.0
2025-01-07,12,A,0.0,True,42549.79755732674,37115.69533659631,48869.3676615103,5434.102220730427,0.11119649139660029,6450.0,4435.74967121693,22376.27044205571,-174.6880844999996
2025-01-07,18,A,0.0,True,11174.600159971758,10908.124907446281,18492.522813668813,266.4752525254771,0.014409891782234872,10800.0,355.46685054787304,-4189.051412233936,174.6880844999996
2025-01-08,12,F,0.0,True,37363.56546925308,35400.5935255412,44593.89999278921,1962.9719437118838,0.04401884437174803,6450.0,1964.7608471217827,-35.77806819787838,0.0
2025-01-08,18,A,0.0,False,10999.396627818884,10987.505679598997,18250.313113357086,11.890948219886923,0.0006515476280340716,10796.691777834198,5.570950292094494,126.39995855581765,0.0
2025-01-09,12,A,0.0,True,42953.08224753165,42002.84440748012,49402.435968125516,950.2378400515299,0.01923463532576863,6450.0,776.4098424089316,3635.249197674524,-11.506266142858294
2025-01-09,18,A,0.0,False,13685.78235744814,13684.487226130204,20796.005352955526,1.295131317936466,6.227788923666545e-05,10800.0,11.079912542158127,40.72257350314794,-17.142250000000786
2025-01-10,12,A,0.0,True,20038.083115678965,19340.06241097954,27161.06705630937,698.0207046994256,0.025699310827969814,7050.0,696.2893933682026,34.62622662450667,0.0
2025-01-10,18,A,0.0,False,4694.349494610065,4689.186212326083,11985.71602455172,5.1632822839828805,0.00043078630207876907,10800.0,7.537661330126866,-2.5753983478616647,-3.2564999999995052
2025-01-11,12,A,0.0,True,17455.193850216703,16967.86746257849,24426.407344501935,487.3263876382116,0.01995080081835704,6450.0,450.1704882725753,743.117987312824,0.0
2025-01-11,18,A,0.0,True,4508.0672022638755,4488.225914098493,11749.27687802551,19.84128816538214,0.0016887241973581363,10800.0,31.584245513218775,-234.8591469567309,0.0
2025-01-12,12,A,0.0,True,42851.651341919365,41944.545189318436,50267.095875719235,907.1061526009289,0.018045724281419904,6450.0,907.0826711881382,0.46962825588218493,0.0
2025-01-12,18,A,0.0,False,13406.391800187108,13405.828431204774,20818.897675366446,0.5633689823334862,2.7060461659316456e-05,10800.0,-0.01491367779817665,11.56565320258062,0.0
2025-01-13,12,A,0.0,True,39396.64944659227,39206.082815879665,46502.94707695249,190.56663071260846,0.004097947392393458,6450.0,169.13808161774796,428.5709818971736,0.0
2025-01-13,18,A,0.0,False,13304.533042623762,13297.511911117317,20502.85225055064,7.0211315064443625,0.00034244657380564194,10800.0,-14.114462270044896,422.7118755298179,0.0
2025-01-14,12,F,0.0,True,40639.460619821766,40224.427039567876,47677.22071864151,415.03358025389025,0.008705070765410924,6450.0,414.6860099397818,6.951406282087191,0.0
2025-01-14,18,A,0.0,False,12453.424761762233,12453.423359151855,19689.764643659415,0.0014026103781361599,7.123550756041336e-08,10800.0,0.0010626431721902918,0.006799344168030075,0.0
2025-01-15,12,F,0.0,True,40543.389300058545,39588.98884685085,46959.55085924025,954.4004532076942,0.020323883762612616,6450.0,716.5619967195016,5141.530411833039,-27.89833499999986
2025-01-15,18,A,0.0,True,12470.26683536395,12381.647942935773,19693.28053155439,88.61889242817597,0.004499955824332194,10799.999496125738,88.05341618991952,-183.18422308164554,14.10238500000014
2025-01-16,12,F,0.0,True,37626.86087307447,37421.23299095254,44273.84934668343,205.6278821219239,0.004644454574341807,6450.0,183.48538718486088,442.8498987413477,0.0
2025-01-16,18,A,0.0,False,12510.905876815488,12497.29901064103,19515.98052837032,13.606866174457537,0.0006972166299652368,10800.0,18.77488680609531,-103.36041263275547,0.0
2025-01-17,12,F,0.0,True,17264.20472444629,16975.051531652865,23654.50067431832,289.15319279342293,0.0122240243738206,6554.121596386898,231.7981609042181,2009.4825631287167,-62.529731998545685
2025-01-17,18,A,0.0,True,4306.624353899874,4256.485818394734,11434.183346458585,50.13853550513977,0.004384968649349913,10741.770994881186,0.7921833430646075,169.2246253193298,59.29010284719152
2025-01-18,12,F,0.0,True,17218.331132081017,16741.16480287919,24497.901793753823,477.16632920182747,0.01947784480561064,6716.0953278219495,552.4334458543963,-1505.3423330514083,0.0
2025-01-18,18,A,0.0,True,5754.031552074375,5721.902890568468,12943.216451140972,32.128661505907075,0.0024822780046357693,10800.0,20.32640438889939,236.04514234015733,0.0
2025-01-19,12,F,0.01,True,41681.21272309887,41331.73969434751,48658.005493038465,349.4730287513594,0.007182230862326626,6450.0,173.3158872128697,3523.142830769748,0.0
2025-01-19,18,A,0.0,False,13149.975598896346,13149.60815688818,20569.901394589393,0.3674420081661083,1.7863090401724455e-05,10800.0,0.4848019844175724,-2.3471995250251894,0.0
2025-01-20,12,F,0.01,True,39238.26215319318,38965.03243437573,45408.06891020264,273.2297188174489,0.006017206311014418,6450.0,48.33388317494973,4803.8345069258685,-22.18153826624075
2025-01-20,18,A,0.0,True,12644.36430025327,12576.597643778457,19747.115368968858,67.76665647481241,0.003431724340928434,10800.0,118.27425740328908,-1316.069812645269,22.18153826624075
2025-01-21,12,F,0.01,True,37663.489214974994,36558.28122340563,44782.89649934066,1105.2079915693612,0.024679243147785968,6450.0,1058.1779519551565,940.6007922841045,0.0
2025-01-21,18,A,0.0,True,12453.519887779536,12433.291081034264,19641.903047672524,20.228806745271868,0.001029880185039855,10800.0,23.892076866286516,99.10792333877998,-12.498473758136242
2025-01-22,12,F,0.01,True,38677.143731619486,38428.00864489697,45182.93358800558,249.1350867225192,0.005513920122899135,6450.0,224.76975579942518,688.6599783686579,-14.599762891535647
2025-01-22,18,A,0.0,False,12313.011657286555,12307.258731433309,19357.763099874675,5.752925853246779,0.00029718959900299765,10799.990567305003,-0.7240861222962849,-71.81312039586828,14.599762891535647
2025-01-23,12,F,0.01,True,42200.27215757402,40324.198200600804,47912.775358110084,1876.0739569732177,0.0391560276554854,6450.0,928.3159658552831,19693.082485499664,-53.50541912555491
2025-01-23,18,A,0.0,True,12648.26667895234,12171.048128736795,19735.80400357554,477.2185502155444,0.024180345028207952,10800.0,709.6084825770013,-4808.359048847335,11.641940290846833
2025-01-24,12,F,0.01,True,15718.063826720541,15533.666445266874,21667.360848255463,184.39738145366755,0.008510375709578594,6432.575540643375,65.48790300771725,2759.4219726109004,-27.642462499999965
2025-01-24,18,A,0.0,True,3187.5875555878474,3123.6967025777058,10468.572024593403,63.890853010141655,0.006103110611461181,10254.263467733193,47.05454240983818,-18.47394859192991,25.754912290351058
2025-01-25,12,F,0.01,True,13958.251828590366,13848.136134857748,20012.98469248125,110.11569373261773,0.0055022124597930416,5998.009104288323,87.88042179760305,462.24579349028136,-1.2718189608840476
2025-01-25,18,F,0.0,True,4112.223986600197,4083.1164589644177,11115.49754311394,29.10752763577966,0.0026186437019917116,10290.132891523574,39.530007005869265,-20.69700986557291,-13.613595102522595
2025-01-26,12,F,0.01,True,39279.08166785559,39230.505924619705,46625.61518605434,48.575743235887785,0.0010418252508208562,6450.0,37.442976414458826,222.65533642854598,0.0
2025-01-26,18,F,0.0,False,12716.590660179567,12716.590660179567,20163.157082805938,0.0,0.0,10800.0,0.0,0.0,0.0
2025-01-27,12,F,0.01,True,36296.96981561486,35996.43521640258,42965.45895162688,300.53459921228205,0.006994795506563589,6450.0,288.84291968149046,233.83359061577357,0.0
2025-01-27,18,F,0.0,True,12144.400097595348,11950.257059909547,19436.95621588418,194.14303768580066,0.009988345681776244,10378.503072256297,140.72489268542267,1068.3629000075798,0.0
2025-01-28,12,F,0.01,False,35246.28024412507,35217.08300672856,42093.654300689595,29.1972373965109,0.0006936256279377621,6450.0,26.811405175423715,47.71664442185829,0.0
2025-01-28,18,F,0.0,True,10985.910195108363,10965.432253289595,18303.173708242146,20.47794181876816,0.001118819181044361,10800.0,15.116310729314137,107.23262178913683,0.0
2025-01-29,12,F,0.01,True,35600.142479449,34354.03314003031,42561.68056306807,1246.10933941869,0.02927772876759883,6450.0,1374.039506570647,-2558.6033430391835,0.0
2025-01-29,18,F,0.0,True,11377.760950955691,11340.25231252724,18561.753841840113,37.50863842845138,0.00202074861826381,10774.664984043033,35.06913775211797,48.79001352665637,0.0
2025-01-30,12,F,0.16,True,31318.46187013924,31068.19799859867,38142.77707758795,250.2638715405701,0.006561238869196573,6450.0,243.389720042338,137.48302996452912,0.0
2025-01-30,18,F,0.0,True,11272.193170605946,11247.676818190685,18235.928394397037,24.51635241526128,0.0013443983703508014,10794.839174336685,26.21104448483311,191.3170663515666,-16.32962993594265
2025-01-31,12,F,0.14,True,13118.810708559353,13009.213942078544,19612.3209011902,109.59676648080858,0.005588158945235164,6907.14616662417,83.42863116327135,523.3627063507483,0.0
2025-01-31,18,F,0.0,True,3644.7324806690904,3603.9571597317226,10806.84114654723,40.775320937367724,0.0037731026471500765,10249.127826164076,35.01702420976835,115.16593455198563,0.0
2025-02-01,12,F,0.14,True,13971.164709594976,13784.360862184509,20441.818747102163,186.80384741046691,0.009138318352272265,7247.885411645353,187.6924659927281,12.203215993344202,-2.173474891402293
2025-02-01,18,F,0.0,True,3570.8634270836346,3482.7613773796675,10875.870809410713,88.10204970396717,0.008100689245750685,10239.722604237466,85.74176342358624,17.23013796907071,2.173474891402293
2025-02-02,12,F,0.14,False,33730.37473143285,33706.13788866614,40250.45987836246,24.236842766709742,0.0006021507043634749,6450.0,42.61983107864944,-367.65976623874303,0.0
2025-02-02,18,F,0.0,False,11303.10650913026,11296.37428891882,18414.587580353273,6.7322202114410175,0.0003655916909387478,10800.0,8.661004347562994,-38.575682722457714,0.0
2025-02-03,12,F,0.14,True,34022.92075368655,33416.831125802164,41166.846235801364,606.0896278843866,0.01472276074812094,6450.0,782.8359859597476,-3534.9271615072257,0.0
2025-02-03,18,F,0.0,False,10808.29182925524,10801.876038954293,18134.89954545177,6.415790300947265,0.00035378140832086074,10790.139456061761,-0.057910178424208425,129.4740095873717,0.0
2025-02-04,12,F,0.14,True,31799.822563132904,30869.501885988604,39174.15676800652,930.3206771443001,0.023748326802635653,6450.0,1097.1516839410979,-3336.6201359360507,0.0
2025-02-04,18,F,0.0,True,10664.521958015373,10482.582866995135,17832.884327463926,181.93909102023827,0.010202448896056537,10800.0,116.78657051490154,1303.0504101067354,0.0
2025-02-05,12,F,0.13,True,30050.791866553263,29908.45370740845,37024.897545434214,142.33815914481238,0.0038443903584107295,6450.0,149.0397838781064,-134.03249466587476,0.0
2025-02-05,18,F,0.0,True,10112.277409415574,10046.57051119469,17406.17041637104,65.70689822088389,0.0037749198502092414,10785.489032114217,57.11519976881027,171.87057290468374,-0.0026540790022409055
2025-02-06,12,F,0.13,True,31064.639225245694,30727.20362245359,37878.2293453779,337.43560279210215,0.008908431271042974,6450.0,444.6728025255943,-1947.858786705725,-14.27578538772832
2025-02-06,18,F,0.0,True,10276.98564770999,10202.588401428728,17404.763024525455,74.39724628126169,0.0042745337110552326,10797.43419425948,62.31423025321783,44.7751125968025,14.27578538772832
2025-02-07,12,F,0.13,True,10082.74231479981,9964.574964620633,16872.90698752221,118.16735017917745,0.007003378271839235,5845.508958762019,111.86772701739756,125.9924632356433,0.0
2025-02-07,18,F,0.0,True,2538.25000932034,2490.594970495793,9861.710050579659,47.655038824546864,0.0048323301516805155,10129.874601556732,46.96678983377569,13.764979815447077,0.0
2025-02-08,12,F,0.11,True,10144.300243275198,9829.717950611755,17431.822719642783,314.5822926634428,0.01804643712381038,5830.382153742905,357.86112161710844,-865.5765790733153,0.0
2025-02-08,18,F,0.0,True,2460.120705091522,2382.8066061349346,9889.398644651132,77.31409895658726,0.007817876671237645,10272.64254714227,80.2689535053214,-59.097090974659864,0.0
2025-02-09,12,F,0.08,True,27735.1293093903,27278.196253917522,35032.84692777491,456.9330554727785,0.013042989523940477,6450.0,412.8220630549986,882.219848355729,0.0
2025-02-09,18,F,0.0,True,10662.460040843487,10584.598621038918,17635.839851245702,77.86141980456887,0.004414953892829161,10796.63557187296,57.1274403195639,414.6795897001102,0.0
2025-02-10,12,F,0.08,True,30550.504301506327,30456.869816702787,36789.502714333255,93.63448480354054,0.002545141355418767,6450.0,105.4301482986848,253.66586700227708,-35.49848544254746
2025-02-10,18,F,0.0,True,10219.915980398939,10140.873079999665,17351.97428774278,79.042900399274,0.004555268414333055,10800.0,65.80058562643535,-214.40761318645855,34.749822075345946
2025-02-11,12,F,0.11,True,31278.0917431127,30472.921659879372,38666.93030849636,805.1700832333299,0.020823222242092702,6450.0,947.4414588882937,-2845.42751309916,0.0
2025-02-11,18,F,0.0,True,10439.20522514184,10412.41682660319,17748.217661317456,26.788398538650654,0.001509357111223423,10790.260888888888,6.940140608974616,396.9651585935426,0.0
2025-02-12,12,F,0.11,True,28789.564542867738,28684.574378228925,35604.66971516345,104.99016463881344,0.0029487751319906175,6450.0,118.0949763174358,19.285958763015515,-20.402506776650625
2025-02-12,18,F,0.0,True,9626.80492795026,9598.758216023336,16957.870062173795,28.046711926923308,0.001653905344485701,10800.0,16.43804770773204,-13.84843229073158,17.838583529368407
2025-02-13,12,F,0.12,True,30873.848025428182,30704.79510896345,36789.28491160692,169.05291646473052,0.00459516723064641,6686.436443302264,144.76129808199767,909.7866236419759,-30.740145667989054
2025-02-13,18,F,0.0,True,10325.11444207493,10225.997533946816,17478.650894109705,99.11690812811321,0.005670741336307343,10800.0,104.01566161764276,-521.9293257779191,30.740145667989054
2025-02-14,12,F,0.06,True,9967.287172817409,9748.184133971341,16400.71373408929,219.10303884606765,0.013359359988745888,5007.5722870913005,196.7538267866057,446.9842411892314,0.0
2025-02-14,18,F,0.0,True,4289.611976779232,4233.767254567862,11164.318595406534,55.84472221136912,0.005002071710345669,10203.803801093398,22.1761733634994,973.7329258068476,-21.778694117008854
2025-02-15,12,F,0.06,True,8890.367760145851,8227.970896798344,16293.514562660617,662.396863347507,0.040654019781926176,5860.886191144961,766.3263111927372,-2078.58895690459,0.0
2025-02-15,18,F,0.0,True,2840.3944966518866,2733.750799079133,10187.284980930186,106.64369757275381,0.010468313959252401,10289.756699587932,92.18407919401943,289.1923675746989,0.0
2025-02-16,12,F,0.05,True,25490.702951997293,24835.07561999536,32884.995643633745,655.6273320019318,0.019936974877746583,7050.0,653.8908423086468,34.72979386569091,0.0
2025-02-16,18,F,0.0,True,9254.765101009585,9224.698666232232,16663.792264800606,30.066434777352697,0.0018042972631663722,10800.0,32.560029167245375,-49.871887797819795,0.0
2025-02-17,12,F,0.07,True,26633.699065609646,26160.422398237453,33698.96868929626,473.2766673721926,0.014044247814697028,7050.0,551.1476869858234,-1557.4203922726365,0.0
2025-02-17,18,F,0.0,True,9557.316611751912,9488.84149915692,16978.832645572984,68.47511259499151,0.00403296940516376,10800.0,68.38987778724186,1.7046961550603328,0.0
2025-02-18,12,F,0.11,True,28939.69647742003,28100.143746933223,35198.073465731395,839.5527304868083,0.023852235302144906,6450.0,756.7316005374378,1837.3467776386497,-13.1184804210734
2025-02-18,18,F,0.0,True,10473.253029153248,10405.841010715834,17562.163669250564,67.41201843741328,0.0038384802526037487,10800.0,39.3981616135934,751.4708279177094,-13.863103961579327
2025-02-19,12,F,0.13,True,29620.46508358657,29228.455283644005,35708.12332613061,392.0097999425634,0.010978168647011958,6856.754843900195,351.17202759217616,1020.2310255649572,-14.753641074232291
2025-02-19,18,F,0.0,True,10082.755209292458,10062.351372767465,17341.08635653962,20.403836524992585,0.0011766181256169079,10798.697357099581,13.858668881595804,-2.4917606098224496,9.672235062607797
2025-02-20,12,F,0.14,True,25955.30046151304,25825.573172201963,33020.61168538053,129.7272893110785,0.0039286761416510545,6651.998017085452,150.61332170179958,-417.72064781447443,0.0
2025-02-20,18,F,0.0,True,10355.581402119484,10307.91905924786,17524.26308264262,47.66234287162297,0.0027197915625240426,10790.386648749814,48.226655510468845,-11.286252776914807,0.0
2025-02-21,12,F,0.14,True,6341.887200452542,6149.315705899177,13733.250647309233,192.57149455336457,0.014022280631067873,5155.334095281887,178.13109967521268,292.0712125008382,-0.23661698197611258
2025-02-21,18,F,0.0,True,3511.6078527647414,3455.4358317196065,10520.694479723627,56.1720210451349,0.005339193258904569,10283.755313974982,54.72508169660432,125.63957338445834,-7.0115966960802325
2025-02-22,12,F,0.14,True,7303.796910303568,7056.44347529601,14465.504904150424,247.3534350075588,0.017099536908427474,5621.975674246758,221.5871827297633,615.8305846516314,-7.287472336010978
2025-02-22,18,F,0.0,True,3384.8727792428726,3341.498539814762,10467.551282854827,43.37423942811074,0.0041436854003433395,10226.86132019717,39.062220264106145,179.62252982930568,-6.770968205113604
2025-02-23,12,F,0.16,True,26718.04148259639,26510.676910505135,33484.15262706288,207.36457209125365,0.006192916822498756,6879.682440083767,225.51088151063595,-352.2190294977281,-0.776356456670328
2025-02-23,18,F,0.0,True,12240.869519519672,12131.402619406952,18900.076812319563,109.4669001127204,0.0057918759378462956,10788.043989878744,76.45416809391463,1230.6431558981203,-41.35782530042161
2025-02-24,12,F,0.17,True,26103.60308088638,25925.21038028124,33092.94329771235,178.3927006051381,0.005390656823730454,6478.283233121385,221.5499362048795,-537.3387278251266,-23.62359445963375
2025-02-24,18,F,0.0,True,10759.688537638533,10684.564067097252,17820.07126881833,75.12447054128097,0.004215722227370338,10779.877585146589,67.88699799521783,118.47590686347394,1.9050465000545955
2025-02-25,12,F,0.17,True,26627.969959067836,26451.362470074804,33424.19188403731,176.60748899303144,0.005283822256817986,6665.4677401891,176.01397608951083,11.87025807030841,0.0
2025-02-25,18,F,0.0,True,9621.586516633566,9573.302713370604,17019.59893752567,48.283803262962465,0.0028369530586589736,10800.0,43.90480803549508,87.57990454929916,0.0
2025-02-26,12,F,0.19,True,28654.028651033936,27655.464070511836,35122.57293392286,998.5645805220993,0.028430849368602025,6491.084267824421,809.2142005112182,3787.007600217621,0.0
2025-02-26,18,F,0.0,True,11073.046929927283,11035.104744714876,18160.801968532305,37.94218521240691,0.002089235116276821,10685.497283620627,31.53081095345624,128.22748517903074,0.0
2025-02-27,12,F,0.11,True,27218.64554713112,27051.399617168543,33530.74906017292,167.24592996257707,0.004987837571491299,6500.00147726129,192.3717561735175,-26.55808507389156,-34.51087362515136
2025-02-27,18,F,0.0,True,9908.44655072363,9876.334258205954,17179.398389341502,32.11229251767509,0.001869232658205208,10800.0,25.739644125471386,-27.99832286573337,11.271488027801752
2025-02-28,12,F,0.13,True,7661.204421735303,7489.834306559569,14609.028070290267,171.3701151757341,0.011730425484241618,4108.882870352223,160.12280561739135,224.94619116686772,0.0
2025-02-28,18,F,0.0,True,3563.371707728049,3517.0361802195584,10611.607537766005,46.335527508490486,0.004366494646884125,10160.474792588877,36.50377998551994,196.63495045937816,0.0
2025-03-01,12,F,0.12,True,9462.547200022525,9182.670371257658,15882.41859844015,279.87682876486724,0.0176218015556116,5114.3741298418245,216.4263562402939,1749.2844684482188,-34.823860839189365
2025-03-01,18,F,0.0,True,2475.4018206457276,2378.568592906804,9869.350419086628,96.8332277389236,0.009811509737424558,10260.530749339874,80.11161886525042,39.49338033020308,21.38547133159409
2025-03-02,12,F,0.12,True,30034.596174109167,29017.92097175368,36662.746208399876,1016.6752023554873,0.027730470504758718,7050.0,953.0547994809749,1272.408057490149,0.0
2025-03-02,18,F,0.0,True,11279.887418445864,11146.984709442264,18298.637884666656,132.90270900359974,0.007262983717217858,10623.292749787672,114.9311603129936,359.43097381209736,0.0
2025-03-03,12,F,0.05,True,29837.647438686974,29288.474775847404,36160.74439303078,549.17266283957,0.015186984451166648,7050.0,486.5825625860598,1251.8020050703308,0.0
2025-03-03,18,F,0.0,True,10075.58223586486,10009.6893647532,17415.91222398783,65.8928711116605,0.0037834866336144517,10738.567800919443,63.223678670732625,53.383848818500155,0.0
2025-03-04,12,F,0.05,True,25340.93408721248,24797.397122240764,32762.280185432486,543.5369649717177,0.016590327715144734,7050.0,554.9853197038392,-228.96709464249966,0.0
2025-03-04,18,F,0.0,True,10180.873323446542,10079.411810176955,17492.88366123613,101.46151326958716,0.0058001593810644144,10800.0,87.37125617140555,281.805141963594,0.0
2025-03-05,12,F,0.09,True,24881.088920101683,24473.095582808623,32271.804415605937,407.9933372930609,0.012642408587967405,6903.483131314255,409.52091919980376,-30.551638134830455,0.0
2025-03-05,18,F,0.0,True,10472.082552558977,10421.17910557599,17712.52222478322,50.90344698298759,0.0028738677833111703,10789.117775746096,67.66892777625253,98.52550557603263,-31.4565891028451
2025-03-06,12,F,0.11,True,26289.00510884993,26045.87520197787,33398.86936307347,243.12990687206184,0.007279584953282031,7050.0,255.70943127194914,-251.59048799778975,0.0
2025-03-06,18,F,0.0,True,10324.89340763376,10260.516578100922,17597.20734219223,64.37682953283729,0.0036583548901241362,10800.0,59.281483615781326,101.90691834113522,0.0
2025-03-07,12,F,0.1,True,6333.413388212339,6225.989434671941,13731.260372533012,107.42395354039763,0.007823313419595516,6279.283833409127,107.25827558023957,3.3135592031651413,0.0
2025-03-07,18,F,0.0,True,3391.1745075204562,3356.218468508103,10509.590968271132,34.95603901235336,0.0033261084201932326,10203.250116937335,34.344481194539185,182.97302647802917,-12.380179901587326
2025-03-08,12,F,0.12,True,6116.772625371075,6044.807913213615,13512.424527843526,71.96471215745987,0.005325817880364129,5815.703376537788,71.14051348994872,16.48397335023924,0.0
2025-03-08,18,F,0.0,True,2545.5325870242523,2506.9739207678977,9936.044653632454,38.55866625635463,0.003880685685350479,10260.417775791244,30.26765594750941,165.82020617692274,0.0
2025-03-09,12,F,0.11,True,24381.220306527837,23721.17981388662,31770.661136241528,660.0404926412157,0.02077515761509578,7050.0,645.4212824984534,292.3842028552591,0.0
2025-03-09,18,F,0.0,True,9847.93293649702,9799.699084283331,17247.539276893407,48.233852213688806,0.0027965642773347893,10800.0,55.52909585395537,10.657092971987822,-11.352021040227555
2025-03-10,12,F,0.09,True,25921.388426550715,24845.588149996598,33113.694971817466,1075.8002765541169,0.03248807713756237,6630.4641823035245,968.5031673382837,2593.018665030684,-32.41669578213259
2025-03-10,18,F,0.0,True,9886.817189551475,9863.127980801928,17263.49075302954,23.689208749547106,0.0013722142924883214,10798.110248334564,13.999125327503862,22.548974988595774,12.417218764552672
2025-03-11,12,F,0.09,True,24516.048401391577,23994.89701905103,31846.880054802627,521.1513823405476,0.016364283767946557,6795.477991232063,515.2303039228391,736.5644037985294,-44.820403467652795
2025-03-11,18,F,0.0,True,9812.474977335773,9748.992861688883,17185.192169726408,63.482115646889724,0.003694000917762235,10799.608783260943,39.234348250942276,63.11334863594959,30.58698980774352
2025-03-12,12,F,0.09,True,24379.645509074267,23972.537780648578,31770.458486993,407.10772842568986,0.012814033785265076,6690.914599442616,412.18819783187064,-101.60938812355812,0.0
2025-03-12,18,F,0.0,True,9832.582415229297,9795.005771405764,17240.877477971648,37.57664382353323,0.002179508779152582,10799.411449902118,33.65599655762344,78.41294531818028,0.0
2025-03-13,12,F,0.09,True,25583.420171194266,24695.251758989572,32798.30122407736,888.1684122046936,0.027079707760982626,6498.573615242345,784.9358376697965,2064.651490697823,0.0
2025-03-13,18,F,0.0,True,9798.789691259304,9680.471223461122,17202.041023448284,118.31846779818261,0.006878164494370258,10785.567141629828,122.41376493656935,186.45965753005385,-19.458697557403866
2025-03-14,12,F,0.11,True,6248.80648528864,6052.35577537716,13616.373654493498,196.45070991147986,0.01442753517906361,4428.728361667303,180.90527065753668,310.9087850788453,0.0
2025-03-14,18,F,0.0,True,2550.868663875968,2503.23286166081,9953.038453216042,47.63580221515804,0.0047860562821161285,10149.724188909435,50.042756388351336,-46.25962378979682,-0.13627617447491502
2025-03-15,12,F,0.11,True,6040.901784296513,5932.375945241099,13402.681390176418,108.52583905541451,0.008097322908456156,5017.5071761889385,100.12888964723606,325.31390662210674,-11.41096674837354
2025-03-15,18,F,0.0,True,2572.3203054561936,2529.0264615414508,9951.641705551006,43.293843914742865,0.004350422291690188,10212.97961360548,34.40617882740116,79.12474690963563,7.151375649380498
2025-03-16,12,F,0.09,True,24734.172569718045,24424.96581177879,32078.912268607713,309.2067579392533,0.00963894147501509,6814.995022141018,287.58511881239974,432.4327825372029,0.0
2025-03-16,18,F,0.0,True,10065.516505380487,10019.876907803497,17457.25018334297,45.63959757699013,0.002614363493543654,10728.39696577216,44.51013501196212,79.80359756210169,-4.148507329595304
2025-03-17,12,F,0.08,True,23417.254774718996,22936.865333362202,30801.799534676335,480.3894413567941,0.015596148556709386,6792.395198010987,484.99734112087754,-46.167483836492465,-3.334687648963154
2025-03-17,18,F,0.0,True,9922.170887869535,9873.206513562161,17332.675065848474,48.96437430737387,0.0028249750324951905,10798.991646344552,43.173266531190166,69.83164407860636,3.334687648963154
2025-03-18,12,F,0.06,True,23612.70768270884,23074.69990132135,30982.54388253781,538.0077813874886,0.017364867889066955,6450.606822300134,531.6943574296238,126.26847915720896,0.0
2025-03-18,18,F,0.0,True,9730.174292178379,9666.284658291383,17143.209291381074,63.88963388699631,0.0037268187537742702,10793.380311895124,64.67495609352045,-15.706444130436239,0.0
2025-03-19,12,F,0.05,True,24098.246719781266,22987.089470201943,31302.2296156394,1111.1572495793225,0.03549770298228724,6765.777030015181,970.9874855150229,2803.395281285904,0.0
2025-03-19,18,F,0.0,True,9939.373192690224,9876.361510890012,17348.002196605088,63.01168180021159,0.003632215461244445,10799.802684263406,74.06112850441059,18.08129707035505,-17.33454406171586
2025-03-20,12,F,0.04,True,23801.842175664082,23374.057919240735,31157.914070692692,427.78425642334696,0.013729553764503228,7005.706788333926,427.5655381623292,242.17989649184642,-17.242842992378428
2025-03-20,18,F,0.0,True,9872.689859936232,9807.815663112358,17247.957767287935,64.87419682387372,0.0037612683019732675,10800.0,45.224352203618764,155.19136113354443,17.242842992378428
2025-03-21,12,F,0.05,True,5601.617921346153,5437.138021418426,12993.723172662629,164.47989992772636,0.012658411891810507,4627.9949537279645,160.46542084246357,80.28958170525561,0.0
2025-03-21,18,F,0.0,True,2491.4692902507213,2427.4644890793934,9886.30995362188,64.00480117132793,0.00647408400824815,10206.958143621847,64.75374545296654,18.71938898827011,-2.443400097961785
2025-03-22,12,F,0.04,True,5950.22137144575,5846.737585732633,13312.368153750933,103.48378571311696,0.0077735069010962604,4046.845091861638,87.67516594582594,505.7750201772808,-13.74773863934388
2025-03-22,18,F,0.0,True,2674.2043967194604,2613.0732264073577,10070.357141346272,61.13117031210277,0.006070407380202441,10281.106603323415,46.53850802955458,102.25062081951523,13.74773863934388
2025-03-23,12,F,0.05,True,23226.238155277228,22462.71612572905,30634.87737116136,763.5220295481777,0.024923293156933982,6571.660851901873,789.0331704012206,-467.1129727964501,-3.125815754172436
2025-03-23,18,F,0.0,True,9868.821778508622,9827.066266564922,17272.524167186173,41.755511943700185,0.002417452801891345,10800.0,57.41016060232505,83.05944732485511,-28.72428555872466
2025-03-24,12,F,0.03,True,23609.92202549294,22808.880529280977,30839.941661915273,801.0414962119612,0.025974157311755876,6722.519172291215,703.7304548856591,1946.2208265260192,0.0
2025-03-24,18,Q,0.0,True,9911.20873077112,9859.569618930074,17309.94399952182,51.63911184104654,0.00298320502033242,10772.976663634428,50.94255801893814,114.15147805051822,-7.266797539674371
2025-03-25,12,F,0.04,True,23041.347922526045,22295.415934779092,30436.23337090799,745.9319877469534,0.02450802563696798,6513.6605294585415,759.93583338389,-280.0769127387716,0.0
2025-03-25,18,Q,0.0,True,9642.618067771467,9603.436551621575,17055.193575871537,39.18151614989256,0.0022973363495166514,10794.657703157209,40.000861894550326,-16.38691489319524,0.0
2025-03-26,12,F,0.04,True,22573.72262848641,21878.526251028114,29956.418663110348,695.1963774582946,0.023206925543285652,6795.07772427565,707.7178082813443,107.22436416795222,-25.932761772892263
2025-03-26,18,Q,0.0,True,9806.212630181639,9772.326039691574,17196.359477081518,33.88659049006492,0.001970567696914416,10786.053422024912,16.436053532925143,75.48870323031531,19.832581248112547
2025-03-27,12,F,0.03,True,22060.734061276962,21861.8031723483,29434.689620127363,198.93088892866217,0.006758382422100818,6735.932726809861,196.38535192165,50.910740140228654,0.0
2025-03-27,18,Q,0.0,True,9865.16445586079,9787.490162287011,17268.578289662742,77.67429357377841,0.004498013227891235,10776.88653110654,74.41226685505535,65.24053437439727,0.0
2025-03-28,12,F,0.02,True,5175.233235297375,5060.647851409922,12548.17569877973,114.58538388745365,0.00913163687201134,2529.328222272058,102.13531419854917,249.0013937780775,0.0
2025-03-28,18,Q,0.0,True,2406.208377023535,2313.4238641041566,9818.057076550944,92.78451291937836,0.009450394532843081,10280.468575192808,99.53952912646128,80.93457893465916,-15.664294664220506
2025-03-29,12,F,0.02,True,5321.493828669674,5073.145405768921,12669.27743172354,248.34842290075358,0.019602414126546445,1541.1040087121814,235.3355204845575,327.3059038431095,-4.861517053499483
2025-03-29,18,Q,0.0,True,2822.613002792561,2758.9561330778606,10213.26137505323,63.656869714700406,0.006232766143651997,10088.834229499755,69.42481788344776,-67.79081574727047,-3.4490791555454052
2025-03-30,12,F,0.02,True,21037.48228147693,20641.95004225279,28413.45484596445,395.53223922413963,0.013920596469820596,6668.420885129061,400.4491321103451,237.25897461089266,-24.333510905951698
2025-03-30,18,Q,0.0,True,9798.56766905263,9704.520161335488,17177.503208407656,94.04750771714316,0.005475039449919061,10789.123539590853,85.17500441024458,102.94506230209754,5.402221203265071
2025-03-31,12,F,0.04,True,25650.66539039387,22762.259009535206,32647.07204576837,2888.406380858665,0.0884736731309126,6217.41975280348,2616.5788926066416,5912.5517881523665,-34.51403381867931
2025-03-31,18,Q,0.0,True,9737.968341460097,9678.669497657567,17107.643017527094,59.29884380252952,0.0034662193816983886,10797.343695887886,36.77869171222119,99.3676329732566,25.45293377705093
2025-04-01,12,F,0.04,True,22632.251642236573,22307.062100493327,29899.969619197374,325.1895417432461,0.010875915456932674,6469.809004372306,265.6149638228562,1191.4915584077685,0.0
2025-04-01,18,Q,0.0,True,9865.51745707455,9755.556164135349,17254.501360335184,109.96129293920058,0.006372904707172858,10697.426158155682,105.344126560718,181.83799717141778,-6.489094380385723
2025-04-02,12,F,0.04,True,21208.255971284176,20832.001340796887,28587.099938575095,376.2546304872885,0.013161692906791674,6572.3534797455595,372.5741937956809,73.60873383217313,0.0
2025-04-02,18,Q,0.0,True,9704.671908064223,9630.298155457343,17086.261361474462,74.37375260687986,0.004352839455831768,10795.24624773583,62.27401164074763,241.99481932267258,0.0
2025-04-03,12,F,0.04,True,21940.279035611013,21470.8314826594,29326.86891205479,469.44755295161303,0.01600742153413612,6726.08089432173,493.2839716031085,-94.37214762245162,-27.723948751759963
2025-04-03,18,Q,0.0,True,9724.435529577846,9681.986506104491,17106.368854590357,42.44902347335483,0.002481474814099076,10800.0,36.95728297281312,204.66208323111857,-6.875751690002289
2025-04-04,12,F,0.05,True,4602.9068120272,4493.815655709146,11979.19885007141,109.09115631805435,0.009106715539445615,1200.0,118.37036108577013,257.9790674589781,-32.161951543756004
2025-04-04,18,Q,0.0,True,2478.0303904047505,2414.3554754289908,9844.719076244823,63.67491497575975,0.006467926050770355,10159.13689377093,56.82747354360072,167.88833800728287,-2.243367088116429
2025-04-05,12,F,0.03,True,4691.182657429645,4495.510488587409,12058.249838909362,195.6721688422358,0.01622724453849381,1200.0,187.00838477334582,490.0846111893338,-22.971234546626874
2025-04-05,18,Q,0.0,True,2659.636486962835,2604.3430941390698,10032.882783955829,55.293392823765316,0.00551121686701934,10224.769946132328,55.35992778310174,185.20085684356616,-13.525061072201424
2025-04-06,12,F,0.04,True,22754.378285404222,21603.32358898822,29990.215271691093,1151.0546964160021,0.03838100813842862,6690.182976273981,1057.9377634339435,1897.2941625385401,-2.534559414807518
2025-04-06,18,Q,0.0,True,9625.784479729744,9573.847150727548,17026.80191299982,51.93732900219584,0.0030503279046514378,10766.812932650351,47.78859919862589,48.01909317410059,2.534559414807518
2025-04-07,12,F,0.05,True,23066.7288164801,21387.194382525355,30181.38422056004,1679.5344339547446,0.055648025341747544,6326.046226198674,1484.3798669625285,4521.356637422377,-44.82928297239596
2025-04-07,18,Q,0.0,True,9640.935131134118,9599.006782964494,17012.976107601964,41.92834816962386,0.0024644922736880162,10786.958176111484,18.840850090113236,23.485788793647885,31.77773149476161
2025-04-08,12,F,0.05,True,21223.176813595754,20480.700984673997,28565.808661999545,742.475828921757,0.025991766510340596,7052.571587599115,724.1669428508212,470.03184481042695,-7.530272042789875
2025-04-08,18,Q,0.0,True,9729.632804296678,9628.506918141567,17114.951505969184,101.12588615511049,0.00590862826107575,10794.24493000588,109.63908008888757,350.1425334815116,-37.73371464099728
2025-04-09,12,F,0.05,True,22625.256431622496,21706.094294222486,29812.036219928188,919.1621374000097,0.030831914016848854,6974.685992182115,789.7087970198081,2589.066807603952,0.0
2025-04-09,18,Q,0.0,True,9695.896584201868,9627.36603975664,17097.07795463045,68.53054444522786,0.004008319119037972,10779.083905902664,61.7549492553735,135.5119037971184,0.0
2025-04-10,12,F,0.05,True,20788.941656468087,20487.749535380648,28166.68084375038,301.19212108743886,0.010693206017359598,6424.182342415181,299.151877530654,183.22796456386186,-10.326837333599542
2025-04-10,18,Q,0.0,True,9835.37640641833,9720.615890156463,17208.166355922123,114.76051626186745,0.0066689566969680685,10797.155797347836,94.75206427521334,326.9847903366805,5.306455720812664
2025-04-11,12,F,0.05,True,3855.365208093155,3709.5867397531947,11253.98821675955,145.77846833996045,0.012953493955402027,1200.0,136.17894062634878,191.9905542722205,0.0
2025-04-11,18,Q,0.0,True,2386.794275698274,2290.9618366332415,9797.768555559902,95.8324390650323,0.009781047441731071,10161.699913007405,92.85455305242795,59.557720252109675,0.0
2025-04-12,12,F,0.06,True,4361.293206460532,4264.715801793065,11760.81561076934,96.57740466746691,0.008211794816256732,3678.8179267604096,94.77889788104221,116.71332898309345,-5.854540878624903
2025-04-12,18,Q,0.0,True,2506.445385127736,2382.4746875985493,9903.59343750111,123.97069752918651,0.012517749068712477,10222.963670523743,106.88579301470418,260.9548970350113,5.854540878624903
2025-04-13,12,F,0.06,True,20143.853511130408,19906.65418912509,27426.903538197374,237.19932200531912,0.008648417845455003,6226.147712205791,235.26129274151026,430.92673444089814,-28.43524833428455
2025-04-13,18,Q,0.0,True,9737.16104815897,9643.093696197837,17087.97672231717,94.06735196113368,0.005504885305600881,10749.090855084074,76.39014854199559,405.7836181616001,-3.787793959267219
2025-04-14,12,F,0.06,True,19795.32357547256,18840.908007329454,27205.86843669712,954.4155681431075,0.035081238827712885,6744.148539732092,993.1118169581678,-613.8219939779405,-11.608773656565972
2025-04-14,18,Q,0.0,True,9568.3347178813,9468.12367809219,16950.388861434705,100.21103978911015,0.0059120201081114395,10800.0,104.1308933036089,321.23610773332473,-28.976668904022517
2025-04-15,12,F,0.08,True,20892.60285546162,19872.877625170266,28090.188872694045,1019.7252302913548,0.03630182890235426,6447.709100264456,927.6030649823151,1940.1462675322418,-7.084262563055745
2025-04-15,18,Q,0.0,True,9729.237123812658,9571.086557779729,17117.935539504702,158.15056603292942,0.009238880802416284,10790.252865911085,140.50857730811913,255.13681314472558,7.084262563055745
2025-04-16,12,F,0.08,True,21348.92956071109,20447.682260801845,28562.53561729253,901.2472999092461,0.03155347662353921,6282.593612894305,797.5269311047559,2270.0879336610196,-14.188438396782658
2025-04-16,18,Q,0.0,True,9615.506373037635,9563.659359196183,17000.090962817656,51.84701384145228,0.0030498080248424135,10778.126736820106,37.684228678263025,127.6324331904217,11.283957936078878
2025-04-17,12,F,0.08,True,19803.044798614166,19506.522475326863,27180.50828906992,296.52232328730315,0.010909373737007835,6653.050616773413,278.1698963523522,367.0485386990167,0.0
2025-04-17,18,Q,0.0,True,9574.832831498503,9509.508772824052,16984.802159684652,65.3240586744505,0.003846030001427072,10787.62018849185,57.6762414677105,152.95634413475773,0.0
2025-04-18,12,F,0.08,True,3895.456417179452,3708.8520209162734,11264.842019004656,186.6043962631784,0.01656520312920167,1200.0,199.63768204861663,464.491092365437,-52.5797903842722
2025-04-18,18,Q,0.0,True,2571.18129586516,2493.5308591782077,9935.57558970283,77.65043668695216,0.007815393882909874,10087.999886837035,49.750939187732,43.23324360387585,37.324064835391255
2025-04-19,12,F,0.11,True,4719.611545765534,3991.2423098858126,12031.280221521714,728.3692358797216,0.06053962857392391,1660.5562786128442,667.474471162408,1217.8952943462548,0.0
2025-04-19,18,Q,0.0,True,2379.0253975781707,2332.6176095691626,9785.938642797393,46.40778800900807,0.004742292967794657,10016.523046967373,42.52716624873756,77.61243520538437,0.0
2025-04-20,12,F,0.1,True,21088.76302792995,20063.67535191767,28290.15431448281,1025.0876760122774,0.036234785594205676,5878.670148223624,881.1324051085503,2879.1054180745027,0.0
2025-04-20,18,Q,0.0,True,9439.175210907079,9374.278223351603,16842.818596299727,64.89698755547579,0.0038530954415036743,10741.71774196608,56.60734418254651,165.79286745859235,0.0
2025-04-21,12,F,0.12,True,19018.62311292936,18260.701739209384,26423.93322943797,757.9213737199752,0.02868313990725657,6745.878543566108,777.1830548851467,-385.23362330350244,0.0
2025-04-21,18,Q,0.0,True,9310.408667102953,9248.810699039781,16708.508826947287,61.59796806317172,0.003686622708295024,10800.0,50.84843977833225,214.99056569678862,0.0
2025-04-22,12,F,0.11,True,20834.974501519893,19790.919533873974,27998.770337344875,1044.0549676459195,0.03728931503300181,5682.988083133641,924.8281180123267,2384.5369926718395,0.0
2025-04-22,18,Q,0.0,True,9454.163646865489,9425.322892527858,16847.110060058516,28.840754337630642,0.0017119110776160306,10780.473066578454,28.43638846097383,8.08731753318807,0.0
2025-04-23,12,F,0.09,True,20712.367476571904,19531.460816044164,27887.944187101024,1180.9066605277403,0.04234470108678515,6023.174680298876,1043.3791431252466,2754.745940817754,-0.30421473785645503
2025-04-23,18,Q,0.0,True,9558.905653644091,9524.685801067259,16953.346406910227,34.219852576832636,0.0020184718553786255,10781.480053735027,29.70872191690796,127.20257017617621,-2.6813488677962596
2025-04-24,12,F,0.09,True,19806.943669237706,18927.05583465544,27110.583880963597,879.8878345822668,0.03245551030717944,5918.524685956838,795.5716850869139,1686.3229899070666,0.0
2025-04-24,18,Q,0.0,True,9319.268124523956,9284.500602286187,16725.131482187207,34.7675222377693,0.0020787592776055487,10790.650542312047,33.261314904251776,30.12414667034568,0.0
2025-04-25,12,F,0.08,True,3053.627824887395,2908.904909162751,10470.115023242557,144.72291572464383,0.01382247620044041,1200.0,133.25230871529675,229.4121401869383,0.0
2025-04-25,18,Q,0.0,True,2128.724718740108,2070.208703285897,9552.875768225544,58.5160154542109,0.0061254869082297625,10089.82159606732,54.689922325251246,117.45580872273268,-2.9680453715154727
2025-04-26,12,F,0.07,True,4269.7772436777595,3548.422607508275,11588.527316278105,721.3546361694844,0.06224730860807621,1200.0,653.2476510764045,1362.139701861613,0.0
2025-04-26,18,Q,0.0,True,2477.12237050745,2426.148758665545,9882.268817371645,50.97361184190504,0.005158087963798411,9928.619612742708,50.09254886830058,62.26066489728328,-3.23672142907526
2025-04-27,12,F,0.09,True,18825.678614114775,18362.53702509183,26115.964415258935,463.14158902294366,0.017734041204020827,6493.560177169353,419.0997080939669,883.4522876769761,-0.18958486156225263
2025-04-27,18,Q,0.0,True,9162.390564611182,9135.477608994248,16564.414989351375,26.912955616933687,0.001624745313024033,10800.0,24.465134988004138,46.3417434811405,0.18958486156225263
2025-04-28,12,F,0.08,True,20709.95998336171,19903.78336938897,27955.606492201427,806.1766139727406,0.028837743663248153,6858.713364878764,706.2456583923995,2127.3620710437835,-9.334915904077207
2025-04-28,18,Q,0.0,True,9293.978427745784,9208.157526876732,16693.805198409715,85.82090086905191,0.005140883091005961,10799.529365172322,76.95902738731093,48.49451019797323,9.334915904077207
2025-04-29,12,F,0.09,True,20541.77751575401,19430.331532512515,27761.86598423481,1111.445983241494,0.04003498842162315,6691.939331446205,988.5112469802043,2486.4393566668195,-2.0117123485761113
2025-04-29,18,Q,0.0,True,9298.188575732192,9253.634924710734,16710.488395193253,44.55365102145879,0.0026662087886237112,10789.936473847109,49.60102591152463,71.54132079460794,-12.506847931956145
2025-04-30,12,F,0.08,True,18034.28537921448,17654.362733329,25392.007830002854,379.9226458854828,0.014962292404327763,6529.134708516607,381.10198640143426,142.3383950246432,-12.030932371175368
2025-04-30,18,Q,0.0,True,9375.037620441835,9300.375438758201,16760.421221291952,74.66218168363412,0.004454672152796819,10800.0,74.89913261673064,184.01043808166878,-13.68587698580086
2025-05-01,12,F,0.07,True,18787.819158719234,18417.819842693643,26146.9242085817,369.9993160255908,0.01415077785341012,6295.6401537336515,356.6660071531878,266.66617744814334,0.0
2025-05-01,18,Q,0.0,True,9375.649889158301,9330.337995250193,16773.179837513788,45.311893908108686,0.002701449239026645,10776.410134696334,43.30641384904084,113.50850183019134,-5.322019689510853
2025-05-02,12,F,0.07,True,5387.602390089309,4636.573655137321,12667.592095705666,751.0287349519876,0.0592874106837232,1621.9273696700152,644.2477427034519,2135.6198449706835,0.0
2025-05-02,18,Q,0.0,True,2706.909462993337,2632.5658758417703,10004.308384246588,74.34358715156668,0.007431157087143851,10189.970528548223,65.14005275406817,184.07068794999304,0.0
2025-05-03,12,F,0.07,True,4720.564501583343,4483.919816172889,12127.675317394687,236.64468541045426,0.019512782063932362,3523.844498150775,279.699008787873,-861.0864675483753,0.0
2025-05-03,18,Q,0.0,True,2798.6315303310384,2699.732615840994,10224.752964505633,98.89891449004426,0.009672499162900415,10386.945346939927,96.36770071388128,50.62427552328694,0.0
2025-05-04,12,F,0.08,True,20129.364705193177,19442.205488897933,27372.09102900107,687.1592162952438,0.0251043742170516,6784.430484137187,707.8730490862981,-377.4575074320901,-2.669688931910059
2025-05-04,18,F,0.0,True,9949.572943273013,9924.636543497276,17298.24294461525,24.9363997757373,0.0014415568017848727,10800.0,34.99193803536036,-12.047430601114229,-13.708635692968528
2025-05-05,12,F,0.08,True,20833.9751064402,20523.718286089512,28023.933606141843,310.25682035068894,0.011071137432422825,6737.830291526967,313.69823230801194,-68.82823914640267,0.0
2025-05-05,18,F,0.0,True,10858.210547318968,10835.880870583585,18064.298932018522,22.329676735382236,0.0012361219673907985,10800.0,24.582001072951243,-45.04648675138196,0.0
2025-05-06,12,F,0.09,True,20353.262565214172,20087.68277795181,27514.206623655515,265.5797872623625,0.00965246030514391,6363.673814417727,259.19840364143965,131.5381309641134,-0.28354017827405187
2025-05-06,18,F,0.0,True,11052.889162495274,11001.055495132006,18264.646051519157,51.83366736326752,0.002837923451517215,10800.0,53.51499389121818,-37.53698910474304,0.28354017827405187
2025-05-07,12,F,0.09,True,21722.047554398538,21521.568373692993,28821.990616533563,200.47918070554442,0.0069557714931230575,6562.928175266425,194.31102545857357,123.36310493949804,0.0
2025-05-07,18,F,0.0,True,10903.791309129285,10869.351289528853,18185.15247344381,34.4400196004317,0.0018938537716813339,10800.0,38.745621605896304,-12.348415367307098,-5.348465164677691
2025-05-08,12,F,0.1,True,23349.533997693317,22758.729033703486,30405.87389249212,590.8049639898309,0.01943061942829782,6484.379021795588,547.1746278563405,872.6067226697651,0.0
2025-05-08,18,F,0.0,True,12770.510297933599,12725.056011165118,19916.339701998604,45.454286768481325,0.0022822610704877656,10778.403228592108,65.76182648758913,433.1568350728694,-60.856657116495626
2025-05-09,12,F,0.09,True,7208.799065489424,7109.4877983786155,14341.858624274302,99.31126711080833,0.006924574402282778,3572.518550189495,83.74287253100738,311.36789159602085,0.0
2025-05-09,18,F,0.0,True,4219.126018213505,4182.148881189047,11459.614226591038,36.97713702445799,0.003226734887694191,10800.0,38.575772472022436,-31.972708951266213,0.0
2025-05-10,12,F,0.09,True,6451.870652802909,6203.362989237974,13625.268832071313,248.50766356493477,0.018238734708851734,2735.230222726402,235.66698374981024,256.81359630250336,0.0
2025-05-10,18,F,0.0,True,4922.212806392914,4864.829414776169,12067.834278401686,57.38339161674503,0.004755069575279677,10590.465684549943,20.43747993432953,835.6823829376153,-7.016191021986742
2025-05-11,12,F,0.08,True,22861.18436432282,22577.193949926106,30059.436194922888,283.9904143967142,0.009447629441721892,6873.974854416712,282.71054705573624,25.59734681948794,0.0
2025-05-11,18,F,0.0,True,12089.329433888694,12038.380563393746,19430.67180227481,50.94887049494719,0.0026220848673375484,10786.086929931707,51.6354969846725,-13.732529794523998,0.0
2025-05-12,12,F,0.08,True,23533.64238786624,22818.351786821047,30599.58343126688,715.2906010451916,0.023375828061577543,6829.762650935247,629.9964126912928,1705.8837670778803,0.0
2025-05-12,18,F,0.0,True,11867.153995667062,11822.60329427109,19224.233588993873,44.55070139597228,0.0023174240569714126,10797.183438207458,40.822656403262954,74.56089985414656,0.0
2025-05-13,12,F,0.06,True,23096.735216294233,22718.046047624965,30245.690047420103,378.68916866926884,0.012520434087486466,6967.459258071311,333.56053425034406,1076.2788892429544,-12.595118087849187
2025-05-13,18,F,0.0,True,12435.183607980107,12376.643137057867,19721.861241808,58.540470922240274,0.002968303559409567,10798.558162600071,55.23587325720291,-107.61424756378119,12.595118087849187
2025-05-14,12,F,0.05,True,23138.460330413123,22425.21818236232,30295.96866250542,713.2421480508019,0.02354247708651472,7368.382884501036,733.2180395004252,-321.4427080913383,-5.661083844894165
2025-05-14,18,F,0.0,True,12427.22207240684,12393.367723719131,19679.442688590647,33.8543486877079,0.0017202900114308265,10795.645356312101,28.728181096332264,24.448230926462656,5.661083844894165
2025-05-15,12,F,0.05,True,24970.704097945127,24319.53201173478,32047.07686747453,651.1720862103466,0.020319235008645648,6790.0150064152,602.4767886288391,973.9059516301413,0.0
2025-05-15,18,F,0.0,True,13452.975841471985,13423.249281492026,20640.518539855646,29.726559979959347,0.001440204126779038,10800.0,38.67015131382868,-63.147669163552564,-8.390946450093907
2025-05-16,12,F,0.05,True,6882.445463025697,6653.306988428019,14275.91119971638,229.1384745976775,0.016050707474436363,2102.857006706795,230.38568519974615,-24.944212041366427,0.0
2025-05-16,18,F,0.0,True,4446.277308563966,4223.753270868145,11857.278653176267,222.52403769582088,0.018766872585575297,10800.0,225.70222511417887,-63.5637483671718,0.0
2025-05-17,12,F,0.04,True,7009.550318766822,6895.341313009465,14235.198844997782,114.20900575735686,0.008023000381023104,4041.18165501541,91.03656004689037,463.44891420934437,0.0
2025-05-17,18,F,0.0,True,4801.798093539344,4777.442537949137,12082.66633230884,24.355555590207587,0.0020157434559854768,10800.0,20.647081852539486,74.1694747533702,0.0
2025-05-18,12,F,0.04,True,23544.11212291159,23053.086518383912,30729.018103745857,491.0256045276765,0.01597921556978811,7503.2516154284185,506.86001613316694,-108.69431136436106,-15.081257780697342
2025-05-18,18,F,0.0,True,13168.597503161356,13140.765679950182,20362.722217792907,27.831823211174196,0.0013668026756685216,10800.0,18.496578745838633,363.23546004587297,-12.799907968226762
2025-05-19,12,F,0.03,True,22681.77262693709,22026.015961624777,29781.5364246313,655.756665312314,0.022018899762671743,6893.324946507897,645.2247690504119,317.6537012509225,-7.759517676609903
2025-05-19,18,F,0.0,True,12194.534688696769,12166.171045664289,19493.490710702245,28.363643032480468,0.0014550315001770496,10800.0,25.950459413801582,-58.75210363928454,7.759517676609903
2025-05-20,12,F,0.03,True,25252.315857260903,23286.940714009095,32350.46832551548,1965.3751432518075,0.06075260251183676,6657.206728046205,1887.0216347989845,1646.760266111065,-5.778182804297103
2025-05-20,18,F,0.0,True,12628.276732237933,12557.93367532557,19843.111052364544,70.34305691236295,0.003544961106488427,10788.842145777448,83.47723732502345,356.6807719425133,-44.90897543754909
2025-05-21,12,F,0.03,True,24263.685580089004,22802.890725140045,31297.232269594446,1460.7948549489593,0.04667488940765331,6770.285800427779,1332.300092849924,2569.8952419806064,0.0
2025-05-21,18,F,0.0,True,12860.292409686872,12813.947906873262,20081.70132938177,46.344502813610234,0.0023077976339486266,10766.899418482324,58.745840777984995,263.11568492928836,-37.06200131361584
2025-05-22,12,F,0.03,True,22819.649189737633,22647.476819884316,30026.138649078013,172.17236985331692,0.005734082955705118,6216.04231866211,161.20900220574185,219.26735295152503,0.0
2025-05-22,18,F,0.0,True,12849.653247780281,12798.433608896898,20067.607342126357,51.219638883383595,0.0025523540504932152,10782.810869783223,46.26963170835734,99.00014350051788,0.0
2025-05-23,12,F,0.04,True,9169.069219877207,7257.22045613692,16291.261194135828,1911.8487637402868,0.11735425151911949,2406.3245069226737,1825.9368530060437,1718.2382146848204,0.0
2025-05-23,18,F,0.0,True,5340.854508623706,5188.601997245891,12527.614261449855,152.2525113778156,0.012153352442079024,10505.845184066435,126.67729760141447,511.5042755280192,0.0
2025-05-24,12,F,0.07,True,7628.040590132241,7409.8156240174285,14794.138503800708,218.22496611481256,0.014750772142544777,1214.0384535788985,217.06300871984968,23.239147899288582,0.0
2025-05-24,18,F,0.0,True,4925.419196783734,4851.024534653037,12197.802006583264,74.39466213069682,0.0060990219459657845,10800.0,50.014637311343904,487.60049638702867,0.0
2025-05-25,12,F,0.04,True,21883.893659632573,21215.191123337812,29019.106303217588,668.7025362947606,0.0230435261964155,6942.398643761926,649.5823753160694,703.1761110443813,-23.25865413754218
2025-05-25,18,F,0.0,True,13318.61281020284,13249.515767971881,20374.70737348215,69.09704223095832,0.003391314582553892,10794.24241432427,41.00491487425461,588.7265468718606,-1.9493095219731913
2025-05-26,12,F,0.07,True,25545.901132781473,24075.124619644273,32463.487583953618,1470.7765131371998,0.04530556088077826,5715.107270619894,1349.9525165928644,3247.4318913112184,-60.25080287745368
2025-05-26,18,F,0.0,True,12759.483871287659,12692.149610396209,19958.371172330117,67.33426089144996,0.003373735276794572,10800.0,51.94031262534554,-256.97712221910024,40.95667909272015
2025-05-27,12,F,0.06,True,22119.184435279392,21952.68590866513,29348.41491354558,166.4985266142612,0.0056731693041934894,7112.361285793173,168.42157014441545,-38.46087060312493,0.0
2025-05-27,18,F,0.0,True,12352.909302543298,12296.61154657433,19709.08245264136,56.29775596896798,0.00285643718342774,10787.72463021418,62.1022432375139,-116.08974537093536,0.0
2025-05-28,12,F,0.06,True,22322.99485818491,21879.042727811393,29364.24499270414,443.9521303735164,0.015118799427120331,5816.056030646421,427.92685844402513,358.5758783730589,-2.760417776340546
2025-05-28,18,F,0.0,False,12374.501191663516,12356.769920454883,19632.128006029376,17.73127120863319,0.0009031762223222872,10706.828986711484,9.46204118454989,127.31416069836223,2.760417776340546
2025-05-29,12,F,0.04,True,22627.30034714059,22330.56139301533,29689.18032318691,296.7389541252596,0.009994851689910413,6311.117881759716,298.5093259581299,531.4576536694731,-41.10234820066216
2025-05-29,18,F,0.0,True,13184.343218580223,13139.899874944227,20256.273934140205,44.443343635995916,0.0021940532489092422,10799.66193502879,76.72677779052538,148.6485911000609,-57.59448895814239
2025-05-30,12,F,0.04,True,7132.802929304144,6867.357717377819,14329.918284486524,265.4452119263242,0.018523846867549373,3232.901183161301,270.5415555840809,-101.9268731551565,0.0
2025-05-30,18,F,0.0,True,4833.083169027268,4770.051994120529,12018.51954910109,63.03117490673867,0.00524450408798087,10615.109172590459,47.19837415136135,316.65601510755823,0.0
2025-05-31,12,F,0.07,True,6851.102902024262,6701.876461418708,14050.55197060296,149.22644060555467,0.010620681729641033,3671.70012305989,153.92699714694936,-94.01113082792472,0.0
2025-05-31,18,F,0.0,True,4609.4336653875125,4554.374471862926,11862.247990081198,55.05919352458659,0.0046415480076478915,10800.0,50.34241693963122,94.33553169910556,0.0
2025-06-01,12,F,0.05,True,24492.08831880684,23807.091801906587,31663.465904333385,684.9965169002535,0.02163365561337701,7775.014063541494,701.8809068880546,32.45406294104214,-26.838307709940636
2025-06-01,18,F,0.0,True,12073.916785583664,12028.503100289958,19336.275997170153,45.413685293706294,0.0023486262453200684,10800.0,24.01501320366151,57.83157910389309,26.838307709940636
2025-06-02,12,F,0.03,True,27242.534130042302,26815.23987695045,34167.31482530533,427.2942530918517,0.012505936017406462,7050.0,400.836901207811,532.4850793320657,-0.242035278946787
2025-06-02,18,F,0.0,True,12790.034779307754,12743.052337417315,19968.115963203105,46.98244189043908,0.0023528730490656956,10783.296241251795,48.700221152023005,-37.69362688304318,0.242035278946787
2025-06-03,12,F,0.02,True,25299.636892188835,25054.00967744471,32268.458468363748,245.62721474412683,0.007611990978278113,6589.285442092478,232.1921300693466,268.7016934955427,0.0
2025-06-03,18,F,0.0,True,12724.572909570508,12692.210178914322,20080.60035326152,32.36273065618661,0.00161164158874016,10776.863619344938,26.753269218654168,112.18922875062049,0.0
2025-06-04,12,F,0.02,True,29534.3004690609,28960.09753816338,36444.43925925657,574.2029308975216,0.015755570467493995,7050.0,527.0135596249311,1009.9404879031536,-4.7966372489900095
2025-06-04,18,F,0.0,True,13743.890056295244,13677.920208501348,20848.87658739635,65.9698477938964,0.0031641919658048517,10800.0,70.52410466494985,-157.23819987239312,4.7966372489900095
2025-06-05,12,F,0.03,True,28476.187676619746,27793.841414888957,35384.19207476004,682.3462617307887,0.019283929396752126,6986.777158786457,630.8529447760229,1502.1892289279967,-34.247266611278974
2025-06-05,18,F,0.0,True,13687.057297777503,13609.855652051197,20837.853523099187,77.20164572630529,0.0037048751514029833,10800.0,51.88644439927157,33.9811367078737,34.247266611278974
2025-06-06,12,F,0.01,True,11380.516752531557,10507.232550074761,18422.451538545603,873.2842024567963,0.047403256869999584,6113.849819406467,790.2335661759716,1853.388335146563,-13.948802674833132
2025-06-06,18,F,0.0,True,5728.547771314505,5683.362421738137,12947.8583086163,45.185349576368026,0.003489793331017449,10800.0,33.93748066361695,32.58176872493277,13.948802674833132
2025-06-07,12,F,0.0,True,10981.231096356247,10659.233731172428,18001.725037951037,321.99736518381906,0.017887028298954007,7422.633569214397,298.4588366210519,470.7705712553634,0.0
2025-06-07,18,F,0.0,True,6510.962649433093,6439.17046810723,13816.696475839122,71.79218132586357,0.0051960453391593706,10615.20739322348,62.43723913960639,187.09884372514625,0.0
2025-06-08,12,F,0.0,True,30984.52526895087,30050.184818593603,38190.444043657466,934.3404503572674,0.02446529423143587,6667.604029339433,854.1088601631345,1604.631803882663,0.0
2025-06-08,18,F,0.0,True,16075.047420375884,15998.614643943607,23346.06442311467,76.43277643227702,0.0032739041170725897,10647.529440937074,45.11971573700794,626.2612139054108,0.0
2025-06-09,12,F,0.0,True,32616.538690674417,32436.15631219539,39488.24064001394,180.38237847902565,0.004568002411741836,7050.0,177.83470634319383,881.0481594105695,-60.18864570653386
2025-06-09,18,F,0.0,True,15729.414243720792,15654.017532716176,22858.066452085634,75.39671100461601,0.0032984728241411076,10800.0,34.45197644227301,564.2131605573877,18.466490763506954
2025-06-10,12,F,0.0,True,33602.160860581964,33334.94883901484,40532.27691231252,267.2120215671239,0.006592573670243349,7050.0,197.54155891355185,1393.409253071397,0.0
2025-06-10,18,F,0.0,True,16208.118187378202,16169.714773652457,23336.132477260548,38.40341372574585,0.0016456631690434278,10767.736598468633,37.43035685976065,30.625894264183444,-0.8095360524694115
2025-06-11,12,F,0.01,True,35045.72529168277,34664.15002933986,41965.81519926057,381.57526234291436,0.009092525917371853,7050.0,347.9354395008704,816.0088311488325,-10.384066642836842
2025-06-11,18,F,0.0,False,15982.00689317755,15959.484303330102,23173.547223176487,22.522589847447307,0.0009719094634300035,10766.012345994484,19.03187804324989,1.6556244010180308,4.942055946063192
2025-06-12,12,F,0.01,True,35099.86480892826,34892.13907507314,42183.07614787143,207.72573385512078,0.004924385626286353,7050.0,163.67863913687324,880.9418943649389,0.0
2025-06-12,18,F,0.0,True,16121.951675624596,16064.362934983214,23401.47208668705,57.588740641382174,0.0024609024777609632,10788.458456250955,61.48717944049713,-77.9687759823073,0.0
2025-06-13,12,F,0.01,True,12684.74670632473,12521.09115239794,20036.001583766087,163.65555392679016,0.008168074515395826,7116.505490722668,150.10072380682323,271.09660239933305,0.0
2025-06-13,18,F,0.0,True,8068.914453229256,7963.214739127761,15292.587730568315,105.69971410149446,0.006911826563545657,10776.88008475791,66.77224086818023,778.5494646663055,0.0
2025-06-14,12,F,0.01,True,13077.561432706376,12831.839716603507,20280.62276122821,245.72171610286932,0.01211608336666227,8456.683955992175,263.81586360362417,-332.68245652665155,-2.117274235926743
2025-06-14,18,F,0.0,True,8299.98360986114,8209.415022539517,15499.799555910411,90.56858732162254,0.0058432102295856315,10800.0,94.82415109255271,20.20829727482851,-7.636529084360518
2025-06-15,12,F,0.04,True,35457.04934976604,35054.14018014327,42564.332976966056,402.9091696227697,0.009465887080641118,7050.0,428.9205520839896,-520.2276492243918,0.0
2025-06-15,18,F,0.0,True,17130.39357460067,17081.33089588175,24383.14356460446,49.062678718917596,0.0020121555938397923,10785.2027789227,47.25763995679881,36.100775242365216,0.0
2025-06-16,12,F,0.04,True,35297.35179631074,34927.31092727481,42553.35435401813,370.0408690359254,0.008695927140253376,7050.0,396.9227851134565,-537.6383215506671,0.0
2025-06-16,18,F,0.16,True,16743.736961634953,16697.32292177229,24068.278151182054,46.41403986266232,0.0019284320868787536,10797.654439042373,34.49851009237682,238.3105954056905,0.0
2025-06-17,12,F,0.05,True,35370.06489759505,34952.5934464637,42461.757056626244,417.4714511313505,0.009831704575357491,7050.0,365.4738501990432,1039.9520186460513,0.0
2025-06-17,18,F,0.16,True,16612.92183595347,16575.632409367623,23876.003079574253,37.28942658584856,0.0015617951824503404,10724.187040483484,25.502375572232268,252.73141604622197,-1.231942441121646
2025-06-18,12,F,0.05,True,35664.641242913625,35265.17701789056,42632.47356242658,399.46422502306814,0.009369951861651519,7050.0,398.74034256213054,584.8104054494252,-41.353782296468125
2025-06-18,18,F,0.02,True,16349.927155611205,16247.490943894756,23502.663953951887,102.43621171644918,0.00435849365489587,10780.109659566075,75.60658781576058,-33.74027821706386,41.353782296468125
2025-06-19,12,F,0.05,True,35533.64483740742,34070.98197800366,42116.59999406892,1462.6628594037538,0.034728892161516686,7050.0,1202.2939817502338,5749.038100457699,-39.274813011392325
2025-06-19,18,F,0.57,True,16430.297932625403,16381.212968819935,23495.747248605447,49.08496380546785,0.002089099924599385,10800.0,40.489209823470446,-178.94775334648966,25.440420618893768
2025-06-20,12,F,0.02,True,12443.344364832266,12319.905622028007,19638.766774839645,123.43874280425916,0.00628546304457384,7457.665211671582,114.94719124205949,188.1846164823446,-1.3307848094245855
2025-06-20,18,F,0.7,True,8063.265377362336,7982.434045679915,15179.521662078158,80.83133168242148,0.005325024956771611,10800.0,102.65543417459412,367.33345276947693,-58.28318808349286
2025-06-21,12,F,0.01,True,13215.90044948671,13100.778764250352,20195.75756744795,115.12168523635773,0.005700290511602986,6499.565945414031,74.25023405565662,817.4290236139695,0.0
2025-06-21,18,F,0.88,True,7552.354606071156,7433.3343445039245,14824.018736958535,119.0202615672315,0.00802887959595571,10800.0,133.9695639535712,-298.98604772679073,0.0
2025-06-22,12,F,0.0,True,34772.836051696846,34088.69783163916,41353.48493882676,684.1382200576845,0.01654366545092183,7050.0,565.6601158718549,2690.4377491564246,-23.266106089600726
2025-06-22,18,F,0.96,False,16532.89472480392,16513.811063734443,23640.678577000905,19.083661069475056,0.0008072382950987205,10800.0,15.961052447222755,39.659180661370556,1.6526780371787027
2025-06-23,12,F,0.0,True,32938.55253231372,32498.280307362926,40171.246517819876,440.2722249507933,0.010959884572053036,7050.0,431.19903472332953,181.4638045493075,0.0
2025-06-23,18,F,0.87,True,16036.550778927924,15947.89850334664,23289.430965843552,88.6522755812839,0.003806545368639619,10791.853308300339,78.89956527157847,195.05420619411598,0.0
2025-06-24,12,A,0.0,True,35427.53634092774,35079.37129150716,42473.479877547055,348.16504942058236,0.008197233907472564,7050.0,348.4024645528116,-4.748302644571595,0.0
2025-06-24,18,F,0.88,True,16215.6867636939,16155.88692794872,23521.00234523176,59.799835745179735,0.002542401674361574,10777.71864215845,50.085292625251896,194.29086239856542,0.0
2025-06-25,12,A,0.01,True,31819.716647847927,31660.116292250867,38737.11266329217,159.60035559706012,0.00412008909864621,7050.0,148.18463539165532,228.31440410805772,0.0
2025-06-25,18,F,0.91,True,16340.153465552356,16255.310736978914,23476.913561041547,84.84272857344149,0.0036138791563398963,10736.16379898349,110.68091629038463,568.5599732907158,-78.69483325874353
2025-06-26,12,A,0.0,True,31054.12944646045,30654.588376038584,38187.745758275225,399.5410704218666,0.010462546622964428,7028.353508809272,382.9989050362128,330.84330771310124,0.0
2025-06-26,18,F,0.91,True,15771.74794744504,15693.582034768735,22954.219752970046,78.16591267630429,0.003405295998623103,10800.0,80.95092997671964,-55.7003460083115,0.0
2025-06-27,12,A,0.0,True,12956.4987180447,12611.254838968924,20034.158508316268,345.24387907577693,0.017232761682127284,7311.7303822503345,336.0700831902759,183.47591771001044,0.0
2025-06-27,18,F,0.91,True,7406.345813952801,7339.8991298400215,14710.329969476688,66.44668411277962,0.004517008405022435,10781.383612998901,70.74071597191323,-85.88063718268995,0.0
2025-06-28,12,A,0.01,True,11493.750382222353,11405.362887875553,18717.14194463874,88.38749434679994,0.004722275153345048,6942.369383755865,85.09302283717989,65.88943019241287,0.0
2025-06-28,18,F,0.96,True,7345.209164580712,7215.052746461683,14604.811325048762,130.1564181190297,0.008911886310766505,10800.0,122.84314221900422,510.4574981140627,-26.406892634513497
2025-06-29,12,A,0.01,True,34333.27498242738,32587.9862298539,40891.83831690121,1745.2887525734768,0.04268061364832607,6528.96369175082,1476.5579132549683,5374.616786370227,0.0
2025-06-29,18,F,1.0,True,16851.074497936694,16717.74773983856,23888.839856094837,133.32675809813372,0.005581131561904529,10699.39002020005,107.81505152967293,1118.6308553949993,-44.11373080080011
2025-06-30,12,A,0.02,True,31277.589771610525,30977.415351470678,38245.71330703296,300.1744201398469,0.00784857685173957,7050.0,298.5540765983096,32.406870830649495,0.0
2025-06-30,18,F,1.0,True,15847.663186835276,15802.649066704667,22902.38138790942,45.01412013060872,0.001965477710294899,10673.764524926775,50.219390146870865,290.2049290010027,-28.590718905865288
2025-07-01,12,A,0.02,True,29253.944323461474,28775.117232606583,36461.48851821184,478.82709085489114,0.013132406555912435,6639.524919251988,491.268586074817,-100.37278838357997,-10.764353246373503
2025-07-01,18,F,1.0,True,15897.35738124997,15862.669180618464,23058.624500073827,34.688200631506334,0.0015043482160609916,10800.0,29.997445993765723,342.2034608489639,-18.01018508391462
2025-07-02,12,A,0.03,True,29575.72926807552,29152.37973140012,36592.7319416405,423.3495366753996,0.011569224657797448,6569.426387037996,387.35549094885937,719.8809145307832,0.0
2025-07-02,18,F,0.88,True,15521.695907890497,15467.247294113082,22764.06490547243,54.44861377741472,0.0023918669184748898,10800.0,36.53776636263865,358.21694829551325,0.0
2025-07-03,12,A,0.03,True,30961.548695735735,30705.519539314915,37921.20174139425,256.0291564208201,0.00675160977668443,6607.563416592086,247.22766599960596,224.6291079237235,-3.5238460868731636
2025-07-03,18,F,0.91,False,16453.490812824133,16432.659244473278,23458.96149725421,20.831568350855378,0.000888000449350396,10800.0,37.93695360450147,-36.88703833066211,-22.130990841656967
2025-07-04,12,A,0.04,True,12390.560071302478,11838.439114558174,19425.4098844478,552.1209567443038,0.02842261553442628,4062.187855376371,462.4580757531912,1793.2576198222869,0.0
2025-07-04,18,F,1.0,True,8210.072521298176,8177.685423460865,15437.01471990023,32.38709783731065,0.002098015608909128,10722.414631099824,19.69766159368737,253.78872487243825,0.0
2025-07-05,12,A,0.05,True,13049.929280280316,12890.591359424716,20156.40658467255,159.3379208555998,0.00790507574781531,3774.7942099993106,135.6058682729563,474.6410516528849,0.0
2025-07-05,18,F,0.91,True,8778.198188836202,8714.633040455607,15995.796720899138,63.56514838059593,0.0039738657279599935,10800.0,59.329572754992114,84.71151251206356,0.0
2025-07-06,12,A,0.06,True,38365.4231245645,36821.40162225636,44624.58312782056,1544.02150230814,0.03460024484454045,7644.286058092757,1075.8253316065384,9459.535407925794,-6.932650347038361
2025-07-06,18,F,0.88,True,17158.952114470187,16871.772354942434,24298.398408753037,287.17975952775305,0.011818876071449302,10800.0,354.1544775395996,-1435.106354130592,6.932650347038361
2025-07-07,12,A,0.06,True,33982.308141625435,33373.66409095931,41000.05193499618,608.6440506661238,0.014844958041299624,7050.0,588.6084956890409,400.71109954175336,0.0
2025-07-07,18,F,0.88,True,17582.23662800406,17510.534091905552,24764.74439460019,71.70253609850624,0.0028953473113229695,10680.116524426836,57.747623943891085,279.09824309226497,0.0
2025-07-08,12,A,0.05,True,39321.63278123504,37845.23156366081,45969.77940311824,1476.4012175742319,0.03211677838667383,7050.0,1163.852374865026,8400.224440756581,-155.83800128140138
2025-07-08,18,F,0.86,True,20314.355671050987,20151.528371286124,27405.41059179714,162.8272997648637,0.005941428945917724,10800.0,76.85504830586069,1370.4266710492707,25.306681129446588
2025-07-09,12,A,0.05,True,36942.16070434082,36301.90955114957,44000.17154433616,640.2511531912533,0.01455110584162412,7050.0,685.8555603270215,-912.0881427152426,0.0
2025-07-09,18,F,0.87,True,19537.443809856217,19444.57643893131,26733.203677907957,92.86737092490512,0.0034738586532241833,10671.05642774944,64.89065043635492,559.5344097711077,0.0
2025-07-10,12,A,0.04,True,35189.10989739326,34748.27634395106,42480.53683802471,440.83355344220035,0.01037730655624875,6987.788657495541,473.4919591459693,-653.1681140753235,0.0
2025-07-10,18,F,0.86,True,20268.444396287377,20044.93483078319,27434.85857001929,223.50956550418778,0.008146918816211365,10792.764990518841,169.6388524641734,1077.4142608003021,0.0
2025-07-11,12,A,0.05,True,16549.630601316756,16172.829714089688,23701.843670516842,376.8008872270675,0.015897534911842197,6307.994937957952,350.4101040804708,527.8156629319528,0.0
2025-07-11,18,F,0.86,True,11460.218166999288,11392.046851233843,18680.572819666766,68.17131576544489,0.0036493161330510508,10783.484791986708,47.979576033783815,403.83479463322783,0.0
2025-07-12,12,A,0.05,True,19108.17008727415,18068.201160396267,25924.03688693507,1039.968926877882,0.04011601014971533,5197.082223783968,826.4566206615709,4270.246124326184,0.0
2025-07-12,18,F,0.87,True,11217.527292986631,11057.66017128618,18527.107786229306,159.86712170045212,0.008628822347505151,10548.45269435243,124.17658645507254,713.8107049076273,0.0
2025-07-13,12,A,0.04,True,37228.43957955881,35621.2015895037,44493.411791134415,1607.2379900551168,0.036123055646979374,6976.436979161637,1656.4165774504436,-983.571747906587,0.0
2025-07-13,18,F,0.88,False,19870.64462100855,19855.765488923862,27142.748718241488,14.879132084686717,0.0005481807402463658,10800.0,15.852685381174524,-19.471065929869837,0.0
2025-07-14,12,A,0.04,True,35302.27793728267,34778.51969156838,42161.06532413625,523.7582457142926,0.012422794388320469,7050.0,441.74781516992516,1640.2086108873227,0.0
2025-07-14,18,F,1.0,True,19465.953372520227,19405.26538883843,26648.51567646707,60.68798368179705,0.0022773494936301373,10722.342516552852,47.26618328423865,268.4360079511225,0.0
2025-07-15,12,A,0.04,True,36507.072072972784,35992.789595058224,43482.261576926874,514.2824779145594,0.011827408678012616,7050.0,482.4447268330332,636.755021630488,0.0
2025-07-15,18,F,1.0,True,20418.117376774564,20367.653924375518,27567.697748627354,50.46345239904622,0.0018305283545688499,10722.780442237336,41.204232897784095,185.18439002516334,0.0
2025-07-16,12,A,0.05,True,38931.745663003334,38233.1641618399,45788.16211769529,698.5815011634331,0.015256814618760585,6538.167740301995,615.7444134763791,1656.7417537410547,0.0
2025-07-16,18,F,1.0,True,20255.27368546387,20160.411551730896,27500.1250763277,94.86213373297505,0.003449516446550021,10728.30646356212,74.17559304946553,413.73081367018904,0.0
2025-07-17,12,A,0.05,True,38576.42259997235,37928.32320771779,45158.44152023072,648.0993922545604,0.014351677569834105,6870.119706953294,449.35376592117973,3974.9125266677274,0.0
2025-07-17,18,F,0.96,True,20774.846194310507,20716.440500774894,27952.063871343562,58.405693535612954,0.002089494851057865,10697.530640923706,53.755215752273216,93.00955566685752,0.0
2025-07-18,12,A,0.06,True,17824.576089758702,17233.45826936751,25102.65217420207,591.1178203911913,0.023548022586979137,7246.818627203999,627.1199968483306,-720.0435291427593,0.0
2025-07-18,18,F,0.86,True,11681.315074638043,11585.452482154049,18912.005933640146,95.86259248399438,0.00506887491577383,10800.0,38.6578866168893,1144.094117342062,0.0
2025-07-19,12,A,0.06,True,18762.6258322586,18511.64336627636,25813.796075740447,250.98246598224068,0.00972280346702326,7434.658398068588,259.1795670412612,204.21609259054912,-26.69446971304569
2025-07-19,18,F,0.74,True,10983.89340415116,10917.09888164493,18266.219931612657,66.79452250623035,0.003656723873702604,10790.45432727092,56.36648525902274,-159.5973688267445,26.69446971304569
2025-07-20,12,A,0.07,True,37346.469314420945,36823.6814622194,44229.08761744483,522.7878522015453,0.011820000826681025,7050.0,481.67437479070213,822.2695482169329,0.0
2025-07-20,18,F,0.01,True,20095.15311113659,20059.592160323904,27284.546795780778,35.560950812687224,0.0013033366864714166,10765.726817862342,28.60022548048073,139.21450664405893,0.0
2025-07-21,12,A,0.07,True,38072.0190249428,37504.17549271797,44656.375932305134,567.843532224826,0.012715844498568881,7027.788833107004,432.9641228592882,2896.4249431909902,-14.417288548444049
2025-07-21,18,F,0.01,True,20037.11876053468,20003.28079578936,27073.347350578268,33.83796474531846,0.0012498626160682604,10786.507482657436,53.20793593439157,519.0944673445738,-65.7282097462612
2025-07-22,12,F,0.07,True,38599.22186970916,37830.74878813035,44915.63281760752,768.4730815788062,0.017109256474230384,7025.071966757045,635.7130958385533,3951.4793842307154,-93.99086175416232
2025-07-22,18,F,0.0,True,20017.55755258465,19968.43660528532,26956.193122744626,49.12094729933233,0.001822250904482722,10800.0,19.859053216147004,-579.5378473171368,84.45575218020167
2025-07-23,12,F,0.06,True,38380.37411427064,38032.01511835127,45470.61268245964,348.3589959193705,0.007661189840394442,7044.185043139405,325.6745570735511,453.68877691647594,0.0
2025-07-23,18,F,0.0,True,20220.396791111867,20164.584578479487,27458.884894283474,55.81221263237967,0.0020325738953805416,10735.62397922257,53.64904773406306,43.26329796639311,0.0
2025-07-24,12,F,0.07,True,38313.392868102426,38131.83445331166,45016.36783521972,181.5584147907648,0.004033164458211084,7050.0,168.1886197768181,378.7722733410519,-8.075696572344896
2025-07-24,18,F,0.0,True,20573.698980998674,20542.5189916789,27506.789742206565,31.179989319774904,0.0011335379232543506,10799.102006455985,46.11837297300008,850.2600017809909,-83.3138896531218
2025-07-25,12,F,0.07,True,17686.991762181482,17377.636402766864,24639.200868842196,309.35535941461785,0.01255541367032796,5252.350131893745,233.2754347054688,1523.3064672070723,-0.12384199195366818
2025-07-25,18,F,0.0,True,10916.144883898527,10808.212323872225,18190.549688075862,107.93256002630187,0.005933441368022707,10799.947558260654,117.34351373705795,-189.9270472392618,0.12384199195366818
2025-07-26,12,F,0.07,True,16873.4924255117,16772.47742260244,23988.45967851185,101.01500290926197,0.004210983292093081,7029.607243324929,84.54533558707408,329.39334644383416,0.0
2025-07-26,18,F,0.0,True,11405.06196266063,11357.181939329968,18675.063389808776,47.88002333066106,0.0025638479683442366,10750.173290266068,43.56230338748719,86.35439886348377,0.0
2025-07-27,12,F,0.07,True,33576.69209897649,32856.61069828324,40970.06982853857,720.0814006932487,0.017575791393737404,6495.256400549117,732.9792108974652,-257.95620408438003,0.0
2025-07-27,18,F,0.0,True,19456.3764089104,19003.509024779072,26564.767196365483,452.86738413132844,0.017047669975187606,10799.137549625508,257.98571330446066,3897.6334165373455,0.0
2025-07-28,12,F,0.08,True,38190.51788688523,37727.60714770814,44551.81358173361,462.91073917708854,0.010390390468119652,7050.0,363.8248587596827,3130.8131900892877,-83.31881345759575
2025-07-28,18,F,0.0,True,20318.92166340515,20175.13013655011,27203.200834910836,143.79152685504232,0.005285831168459762,10800.0,101.1442128100498,2545.3105808106657,-122.71023198341209
2025-07-29,12,F,0.08,True,38515.07691011543,38154.60977509014,45108.38487644422,360.4671350252902,0.007991133710786608,7007.976495186227,273.9901058871328,1729.5405827632749,0.0
2025-07-29,18,F,0.0,True,19081.908569602274,19031.35708749317,26269.703652751214,50.551482109105564,0.001924326318154386,10800.0,59.25697369923364,-174.10983180253606,0.0
2025-07-30,12,F,0.09,True,39557.387215284405,36802.89541586559,45990.38011728772,2754.4917994188145,0.05989278175988384,6450.0,2328.3018843129757,8523.7983021168,0.0
2025-07-30,18,F,0.0,True,19182.266901588337,19144.642502136696,26277.102716010333,37.624399451640784,0.0014318321109547847,10779.144972799688,35.55181206301859,41.45174777234115,0.0
2025-07-31,12,F,0.1,True,38731.54389298279,37842.005222200525,45312.920100298616,889.5386707822618,0.019631016249080792,6803.944263838881,631.1752680444843,6424.034144810203,-91.12580457270997
2025-07-31,18,F,0.0,True,19571.192420395797,19435.3778704827,26618.799424359633,135.81454991309874,0.005102204188398179,10800.0,142.5283997272054,-1391.0430863368847,91.12580457270997
2025-08-01,12,F,0.09,True,15141.938088275185,14947.498190857505,22303.037004847974,194.43989741768019,0.008718090606916678,5845.316235362383,188.58147150857258,117.168518182154,0.0
2025-08-01,18,F,0.0,True,11152.047906672195,11108.145713824682,18219.940197463657,43.9021928475122,0.0024095684382994674,10785.115919561176,33.08445216179098,216.35481371441438,0.0
2025-08-02,12,F,0.08,True,15502.099227271172,15454.390886451414,22703.042503214292,47.70834081975772,0.002101407369210677,5781.023819969824,61.359288455048954,-273.0189527058783,0.0
2025-08-02,18,F,0.0,True,11085.213418229332,10955.60514823477,18326.124607376438,129.60826999456185,0.007072322859923876,10757.05932572065,89.39884427758807,804.1885143394225,0.0
2025-08-03,12,F,0.08,True,31592.200703013878,31076.211487584536,38598.76341403342,515.9892154293411,0.01336802451142106,6906.280018218863,546.5995707305192,-612.2071060235357,0.0
2025-08-03,18,F,0.0,False,18415.402688614464,18394.142967488777,25631.219626506332,21.259721125687065,0.0008294463328503293,10781.001515830441,12.861855517909135,167.95731215553678,0.0
2025-08-04,12,F,0.1,True,31363.341036350226,31217.560303989296,38404.36423784184,145.78073236093041,0.0037959418220829444,6304.059429689511,139.660243463004,122.40977795847175,0.0
2025-08-04,18,F,0.0,True,18557.20335766366,18523.331146235163,25684.68006902647,33.872211428497394,0.001318771008144438,10772.82085773595,33.25974858025438,12.249256964867527,0.0
2025-08-05,12,F,0.12,True,30377.66006497085,30199.967755650003,37481.446325174235,177.6923093208461,0.004740807165744293,6640.15104332971,181.63800657499814,-78.91394508307712,0.0
2025-08-05,18,F,0.0,True,18461.344187434537,18422.35081699791,25424.954772195622,38.99337043662672,0.0015336652822395315,10790.937440222548,36.665928924929176,243.65180959567806,-14.291575592422305
2025-08-06,12,F,0.12,True,33778.767718062976,33600.915061580614,40455.427801507954,177.85265648236236,0.004396261914593646,7031.769971303418,141.1838833095171,760.4626647618988,-1.9640432949836395
2025-08-06,18,F,0.0,False,17638.5927608437,17616.864412113122,24837.09279409302,21.728348730579455,0.0008748346237908765,10800.0,20.73098849010057,-7.139996495339801,1.9640432949836395
2025-08-07,12,F,0.12,True,33515.86271134936,32813.15965618443,40042.62135338674,702.7030551649295,0.01754887745643296,7126.802036308257,621.2122565588797,1629.8159721209558,0.0
2025-08-07,18,F,0.0,True,18233.81573876639,18134.007091247404,25226.208966145383,99.8086475189848,0.003956545656659395,10796.153930680866,163.0749556116134,-190.34937637597432,-77.94459545712016
2025-08-08,12,F,0.11,True,14909.557229281038,14830.362258924763,21640.386659753094,79.19497035627501,0.0036595912818675387,2064.925804693592,78.76744078881165,363.3892053583604,-25.72869721018469
2025-08-08,18,F,0.0,True,9475.731466135227,9364.807833693247,16599.655430336672,110.92363244197986,0.006682285238238233,10791.380195811262,93.38515075689793,-4.068980307467427,25.72869721018469
2025-08-09,12,F,0.1,True,13407.663806237399,13227.875578430661,20574.356983754467,179.78822780673727,0.008738461568869357,2897.8544387860597,159.7705957962753,400.35264020922205,0.0
2025-08-09,18,F,0.0,True,10288.363054082272,10220.38447702207,17279.4325879949,67.97857706020295,0.003934074612347625,10784.282550098858,60.8322558321961,142.92642456012254,0.0
2025-08-10,12,F,0.09,True,30852.002086978304,30564.32022433461,37831.771028583484,287.68186264369433,0.007604239897369295,7070.500418585172,253.93371999071678,674.9628530595855,0.0
2025-08-10,18,F,0.0,True,17403.722361334396,17333.324377262317,24661.288701046476,70.39798407207854,0.0028545947020640196,10768.886211872617,71.69538844695853,-25.94808749750473,0.0
2025-08-11,12,F,0.09,True,30948.926732608154,30580.707775286086,37751.630180908985,368.2189573220676,0.009753723363932402,6695.635729329668,306.9490509745083,1225.398126951215,0.0
2025-08-11,18,F,0.0,True,17648.10430717434,17591.943327515117,24712.96814674377,56.16097965922381,0.0022725307347035,10707.386805473829,54.39460012721247,35.32759064028869,0.0
2025-08-12,12,F,0.09,True,33489.741980893225,32888.33269203269,39789.953193595495,601.4092888605373,0.015114601566240065,7142.263894758658,468.37305652550276,2660.7246467006335,0.0
2025-08-12,18,F,0.0,True,18331.676002452587,18304.16527413601,25316.791627641203,27.510728316578025,0.0010866593493048088,10731.025834612832,25.3781686408729,42.65119351404428,0.0
2025-08-13,12,F,0.1,True,31398.761227374474,30520.94820298042,38104.893936274835,877.8130243940541,0.023036752860723743,6372.573473805322,822.9684383092754,1302.1678219444748,-14.884193600353683
2025-08-13,18,F,0.0,True,18460.74291129729,18411.542263976364,25364.19253172036,49.20064732092578,0.0019397679330574252,10793.328247673006,47.67216484893288,497.3415854037321,-33.84477712540502
2025-08-14,12,F,0.1,True,30152.268473652817,29836.0827134164,37252.421890151374,316.185760236418,0.008487656484960237,6682.111777326758,315.32008703283645,17.31346407156616,0.0
2025-08-14,18,F,0.0,True,17018.198969344034,16968.82457215497,24281.137599923248,49.37439718906535,0.00203344662027785,10786.983187798174,54.290861586014216,-98.32928793898418,0.0
2025-08-15,12,F,0.1,True,12855.66014951898,12657.533328065181,20141.177652825365,198.1268214537995,0.009836903525152445,4472.729156020466,244.91717103970223,-935.8069917180396,0.0
2025-08-15,18,F,0.0,True,8800.39134770884,8760.785591140075,16058.957846800702,39.60575656876608,0.0024662719054746396,10800.0,19.777013104394428,396.5748692873981,0.0
2025-08-16,12,F,0.1,True,12557.044300371885,12263.986886984623,19966.369065114297,293.0574133872615,0.014677551658568617,3099.3810675355035,302.87812759936423,-196.41428424207118,0.0
2025-08-16,18,F,0.0,True,8882.73826366919,8830.695245734187,16124.06867163402,52.043017935002354,0.0032276603997946312,10800.0,40.64119232998928,228.03651210026328,0.0
2025-08-17,12,F,0.1,True,28613.611164605536,28092.6130589784,35956.166182862245,520.9981056271354,0.014489812483830888,6659.700346630745,508.6045667611397,247.8707773198596,0.0
2025-08-17,18,F,0.0,True,17358.33495621034,17296.8271549629,24500.0453291457,61.50780124744051,0.002510517855012689,10707.753088253536,51.87681470159441,192.61973091682194,0.0
2025-08-18,12,F,0.09,True,29689.224986517263,29535.251914654567,36788.87684713338,153.9730718626961,0.004185315917702276,6215.156450547009,137.86123834097816,322.23667043429396,0.0
2025-08-18,18,F,0.0,True,16758.493504779915,16722.184821271323,24139.750793027073,36.30868350859237,0.0015041034938554697,10797.784121529163,40.65140200665337,-86.85436996126919,0.0
2025-08-19,12,F,0.09,True,30411.63995882008,30135.38667370974,37184.606629403985,276.25328511033877,0.007429237798952257,6441.560298729093,254.53953722987353,434.27495760930105,0.0
2025-08-19,18,F,0.0,True,17130.316201743364,17079.737475265385,24324.482157199825,50.57872647797922,0.002079334151950625,10800.0,54.350811130661896,-75.44169305367905,0.0
2025-08-20,12,F,0.09,True,29751.97147217123,29354.230332320447,36896.275069378884,397.74113985078293,0.010779980881616908,6843.683356301224,384.3419410695278,267.9839756250549,0.0
2025-08-20,18,F,0.0,True,16619.689491106205,16481.333010493167,24044.45639158597,138.356480613038,0.005754194578566308,10709.757013259732,144.30673815668342,-119.00515087292104,0.0
2025-08-21,12,F,0.09,True,31076.238714974847,31011.081949932144,38046.49311524682,65.15676504270232,0.0017125563937084988,6844.518224218051,59.7481023018845,108.17325481632179,0.0
2025-08-21,18,F,0.0,False,17533.411478115253,17527.037478226615,24678.174534786966,6.373999888637627,0.00025828490189388516,10779.525582666924,4.035603910193458,46.767919568806974,0.0
2025-08-22,12,F,0.09,True,13581.102406667685,13355.997416425844,20405.058732427868,225.10499024184173,0.011031822706008842,2974.194701313099,179.09947857777297,920.1102332813134,0.0
2025-08-22,18,F,0.0,True,8920.655779346023,8901.061064404692,16007.548891692933,19.594714941331404,0.0012240921501417384,10800.0,21.088371028848997,-29.873121750335486,0.0
2025-08-23,12,F,0.05,True,13674.04907443176,13345.356296830645,20651.296409116312,328.69277760111436,0.015916326563208696,2125.286341286832,287.5158751913368,823.5380481956054,0.0
2025-08-23,18,F,0.0,True,8927.838593437291,8831.826595020502,16201.936553652004,96.01199841678863,0.005925958177829489,10684.959203695078,84.8570770727274,223.09842688123035,0.0
2025-08-24,12,F,0.05,True,30240.460857672995,29881.07897670802,37494.918775818645,359.3818809649747,0.009584815561642143,6780.477776944441,377.7101144619519,-366.5646699395679,0.0
2025-08-24,18,F,0.0,True,17000.15856273046,16866.17163131557,24412.644526772983,133.9869314148891,0.005488423479396001,10577.287848643055,124.85170636948897,182.70450090798545,0.0
2025-08-25,12,F,0.08,True,32603.98588212998,32490.750775165638,39398.70739642081,113.23510696434096,0.0028740817769729128,7493.011951729151,109.81612687680172,68.37960175081935,0.0
2025-08-25,18,F,0.0,True,16663.745916048952,16625.797696530055,24047.209004231237,37.94821951889753,0.0015780716802611203,10756.572278364465,35.32617621817917,52.4408660144411,0.0
2025-08-26,12,F,0.04,True,30375.88649954029,30048.092738582585,37560.90675407927,327.7937609577057,0.00872699275083677,6517.267409651114,290.116451792077,753.5461833125391,0.0
2025-08-26,18,F,0.0,True,18134.314280902727,18070.40202272564,25146.291626389506,63.91225817708619,0.002541617632001617,10800.0,54.54050717030623,592.4572187197073,-29.36741690267263
2025-08-27,12,F,0.04,True,35701.783415897764,33155.8696579257,41988.02906027536,2545.9137579720627,0.0606342763628488,6201.9326459606145,2140.666943895092,8104.936281539443,0.0
2025-08-27,18,F,0.0,True,17190.73959307686,17152.779452628594,24346.529202835918,37.96014044826734,0.00155916024547128,10772.225853599739,20.23132233403885,354.5763622845352,0.0
2025-08-28,12,F,0.03,True,31096.36716703242,30653.16193813904,38030.562604962244,443.20522889337735,0.011653922491158406,6373.871200163496,396.75883012888517,928.9279752897164,0.0
2025-08-28,18,F,0.0,True,17269.96564691593,17241.881620024848,24460.651412199346,28.08402689108334,0.0011481307843288627,10572.629717617543,18.387773001661117,193.92507778850904,0.0
2025-08-29,12,F,0.03,True,13985.851406188614,13914.819221932856,20976.79638178689,71.0321842557587,0.003386226522055217,4305.624766670472,105.23456313502902,-141.8675609897964,-39.31247877110036
2025-08-29,18,F,0.0,True,9494.628869792687,9424.037503310625,16516.49847149231,70.59136648206186,0.004273991040165292,10737.468565749541,36.97439821549051,819.1899958379754,-10.647869928072396
2025-08-30,12,F,0.05,True,13352.215785918963,13215.166918743274,20518.182576913394,137.04886717568843,0.006679386279069999,3862.519735874018,135.26050650705656,109.24529480601268,-5.327760942996974
2025-08-30,18,F,0.0,True,9596.232765347613,9510.790050786889,16586.083108612056,85.4427145607242,0.005151470302012381,10797.142237920072,79.31063332783742,204.92207191157286,-5.966004347141279
2025-08-31,12,F,0.05,True,30226.60810757437,29913.44007248278,37286.80541463348,313.1680350915922,0.008398896918336883,6051.5920565571505,318.9678840738561,361.6503983478742,-34.6333354839262
2025-08-31,18,F,0.0,True,16813.85089572717,16759.81719758294,24068.21919238095,54.033698144230584,0.002245022687899382,10792.622116617162,39.08532440241834,-97.71981388300082,28.76306787266003
2025-09-01,12,F,0.03,True,29963.31756821611,29464.83831513678,37293.368586176606,498.47925307932746,0.013366431405290025,6609.317314418709,495.04552273506124,68.67460688539768,0.0
2025-09-01,18,F,0.0,True,17001.640488137884,16960.41279638852,24185.7025333296,41.227691749365476,0.001704630729355528,10717.452106368797,18.57789924642566,452.9958500587709,0.0
2025-09-02,12,F,0.03,True,28065.30960875428,27720.286830715413,35401.00127289262,345.0227780388668,0.00974613049442358,6088.448277117799,330.74591167057224,285.537327365947,0.0
2025-09-02,18,F,0.0,True,16150.256054075782,16081.020226831173,23493.615976723635,69.23582724460903,0.0029470059999790843,10800.0,54.22209194468451,312.76222970500226,-0.9054474447420944
2025-09-03,12,F,0.03,True,29503.74033407632,29013.53551157318,36754.268034804496,490.20482250313944,0.013337357774039722,6650.039375967766,419.96688777497184,1404.758694563347,0.0
2025-09-03,18,F,0.0,True,16046.699407646765,15993.090492891139,23303.79239834835,53.608914755626756,0.002300437363981421,10716.829347440742,40.87262862899297,254.72572253265025,0.0
2025-09-04,12,F,0.02,True,29136.732527349268,28620.536925013606,36469.32595719237,516.1956023356615,0.014154240276926725,6837.980521220565,512.4603587754609,88.64604404012925,-1.0108488774785656
2025-09-04,18,F,0.0,True,15535.053543703272,15481.477989398516,22873.68226182649,53.575554304756224,0.0023422356615562323,10749.704286671898,53.96804187477028,-21.790924236422143,1.0108488774785656
2025-09-05,12,F,0.02,True,10884.60516772554,10674.42337015522,18208.52043557061,210.18179757031976,0.01154304647178947,1722.9043545409222,205.0209468365574,103.21701467521098,0.0
2025-09-05,18,F,0.0,True,6946.479577830709,6869.594765842054,14300.797244505275,76.8848119886552,0.005376260545068302,10800.0,74.37469650260573,50.20230972099489,0.0
2025-09-06,12,F,0.03,True,10708.563853173606,10527.668003366556,18056.45559744568,180.89584980704967,0.010018347666894255,1413.8302444304609,187.78945461391777,-137.87209613735286,0.0
2025-09-06,18,F,0.0,True,6917.888329413596,6823.1905321532395,14297.23015018368,94.69779726035631,0.006623506529979145,10800.0,99.43747280362732,-94.79351086543488,0.0
2025-09-07,12,F,0.02,True,27442.336978468455,26865.836511506495,34643.06658292099,576.5004669619593,0.016641149985439616,6051.020034351253,465.5337758956812,2219.333821325673,0.0
2025-09-07,18,F,0.0,True,14558.928364914775,14536.102453292538,21949.567268348866,22.825911622236163,0.001039925359036621,10800.0,23.67615233945253,-17.004814344263878,0.0
2025-09-08,12,F,0.02,True,30145.91773956248,26804.618599044632,36928.840774503056,3341.2991405178473,0.09047939416567864,6052.814858102687,2935.782735090732,8110.328108542284,0.0
2025-09-08,18,F,0.0,True,12966.261852278118,12870.275388147664,20284.011160044076,95.9864641304539,0.004732124399513756,10696.33016494419,91.84101739032849,127.06083483973589,-3.2013733073654294
2025-09-09,12,F,0.04,True,23755.63546814375,23438.54052771507,30926.02265243274,317.0949404286803,0.010253337262033486,6072.071551157434,273.72597039191896,867.3794007352135,0.0
2025-09-09,18,F,0.0,True,12679.737421980995,12608.446451762116,19982.252683659404,71.29097021887901,0.00356771437872856,10765.505877873617,76.53261284952896,390.46557176826127,-35.913180489595106
2025-09-10,12,F,0.03,True,26001.04366457632,25040.76860952755,33038.22290333941,960.275055048769,0.0290655783108633,6569.132140934589,773.3284081861784,3738.9329372518287,0.0
2025-09-10,18,F,0.0,True,12319.71763977381,12248.680086209852,19671.99475275875,71.03755356395777,0.0036111006767117833,10796.440930885898,61.90193424618701,182.71238635540863,0.0
2025-09-11,12,F,0.03,True,24647.649953444263,23530.194036676316,31994.08092742785,1117.4559167679472,0.034926957873947735,7013.987655412031,1110.845318749256,132.21196037382106,0.0
2025-09-11,18,F,0.0,True,12397.095299252918,12350.84924431265,19719.854776545897,46.24605494026764,0.0023451519021971236,10800.0,37.66651151341648,171.5908685370523,0.0
2025-09-12,12,F,0.04,True,8101.6061746677715,7947.217185350371,15408.254759207932,154.38898931740005,0.010019888152818708,1200.0,139.82946471597825,291.1904920284396,0.0
2025-09-12,18,F,0.0,True,4418.800317339776,4308.2490224236935,11806.832534203095,110.55129491608204,0.009363332171929016,10653.545020366495,103.51286042585161,140.76868980457994,0.0
2025-09-13,12,F,0.04,True,7430.299586867997,7337.38321732845,14776.695524753077,92.9163695395473,0.006288034383864722,1372.6266634343883,93.99022334246001,222.18899772094824,-17.66778018273544
2025-09-13,18,F,0.0,True,3968.9992743289895,3933.23309330703,11305.99889898497,35.76618102195971,0.0031634693529972594,10800.0,18.122076572117294,109.21601521764069,17.66778018273544
2025-09-14,12,F,0.04,True,23799.390182629184,23309.997892863128,31082.005526271725,489.3922897660559,0.01574519666539543,6707.511017629367,473.61177912136554,653.8267524770858,-24.523461074584702
2025-09-14,18,F,0.0,True,11666.629852876558,11566.304837636604,19006.237029720607,100.32501523995415,0.0052785312044184764,10793.757711790082,74.40751058446767,180.1335535265232,24.523461074584702
2025-09-15,12,F,0.05,True,22120.376766964793,21817.550084997543,29471.603872734773,302.8266819672499,0.010275201963046389,5910.4570473864915,283.3805811060229,388.9220172245739,0.0
2025-09-15,18,F,0.0,True,11375.03356194185,11226.36273786664,18704.414221995827,148.67082407520866,0.00794843518276965,10800.0,116.66039825291227,640.2085164458704,0.0
2025-09-16,12,F,0.06,True,22747.417748086133,22156.43865092216,30065.35121565126,590.9790971639741,0.019656484067823738,6859.597846065177,589.7448010209155,24.68592286114699,0.0
2025-09-16,18,F,0.0,True,11373.513839547753,11262.131336128099,18665.23964835209,111.38250341965431,0.005967376016492133,10784.250313269387,106.46850316839482,214.6959343506701,-8.441105555604736
2025-09-17,12,F,0.06,True,23848.14974478748,23105.644429381624,31072.91201889592,742.5053154058551,0.023895581944631584,6682.3802736769085,705.2916501228719,744.2733056596644,0.0
2025-09-17,18,F,0.0,True,11337.11259121802,11207.572075453074,18682.097960979532,129.54051576494567,0.006933938363641556,10769.660768125254,121.37283139233841,178.0864538930632,-1.0682458781629975
2025-09-18,12,F,0.06,True,23157.133579486457,22780.118047728916,30354.18097476226,377.0155317575409,0.012420547010344552,6144.902759608818,329.8025754272967,944.2591266049467,0.0
2025-09-18,18,F,0.0,True,11216.349062619613,11189.979952835272,18548.862813325984,26.369109784340253,0.0014216025019817388,10785.343546806425,31.575766782181745,-74.84338998589465,-2.1237460597913014
2025-09-19,12,F,0.07,True,7293.517836302601,7245.252095221451,14556.390820160856,48.26574108114983,0.0033157766700177447,2432.869569539466,56.07055701203353,179.8975098394435,-24.362296366767623
2025-09-19,18,F,0.0,True,4055.313022206805,4005.198131211654,11358.298119692245,50.114890995150745,0.00441218309882754,10506.96948473396,44.40193579996412,-126.8242871296975,17.480514592878535
2025-09-20,12,F,0.08,True,7290.549449854101,7165.023765845244,14515.116357873248,125.52568400885684,0.008647928195268622,2623.9128616283474,123.84053311655953,748.7264095065193,-51.845034942449274
2025-09-20,18,F,0.0,True,3929.646745603968,3845.0087027157733,11214.606109233138,84.63804288819483,0.007547125780771843,10367.935417051873,53.310672633060676,108.63750078611565,37.552697435501614
2025-09-21,12,F,0.07,True,23539.214507568075,23149.740200867738,30839.578083806253,389.47430670033646,0.012629041345570417,6671.507461471723,400.2935711234495,-216.3852884621897,0.0
2025-09-21,18,F,0.0,True,11507.580122536814,11440.46811527715,18842.9728529283,67.1120072596641,0.0035616464441933604,10760.661882797334,58.67613103272015,168.7175245388753,0.0
2025-09-22,12,F,0.08,True,23465.527654864818,22961.12707525467,30801.99933321418,504.40057961014827,0.01637557920034908,6809.9119260366715,533.4933675258726,-581.8557583145343,0.0
2025-09-22,18,F,0.0,True,11095.502364905822,11018.361212404705,18441.558500493433,77.14115250111718,0.004183006143382792,10788.081490507248,65.12400229742343,240.34300407389173,0.0
2025-09-23,12,F,0.1,True,24586.549633591865,24307.196485359666,31848.063165393312,279.3531482321996,0.008771432874315253,6661.669264378839,303.05271308371084,-112.2098270536062,-26.232110964801905
2025-09-23,18,F,0.0,True,11553.593107910492,11501.557330557313,18851.477202638023,52.03577735317958,0.002760302378102117,10800.0,23.445905302924075,244.27868643328884,23.747784300665444
2025-09-24,12,F,0.1,True,23984.2371235194,23533.300732445343,31178.09884196272,450.9363910740576,0.014463242077709389,5926.275024343877,407.47759805361056,869.1758604088727,0.0
2025-09-24,18,F,0.0,True,11590.017295855834,11566.20566665851,18911.00942338543,23.811629197323782,0.0012591410994633753,10800.0,26.00111974784886,-43.789811010490666,0.0
2025-09-25,12,F,0.11,True,24674.194813626986,24337.571535871284,31867.313259672163,336.62327775570157,0.010563277644798995,6551.794684117589,272.3401987973448,1285.6615791670956,0.0
2025-09-25,18,F,0.0,True,11952.431506052964,11901.05452656797,19321.78284345747,51.37697948499408,0.002659018575109946,10717.324336665533,59.19285457353908,-156.31750177087315,0.0
2025-09-26,12,F,0.12,True,8151.07087346864,7924.524362001615,15469.685787798577,226.54651146702417,0.014644545117115984,3266.6809316125064,214.4660064888103,362.01714836557085,-8.730494310013455
2025-09-26,18,F,0.0,True,4135.607478155764,4063.557014077036,11446.096897644762,72.0504640787276,0.006294762723313418,10708.743740391465,47.52137400952597,370.17475258276045,8.730494310013455
2025-09-27,12,F,0.11,True,9050.902075336404,8313.79052616073,16255.894226425255,737.1115491756736,0.045344263373554676,1648.3090048214367,665.0931600605145,1440.3677823031535,0.0
2025-09-27,18,F,0.0,True,3890.338582779901,3798.8263514731234,11214.549953011327,91.51223130677772,0.0081601340838653,10484.094052175244,69.28198288707063,581.7051315309768,-9.940881419190191
2025-09-28,12,F,0.1,True,24945.999273313704,24659.94232653891,32287.560819252445,286.0569467747955,0.00885966420245116,6834.417128705001,282.5322305091431,92.88563081440702,-1.6235525014526502
2025-09-28,18,F,0.0,True,11908.85358280201,11865.747345519287,19271.735009534637,43.10623728272367,0.0022367595476690074,10800.0,42.47830497408722,-9.83265932865902,1.6235525014526502
2025-09-29,12,F,0.1,True,25490.21010730703,24885.92320625074,32803.7512143205,604.2869010562899,0.018421274356954884,6739.620972637881,623.7882884110804,75.40621918086572,-33.74776339691016
2025-09-29,18,F,0.0,True,11828.04526584463,11566.715704673205,19134.485565948846,261.32956117142567,0.013657516961756206,10786.043479996497,229.97592762295972,161.63870469266703,33.74776339691016
2025-09-30,12,F,0.1,True,26662.05302176036,26411.054388859004,33903.63963348039,250.99863290135545,0.007403294620129524,6953.3498224775885,189.84592894861999,1223.0540790548225,0.0
2025-09-30,18,F,0.0,True,12102.823326547828,12052.279001044388,19478.08164137299,50.54432550344063,0.00259493344540052,10793.218478552908,47.29976410646486,64.89122793950014,0.0
2025-10-01,12,F,0.11,True,25766.757421510418,24718.156789235974,33076.06835069251,1048.6006322744433,0.031702698795895094,6830.16168052779,1054.8660722830064,-125.30880017135769,0.0
2025-10-01,18,F,0.0,True,12084.53326513431,12040.246959680462,19420.761169685855,44.2863054538484,0.002280358893603796,10795.601563892442,55.81462305302921,93.39135073690113,-23.489578961070947
2025-10-02,12,F,0.09,True,24297.79123003954,23370.95539759408,31637.259066413728,926.8358324454603,0.0292957057531382,6708.918197353789,926.5946533649585,4.823581610108249,0.0
2025-10-02,18,F,0.0,True,12019.798765665493,11884.753598003377,19362.565265153,135.045167662116,0.006974549385001074,10800.0,105.41528410468527,592.5976711485953,0.0
2025-10-03,12,F,0.08,True,7867.737497421962,7727.788334746689,15113.946760413819,139.94916267527333,0.009259604052716771,1965.1243316922466,125.03750495199711,958.5756354889027,-47.88022238423946
2025-10-03,18,F,0.0,True,3922.8363921235523,3851.33246230423,11231.214572336947,71.50392981932237,0.006366535814874393,10457.426006990827,33.81898441931298,93.3564269768417,47.88022238423946
2025-10-04,12,F,0.09,True,7966.294008182971,7881.712656438467,15345.69362489024,84.58135174450399,0.005511732073636324,3480.3952091108645,91.44036446666723,-137.18025444326736,0.0
2025-10-04,18,F,0.0,True,3645.783136301947,3571.3670937858806,11024.106925149434,74.41604251606623,0.006750301228147558,10786.769466722728,69.46033468538553,99.1141566136223,0.0
2025-10-05,12,F,0.1,True,24530.889452708252,23880.364084504152,31781.453340265944,650.5253682041002,0.02046871051613956,6596.4920979055005,599.1420362815552,1032.4260977525519,-0.34509966622317734
2025-10-05,18,F,0.0,True,11427.233600880341,11358.667468826427,18729.54477132161,68.56613205391477,0.0036608541686983325,10800.0,85.55916472391618,-344.6201127016934,0.34509966622317734
2025-10-06,12,F,0.1,True,24037.011757577573,23586.251506699504,31300.074131415095,450.7602508780692,0.014401251862392637,6216.307518257099,400.59528138135283,1003.2993899343214,0.0
2025-10-06,18,F,0.0,True,11446.197658600797,11404.729790992576,18778.567423859364,41.46786760822033,0.0022082551172424776,10753.305038392986,48.76806093306732,389.4656693547213,-38.825914117818684
2025-10-07,12,F,0.1,True,24759.259512993507,24510.06765448858,31992.611662646406,249.19185850492795,0.007789043955916757,6632.302594249755,235.0797211967547,965.3834228545074,-49.53327774550962
2025-10-07,18,F,0.0,True,11699.625672714832,11653.573220136052,19010.189973749053,46.0524525787805,0.002422514064424069,10769.945751818474,47.74366046123396,143.06703859463232,-12.826056262252678
2025-10-08,12,F,0.1,True,22663.036512159735,22359.906154509452,29966.277711797862,303.13035765028326,0.010115716091456345,6504.188333569284,298.18349482214035,98.9372565629933,0.0
2025-10-08,18,F,0.0,True,10411.322922385103,10326.474454889563,17744.30983694657,84.84846749553981,0.004781728242755959,10800.0,72.43973417144662,248.17466648187656,0.0
2025-10-09,12,F,0.11,True,23257.26262091486,22628.61906190534,30579.227692809593,628.643559009517,0.02055786252434807,6763.830900670408,644.8882023474653,-277.59174716115376,-3.4297174427665595
2025-10-09,18,F,0.0,True,10544.612521532348,10503.95796591836,17869.383259923692,40.65455561398812,0.002275095621524082,10800.0,24.06017815179439,284.58642964609635,3.4297174427665595
2025-10-10,12,F,0.1,True,6711.986723026514,6595.411659691526,14075.026560454493,116.57506333498714,0.008282404500927836,2761.8783554246393,112.14072327673057,88.6868011651436,0.0
2025-10-10,18,F,0.0,True,3137.359037294669,2993.013054476385,10509.84871722155,144.34598281828403,0.01373435400471152,10272.486036681672,141.50398235098692,56.840009345933595,0.0
2025-10-11,12,F,0.08,True,7134.664195014986,6985.093494317745,14416.172989024413,149.57070069724068,0.010375201574725457,2483.4637727792324,128.24689839409984,426.4760460628304,0.0
2025-10-11,18,F,0.0,True,3280.654782845768,3253.465351703655,10611.221079812214,27.18943114211288,0.0025623282125221774,10288.131990520309,25.482157559385087,34.145471654577705,0.0
2025-10-12,12,F,0.08,True,22981.16572778274,22577.353555782596,30287.56645194106,403.8121720001436,0.013332605399013965,6710.873811286168,410.59345342958477,-135.62562858883757,0.0
2025-10-12,18,F,0.0,True,10641.334957587658,10542.11328834883,17938.8506441117,99.22166923882833,0.005531105153127363,10800.0,96.02148637562277,255.67614830927687,-13.897820842847068
2025-10-13,12,F,0.09,True,23686.381720156372,23077.447843380563,31053.850848627288,608.933876775809,0.01960896507631441,6704.077023670217,622.6780829159798,-274.88412280341936,0.0
2025-10-13,18,F,0.0,True,10636.770379025818,10579.534863514602,18020.929134231348,57.23551551121636,0.003176057964874609,10789.395324931633,64.80442876413508,-151.3782650583562,0.0
2025-10-14,12,F,0.11,True,24211.525708333727,24054.029422897765,31543.697053313368,157.4962854359619,0.0049929558088822185,6755.141701649965,160.31812533257107,-35.651529144566666,-1.5071017244354152
2025-10-14,18,F,0.0,True,10839.400269338828,10768.264529050712,18188.685550315942,71.13574028811672,0.003910988514883698,10799.168514722285,57.17392479342743,258.4510411061465,1.5071017244354152
2025-10-15,12,F,0.11,True,23977.573850083354,23704.08027086909,31291.47448235934,273.4935792142642,0.008740194693236555,6806.91177386667,279.7362414656891,-124.85324502846788,0.0
2025-10-15,18,F,0.0,True,9982.765680559869,9930.864345876338,17306.272839174148,51.90133468353088,0.00299898974006974,10800.0,46.07798070235003,116.46707962361597,0.0
2025-10-16,12,F,0.1,True,25256.812335603914,24579.601004279655,32442.919239971903,677.2113313242589,0.020873933270773245,6710.6311017320595,610.3180594524856,1832.8067364292556,-35.88728598263151
2025-10-16,18,F,0.0,True,10526.78388745453,10391.790622045479,17803.23744251835,134.99326540905167,0.0075825122169440795,10767.888287768747,117.88712415833288,693.8036554789833,-25.499732116013547
2025-10-17,12,F,0.08,True,7350.177390769872,7033.0897675895985,14571.582257448681,317.0876231802731,0.02176068580460332,3308.979803784442,245.25156973622325,1451.3059475841605,-1.0575228094876366
2025-10-17,18,F,0.0,True,2757.9372119402333,2611.927046362638,10123.213224969488,146.01016557759522,0.014423302397449532,10218.209762588685,132.74640924329105,250.69024798289456,1.0575228094876366
2025-10-18,12,F,0.08,True,7113.980814853321,6995.403283577531,14410.494982212973,118.57753127579053,0.008228553663295538,3701.4271283929684,110.41102689362924,163.33008764321676,0.0
2025-10-18,18,F,0.0,True,3080.8895290613964,3019.317168240532,10418.466230091954,61.57236082086456,0.005909925651342359,10236.073925240424,59.76367349814609,36.17374645434256,0.0
2025-10-19,12,F,0.07,True,26347.79406256124,25624.651454715255,33483.1164492687,723.1426078459845,0.02159723121775836,6755.007115437644,615.8505761627603,2145.840633664522,0.0
2025-10-19,18,F,0.0,True,10555.328246305622,10468.420687135986,17856.369862346557,86.90755916963644,0.0048670339962489815,10794.248113184221,109.09151304933039,-0.697959117082064,-32.11974857625137
2025-10-20,12,F,0.06,True,25568.424514245693,25221.449710618668,32805.01149932291,346.9748036270248,0.01057688407255051,6685.394943989847,295.5429727610317,1028.6366173197625,0.0
2025-10-20,18,F,0.0,True,10772.235316172193,10644.28349858583,18075.885661457036,127.95181758636318,0.007078591886603548,10751.452715864445,104.55089173715896,468.0185169840656,0.0
2025-10-21,12,F,0.06,True,26914.906931260113,26308.76166114385,34132.43216329188,606.1452701162634,0.01775863106433269,6661.848086264838,537.0057924401117,1438.620661922917,-4.048211288791208
2025-10-21,18,F,0.0,True,10573.11128033346,10459.601566430889,17917.169892803675,113.5097139025711,0.006335247953872536,10765.433658294216,93.59266948406002,342.50977997032874,4.048211288791208
2025-10-22,12,F,0.06,True,25250.14194523976,24846.71266350156,32561.973669728333,403.4292817382011,0.012389583193885279,6694.056028200426,384.08742669139974,386.837100936134,0.0
2025-10-22,18,F,0.0,True,9847.133742445212,9736.740582124816,17232.29155512741,110.39316032039642,0.00640617993069815,10754.016983330204,101.50314452292514,177.80031594946945,0.0
2025-10-23,12,F,0.06,True,25336.492592503084,25058.89319298708,32651.9825388411,277.59939951600245,0.008501762463758047,6649.378962290868,263.7395109222016,277.1977718759754,0.0
2025-10-23,18,A,0.0,True,10618.460491635828,10457.249648751618,17925.046709522063,161.21084288420934,0.008993607966364274,10774.504243831623,144.61834907329467,471.0277028354453,-10.091528988194113
2025-10-24,12,F,0.06,True,8380.813889585257,7720.294619418684,15580.263079147631,660.5192701665728,0.04239461598376994,3523.4372639114076,571.5375066005072,1779.6352713212964,0.0
2025-10-24,18,A,0.0,True,2903.250538977536,2879.4463462373114,10224.676370728634,23.804192740224607,0.0023281120963761386,10262.873396918592,15.990061350412361,156.28262779624765,0.0
2025-10-25,12,F,0.05,True,7681.6938093944445,7533.150279212941,14951.483749737006,148.54353018150323,0.009935036058485907,4357.56125308121,143.9664102658444,91.54239831318819,0.0
2025-10-25,18,A,0.0,True,3349.859515551185,3288.757254330576,10653.978127528608,61.10226122060885,0.005735159251240427,10226.94763235428,64.33266459131482,348.98025953811293,-29.988531162358413
2025-10-26,12,F,0.06,True,25879.475753385646,25638.87716863923,33090.072219805064,240.59858474641806,0.007271020236771047,6631.624324388113,214.1358486978279,529.2547209718768,0.0
2025-10-26,18,A,0.0,True,10342.53457040699,10298.798641760763,17673.61316977412,43.73592864622697,0.0024746455762099237,10795.42823953029,33.20726592533174,210.57325441785315,0.0
2025-10-27,12,F,0.05,True,28183.55850603459,27286.6727169261,35228.5248280669,896.8857891084917,0.025459078785891553,6723.92687104422,758.1861945953788,2773.991890262173,0.0
2025-10-27,18,A,0.0,True,10769.750942939872,10723.994390789789,18039.559663898126,45.756552150083735,0.0025364561553935573,10787.184763102205,52.18456447711651,-128.5602465406855,0.0
2025-10-28,12,F,0.07,True,28883.820187585043,27122.27719908559,35850.493748610075,1761.542988499452,0.0491358083057851,6695.83135184879,1569.2941054995827,3844.9776599973193,0.0
2025-10-28,18,A,0.0,True,11125.315095017437,11053.737114345358,18392.30023676868,71.57798067207841,0.0038917362021409596,10690.880085177105,44.432412054553424,585.9884282733196,-3.123438331647776
2025-10-29,12,F,0.06,True,26704.24057936614,26405.759795056976,33960.970587238146,298.4807843091621,0.008788935626631508,6710.550329369069,275.5577166450312,458.4613532826379,0.0
2025-10-29,18,A,0.0,True,10711.237716532107,10654.916474650328,18005.42262806418,56.321241881778406,0.0031280155453831562,10701.911827853619,44.988826299588254,494.588261161181,-19.42783439985942
2025-10-30,12,F,0.09,True,27536.394701349527,27041.76113651661,34642.45418509815,494.63356483291864,0.014278248365142993,6751.91133843579,428.14001895924594,1861.2815166070113,-38.531608059540304
2025-10-30,18,A,0.0,True,10043.12798987974,9962.996585028677,17384.611801883333,80.13140485106305,0.004609329547547455,10800.0,60.04265552144352,-129.6356125412242,38.531608059540304
2025-10-31,12,F,0.11,True,8661.413770955067,8494.54133156162,15869.603900526805,166.87243939344626,0.010515223974046813,5781.015761837812,142.88210055073978,479.80677685415594,0.0
2025-10-31,18,F,0.0,True,3414.523701360924,3353.1191886589686,10693.910312057826,61.404512701955355,0.00574200745191581,10253.84374141532,62.11826923472654,65.8120151532471,-5.8069720813582535
2025-11-01,12,F,0.08,True,9404.049374553631,9119.260789821816,16570.451465021826,284.7885847318157,0.017186531419072632,5296.569574430091,229.46904005394572,1469.7354545026446,-26.34544782458761
2025-11-01,18,Q,0.0,True,3170.373354400107,3036.3716004118796,10520.310466348377,134.0017539882274,0.01273743340720435,10253.985965828986,128.55782574731893,-254.46599612704904,26.34544782458761
2025-11-02,12,F,0.08,True,27989.88666882887,27531.903494983664,35187.52128721301,457.9831738452049,0.013015499730912674,6960.841612860195,427.42851776481984,611.0931216076278,0.0
2025-11-02,18,F,0.0,True,10975.584116329634,10932.050314712818,18244.43654025215,43.53380161681525,0.0023861411954689826,10739.21710043238,57.63569148896204,442.02555880889895,-52.5005061977663
2025-11-03,12,F,0.09,True,28671.135760939207,28498.60002440927,35797.90843198565,172.53573652993873,0.00481971556683957,7017.863325401529,123.72459001852258,1159.6748606959627,-13.301763069972367
2025-11-03,18,F,0.0,True,11086.245427850587,10993.630991921596,18381.331038067037,92.61443592899013,0.0050385054127576046,10790.568997313898,73.62176230333353,293.8797739790007,6.233795224907226
2025-11-04,12,F,0.09,True,27467.538423350954,27272.8950465339,34613.89136127779,194.64337681705365,0.005623273465138312,6816.551509357851,157.33470191559172,858.7238021906569,-8.160816163624986
2025-11-04,18,F,0.0,True,10992.155373893966,10897.396256569038,18248.75347282179,94.7591173249275,0.005192635073187548,10800.0,85.90112973970463,91.68384019465293,6.197701600605797
2025-11-05,12,F,0.09,True,27786.28825706611,27569.513841991986,35050.83720537333,216.77441507412368,0.006184571678102226,7050.0,223.21987114159856,-81.78710561224443,-3.4167309502809076
2025-11-05,18,F,0.0,True,10665.152960805099,10635.47212985121,18003.033236382937,29.68083095388829,0.0016486572325992987,10784.745614545285,28.031546637615975,-14.136329411956922,3.4167309502809076
2025-11-06,12,F,0.09,True,27514.40466818987,27314.54318184906,34701.71202135053,199.86148634080746,0.005759412855995143,6987.823208044174,177.2785798047189,451.6581307217357,0.0
2025-11-06,18,A,0.0,True,11065.121421252445,10972.107049754983,18305.10169386718,93.01437149746198,0.005081335960489359,10795.225197010295,65.26730634741762,554.9413030008941,0.0
2025-11-07,12,F,0.1,True,8246.373835694967,8179.109867425441,15566.367334699962,67.26396826952623,0.004321108889649797,5202.950889804748,54.95650427751934,246.14927984013502,0.0
2025-11-07,18,A,0.0,True,3288.372758523592,3210.233627690399,10647.20438690515,78.13913083319312,0.007338934051955963,10245.71967949881,72.07651059061754,121.2524048514922,0.0
2025-11-08,12,F,0.09,True,8972.498464007096,8902.887489265966,16258.76351533984,69.61097474113012,0.004281443338262068,5659.716943125919,65.02167115310112,91.7860717605522,0.0
2025-11-08,18,A,0.0,True,3458.143541110463,3407.027284048452,10815.77493813805,51.116257062010845,0.004726083646745202,10225.43172521704,43.26076642896078,157.1098126609911,0.0
2025-11-09,12,F,0.09,True,29182.253813324896,28734.37529470733,36279.53949851872,447.87851861756644,0.012345209581170486,7021.064149801303,408.91332671058626,779.3038381395199,0.0
2025-11-09,18,A,0.0,True,10679.243368958005,10595.296115222014,18031.94177176096,83.94725373599067,0.004655474978710102,10701.792929728315,72.21879889872434,234.56909674528515,0.0
2025-11-10,12,F,0.05,True,30588.489995459837,30251.80114942731,37676.83831768854,336.6888460325281,0.008936228756606131,7028.184967373481,254.7013744726355,1688.5286246795667,-3.536889869650622
2025-11-10,18,A,0.0,True,10796.491292172374,10641.844986173883,18175.271932322095,154.6463059984908,0.008508610301641467,10800.0,137.3271399944133,297.60412659980534,3.536889869650622
2025-11-11,12,F,0.04,True,28782.39085829282,28525.670763643044,35951.23197220311,256.720094649776,0.007140787132086814,7039.36783629702,236.99779477397533,394.44599751610076,0.0
2025-11-11,18,A,0.0,True,11018.105557137415,10945.198554304285,18244.715470716357,72.90700283312981,0.003996061377342335,10798.13832526776,72.41329903482256,9.87407596616049,0.0
2025-11-12,12,F,0.04,True,28286.406326041004,28001.95690707428,35483.536007638904,284.4494189667239,0.008016377480121697,7043.33884287937,279.1515134882502,105.95810956951664,0.0
2025-11-12,18,A,0.0,True,11195.682512867255,11137.587195037262,18503.206423251435,58.09531782999329,0.0031397432694146325,10747.94108914948,41.126315657322266,339.3800434533787,0.0
2025-11-13,12,F,0.05,True,32283.26299845762,29919.175110533684,39050.685875459996,2364.0878879239353,0.06053895942989215,6597.436269525846,2067.2328243127486,6350.631115073582,-29.984290587337455
2025-11-13,18,A,0.0,True,10878.951398863304,10828.036054552816,18107.65649872245,50.91534431048785,0.0028118130203143676,10800.0,61.71645986747535,-60.67292847487033,-11.264098862335231
2025-11-14,12,F,0.06,True,11374.935893842196,10495.996897326093,18416.271853312675,878.9389965161026,0.04772621752746342,5739.250832443247,762.87359887399,2784.002959334224,-33.54916644554032
2025-11-14,18,A,0.0,True,3605.0744552190154,3563.000736613585,10898.587840962358,42.07371860543026,0.00386047433111436,10263.653646032795,18.135794754760354,16.063470521374256,33.54916644554032
2025-11-15,12,F,0.06,True,10035.19470727482,9926.2309532303,17205.998540474386,108.9637540445201,0.006332893367868196,6483.465507293018,97.75082041404312,590.2812721246119,-26.539627490390558
2025-11-15,18,A,0.0,True,3526.7599978950775,3475.43692077151,10815.422746766055,51.3230771235676,0.004745360243908528,10265.685857269147,29.703432420121317,66.37029455383436,26.539627490390558
2025-11-16,12,F,0.06,True,29579.036022194174,29109.19996361631,36611.40796904151,469.8360585778646,0.012833050806872998,7014.134175520765,381.7880840953658,1760.959489649933,0.0
2025-11-16,18,A,0.0,True,10972.379081174256,10940.048475660134,18225.568119565825,32.330605514122,0.001773914826798397,10711.19665490657,28.141981828437565,83.77247371367639,0.0
2025-11-17,12,F,0.06,True,29858.872151151816,29262.041008461318,36757.36627696469,596.8311426904984,0.016237048601181303,7008.424811080753,542.2143854701353,1092.335144407285,0.0
2025-11-17,18,A,0.0,True,10861.501901418838,10824.616131869507,18169.094304170874,36.8857695493316,0.002030138042756713,10773.694150508509,36.857243248094164,0.5705260247809747,0.0
2025-11-18,12,F,0.07,True,30682.212084957995,29908.818898544807,37694.06697197241,773.3931864131882,0.020517637085651918,7050.0,694.2760134503478,1737.4122189960626,-11.243751408610478
2025-11-18,18,A,0.0,True,10749.59300537857,10633.214904480314,18053.83470334861,116.37810089825689,0.006446170733837016,10742.391046274759,93.24627380257516,307.5677821742056,11.243751408610478
2025-11-19,12,F,0.05,True,29574.20112586469,29468.900946203645,36636.68064719044,105.30017966104424,0.0028741735823471603,7050.0,80.69829336618568,550.5506821899617,-4.242667161615827
2025-11-19,18,F,0.0,True,11340.28247292513,11306.831370391723,18551.073209737304,33.45110253340681,0.0018031896136256205,10792.090160728143,51.76251213942305,211.1315396798518,-41.863295409159036
2025-11-20,12,F,0.05,True,30670.04735710018,29987.424784538416,37644.94795488546,682.6225725617624,0.018133178810071204,7050.0,557.8492941371223,2495.4655684928666,0.0
2025-11-20,18,F,0.0,True,10955.376175131854,10908.768253643684,18147.56612682098,46.60792148817018,0.002568273958196882,10790.02915794814,45.600818305076245,152.56993485642397,-9.602102098355317
2025-11-21,12,F,0.05,True,10459.909733784933,10241.294900804,17617.76000140484,218.614832980933,0.012408775744674728,5956.104602054406,184.4954256234705,682.3881471492368,0.0
2025-11-21,18,F,0.0,True,3429.6808647948346,3400.1401572281684,10785.431790837052,29.540707566666242,0.0027389452865265026,10448.666236883486,28.125369046354535,28.306770406266196,0.0
2025-11-22,12,F,0.05,True,10030.122648909854,9902.499106434374,17197.44378049377,127.62354247547955,0.007421076300899833,7067.161149523939,110.39251440358203,484.6277536103944,-10.151664763747249
2025-11-22,18,F,0.0,True,3758.104976403357,3713.2612270622394,11032.264229996043,44.84374934111747,0.004064782025360678,10341.701999693305,46.39876563817597,138.21291373997474,-12.276592528118272
2025-11-23,12,F,0.05,True,28250.989041633846,28000.613983286326,35614.87501702076,250.37505834751937,0.007030069829751256,6814.320369292052,236.92462210359372,269.0087248785071,0.0
2025-11-23,18,F,0.0,True,10700.76083301996,10652.5974051377,18000.617732396884,48.163427882260294,0.0026756541691109544,10790.885776954112,31.911935308937245,325.029851466516,0.0
2025-11-24,12,F,0.05,True,29678.989771277156,29412.06047860239,36949.9354026467,266.92929267476575,0.007224080090154793,6957.074159673655,246.61426798873435,406.3004937206206,0.0
2025-11-24,18,F,0.0,True,11413.19015459317,11358.129704898629,18638.918914734557,55.0604496945416,0.00295405811605387,10679.157293693264,33.79231778695248,425.3626381517415,0.0
2025-11-25,12,F,0.03,True,30203.55947686766,30004.954996143577,37294.6629710851,198.60448072408326,0.00532527887108306,6450.0,205.05220440385165,-128.95447359538775,0.0
2025-11-25,18,F,0.0,True,10741.248067080453,10623.40791925703,18004.934980962513,117.84014782342274,0.006544880497931307,10800.0,93.68098786614792,678.4762018303791,-14.160337502667971
2025-11-26,12,F,0.03,True,30043.338116692226,29900.87853770955,37154.24409298969,142.45957898267807,0.003834274723127997,6585.269139381241,126.94799541461543,877.3544848777265,-41.1210352365415
2025-11-26,18,F,0.0,True,10909.93837085164,10819.351371440342,18173.74288711263,90.58699941129817,0.004984498788938808,10800.0,96.71759209980155,787.4634606740656,-65.98789218355341
2025-11-27,12,F,0.02,True,30929.997685807146,30636.078632670713,38008.06353906136,293.9190531364329,0.007733070979382274,6764.276355842262,279.60277832446445,714.3815889196467,-31.037562324778264
2025-11-27,18,F,0.0,True,10677.867628458662,10612.941530551794,17983.400157584845,64.92609790686765,0.0036103349387731788,10793.340364511472,42.47047662577825,28.46229161619658,30.500569842086406
2025-11-28,12,F,0.0,True,9233.97138159636,9016.028706709265,16502.52119484929,217.94267488709556,0.01320662899406662,6452.326871511299,252.14674800987814,567.4815366360199,-90.74853798824188
2025-11-28,18,F,0.0,True,3390.1796712602,3345.8196685374432,10644.609062834106,44.36000272275669,0.004167367956953971,10236.61951289143,27.941924403574376,251.38683322622455,5.5812967474576
2025-11-29,12,F,0.03,True,11907.705886741527,10993.20845323715,18955.316159111673,914.4974335043771,0.048244905325136735,5993.011956073266,755.4674375856484,3180.5999183745744,0.0
2025-11-29,18,F,0.0,True,3124.2523640099007,3059.151561880425,10470.468302802994,65.1008021294756,0.006217563555590709,10247.13158763654,57.3852413632103,275.7291631441517,-8.803792744025486
2025-11-30,12,F,0.06,True,32239.41644846114,31922.782159241262,39318.07432345618,316.63428921987725,0.008053148448091242,6450.0,209.33127383601095,2406.7147117252007,-18.899572857857493
2025-11-30,18,F,0.0,True,10436.939027835433,10378.83872730396,17799.12543588129,58.100300531472385,0.0032642222080388216,10800.0,35.664550404246256,188.06059849674898,18.899572857857493
2025-12-01,12,F,0.06,True,31255.755439430228,31149.00389123294,38463.922597939374,106.75154819728778,0.0027753682148634203,6467.630473256857,93.17059430481459,271.61907784955747,0.0
2025-12-01,18,F,0.0,True,10445.122451726815,10384.564951252376,17813.931325106692,60.55750047443871,0.003399446162065858,10800.0,52.011839754377434,170.91321440122965,0.0
2025-12-02,12,F,0.05,True,31889.156413958466,31645.7923180817,39057.03098784638,243.36409587676462,0.00623099323531514,6450.0,236.09215166806098,782.3821654762332,-46.18358932114825
2025-12-02,18,F,0.0,True,10563.631834745427,10525.723136430823,17875.852610975282,37.90869831460441,0.0021206651866960188,10737.395285011347,21.68554201128427,6.075788058580201,23.085682030505268
2025-12-03,12,F,0.05,True,34740.142503537056,32260.130044448662,41691.67740998086,2480.0124590883934,0.05948459292488639,6450.0,2211.813893406761,5363.9713136326845,0.0
2025-12-03,18,F,0.0,True,10456.61820901507,10425.720601436302,17800.979946021173,30.897607578768657,0.0017357250933634587,10752.064043699085,21.411832288096775,189.715505813424,0.0
2025-12-04,12,F,0.06,True,31877.202247883593,31386.82524253358,39138.435280293714,490.37700535001204,0.01252929509925804,6450.0,507.3605797774144,-150.1421000439782,-13.74242840754232
2025-12-04,18,F,0.0,True,10310.993185041203,10276.555878682006,17603.66334102649,34.437306359197464,0.001956257949954034,10800.0,26.759671021260147,70.0644381650468,6.053581257630867
2025-12-05,12,F,0.05,True,11092.13170243479,10783.587493169975,18252.128004719667,308.54420926481544,0.01690456089202484,5901.584818655176,264.50970460876124,880.6900931210876,0.0
2025-12-05,18,F,0.0,True,3256.990947733353,3234.2679220784694,10603.963387345584,22.723025654883713,0.0021428804329898586,10199.690545073754,55.93392549480268,126.85411257228225,-57.35918800792206
2025-12-06,12,F,0.06,True,10731.586454121532,10446.646768527662,17993.620476599295,284.9396855938703,0.015835594952357385,6329.510662634284,285.22142402232566,498.75948910891657,-36.57270268229513
2025-12-06,18,F,0.0,True,3377.9702652752176,3277.424958607682,10656.958326315522,100.54530666753544,0.009434709566167312,10242.090534669782,81.6827848892699,277.04260904330886,7.265885743227045
2025-12-07,12,F,0.06,True,32292.97629851393,32104.82637443525,39511.24581148883,188.14992407867976,0.004761933475253031,6450.0,159.04775276235887,582.0434263262987,0.0
2025-12-07,18,F,0.0,True,10312.060275579543,10223.979658635852,17677.58034098825,88.08061694369098,0.004982617261224503,10800.0,88.59718670389339,-10.331395204041883,0.0
2025-12-08,12,F,0.06,True,32996.01519677216,32781.04981614334,40089.84270897164,214.96538062881882,0.005362090896423299,6450.0,185.36319555796945,774.8522803678043,-13.255114831255923
2025-12-08,18,F,0.0,True,10578.574953310885,10520.021363860387,17902.818143820103,58.553589450497384,0.003270635325685279,10800.0,38.81386158445093,211.98597836986437,13.255114831255923
2025-12-09,12,F,0.05,True,32575.331189616132,32274.196786809967,39808.142855748294,301.13440280616487,0.007564643341875494,6450.0,274.4056743147521,534.574569828309,0.0
2025-12-09,18,F,0.0,True,10662.820133809406,10573.552667405753,18007.568118894917,89.26746640365309,0.004957219420982606,10785.036508276917,75.79448830097317,269.45956205363973,0.0
2025-12-10,12,F,0.05,True,33076.39848973493,32795.05476009787,40259.28476660119,281.3437296370612,0.00698829428461337,6450.0,253.53914643749886,556.0916639912757,0.0
2025-12-10,18,F,0.0,True,10532.805048032691,10479.003344806846,17792.502376112505,53.8017032258449,0.003023841283735159,10800.0,63.46256298379376,293.31518619968074,-35.277570784910495
2025-12-11,12,F,0.04,True,32484.558153383594,31908.995756498145,39792.2605265259,575.5623968854488,0.014464179447703744,6450.0,619.2086401286579,-872.9248648642888,0.0
2025-12-11,18,F,0.0,True,10648.002911381418,10571.673530118798,17943.812136647517,76.32938126261979,0.004253799620802349,10792.664685996155,64.87544841269482,429.99683409572754,-14.568208584041713
2025-12-12,12,F,0.06,True,11731.374824298286,11123.291533957057,18961.510832920503,608.0832903412283,0.03206934804401183,6595.409874799643,574.0486579407298,1066.238159384503,-27.955198028830637
2025-12-12,18,F,0.0,True,3024.837856317511,2981.0055910850497,10320.284809484776,43.832265232461395,0.0042471953092009344,10232.831361948389,47.80530074474518,207.93650743367016,-20.838645234171054
2025-12-13,12,F,0.06,True,11847.222455985424,11422.047203749693,19071.51808803698,425.175252235731,0.022293728809267225,6538.496030655329,394.4939812029297,613.6254206560338,0.0
2025-12-13,18,F,0.0,True,3185.7972639714444,3112.8360691118305,10541.747359440658,72.9611948596139,0.006921167086619043,10200.186064211568,55.63195008960429,389.7820922805977,-3.132149532171752
2025-12-14,12,F,0.06,True,33042.45023329638,32928.12524252877,40253.83249326167,114.32499076761451,0.0028401020148019957,6450.0,101.51828090528579,256.1341972465643,0.0
2025-12-14,18,F,0.0,True,10161.908290939306,10131.737147187296,17567.161429881733,30.17114375200981,0.0017174740422598218,10787.495054018753,32.91685311275069,-54.914187214817844,0.0
2025-12-15,12,F,0.07,True,32178.696427754323,31941.383904806193,39410.5938133284,237.3125229481302,0.006021541417827425,6450.0,229.09497383613052,164.35098224006015,0.0
2025-12-15,18,A,0.0,True,10203.230493506222,10086.652930398086,17562.82473585663,116.57756310813602,0.006637745628135139,10797.98561820852,111.76060523667911,270.3033235816656,-12.613822677836652
2025-12-16,12,F,0.06,True,32907.41679141913,32517.87103238248,40228.08526285762,389.5457590366459,0.009683427796557632,6450.0,385.34135559224524,100.92257840966067,-1.2206394148342952
2025-12-16,18,A,0.0,True,10095.833366438863,10063.08526879851,17492.306978981596,32.74809764035308,0.0018721428614134508,10800.0,39.750273123612715,-65.5586115622317,-5.400763373439986
2025-12-17,12,F,0.07,True,32635.307612194367,32165.354117332306,39903.17121694711,469.9534948620603,0.01177734702605462,6450.0,428.7734808870882,1121.5385768867432,-21.602959593899868
2025-12-17,18,A,0.0,True,10183.552738926108,10070.946888931128,17504.510384324934,112.60584999497951,0.006432961992231249,10800.0,125.09872499470657,-478.3467103057528,16.567333643513848
2025-12-18,12,F,0.08,True,31819.633143100677,31446.03347193607,39179.55400348148,373.59967116460757,0.009535577437441215,6450.0,371.9469097777983,33.05522773615303,0.0
2025-12-18,18,A,0.0,True,10094.922406345742,10001.629665098664,17442.750104524926,93.29274124707808,0.0053485110253844925,10800.0,83.12692149307259,203.31639508008925,0.0
2025-12-19,12,F,0.09,True,10687.668428455634,10410.421377425322,18010.041901823406,277.2470510303119,0.015394025874100957,6679.100473380744,271.8635980246363,198.58806996986323,-6.592370680331442
2025-12-19,18,A,0.0,True,2755.678072459208,2729.1795632853155,10102.032748105881,26.49850917389267,0.0026230868414934714,10237.653052057865,16.761179087834535,103.8275918648551,6.592370680331442
2025-12-20,12,F,0.08,True,10863.472605919875,10588.055068007454,18224.57578102244,275.4175379124208,0.015112425179148356,6656.682405125062,274.55372538360825,88.75531432369894,-5.182815836324153
2025-12-20,18,A,0.0,True,2912.4535136417453,2834.8139922858063,10280.266848881889,77.639521355939,0.007552286579446456,10258.366590035237,67.17555276940402,137.80030798321332,5.182815836324153
2025-12-21,12,F,0.08,True,32611.84103992555,32080.020379624617,39925.65461548358,531.8206603009348,0.013320274029888774,6450.0,510.42360037794424,540.9301669354936,-8.192622908638441
2025-12-21,18,A,0.0,True,9981.778309149446,9916.291288303653,17356.556462142154,65.48702084579236,0.0037730422499780763,10800.0,57.37675566656981,49.21633510874881,8.192622908638441
2025-12-22,12,F,0.09,True,31876.57550324963,31687.615717381428,39217.22321099949,188.95978586820274,0.004818285701961787,6450.0,171.22293370268017,354.73704331044587,0.0
2025-12-22,18,A,0.0,True,9959.704204172476,9914.153295830087,17316.0941417582,45.55090834238945,0.002630553285832645,10763.150924750807,39.78561269158672,115.30591301601453,0.0
2025-12-23,12,F,0.09,True,31713.31631498263,31546.87686622749,39105.83665677007,166.4394487551399,0.004256128061290963,6450.0,165.2842121284557,23.10473253367627,0.0
2025-12-23,18,A,0.0,True,10162.984631996247,10116.171637262274,17520.86208254014,46.81299473397303,0.0026718431155635333,10799.416940313708,35.40251703083777,228.20955406267308,0.0
2025-12-24,12,F,0.1,True,31644.34754489002,31385.730330235594,39013.20644119211,258.6172146544268,0.006628965887340285,6450.0,265.3210862263586,-134.07743143872312,0.0
2025-12-24,18,F,0.0,True,9713.173868021075,9640.057517531646,17090.593445690112,73.11635048942844,0.004278163348848886,10800.0,67.71561538464448,108.01470209567037,0.0
2025-12-25,12,F,0.1,True,31879.529624292853,31673.251531500748,39177.84295695709,206.27809279210487,0.005265172281657599,6450.0,180.1630865650077,565.2457751677221,-3.113910374528132
2025-12-25,18,F,0.0,True,9936.732916037628,9838.04740708368,17291.3945006398,98.68550895394765,0.005707203600628982,10796.221871972832,90.93299365563144,652.8341053701972,-36.093390474881744
2025-12-26,12,F,0.11,True,10550.769215708644,10332.22018687127,17938.49370591542,218.54902883737486,0.012183243053752381,6802.626730591367,221.15997824746592,-36.02251118240997,-1.1743768481028383
2025-12-26,18,F,0.0,True,2443.180550064667,2374.0052303291977,9829.697306747124,69.1753197354692,0.007037380458092755,10266.955261495588,68.43559773673951,203.11993949622195,-13.655136625082378
2025-12-27,12,F,0.09,True,10645.794198661597,10513.873709051479,18023.087208158686,131.92048961011824,0.007319527896996498,6569.346650980421,134.5240910248831,-52.072028295274094,0.0
2025-12-27,18,F,0.0,True,2497.541885550545,2468.129677627032,9899.431338231145,29.41220792351305,0.0029711007550428143,10274.493830249805,32.366026459660134,-59.07637072294119,0.0
2025-12-28,12,F,0.09,True,31750.018247802924,31223.19488848649,39107.63386916026,526.8233593164332,0.013471113110013,6450.0,525.5143871328328,26.179443672068373,0.0
2025-12-28,18,F,0.0,True,9951.326788149794,9902.315711984887,17285.629436579344,49.011076164906626,0.002835365431425414,10800.0,49.01451040146276,193.40169047479594,-14.028182126441607
2025-12-29,12,F,0.08,True,32343.034320592284,31953.95885101585,39600.06184562867,389.07546957643353,0.009825122776149968,6450.0,306.77956267366244,1645.9181380554433,0.0
2025-12-29,18,F,0.0,True,9747.39098904573,9684.593700404805,17123.641273416946,62.797288640926126,0.003667285925827808,10789.866847837045,52.525965026095946,205.426472296645,0.0
2025-12-30,12,F,0.1,True,31523.49428364778,30876.294565376484,38916.808772292534,647.1997182712948,0.01663033888667869,6450.0,667.7407188211073,-282.5931680134572,-9.297493246423983
2025-12-30,18,F,0.0,True,9753.627489622868,9710.667150074543,17128.519784069922,42.960339548324555,0.002508117460814043,10800.0,40.62730072779959,80.24713034953265,-2.4352849345468712
2025-12-31,12,F,0.09,True,31227.738707259567,30971.23784309593,38610.225908246546,256.50086416363774,0.00664334015483844,6450.0,262.4801387405896,-119.58549153895751,0.0
2025-12-31,18,F,0.0,True,9458.279468878538,9394.086809657709,16865.506767478335,64.19265922082923,0.00380615063074248,10800.0,60.58652795901071,72.1226252363939,0.0
