date,hour,source,weight,accepted,keep_objective,adjust_objective,keep_cash,expected_gain,relative_gain,initial_energy_kwh
2025-01-01,6,Q,1.0,False,18810.22693219962,18810.22693219962,26257.663932199623,0.0,0.0,10057.495685185186
2025-01-01,12,Q,1.0,False,17998.242309385118,17998.242309385118,25445.67930938512,0.0,0.0,6143.792100000002
2025-01-01,18,Q,1.0,False,8193.020419901668,8193.020419901668,15640.457419901668,0.0,0.0,10800.0
2025-01-02,6,F,0.0,True,59680.275840838985,56289.56569167021,67040.9589206353,3390.710149168779,0.05057669525853267,10800.0
2025-01-02,12,A,0.0,True,39309.40559738228,35726.31991605513,46574.292876655265,3583.085681327153,0.07693269097646625,6622.286563703705
2025-01-02,18,A,0.0,False,10514.767630330001,10514.767630330001,17962.20463033,0.0,0.0,10800.0
2025-01-03,6,A,0.01,True,59073.50949292785,55598.18723731292,66309.55696041083,3475.3222556149267,0.05241057872984761,10800.0
2025-01-03,12,A,0.0,True,36701.43726688585,35638.801369349276,44113.16210791196,1062.6358975365729,0.024088862524456908,6951.650082283952
2025-01-03,18,A,0.0,False,10651.318132602502,10651.318132602502,18098.755132602502,0.0,0.0,10800.0
2025-01-04,6,A,0.02,True,46201.93855311691,43849.30977644388,53386.72161278017,2352.628776673031,0.044067676485866826,10800.0
2025-01-04,12,A,0.0,True,28911.75090233444,28475.29160880566,36305.64601185277,436.4592935287801,0.012021802156785433,6438.555225
2025-01-04,18,A,0.0,False,7835.834281752781,7835.834281752781,15283.27128175278,0.0,0.0,10800.0
2025-01-05,6,A,0.03,True,38841.67495898394,37600.2470017791,46130.874603852615,1241.42795720484,0.026910999799278947,10800.0
2025-01-05,12,A,0.0,True,25366.86329082068,24822.258962859756,32810.4327812579,544.6043279609221,0.01659851095508905,6572.277727685183
2025-01-05,18,A,0.0,False,6587.169297616792,6581.3159302319455,14015.541106024168,5.853367384846933,0.0004176340635418661,10800.0
2025-01-06,6,A,0.03,True,48558.28064973374,47892.42098085391,54759.09289283929,665.859668879828,0.012159800933570629,10800.0
2025-01-06,12,A,0.0,True,35667.42134096576,33875.982542936996,41855.03633713305,1791.4387980287647,0.04280103315641926,6438.27561375
2025-01-06,18,A,0.0,False,11354.595964702625,11346.91119959221,18528.204155775653,7.684765110414446,0.00041476038615533787,10800.0
2025-01-07,6,A,0.04,True,55314.29712560518,52306.17787561146,61549.621900472746,3008.119249993724,0.048873074392852114,10800.0
2025-01-07,12,A,0.0,True,37894.04898642871,36755.33015506365,44843.332712570904,1138.718831365055,0.025393269466919853,6734.70261466049
2025-01-07,18,A,0.0,True,11174.600159971758,10908.124907446281,18492.522813668813,266.4752525254771,0.014409891782234872,10800.0
2025-01-08,6,A,0.04,True,54216.96109329273,51354.02227382806,61535.34283128285,2862.9388194646745,0.046525113662147934,10800.0
2025-01-08,12,F,0.0,True,35557.700263176135,35400.5935255412,42694.54948696155,157.10673763493833,0.0036797844109566495,6450.0
2025-01-08,18,A,0.0,False,10999.396627818884,10987.505679598997,18250.313113357086,11.890948219886923,0.0006515476280340716,10796.691777834198
2025-01-09,6,A,0.04,True,59105.399778895204,57417.842084900905,66203.1066629676,1687.5576939942985,0.025490611831638966,10800.0
2025-01-09,12,A,0.0,True,41837.06317845846,41485.20199626191,48365.759823426975,351.8611821965533,0.007275005778491293,6869.766865210775
2025-01-09,18,A,0.0,False,13685.78235744814,13684.487226130204,20796.005352955526,1.295131317936466,6.227788923666545e-05,10800.0
2025-01-10,6,A,0.04,True,28618.531974929778,26623.87235689455,35646.91778470268,1994.659618035228,0.055956019257609006,10039.373015873016
2025-01-10,12,A,0.0,True,20695.594847683547,19556.750368190857,27595.119145190867,1138.8444794926909,0.041269779394707294,6493.247832499999
2025-01-10,18,A,0.0,False,4694.349494610065,4689.186212326083,11985.71602455172,5.1632822839828805,0.00043078630207876907,10800.0
2025-01-11,6,A,0.05,True,27171.764980998552,26077.85988049653,33223.11212071392,1093.9051005020228,0.0329260274151137,10027.313756613756
2025-01-11,12,A,0.0,True,17341.93849877843,16534.059197887953,24245.922873571824,807.8793008904759,0.03332021243749267,6963.429483253879
2025-01-11,18,A,0.0,True,4508.0672022638755,4488.225914098493,11749.27687802551,19.84128816538214,0.0016887241973581363,10800.0
2025-01-12,6,A,0.07,True,64953.45782605734,63742.83745846406,71919.92126353111,1210.6203675932775,0.0168328933948257,10800.0
2025-01-12,12,A,0.0,True,42415.730060759255,42125.6419495901,49831.198075971915,290.08811116915604,0.0058214155462786975,6034.164835376183
2025-01-12,18,A,0.0,False,13406.391800187108,13405.828431204774,20818.897675366446,0.5633689823334862,2.7060461659316456e-05,10800.0
2025-01-13,6,F,0.1,True,60093.263042471015,59612.45037712897,66773.84516054291,480.8126653420477,0.007200613716134516,10800.0
2025-01-13,12,A,0.0,True,39620.36798341223,39034.611046561826,46741.48363181891,585.7569368504046,0.012531843051119049,6849.700521210725
2025-01-13,18,A,0.0,False,13304.533042623762,13297.511911117317,20502.85225055064,7.0211315064443625,0.00034244657380564194,10800.0
2025-01-14,6,F,0.11,True,60281.50428163533,59441.221399790295,67361.70002547343,840.2828818450362,0.01247419351838323,10800.0
2025-01-14,12,F,0.0,True,40386.02137945202,40167.64840319155,47402.070829198165,218.37297626046347,0.004606823550965049,6580.642394832399
2025-01-14,18,A,0.0,False,12453.424761762233,12453.423359151855,19689.764643659415,0.0014026103781361599,7.123550756041336e-08,10800.0
2025-01-15,6,F,0.13,True,66669.43300745539,62858.266094805156,72228.3979978848,3811.166912650231,0.05276549138971407,10800.0
2025-01-15,12,F,0.0,True,39734.33668202807,38985.621319323225,46625.08383431967,748.7153627048465,0.01605820946864945,6928.647404790761
2025-01-15,18,A,0.0,True,12470.26683536395,12381.647942935773,19693.28053155439,88.61889242817597,0.004499955824332194,10799.999496125738
2025-01-16,6,F,0.6,True,56090.63325449284,55982.675535883754,62496.675159896404,107.9577186090828,0.0017274153918248498,10800.0
2025-01-16,12,F,0.1,True,38180.307990750065,37807.04558688623,44904.81136700919,373.2624038638387,0.008312303125229657,6462.826519226088
2025-01-16,18,F,0.0,False,12510.905792480438,12497.299042278259,19515.980114080732,13.606750202179683,0.0006972107023393842,10800.0
2025-01-17,6,F,0.56,True,27685.290787903818,26799.13974172507,33191.74132800306,886.1510461787475,0.026697937821994398,10042.22908457774
2025-01-17,12,F,0.14,True,18071.43031131113,17383.069409848657,24750.27207502523,688.3609014624744,0.027812255937060146,6501.465578037209
2025-01-17,18,F,0.0,True,4337.228474788327,4321.575002925403,11458.558067797241,15.653471862923652,0.0013660943872960474,10683.265834257349
2025-01-18,6,F,0.57,True,27063.051932052622,26939.699580219567,33190.76722247199,123.35235183305485,0.003716465817323393,10070.417082321459
2025-01-18,12,F,0.16,True,16687.53666811146,16546.810383730488,23922.364237047765,140.72628438097308,0.00588262443404465,6637.722760973079
2025-01-18,18,F,0.0,True,5785.918916753455,5699.667867153848,12967.163441903142,86.25104959960663,0.006651497066882646,10800.0
2025-01-19,6,F,0.57,True,58038.42978372114,57827.44027578821,65413.154774233866,210.98950793292897,0.0032254904791113575,10800.0
2025-01-19,12,F,0.2,True,41134.66746551232,40908.31748784524,48254.42347969719,226.34997766707966,0.004690761205805625,6450.485704520737
2025-01-19,18,F,0.0,False,13149.973981261299,13149.606857569202,20569.90011396956,0.36712369209635654,1.7847616666209925e-05,10800.0
2025-01-20,6,F,0.57,False,55762.112256339184,55709.30769625734,61630.782954847695,52.8045600818441,0.0008567887271613942,10800.0
2025-01-20,12,F,0.19,True,38863.26056415198,38770.73516769441,45143.99194911734,92.5253964575677,0.002049561690553526,6450.0
2025-01-20,18,F,0.0,True,12644.356918432575,12576.590553857504,19747.10898811446,67.76636457507084,0.003431710667918963,10800.0
2025-01-21,6,F,0.6,True,56887.41750346663,56625.05964955626,62908.71367476666,262.35785391037643,0.004170453321724983,10800.0
2025-01-21,12,F,0.19,True,37141.966180949064,36546.64402163766,44272.18698562009,595.3221593114067,0.013446865850669891,6463.725122382237
2025-01-21,18,F,0.0,True,12464.213127701436,12443.488761068174,19650.128065974164,20.724366633261525,0.0010546682730860923,10791.860340793744
2025-01-22,6,F,0.57,True,56338.52657155423,56250.62918146271,62083.241606437165,87.89739009151526,0.00141579897919508,10800.0
2025-01-22,12,F,0.2,True,38791.71037866679,38334.23658467267,45244.67846362352,457.47379399411875,0.0101111071959971,6725.3656716376945
2025-01-22,18,F,0.0,False,12312.982077193574,12307.234105757043,19357.739480007236,5.747971436530861,0.00029693402178841146,10800.0
2025-01-23,6,F,0.56,True,57256.01618455146,56806.86944764626,60966.020912876236,449.14673690519703,0.007367165023727761,10800.0
2025-01-23,12,F,0.19,True,42303.82963564028,40324.04764049333,47990.79338474871,1979.78199514695,0.0412533708137469,6450.0
2025-01-23,18,F,0.0,True,12648.249794418189,12171.028080421416,19735.791046262577,477.22171399677245,0.024180521210328952,10800.0
2025-01-24,6,F,0.55,True,15608.759470543626,15511.383345453638,22072.029925739324,97.37612508998791,0.004411743071099801,10153.966359102524
2025-01-24,12,F,0.13,True,15577.397002608466,15403.382065291098,21609.02393532152,174.0149373173681,0.008052882806655975,6675.84066358575
2025-01-24,18,F,0.0,True,3187.562867846168,3123.681838330126,10468.551753010648,63.88102951604196,0.0061021840483016605,10254.263467733193
2025-01-25,6,F,0.53,True,15930.096891064035,15715.908668200042,21853.101165774977,214.18822286399336,0.009801273569329472,10154.77797091273
2025-01-25,12,F,0.13,True,13898.765136310238,13772.997383669557,20007.369915419287,125.76775264068056,0.0062860712413656036,6460.766447768842
2025-01-25,18,F,0.0,True,4112.223986600197,4083.1164589644177,11115.49754311394,29.10752763577966,0.0026186437019917116,10290.132891523574
2025-01-26,6,F,0.52,True,57675.76419303432,57439.762204172555,64707.87067576228,236.00198886176804,0.0036471913910492443,10800.0
2025-01-26,12,F,0.1,True,39354.14377021266,39022.55473713637,46362.11094817948,331.589033076285,0.007152155635167549,6450.0
2025-01-26,18,F,0.0,False,12716.590660179567,12716.590660179567,20163.157082805938,0.0,0.0,10800.0
2025-01-27,6,F,0.41,True,53734.74993788104,53022.803758534996,60239.56901327614,711.9461793460432,0.011818580229037465,10800.0
2025-01-27,12,F,0.09,True,35919.25860127574,35727.739169407956,42742.93963144926,191.51943186778226,0.0044807267239726,7174.857443653598
2025-01-27,18,F,0.0,True,11966.371093012329,11736.041551729455,19314.988502775366,230.32954128287383,0.011924912160821522,10700.38641762851
2025-01-28,6,F,0.35,True,50612.45312274909,50473.59473649451,57197.720703841274,138.85838625457836,0.0024276909035162468,10800.0
2025-01-28,12,F,0.12,True,35270.57632009165,35152.45100675113,42081.49815780009,118.12531334051891,0.002807060549450129,6603.820359217586
2025-01-28,18,F,0.0,True,10985.910195108363,10965.432253289595,18303.173708242146,20.47794181876816,0.001118819181044361,10800.0
2025-01-29,6,F,0.34,True,54339.83502116668,54058.75425392838,60549.72281600068,281.08076723829436,0.004642147877248694,10800.0
2025-01-29,12,F,0.12,True,35618.26221873209,34544.50736387,42601.80330350483,1073.7548548620907,0.02520444609380546,6436.195333021307
2025-01-29,18,F,0.0,True,11377.760950955691,11340.25231252724,18561.753841840113,37.50863842845138,0.00202074861826381,10774.664984043033
2025-01-30,6,F,0.32,True,52486.2661249072,51101.715420527915,57465.24820550959,1384.5507043792823,0.02409370441467154,10800.0
2025-01-30,12,F,0.21,True,31705.16370278219,30955.73729077419,38626.43726192072,749.4264120080006,0.019401903595877613,6721.277044309062
2025-01-30,18,F,0.0,True,11272.193170605946,11247.676818190685,18235.928394397037,24.51635241526128,0.0013443983703508014,10794.839174336685
2025-01-31,6,F,0.34,True,19754.656214454786,19348.992115012494,25118.06835777692,405.66409944229235,0.016150290446864432,10097.68708607581
2025-01-31,12,F,0.14,True,13231.335730638346,13154.023665198138,19661.433483051725,77.31206544020824,0.00393216829825006,6565.552274249723
2025-01-31,18,F,0.0,True,3644.7324806690904,3603.9571597317226,10806.84114654723,40.775320937367724,0.0037731026471500765,10249.127826164076
2025-02-01,6,F,0.34,True,15442.382755513258,15044.769367520445,22047.59362816598,397.61338799281293,0.018034321327696216,10094.845806045576
2025-02-01,12,F,0.14,True,14667.491729689571,14295.07134791047,20986.1048061186,372.42038177910035,0.01774604602520232,6086.251568969899
2025-02-01,18,F,0.0,True,3570.8634270836346,3482.7613773796675,10875.870809410713,88.10204970396717,0.008100689245750685,10239.722604237466
2025-02-02,6,F,0.34,True,50454.75177648682,50327.05066272437,55845.227047399705,127.7011137624504,0.002286697010902322,10800.0
2025-02-02,12,F,0.13,True,33788.25397584942,33710.349509870925,40290.89941477548,77.90446597849223,0.001933549935842909,6450.0
2025-02-02,18,F,0.0,True,11346.751930949164,11296.37428891882,18427.666383634598,50.37764203034385,0.002733804757561905,10800.0
2025-02-03,6,F,0.34,True,49077.34466768918,48629.066781603884,55914.12654390405,448.27788608529954,0.00801725634993707,10800.0
2025-02-03,12,F,0.13,True,34029.29431225333,33553.88620540871,41059.049206337,475.40810684462485,0.011578643832094657,6450.0
2025-02-03,18,F,0.0,False,10808.29182925524,10801.876038954293,18134.89954545177,6.415790300947265,0.00035378140832086074,10790.139456061761
2025-02-04,6,F,0.32,True,46810.024643021774,46528.6024285728,53902.042219569215,281.42221444897586,0.005220993544226143,10800.0
2025-02-04,12,F,0.12,True,32130.98298723826,31117.186378085862,39488.98739075184,1013.7966091523995,0.025672894549578308,6427.196161284955
2025-02-04,18,F,0.0,True,10665.177122784555,10482.582766299305,17833.249435689762,182.5943564852496,0.01023898404739535,10800.0
2025-02-05,6,F,0.31,True,47611.060739210705,47066.489113345815,53028.68474795722,544.5716258648899,0.010269378327092453,10800.0
2025-02-05,12,F,0.11,True,30011.63677605457,29866.38281935153,37016.0884174891,145.25395670303988,0.003924076338503971,6488.156598537637
2025-02-05,18,F,0.0,True,10112.277409415574,10046.57051119469,17406.17041637104,65.70689822088389,0.0037749198502092414,10785.489032114217
2025-02-06,6,F,0.29,True,47417.37699036527,47111.258920030305,52714.55447664027,306.11807033496734,0.0058070882581511595,10800.0
2025-02-06,12,F,0.06,True,31192.69226425342,30809.68927425014,38005.07863848577,383.0029900032787,0.01007767918720819,6450.0
2025-02-06,18,F,0.0,True,10268.256236332018,10198.744850545123,17403.593118990855,69.5113857868946,0.003994082446747365,10797.43419425948
2025-02-07,6,F,0.36,True,9302.420398835266,8659.498196409208,16661.45290737126,642.922202426058,0.038587403271513034,10194.62462428373
2025-02-07,12,F,0.12,True,10327.550763032015,10036.152917704652,17012.330953652086,291.39784532736303,0.01712862547297246,5564.595014404225
2025-02-07,18,F,0.0,True,2538.220433795319,2490.5716804673266,9861.68546856245,47.64875332799238,0.004831704831784521,10129.911697040401
2025-02-08,6,F,0.37,True,15153.204905112574,14990.858122433818,21383.277161175574,162.34678267875643,0.007592231137214105,10121.2597267241
2025-02-08,12,F,0.02,True,9928.040808942633,9554.28992581972,17276.72085955344,373.75088312291336,0.02163320725971224,6303.346142667144
2025-02-08,18,F,0.0,True,2460.120705091522,2382.8066061349346,9889.398644651132,77.31409895658726,0.007817876671237645,10272.64254714227
2025-02-09,6,F,0.34,True,50954.234478145656,49867.30280734885,54789.99516620789,1086.9316707968028,0.01983814138876171,10743.389240550861
2025-02-09,12,F,0.06,True,27959.492579685073,27045.793548938942,35354.447706645195,913.699030746131,0.025843962783058633,6798.872069463548
2025-02-09,18,F,0.0,True,10660.112230748835,10578.83119217749,17633.49204115105,81.28103857134556,0.004609469206760695,10800.0
2025-02-10,6,F,0.38,True,45272.45533624158,45037.58408214148,50720.983262613416,234.8712541001005,0.004630652621303278,10347.254813547128
2025-02-10,12,F,0.07,True,30582.529422218377,30454.015048917183,36827.23840042817,128.5143733011937,0.003489655452951355,6450.0
2025-02-10,18,F,0.0,True,10219.915980398939,10140.873079999665,17351.97428774278,79.042900399274,0.004555268414333055,10800.0
2025-02-11,6,F,0.42,True,43553.10057040727,43094.202445700605,50728.11763191402,458.8981247066622,0.009046228130057022,10800.0
2025-02-11,12,F,0.05,True,31029.459705802103,30349.988818753664,38415.449217023735,679.4708870484392,0.01768743828062104,6450.0
2025-02-11,18,F,0.0,True,10439.20522514184,10412.41682660319,17748.217661317456,26.788398538650654,0.001509357111223423,10790.260888888888
2025-02-12,6,F,0.45,True,37916.47107621141,37289.16980253386,45048.84602786921,627.301273677549,0.013924913266135002,10159.654438703406
2025-02-12,12,F,0.07,True,28942.70851893239,28234.385941544842,35566.74532041995,708.3225773875492,0.01991530490086423,7031.028993767848
2025-02-12,18,F,0.0,True,9626.80492795026,9598.758216023336,16957.870062173795,28.046711926923308,0.001653905344485701,10800.0
2025-02-13,6,F,0.45,True,39030.31521622632,38474.77088827392,45387.89772236998,555.5443279524043,0.012239922001908396,9874.074074074075
2025-02-13,12,F,0.0,True,31024.2745284154,30280.86724712071,36874.73170810318,743.4072812946906,0.020160344139706046,7050.0
2025-02-13,18,F,0.0,True,10325.11444207493,10225.997533946816,17478.650894109705,99.11690812811321,0.005670741336307343,10800.0
2025-02-14,6,F,0.39,True,11054.5905990901,10616.022362297228,17106.80946889943,438.5682367928712,0.02563705626056093,9521.681918239725
2025-02-14,12,F,0.0,True,9398.003050844594,9253.686198421698,15981.542723194158,144.31685242289677,0.009030220356226838,5701.360599315668
2025-02-14,18,A,0.0,True,4289.670116306259,4233.817128214469,11164.368588857424,55.852988091789484,0.005002789691799808,10203.803801093398
2025-02-15,6,F,0.37,True,11392.983620071094,10986.38600838541,18017.011522521723,406.59761168568366,0.022567428076372506,9486.017671168074
2025-02-15,12,F,0.0,True,8838.371924692878,8246.164494637906,16185.403047684435,592.2074300549721,0.03658898257338709,5135.455343150615
2025-02-15,18,A,0.0,True,2840.4085945464667,2733.765641859214,10187.296044099377,106.64295268725255,0.010468229471845144,10289.756699587932
2025-02-16,6,F,0.37,True,42046.54362590906,41757.48323725085,47138.012302155665,289.060388658203,0.006132214205497672,9874.074074074075
2025-02-16,12,F,0.0,True,25572.45040192346,24990.12875277536,32956.62515979504,582.3216491480998,0.01766933496147217,6549.182076060737
2025-02-16,18,A,0.0,True,9254.869674178068,9224.741712694193,16663.89495108785,30.12796148387497,0.0018079783611398823,10800.0
2025-02-17,6,F,0.35,True,37490.75011139403,36941.8527990587,44235.79560405108,548.897312335328,0.012408442186695075,9874.074074074075
2025-02-17,12,F,0.0,True,26400.82734917808,26141.103010603038,33450.190561291776,259.72433857504075,0.0077645099838561495,7025.16806672484
2025-02-17,18,A,0.0,True,9557.327758463662,9488.862078924247,16978.84356829315,68.46567953941485,0.004032411233664342,10800.0
2025-02-18,6,F,0.35,True,38895.19813508025,38629.93910935087,44460.7613946377,265.25902572938503,0.005966137722539705,9874.074074074075
2025-02-18,12,F,0.07,True,28368.473274553122,27937.26840823712,34698.501190290146,431.20486631600215,0.012427189980086758,6450.0
2025-02-18,18,A,0.0,True,10473.324366770112,10405.910612483607,17562.22151826211,67.41375428650463,0.00383856644880628,10800.0
2025-02-19,6,F,0.37,True,35942.66806735067,35487.12377310818,42812.654825416015,455.54429424249247,0.010640412188875884,9874.074074074075
2025-02-19,12,F,0.19,True,29382.410298822433,29076.32874015079,35466.69484347117,306.0815586716417,0.008630112279210202,7036.318798057466
2025-02-19,18,F,0.0,True,10081.694677048892,10061.2908405239,17340.17732890228,20.403836524992585,0.0011766798077078402,10800.0
2025-02-20,6,F,0.42,True,36354.03373461772,35741.394586256356,43058.71624734742,612.6391483613625,0.014227993812962395,9874.074074074075
2025-02-20,12,F,0.2,True,26103.2881454858,25724.430812604172,33162.06676463555,378.85733288162737,0.01142441861571926,7027.378276721551
2025-02-20,18,F,0.0,True,10354.004692589619,10306.444220028994,17522.964523278173,47.560472560624476,0.0027141795840220605,10791.508547147123
2025-02-21,6,F,0.37,True,9080.57012813724,8345.880898511576,15773.349485353001,734.6892296256647,0.046577883176169455,7056.464633588896
2025-02-21,12,F,0.17,True,6296.068313163769,6158.437017916235,13695.618947521452,137.63129524753367,0.010049293556932768,5663.112978761849
2025-02-21,18,F,0.0,True,3511.6078527647414,3455.4358317196065,10520.694479723627,56.1720210451349,0.005339193258904569,10283.755313974982
2025-02-22,6,F,0.4,True,12069.001564741875,11331.598137069936,17824.9164853413,737.4034276719394,0.04136925007633887,6627.259089367703
2025-02-22,12,F,0.21,True,7235.506443830365,7009.186470277038,14450.272274064599,226.31997355332715,0.015661986795883914,6050.603667583334
2025-02-22,18,F,0.0,True,3382.0438480444955,3338.1776771849854,10465.193840189513,43.86617085951002,0.004191625260781185,10229.207034292009
2025-02-23,6,F,0.4,True,39216.89360237456,38685.85731133519,44921.85703798159,531.0362910393742,0.011821334335986625,9874.074074074075
2025-02-23,12,F,0.21,True,26976.07521217752,26454.056814838106,33767.198297311734,522.0183973394123,0.015459334018273324,6999.059529683502
2025-02-23,18,F,0.0,True,12240.869519519672,12131.402619406952,18900.076812319563,109.4669001127204,0.0057918759378462956,10788.043989878744
2025-02-24,6,F,0.4,True,33959.16454007456,32733.166781494183,41225.57499613752,1225.997758580379,0.029738766741161146,9874.074074074075
2025-02-24,12,F,0.2,True,26179.7362122411,25904.292590934427,33140.54740490939,275.44362130667287,0.008311378141746357,6462.94220170848
2025-02-24,18,F,0.0,True,10759.688537638533,10684.564067097252,17820.07126881833,75.12447054128097,0.004215722227370338,10779.877585146589
2025-02-25,6,F,0.37,True,38486.6574040727,37746.732332453255,44290.76523146603,739.9250716194438,0.016706080099374073,9874.074074074075
2025-02-25,12,F,0.21,True,26708.807087997644,26347.392295250727,33528.12976347219,361.41479274691665,0.010779449832023327,7074.042550233467
2025-02-25,18,F,0.0,True,9624.262907093964,9575.94887226261,17023.58288622496,48.31403483135364,0.0028380650039568404,10800.0
2025-02-26,6,F,0.35,True,36300.2563091835,35793.840924829514,42259.340820825026,506.4153843539898,0.011983513573984401,9874.074074074075
2025-02-26,12,F,0.24,True,27599.91393644087,27224.865413645966,34132.36965808599,375.04852279490296,0.010988059913562246,6951.033827039271
2025-02-26,18,F,0.0,True,11065.862413638135,11029.20770249277,18154.88530805889,36.65471114536558,0.0020189998737747293,10689.142293153156
2025-02-27,6,F,0.33,True,32160.286383095605,31450.623081392496,39380.37613390445,709.663301703109,0.018020734471657977,9874.074074074075
2025-02-27,12,F,0.23,True,27223.08591310419,27038.641689411663,33502.060288569075,184.44422369252788,0.00550545913008999,6568.080607095731
2025-02-27,18,F,0.0,True,9908.774845463284,9876.398052813163,17179.601549833216,32.37679265012048,0.0018846067271237033,10800.0
2025-02-28,6,F,0.38,True,11251.01789340254,10103.790767137622,17086.26721148965,1147.2271262649192,0.06714322748584121,6462.626014129253
2025-02-28,12,F,0.26,True,7271.730352011733,7196.725324692179,14321.905392544266,75.00502731955385,0.005237084400697142,5976.640419017314
2025-02-28,18,F,0.0,True,3563.1611869027456,3516.8790705539013,10611.736902182985,46.28211634884428,0.0043614082006993024,10160.337298854874
2025-03-01,6,F,0.44,True,9503.493956893753,9056.869942867132,15955.472187617037,446.6240140266218,0.027991902011727642,6358.101517560048
2025-03-01,12,F,0.24,True,9571.069290702428,9402.970769872782,15944.648430131041,168.09852082964608,0.010542629495171915,5006.535455077818
2025-03-01,18,F,0.0,True,2475.3900217248756,2378.540248745726,9869.333958902806,96.84977297914975,0.009813202530428581,10260.563334832157
2025-03-02,6,F,0.37,True,37738.29093150389,36487.16729995184,44684.71294548544,1251.123631552051,0.027998918401431823,9874.074074074075
2025-03-02,12,F,0.21,True,28762.068525805502,28469.268329170234,35458.01366479684,292.80019663526764,0.00825765930949379,7366.729864276795
2025-03-02,18,F,0.0,True,11128.752326265769,11046.14649726022,18168.448545100833,82.605829005548,0.004546663893754586,10690.725062687987
2025-03-03,6,F,0.24,True,39285.068578799735,38265.52056330961,45446.87410984767,1019.5480154901234,0.022433842491032894,9874.074074074075
2025-03-03,12,F,0.1,True,29986.88491758528,29555.8457329199,36256.73290458367,431.03918466538016,0.011888528009397313,6562.692089459995
2025-03-03,18,F,0.0,True,10075.58223586486,10009.6893647532,17415.91222398783,65.8928711116605,0.0037834866336144517,10738.567800919443
2025-03-04,6,F,0.24,True,35657.81724820156,35003.108607657574,42453.62141996412,654.7086405439841,0.015421738326335163,9874.074074074075
2025-03-04,12,F,0.05,True,25217.425101532193,24955.29075035247,32622.19098043518,262.13435117972404,0.00803546123977192,6391.14685207848
2025-03-04,18,F,0.0,True,10180.873323446542,10079.411810176955,17492.88366123613,101.46151326958716,0.0058001593810644144,10800.0
2025-03-05,6,F,0.24,True,35308.48670569204,35025.29374846088,41921.76923007538,283.19295723116375,0.0067552720801677514,9874.074074074075
2025-03-05,12,F,0.05,True,25044.028276507175,24451.432962191808,32434.20870490912,592.5953143153674,0.018270688201672526,7058.70768858786
2025-03-05,18,F,0.0,True,10472.054070261713,10421.122073297407,17712.50086306027,50.931996964305654,0.0028754831041688314,10789.153027859145
2025-03-06,6,F,0.2,True,32848.07018660454,31813.538991606896,40261.11572700327,1034.5311949976458,0.025695542120900094,9874.074074074075
2025-03-06,12,F,0.05,True,27099.93966277608,26348.1934998821,34051.846613401096,751.7461628939782,0.022076516772459812,6569.509833456476
2025-03-06,18,F,0.0,True,10325.022194213952,10260.516578100922,17597.379057632483,64.50561611303056,0.0036656377010332477,10800.0
2025-03-07,6,F,0.2,True,6475.295602770855,6263.041435428751,13867.903332129708,212.25416734210376,0.015305425936330611,5787.30364115983
2025-03-07,12,F,0.06,True,6442.924385409964,6272.083945761928,13814.76595256495,170.8404396480364,0.012366509880416536,4863.034207690528
2025-03-07,18,F,0.0,True,3393.2886099165826,3354.737871365991,10511.652458071922,38.55073855059163,0.003667428951286192,10204.236332554081
2025-03-08,6,F,0.17,True,7276.59422320112,7165.301511685402,14319.637522527562,111.29271151571811,0.007772034127304768,5139.116880333232
2025-03-08,12,F,0.05,True,6207.935727471984,6039.444310695546,13598.354142976747,168.4914167764382,0.012390574256625046,4754.903328042883
2025-03-08,18,F,0.0,True,2543.491513234745,2503.7736697206255,9934.210138868702,39.71784351411952,0.0039980877149678,10263.932575007364
2025-03-09,6,F,0.18,True,30384.678725261037,28985.8453804147,37754.40695228263,1398.8333448463382,0.03705086260828591,9874.074074074075
2025-03-09,12,F,0.05,True,25882.976218560972,23869.67019349961,33050.515592251,2013.3060250613635,0.06091602472711202,6513.088314192914
2025-03-09,18,F,0.0,True,9847.96286929128,9799.801281737875,17247.609791831816,48.16158755340439,0.0027923630076680493,10800.0
2025-03-10,6,F,0.19,True,32416.941208404067,30859.51927091218,39441.619745446274,1557.4219374918866,0.03948676417305855,9875.692516170113
2025-03-10,12,F,0.03,True,25647.86601912329,25101.4060156749,32847.61075014489,546.4600034483883,0.01663621770256084,6459.790279264538
2025-03-10,18,F,0.0,True,9886.881633684534,9863.19242493499,17268.90912038477,23.689208749543468,0.0013717837406174065,10796.71543298946
2025-03-11,6,F,0.17,True,32899.66997831494,31004.268185504752,39798.71299978467,1895.4017928101857,0.047624700648496866,9886.28899874554
2025-03-11,12,F,0.03,True,25205.278555813136,23786.624340825943,32595.574372546518,1418.654214987193,0.04352290893152809,7140.750163649821
2025-03-11,18,F,0.0,True,9813.225045220384,9748.803238415898,17185.80455787381,64.42180680448655,0.0037485476218203123,10799.608783260943
2025-03-12,6,F,0.18,True,29644.082844164623,28404.73205156489,37029.30635764185,1239.3507925997328,0.03346945742460456,9875.96363179538
2025-03-12,12,F,0.01,True,25560.113038255986,23974.792073735,32803.57544882904,1585.3209645209863,0.04832768815076151,6683.810550301545
2025-03-12,18,F,0.0,True,9832.136444408248,9794.554457268327,17240.34231298639,37.581987139921694,0.002179886365226799,10799.411449902118
2025-03-13,6,F,0.23,True,31830.233414028633,30450.36964040563,38955.309045273396,1379.8637736230012,0.03542171291772682,9920.985822772613
2025-03-13,12,F,0.01,True,24692.869346351777,24246.370186901113,31980.23344518237,446.4991594506646,0.013961722956651119,7007.486767972157
2025-03-13,18,F,0.0,True,9803.117239463516,9684.029233294772,17206.19961860477,119.08800616874396,0.006921226581608186,10782.675434371513
2025-03-14,6,F,0.19,True,6830.373628312866,6274.108280012992,14155.325983843137,556.265348299874,0.039297247476659615,5009.639099770254
2025-03-14,12,F,0.02,True,6346.187665837497,6064.305263549199,13712.139057992908,281.8824022882982,0.020557142915203067,3869.7436363182765
2025-03-14,18,F,0.0,True,2554.3692827390096,2505.5521397745806,9956.539072079084,48.81714296442897,0.0049030232906257425,10147.328828888707
2025-03-15,6,F,0.23,True,9281.855661856707,6315.68323514816,16310.411525429394,2966.1724267085474,0.18185760807347004,4615.509915391509
2025-03-15,12,F,0.02,True,6197.561894270247,5951.308531944326,13567.242164722207,246.25336232592053,0.018150583540568994,6270.450433210319
2025-03-15,18,F,0.0,True,2568.2954197110785,2527.0691610526665,9947.819358235169,41.22625865841201,0.004144250832649409,10214.91518727977
2025-03-16,6,F,0.28,True,30956.31276066485,30292.173203987728,38121.78370609591,664.1395566771207,0.017421523656851363,9902.921079395586
2025-03-16,12,F,0.02,True,24746.3206224647,24310.02254027538,32119.58189979374,436.2980821893216,0.013583554217812634,7184.73102962466
2025-03-16,18,F,0.0,True,10057.655475184403,10012.015877607413,17449.389153146887,45.63959757699013,0.0026155412763408576,10735.177866319978
2025-03-17,6,F,0.39,True,27115.176118914722,26209.10554412273,34475.72308428474,906.0705747919928,0.02628140887942716,9874.074074074075
2025-03-17,12,F,0.06,True,23509.161785401673,22914.171750890328,30849.281707117712,594.9900345113456,0.019286997997560063,6721.80306018398
2025-03-17,18,F,0.0,True,9921.629698452718,9872.688060314873,17333.806385438198,48.941638137845075,0.00282347898952881,10798.991646344552
2025-03-18,6,F,0.4,True,30215.8812266775,28999.301566517926,37448.53304588195,1216.579660159572,0.03248671072559821,9899.234225605942
2025-03-18,12,F,0.09,True,23507.42695613677,22958.745744327178,30894.96004819357,548.6812118095913,0.01775957020024283,6844.89269837173
2025-03-18,18,F,0.0,True,9730.174292178379,9666.284658291383,17143.209291381074,63.88963388699631,0.0037268187537742702,10793.380311895124
2025-03-19,6,F,0.4,True,30340.68987100492,28369.93577533523,37372.384993513755,1970.7540956696903,0.0527328961213401,9887.052247118372
2025-03-19,12,F,0.05,True,23382.534674549373,22773.96755761798,30763.13642319076,608.5671169313937,0.019782349515981925,6990.826568118628
2025-03-19,18,F,0.0,True,9939.373192690224,9876.361510890012,17348.002196605088,63.01168180021159,0.003632215461244445,10799.802684263406
2025-03-20,6,F,0.41,True,28259.127131470617,26989.229556398866,35547.12405838594,1269.897575071751,0.035724340821101354,9877.908226632453
2025-03-20,12,F,0.01,True,24515.176776627042,23618.097057058672,31728.883922021992,897.0797195683699,0.028273283162845067,6331.168091003814
2025-03-20,18,F,0.0,True,9872.689859936232,9807.815663112358,17247.957767287935,64.87419682387372,0.0037612683019732675,10800.0
2025-03-21,6,F,0.44,True,5459.587187279161,5219.369301399865,12867.288177449947,240.21788587929586,0.018668882095940007,4345.306878856862
2025-03-21,12,F,0.02,True,5633.236352165783,5432.359230525046,12995.66110219455,200.87712164073673,0.015457245311422828,2483.460254052457
2025-03-21,18,F,0.0,True,2490.980014398536,2427.104374084054,9885.859018463812,63.87564031448164,0.006461314104842194,10207.356280709015
2025-03-22,6,F,0.41,True,5840.983264487313,5760.946342177944,13240.227381480368,80.0369223093694,0.006044980951106642,4271.029056674083
2025-03-22,12,F,0.02,True,7150.932552526459,6353.4236045132,14385.551552614923,797.5089480132592,0.055438190541140055,2297.9542047269965
2025-03-22,18,F,0.0,True,2674.680089438365,2613.168682301235,10070.696835095061,61.511407137129936,0.006107959374049543,10281.106603323415
2025-03-23,6,F,0.42,True,28162.351883969786,27598.980968011012,35472.86818824755,563.3709159587743,0.015881741306315447,9874.074074074075
2025-03-23,12,F,0.04,True,23057.643241008955,22540.057900066677,30464.332189330024,517.585340942278,0.016989879762523058,6290.337460250071
2025-03-23,18,F,0.0,True,9868.301948570288,9827.072253472947,17271.91241908045,41.22969509734139,0.002387094960705946,10800.0
2025-03-24,6,F,0.41,True,26862.98803928207,26452.548079405075,34108.6413668945,410.439959876996,0.012033313067560785,9884.041870846224
2025-03-24,12,F,0.03,True,23149.65282569213,22793.125244396288,30437.32254088734,356.52758129584254,0.011713500121993604,6784.8340762517455
2025-03-24,18,Q,0.0,True,9911.20873077112,9859.569618930074,17309.94399952182,51.63911184104654,0.00298320502033242,10772.976663634428
2025-03-25,6,F,0.41,True,27474.66042428944,26510.4648895735,34874.60337936502,964.1955347159383,0.02764749821603545,9897.421684847235
2025-03-25,12,F,0.05,True,22920.401011941292,22242.662962346258,30219.411907984577,677.7380495950347,0.022427241524708912,6570.830361435819
2025-03-25,18,Q,0.0,True,9642.690349360955,9603.603153470181,17055.277969035495,39.08719589077373,0.0022917947137383525,10794.515081263366
2025-03-26,6,F,0.42,True,26482.443861082727,26102.047642822166,33792.30177421813,380.396218260561,0.011256889832547147,9874.074074074075
2025-03-26,12,F,0.05,True,22546.464309761537,21882.987897557574,29909.043754773735,663.4764122039633,0.022183136901462015,6803.785758467815
2025-03-26,18,Q,0.0,True,9805.229451552797,9771.435083786957,17196.235327786697,33.794367765840434,0.001965218963434019,10786.15134187611
2025-03-27,6,F,0.4,True,28509.015678787306,27051.173302551157,35618.983006791736,1457.842376236149,0.04092880405816672,9874.074074074075
2025-03-27,12,F,0.04,True,22821.59251251116,21706.15034408559,30223.03814653706,1115.4421684255722,0.03690701652882568,7248.754850739862
2025-03-27,18,Q,0.0,True,9863.74077581967,9786.644569009988,17267.326565120584,77.09620680968146,0.004464860644114601,10777.651427784085
2025-03-28,6,F,0.45,True,5130.209973307979,5026.023171371102,12529.596907987636,104.1868019368776,0.008315255686354791,4304.845094357805
2025-03-28,12,F,0.03,True,5236.036116470597,5058.675123110619,12604.664079771732,177.36099335997824,0.014071060699238422,1567.90342711037
2025-03-28,18,Q,0.0,True,2405.667067212644,2313.1494165359454,9817.468777379454,92.5176506766984,0.009423778447848941,10280.33954557628
2025-03-29,6,F,0.44,True,5536.603669236261,5328.768676572828,12880.669438833487,207.8349926634337,0.016135418554942427,4029.32080840902
2025-03-29,12,A,0.03,True,5273.8590383758155,5161.255774583371,12616.798408522824,112.60326379244452,0.008924868270573257,1200.0
2025-03-29,18,Q,0.0,True,2883.993398215631,2796.161686676948,10271.126711098912,87.83171153868261,0.008551321973642117,10066.082629234403
2025-03-30,6,F,0.41,True,24242.946530544046,23753.93277314675,31552.262260071744,489.013757397297,0.015498532351391056,9874.074074074075
2025-03-30,12,F,0.0,True,20929.03464465368,20670.687028397824,28302.235682530856,258.3476162558545,0.009128169913987249,6389.27602528591
2025-03-30,18,Q,0.0,True,9802.172251475404,9706.733128792195,17180.883307876942,95.43912268320855,0.005554960182952436,10787.196973144819
2025-03-31,6,F,0.4,True,33491.79109117108,26901.293748520402,40113.579748642034,6590.497342650677,0.16429591634423465,9924.638216729432
2025-03-31,12,A,0.03,True,23337.24988402916,21791.125116850708,30707.410160494248,1546.1247671784513,0.05035021706804745,7386.589644512611
2025-03-31,18,Q,0.0,True,9766.7306457459,9704.870043597322,17133.977120342646,61.86060214857753,0.0036104053200311753,10778.496862792677
2025-04-01,6,F,0.4,True,27999.774460167166,26404.694867042344,35120.95546811283,1595.0795931248213,0.04541674825939838,9884.750912314015
2025-04-01,12,A,0.0,True,22620.1159270242,22092.925541958226,29912.708569668284,527.1903850659728,0.017624294498043147,7014.47222311971
2025-04-01,18,Q,0.0,True,9954.217536087655,9800.31702383445,17337.140713220135,153.9005122532053,0.008876925832173189,10666.321968439788
2025-04-02,6,F,0.38,True,27203.362261022325,26651.96712508083,34362.24191164489,551.3951359414932,0.016046541356622982,9902.707885631762
2025-04-02,12,A,0.03,True,21438.084895830623,20856.725059303295,28808.493636842715,581.3598365273283,0.02018015394542659,6545.857433315902
2025-04-02,18,Q,0.0,True,9761.709054048237,9667.28596617248,17139.994028011668,94.42308787575712,0.00550893353413325,10770.705804494382
2025-04-03,6,F,0.32,True,25748.991597879874,25090.528916204068,33092.26484390716,658.4626816758064,0.019897782299933463,9917.473929122047
2025-04-03,12,A,0.06,True,22221.32416423129,21565.27246456081,29492.12846815799,656.0516996704791,0.022244976329151823,6665.094222324926
2025-04-03,18,Q,0.0,True,9864.295886487029,9753.946765881716,17238.096799200757,110.34912060531315,0.00640146774268198,10744.998089877743
2025-04-04,6,F,0.25,True,4376.822912733642,4238.703963702471,11770.464949116662,138.1189490311708,0.011734366452663897,3754.2498494172355
2025-04-04,12,F,0.06,True,4741.688978543144,4495.417884736862,12100.508622100062,246.2710938062819,0.02035212745987376,1200.0
2025-04-04,18,Q,0.0,True,2477.8429136442246,2415.5455872578023,9844.536608189152,62.297326386422355,0.006328111608077163,10158.156142842756
2025-04-05,6,F,0.28,True,4836.6234653736265,4546.242956820249,12186.45511490215,290.3805085533777,0.023828135894767892,3442.6663387367507
2025-04-05,12,F,0.05,True,4628.995870839492,4499.035786632253,12001.16662700035,129.96008420723956,0.010828954238069989,1200.0
2025-04-05,18,Q,0.0,True,2659.387630731878,2604.9744504224527,10032.768310360818,54.413180309425115,0.005423545987126279,10224.12322028073
2025-04-06,6,F,0.26,True,24210.38427441218,23577.829379032417,31535.448453522895,632.5548953797625,0.020058534963028195,9936.854469278625
2025-04-06,12,F,0.04,True,22590.66909367428,21734.423048192664,29802.929592989774,856.2460454816173,0.02873026434565758,6223.680543219329
2025-04-06,18,Q,0.0,True,9625.190276692738,9573.322008318863,17026.207709962815,51.86826837387525,0.0030463782221759666,10767.28229097487
2025-04-07,6,F,0.27,True,25724.850990037376,23077.998695747337,32638.272963186795,2646.852294290038,0.08109657938321256,9928.92698694617
2025-04-07,12,F,0.06,True,20884.44574681145,20547.3479683326,28251.3609673098,337.09777847884834,0.011932089886533635,7498.7796307889885
2025-04-07,18,Q,0.0,True,9634.693244453161,9593.293669548413,17009.446942880408,41.39957490474808,0.002433916578462098,10791.320044403245
2025-04-08,6,F,0.26,True,25204.266053462277,24089.82626644206,32399.58285539186,1114.4397870202156,0.034396732575053914,9964.66566266305
2025-04-08,12,F,0.06,True,21053.3117707147,20756.390546021525,28401.92240777696,296.92122469317474,0.01045426504692768,5946.797906051395
2025-04-08,18,Q,0.0,True,9729.552094725645,9628.461034754673,17114.879511025872,101.0910599709714,0.005906618267797081,10794.273669001337
2025-04-09,6,F,0.25,True,27186.015891252006,25672.563478411503,34093.1447094487,1513.4524128405028,0.044391692985160706,9930.7675379565
2025-04-09,12,F,0.05,True,22216.653321027567,21809.057728890482,29526.328903422436,407.59559213708417,0.013804479164012808,6865.960084401764
2025-04-09,18,Q,0.0,True,9695.896584201868,9627.36603975664,17097.07795463045,68.53054444522786,0.004008319119037972,10779.083905902664
2025-04-10,6,F,0.26,True,26762.811750039968,25161.60027872201,33744.991572900246,1601.211471317958,0.04745034438247869,9940.275661377453
2025-04-10,12,F,0.05,True,21362.095702834242,20359.779681976248,28748.450738636802,1002.3160208579939,0.034865044727816236,6919.431707960455
2025-04-10,18,Q,0.0,True,9835.402230239994,9720.807260935318,17208.192179743786,114.59496930467503,0.006659326447990729,10797.00739484219
2025-04-11,6,F,0.25,True,4585.510704180228,4158.277644401871,11900.72789295194,427.2330597783566,0.035899741899937075,3290.4926855256454
2025-04-11,12,F,0.06,True,3899.0855847291205,3709.343952798603,11293.439777250942,189.74163193051754,0.016801048721464436,1200.0
2025-04-11,18,Q,0.0,True,2387.340181473346,2294.7753954684504,9798.041730116556,92.56478600489572,0.009447274114007533,10157.924060961723
2025-04-12,6,F,0.24,True,4369.9782265952235,4111.458589648377,11772.518327579382,258.51963694684673,0.0219595867046743,3310.808128588297
2025-04-12,12,F,0.07,True,4606.5156946527095,4286.274707848001,11974.197021936716,320.2409868047089,0.026744255687293914,2409.299055034665
2025-04-12,18,Q,0.0,True,2501.615950402522,2380.4436865212647,9899.301201575201,121.1722638812571,0.012240486617578206,10224.828941933169
2025-04-13,6,F,0.23,True,22311.998186978046,21717.79651102361,29569.80615593672,594.2016759544349,0.02009487897285851,9966.700084444532
2025-04-13,12,F,0.09,True,20294.090296074384,19822.61983484015,27554.753799240636,471.4704612342357,0.017110312967021635,6412.1419124491495
2025-04-13,18,Q,0.0,True,9737.78904819239,9643.96857286209,17085.11486207926,93.82047533029981,0.005491357599154113,10748.452424674202
2025-04-14,6,F,0.24,True,22464.335763020594,21063.466945935943,29870.830785855072,1400.8688170846508,0.04689755123074827,9950.087120891883
2025-04-14,12,F,0.08,True,20015.507254740623,19367.95881300726,27294.247401554552,647.5484417333646,0.023724722363895744,5245.215003398282
2025-04-14,18,Q,0.0,True,9566.371850910486,9468.208114542464,16948.619866762645,98.163736368022,0.005791842470933431,10800.0
2025-04-15,6,F,0.24,True,25100.567500831887,22297.393215054457,32021.27013869274,2803.1742857774298,0.0875410086369506,9966.142642184708
2025-04-15,12,F,0.14,True,20557.710207993725,19585.02723343341,27939.532931704787,972.6829745603136,0.03481385952077057,7150.98093649272
2025-04-15,18,Q,0.0,True,9712.870950515698,9566.971224756971,17102.368155704706,145.89972575872707,0.008530966263292632,10794.392096243131
2025-04-16,6,F,0.24,True,27551.26915934422,24079.991466682437,34324.85394679408,3471.2776926617844,0.10113015187311525,9959.185602796111
2025-04-16,12,F,0.14,True,21053.625963522278,20159.9646810494,28425.092154622813,893.6612824728763,0.03143916922455919,6977.35178844593
2025-04-16,18,Q,0.0,True,9609.782695541791,9557.837065719545,16994.377621555584,51.9456298222467,0.0030566361992779966,10782.987371305118
2025-04-17,6,F,0.3,True,24992.543570049173,23396.428654021118,31846.038547877684,1596.1149160280547,0.050119731960646785,9956.636977971464
2025-04-17,12,F,0.13,True,20281.56150351854,19379.857397460648,27687.376024208206,901.7041060578922,0.03256733701559496,7148.186051036684
2025-04-17,18,Q,0.0,True,9569.740039866867,9507.221700896576,16979.963386214476,62.51833897029064,0.0036818889150872615,10789.960975685774
2025-04-18,6,F,0.32,True,3799.1172116210546,3567.385982376787,11163.203783376599,231.73122924426752,0.02075848777295853,3195.9585857267775
2025-04-18,12,F,0.14,True,3900.899329711905,3704.1089809023515,11272.753275700185,196.7903488095535,0.017457168093420395,1200.0
2025-04-18,18,Q,0.0,True,2571.5357932051675,2493.26952243546,9935.966786768557,78.26627076970726,0.0078770664646275,10088.195999462307
2025-04-19,6,F,0.3,True,3399.2144014856895,3260.4951499665403,10799.69260027294,138.7192515191491,0.012844740739717284,3173.851297217701
2025-04-19,12,F,0.22,True,5706.078675551837,3972.0461366038744,12901.892355522123,1734.0325389479622,0.13440141113917922,1200.0
2025-04-19,18,Q,0.0,True,2374.1189530786614,2330.1256754106653,9781.43493936215,43.99327766799615,0.004497630249623167,10019.083649759197
2025-04-20,6,F,0.33,True,21745.565078599247,20827.1105417703,28977.179387235927,918.4545368289473,0.031695788073614735,9983.715029454044
2025-04-20,12,F,0.22,True,19845.359370827144,19540.89053648594,27165.103619157926,304.46883434120537,0.01120808661765905,6539.091614556837
2025-04-20,18,Q,0.0,True,9464.420048947071,9394.694703467538,16864.654569665698,69.72534547953364,0.0041344069747475285,10728.154949484837
2025-04-21,6,F,0.32,True,20312.31828422496,19495.332479256802,27706.157771011356,816.985804968157,0.02948751724149063,9981.308638434653
2025-04-21,12,F,0.22,True,18830.498883558677,18521.96707872594,26190.927149522573,308.531804832739,0.01178010244048818,5924.185160213716
2025-04-21,18,Q,0.0,True,9306.258968312135,9248.863936418567,16704.919770955505,57.39503189356765,0.0034358160757742276,10800.0
2025-04-22,6,F,0.33,True,23636.762346222757,21398.788603454486,30567.343861812362,2237.9737427682703,0.07321453093489619,10007.479038893282
2025-04-22,12,F,0.17,True,19830.022632436125,19295.829469508564,27152.356723942135,534.1931629275605,0.019673915172767488,6170.944984264359
2025-04-22,18,Q,0.0,True,9449.502635317911,9421.513596602317,16842.710722665026,27.98903871559378,0.00166178943380707,10782.491475889059
2025-04-23,6,F,0.32,True,21316.356113667083,20643.216441863427,28389.363823523654,673.1396718036558,0.0237109811966229,9985.790240631932
2025-04-23,12,F,0.14,True,19710.276154270083,19185.382775345737,26975.179044435874,524.8933789243456,0.019458383503579174,6337.849805562553
2025-04-23,18,Q,0.0,True,9553.38607945801,9520.88102191401,16948.47340691819,32.50505754400001,0.0019178752424234141,10783.556528167155
2025-04-24,6,F,0.34,True,19397.553592525728,19036.79749293447,26735.726073939233,360.7560995912572,0.013493409477399824,9991.38234080116
2025-04-24,12,F,0.15,True,19703.66370283861,18995.37747842646,27015.46296248282,708.2862244121497,0.0262178081269889,5570.5491421778615
2025-04-24,18,Q,0.0,True,9317.181182943705,9284.039043183506,16723.433409624617,33.142139760198916,0.0019817784391765545,10790.804546901783
2025-04-25,6,F,0.32,True,3513.0312812517423,3311.0647511656316,10887.471267578538,201.96653008611065,0.018550361706812537,2755.9170171549376
2025-04-25,12,F,0.11,True,3309.661063734902,2890.7166836618508,10686.353130029085,418.94438007305143,0.03920368108515905,1200.0
2025-04-25,18,F,0.0,True,2085.469367059841,2045.6438166651615,9512.634942308543,39.82555039467934,0.004186595053443143,10090.366928964964
2025-04-26,6,F,0.35,True,3380.781996908863,3250.8115741844977,10764.086845345815,129.97042272436556,0.012074449471815836,2713.1392068244318
2025-04-26,12,F,0.08,True,4967.519811430788,3550.1962515182677,12155.306372100906,1417.32355991252,0.11660122061304752,1200.0
2025-04-26,18,F,0.0,True,2468.577417355218,2415.8579537397645,9875.203319748369,52.719463615453606,0.005338569942152539,9931.046623049318
2025-04-27,6,F,0.34,True,20851.51892901754,19402.293724028583,27997.052259050553,1449.2252049889576,0.051763492512697275,9870.922506011713
2025-04-27,12,F,0.11,True,19117.873203802796,18607.090770615097,26365.055130753924,510.7824331876982,0.01937346349759338,5664.816793963224
2025-04-27,18,F,0.0,True,9185.423741957027,9164.667587548394,16587.025823330205,20.756154408632938,0.0012513487728124661,10791.49749144137
2025-04-28,6,F,0.37,True,30546.984444910973,24207.615813147448,36959.7298542006,6339.368631763526,0.17152096773356243,10002.09491799183
2025-04-28,12,F,0.08,True,20677.17159028528,19894.562825533994,27989.911439349475,782.6087647512868,0.027960387314804443,7179.980337289834
2025-04-28,18,F,0.0,True,9293.133197820956,9212.580531882579,16693.2012133484,80.55266593837769,0.004825477444911242,10798.669357206913
2025-04-29,6,F,0.31,True,20023.412395575768,19480.391545483748,27331.879647694743,543.0208500920198,0.01986767310157609,10013.839472573303
2025-04-29,12,F,0.02,True,20310.126781982537,19586.441531817894,27532.752518066685,723.6852501646426,0.026284522395273353,6152.837003835384
2025-04-29,18,F,0.0,True,9321.636470179385,9277.211204242769,16731.380150069992,44.42526593661569,0.0026552062972778636,10789.650311460984
2025-04-30,6,F,0.3,True,19363.17159273947,18913.467873073903,26564.663135757597,449.7037196655656,0.016928643791467392,9321.422479101711
2025-04-30,12,F,0.02,True,17966.019114126313,17583.44413523558,25332.579904601633,382.5749788907342,0.0151020930490084,6815.8380644477975
2025-04-30,18,F,0.0,True,9350.01607329541,9287.2007526169,16739.320458209237,62.815320678510034,0.0037525609737463607,10800.0
2025-05-01,6,F,0.29,True,22245.482905047233,19595.11056109563,29347.991977434216,2650.3723439516034,0.09030847309722194,9648.277738725914
2025-05-01,12,F,0.02,True,19514.078713012852,18841.071819075216,26815.75883708765,673.006893937636,0.02509743983104558,5029.62532338017
2025-05-01,18,F,0.0,True,9405.946343340007,9355.326529494996,16803.349862695886,50.61981384501087,0.003012483478510966,10768.037513461004
2025-05-02,6,F,0.3,True,5632.872662743899,4018.147175332011,12842.525473771402,1614.725487411888,0.12573270660118063,2884.5121238632214
2025-05-02,12,F,0.02,True,4452.420246958483,4140.794674148996,11805.620121664093,311.6255728094875,0.026396374743384635,3636.7533795955696
2025-05-02,18,F,0.0,True,2734.941655718905,2684.178184620285,10025.479192685623,50.76347109862036,0.005063445858593603,10188.705777859323
2025-05-03,6,F,0.3,True,4740.091820766613,4192.8674144874585,12139.898828913136,547.2244062791542,0.04507652114660549,2851.4939284483958
2025-05-03,12,F,0.01,True,4631.337059879372,4465.182613324392,11953.267968560906,166.1544465549796,0.013900336459618707,3547.783326076271
2025-05-03,18,F,0.0,True,2783.3967679093585,2677.3469467135183,10210.005690370981,106.0498211958402,0.010386852310558005,10387.928597966476
2025-05-04,6,F,0.29,True,21013.866357853665,20087.06816124569,28308.580379425985,926.7981966079751,0.03273912658939091,10026.932224086144
2025-05-04,12,F,0.02,True,19966.483495482185,19155.833813431695,27195.64232994227,810.6496820504908,0.029808072639562897,7943.354553780144
2025-05-04,18,F,0.0,True,9951.585478661551,9925.61487875001,17300.510348516804,25.970599911541285,0.0015011464626399173,10800.0
2025-05-05,6,F,0.3,True,22981.913319285828,22145.463079166424,30169.79737170004,836.450240119404,0.027724754986389585,10010.418105228247
2025-05-05,12,F,0.02,True,21144.473461786874,20626.89907212572,28267.823122903104,517.574389661153,0.018309665636820998,6809.226848910361
2025-05-05,18,F,0.0,True,10873.67578877092,10851.690751667493,18092.8012535493,21.985037103426293,0.0012151262148592632,10800.0
2025-05-06,6,F,0.29,True,24709.665446611718,22386.44951636396,31651.007841038045,2323.2159302477594,0.07340100959551517,9412.846121624894
2025-05-06,12,F,0.04,True,20579.410135437356,19890.867981447445,27719.163600926822,688.5421539899107,0.02483993254280185,6406.055361419021
2025-05-06,18,F,0.0,True,11047.76394307445,10994.384950682417,18265.48979640272,53.37899239203216,0.0029223958944996284,10800.0
2025-05-07,6,F,0.29,True,24920.381186547056,23529.62495285084,31901.853867472044,1390.7562336962146,0.043594840584304274,9662.815603820012
2025-05-07,12,F,0.06,True,22015.300619055073,21671.11821598513,29116.559370222105,344.18240306994267,0.011820847329301642,6218.504318557603
2025-05-07,18,F,0.0,True,10903.781160688884,10869.475802897201,18186.751215513566,34.30535779168349,0.0018862828982023198,10800.0
2025-05-08,6,F,0.3,True,25572.887043739654,24978.617454840503,32597.677306332767,594.2695888991511,0.018230427380287677,10041.013151788136
2025-05-08,12,F,0.06,True,23060.329281278224,22538.591609103314,30175.209559282164,521.7376721749097,0.017290275023605212,6723.5041015832985
2025-05-08,18,F,0.0,True,12797.719780619604,12747.322377918736,19933.69546837071,50.39740270086804,0.002528251862823672,10770.082856418345
2025-05-09,6,F,0.3,True,6418.877541532085,6295.090479757919,13678.787326123878,123.78706177416643,0.009049564030998327,2749.057335762696
2025-05-09,12,F,0.07,True,7866.249958612834,7114.310369193752,14949.657006783907,751.939589419082,0.05029811647704454,1200.0
2025-05-09,18,F,0.0,True,4224.563207982317,4186.676594924007,11464.012759681515,37.886613058310104,0.003304829979913826,10795.187762736856
2025-05-10,6,F,0.3,True,9584.524444552966,8096.0637423123835,16557.222953404227,1488.4607022405826,0.08989796818158745,2802.905497078797
2025-05-10,12,F,0.1,True,7130.6822596921,6216.785645211876,14414.406721594503,913.8966144802243,0.06340161146633236,3793.9026436802355
2025-05-10,18,F,0.0,True,4950.688922560645,4887.450448498755,12092.17815299114,63.238474061889974,0.005229700824929312,10577.00354807048
2025-05-11,6,F,0.31,True,26443.788656454766,25609.314171082726,33541.40350724526,834.4744853720404,0.02487893761487309,10088.989089093368
2025-05-11,12,F,0.07,True,22962.281751009243,22489.840097643013,30167.242966283426,472.44165336622973,0.01566075010216401,7384.124386687114
2025-05-11,18,F,0.0,True,12096.402530599824,12051.58713931076,19440.628014748687,44.81539128906297,0.002305244010381951,10786.153876171633
2025-05-12,6,F,0.31,True,27191.048430095463,24572.73459953681,34114.028021700076,2618.3138305586544,0.07675182270745437,9801.067144614528
2025-05-12,12,F,0.08,True,23569.447224510055,22752.30556143805,30687.06341966616,817.141663072005,0.026628213064803403,7217.588038469823
2025-05-12,18,F,0.0,True,11878.564491667983,11825.852812717372,19231.25891968093,52.7116789506108,0.0027409375106830164,10794.591478304232
2025-05-13,6,F,0.29,True,26773.687267065718,25520.968813474046,33845.77908745319,1252.7184535916713,0.03701254594715654,10106.381620285267
2025-05-13,12,F,0.07,True,23239.29352775125,22887.42061166034,30453.143037448717,351.87291609091335,0.011554568133023564,6787.529677142189
2025-05-13,18,F,0.0,True,12460.880892286896,12385.845019134586,19741.415957012916,75.03587315231016,0.0038009367370456784,10784.516413077215
2025-05-14,6,F,0.3,True,27086.197971317153,25267.97617872568,34124.81528923591,1818.2217925914738,0.05328151309188188,10038.858445263048
2025-05-14,12,F,0.07,True,23426.519719389762,22605.5001154924,30579.45376365713,821.0196038973627,0.026848733474537166,7063.501136237201
2025-05-14,18,F,0.0,True,12425.50987415437,12391.548666869463,19679.117696872083,33.96120728490678,0.0017257484714522935,10798.847714569996
2025-05-15,6,F,0.34,True,28956.49481330767,27196.34050759128,35868.8974769068,1760.1543057163872,0.04907188203511451,10063.335815886914
2025-05-15,12,F,0.07,True,25196.44954711535,24200.497503102422,32268.499145226648,995.9520440129272,0.030864529506952742,7308.240226364162
2025-05-15,18,F,0.0,True,13450.990012116183,13420.85504086877,20640.1173551381,30.134971247412977,0.001460019375321587,10800.0
2025-05-16,6,F,0.36,True,7067.45026637987,6862.516960969659,14424.869907420823,204.9333054102117,0.014206943059138749,2230.334787728783
2025-05-16,12,F,0.07,True,6914.950592793315,6662.010477569827,14230.696184804634,252.94011522348774,0.017774261493515273,1200.0
2025-05-16,18,F,0.0,True,4445.786831898948,4222.630648942686,11856.882106545947,223.15618295626155,0.01882081486102164,10800.0
2025-05-17,6,F,0.36,True,7678.881312563028,7412.089804007862,14819.356168652277,266.7915085551658,0.018002908191080257,2129.405893979141
2025-05-17,12,F,0.12,True,7119.583011035437,6921.337975127786,14326.852292115513,198.24503590765107,0.01383730577139761,2579.450508052605
2025-05-17,18,F,0.0,True,4800.690068901391,4777.298242161769,12081.765067734867,23.391826739622047,0.0019361266014095433,10800.0
2025-05-18,6,F,0.35,True,25741.62490258726,25226.592408088058,32885.612248484176,515.0324944992026,0.015661332092819478,10086.150577046355
2025-05-18,12,F,0.08,True,23511.28245281954,23113.643502851384,30661.272522569645,397.63894996815725,0.012968768653533762,7318.363982483281
2025-05-18,18,F,0.0,True,13167.760810256317,13140.873211535942,20361.658293099525,26.887598720375536,0.001320501421511804,10800.0
2025-05-19,6,F,0.33,True,23976.1273326633,23411.41269969195,31144.93834607378,564.7146329713505,0.018131826966436747,10059.459124635763
2025-05-19,12,F,0.06,True,22563.27338678376,22144.796515830716,29684.301257722826,418.47687095304354,0.014097581995269988,6509.958296186913
2025-05-19,18,F,0.0,True,12200.282379476605,12171.878397869814,19502.132936828297,28.403981606790694,0.0014564551323077042,10800.0
2025-05-20,6,F,0.33,True,26409.4523514017,25306.57908270185,33223.42417580674,1102.8732686998483,0.03319565324946125,9834.294864375883
2025-05-20,12,F,0.02,True,23390.331759719436,22833.445599415118,30567.548225105224,556.8861603043188,0.018218214827152752,7139.945627255984
2025-05-20,18,F,0.0,True,12626.788518294139,12556.680413059425,19841.612330395637,70.10810523471446,0.003533387512430877,10789.8335379002
2025-05-21,6,F,0.32,True,27431.93342664941,25152.389483038,34360.48003266628,2279.54394361141,0.06634202844210159,9956.752353171081
2025-05-21,12,F,0.01,True,23688.584773741764,22892.442183960993,30852.62843972709,796.1425897807712,0.02580469250249116,6395.119618153585
2025-05-21,18,F,0.0,True,12851.729463243833,12805.618024884108,20074.59992489147,46.11143835972507,0.00229700410131458,10774.734284533417
2025-05-22,6,F,0.32,True,23734.693920277838,23115.582635399493,30827.401573706502,619.111284878345,0.020083148539071203,10000.430050284896
2025-05-22,12,F,0.0,True,22911.749615704663,22635.85022646778,30102.97829180065,275.8993892368817,0.009165185801965325,6225.546758217846
2025-05-22,18,F,0.0,True,12861.097495871965,12803.049674892396,20076.986639203496,58.047820979569224,0.0028912616232070233,10777.528234243759
2025-05-23,6,F,0.33,True,7124.891064950874,6992.733526869857,14373.293797005852,132.15753808101726,0.009194659202509827,2206.6869966398276
2025-05-23,12,F,0.0,True,9461.5077081681,7506.96156366076,16571.81763028264,1954.5461445073397,0.117943981047419,2109.0960410763987
2025-05-23,18,F,0.0,True,5333.118282527428,5183.745165964432,12522.63699279695,149.37311656299607,0.011928247752363647,10506.929993975855
2025-05-24,6,F,0.32,True,7221.225136875808,6957.743988866976,14458.139816159826,263.48114800883195,0.01822372389249824,1903.6264201371685
2025-05-24,12,F,0.02,True,7628.573947762632,7413.42706558666,14761.894230137274,215.14688217597177,0.014574476609968983,1200.0
2025-05-24,18,F,0.0,True,4928.032715495428,4853.615750576568,12200.882359380217,74.41696491886069,0.006099310093064526,10800.0
2025-05-25,6,F,0.25,True,23477.68550819838,22853.90516678608,30501.463119515178,623.7803414123009,0.02045083342291207,10106.74132511273
2025-05-25,12,F,0.01,True,21819.661570713877,21222.393705971903,28998.456163949715,597.2678647419743,0.020596540083554014,6684.253908101084
2025-05-25,18,F,0.0,True,13311.751384024346,13247.466060377375,20368.865997259123,64.28532364697094,0.003156058057214442,10795.819452690443
2025-05-26,6,F,0.22,True,26906.215134205384,24143.876281449782,33720.81123600022,2762.3388527556017,0.08191792402095412,9811.989978021902
2025-05-26,12,F,0.02,True,26944.06752415219,24811.181365213273,33817.824950188246,2132.886158938916,0.06306987992517371,5017.40930129048
2025-05-26,18,F,0.0,True,12764.309615527993,12694.208836042268,19963.56938254478,70.10077948572507,0.0035114351618412455,10800.0
2025-05-27,6,F,0.28,True,25428.47813184181,24219.22519592,32414.87859970895,1209.2529359218097,0.037305490199573584,9963.840162758384
2025-05-27,12,F,0.03,True,22924.16373386883,21980.978397843654,30128.063587546014,943.1853360251771,0.03130587312007201,7336.870832597988
2025-05-27,18,F,0.0,True,12401.938726752249,12335.120982568018,19764.990396029756,66.81774418423083,0.0033806110119665267,10787.208307903536
2025-05-28,6,F,0.33,True,23827.51146976038,23386.109986772135,30935.212861760294,441.4014829882435,0.014268577525576679,10104.928164426776
2025-05-28,12,F,0.03,True,22241.12320952178,21920.43700833016,29307.89372020473,320.68620119162006,0.0109419736625611,5663.443414684847
2025-05-28,18,F,0.0,False,12372.488776348582,12354.176438547542,19629.747099506305,18.312337801040485,0.0009328870977406044,10709.233597572715
2025-05-29,6,F,0.21,True,27770.224758314027,26160.11775953986,34619.358465482284,1610.1069987741685,0.046508862964042164,10116.519217108518
2025-05-29,12,F,0.01,True,23374.46409973953,22215.401002076625,30424.3531031527,1159.0630976629036,0.03809655685145189,6728.693042273624
2025-05-29,18,F,0.0,True,13183.945618866477,13139.517164363004,20256.0409062397,44.428454503473404,0.002193343443031239,10799.682511738045
2025-05-30,6,F,0.19,True,7517.7540383007945,7260.419737803939,14693.437029154098,257.3343004968556,0.01751355383946341,2082.2347619832167
2025-05-30,12,F,0.02,True,6980.527117114882,6884.218994963245,14173.38125460277,96.30812215163678,0.0067949997549357505,1200.0
2025-05-30,18,F,0.0,True,4836.219255626307,4771.268487182846,12021.442570285537,64.95076844346113,0.005402909681073193,10613.938327166032
2025-05-31,6,F,0.22,True,7121.220526851774,6739.15882612659,14329.260516540327,382.061700725184,0.026663043796584514,2505.998653733145
2025-05-31,12,F,0.01,True,6903.222757754867,6723.974028134604,14078.697333127824,179.24872962026348,0.012731911580944564,2285.124356026804
2025-05-31,18,F,0.0,True,4609.939990189794,4553.881700407248,11863.046107270387,56.058289782546126,0.004725454935911463,10800.0
2025-06-01,6,F,0.22,True,33174.67769526402,30003.158227508215,39920.662068252175,3171.5194677558065,0.0794455628599915,10120.82204970521
2025-06-01,12,F,0.02,True,25084.263797133677,24491.748031533287,32230.748925685064,592.5157656003903,0.018383555621576248,6523.318028773678
2025-06-01,18,F,0.0,True,12087.59721921034,12055.38077350734,19349.709362152553,32.21644570299941,0.0016649576022063567,10776.894074757338
2025-06-02,6,F,0.19,True,31558.87453467139,29900.979247898264,38479.28964803687,1657.8952867731277,0.04308539221845302,10084.257146304912
2025-06-02,12,F,0.01,True,27588.418173321777,26767.396668681795,34518.05476439675,821.0215046399826,0.02378527730614808,7478.0710328233035
2025-06-02,18,F,0.0,True,12781.950984004263,12740.151961583177,19955.82727400488,41.79902242108619,0.0020945772804685965,10784.202233120022
2025-06-03,6,F,0.21,True,35525.00167816522,32698.88148233924,41899.74624108401,2826.1201958259844,0.06744957784624685,10073.322729486219
2025-06-03,12,F,0.02,True,26680.58149225548,25087.963784575433,33757.29255525908,1592.617707680045,0.047178478696803236,6455.0190794462505
2025-06-03,18,F,0.0,True,12724.585178787422,12692.270100974367,20080.590900140127,32.31507781305481,0.0016092692677101106,10776.539999684137
2025-06-04,6,F,0.26,True,33417.132415509375,30640.360676006952,40501.67848752458,2776.771739502423,0.06855942378678777,10078.539140290357
2025-06-04,12,F,0.03,True,37332.77204136152,29037.03914454079,43505.06879515197,8295.732896820726,0.19068428407462187,6869.164114870261
2025-06-04,18,F,0.0,True,13743.571477757636,13677.945113276304,20848.39577915249,65.62636448133162,0.0031477896513723703,10800.0
2025-06-05,6,F,0.28,True,33832.65837942257,33253.38929846471,40202.860131233414,579.2690809578635,0.01440865349049711,10076.604671486326
2025-06-05,12,F,0.05,True,28211.14752143647,27767.601390403404,35198.880144174575,443.54613103306474,0.01260114325274839,6966.59682267109
2025-06-05,18,F,0.0,True,13687.762785665776,13609.990732497541,20838.80706738949,77.77205316823529,0.0037320779887607025,10800.0
2025-06-06,6,F,0.25,True,11138.81687396523,10342.127215844926,17892.962498468634,796.6896581203036,0.04452530754415252,2871.831444086365
2025-06-06,12,F,0.04,True,10056.248474054764,9826.093428803506,17228.78578652386,230.15504525125834,0.013358750181413408,7569.5064303935715
2025-06-06,18,F,0.0,True,5723.2587834420665,5683.3796958239345,12943.228972892155,39.87908761813196,0.003081077195007005,10800.0
2025-06-07,6,F,0.2,True,10328.197587184628,9756.685026715744,17477.498614436252,571.5125604688837,0.03269990592342657,5793.90549097154
2025-06-07,12,F,0.0,True,11265.450355547438,10645.688978696779,18180.26518340824,619.7613768506599,0.0340897875030046,7964.818938533898
2025-06-07,18,F,0.0,True,6510.3342890553195,6438.542107729454,13816.068115461348,71.79218132586539,0.005196281657407571,10615.763087299156
2025-06-08,6,F,0.2,True,37004.65746052854,34631.55250936911,43848.67346560851,2373.104951159432,0.05412033622911559,10061.232948361634
2025-06-08,12,F,0.0,True,30148.00234899136,29631.00277982922,37422.33596603542,516.999569162137,0.013815267161071046,7766.896407220238
2025-06-08,18,F,0.0,True,16079.990841648554,16006.954499657151,23351.00784438734,73.03634199140288,0.0031277597300348615,10640.179947613866
2025-06-09,6,F,0.16,True,38204.91823618168,37276.63448717426,44980.97769621528,928.2837490074162,0.020637251490545575,10059.758370327381
2025-06-09,12,F,0.0,True,32748.51878940597,32424.820254057744,39620.8388848193,323.69853534822687,0.008169906151892503,7065.550161123159
2025-06-09,18,F,0.0,True,15726.486932257045,15651.231456165418,22855.14819905703,75.2554760916264,0.003292714421984424,10800.0
2025-06-10,6,F,0.14,True,38051.84929699328,37192.799240367895,45044.39318304937,859.0500566253831,0.01907118724264781,10028.016649793959
2025-06-10,12,A,0.0,True,34246.22779902021,33646.77608741676,41224.88542675528,599.4517116034549,0.014541015830559615,6630.926628127965
2025-06-10,18,F,0.0,True,16241.305649513039,16169.378388089372,23358.769184695007,71.927261423667,0.0030792402140261206,10770.634808755673
2025-06-11,6,F,0.13,True,44440.99941125472,41245.171512196765,50837.84224158866,3195.8278990579565,0.06286316960249665,10069.993302196726
2025-06-11,12,A,0.0,True,36691.1887695639,35151.48514019066,43416.97343364344,1539.703629373238,0.03546317275492388,6450.0
2025-06-11,18,F,0.0,False,15973.702438573051,15958.314642769694,23167.618715128985,15.387795803357221,0.0006641941061171141,10766.966018614543
2025-06-12,6,F,0.15,True,40011.379765246646,39385.04825901981,47022.99979871441,626.3315062268375,0.01331968417387019,10084.011222262487
2025-06-12,12,A,0.01,True,35319.6342295796,34885.3048709949,42367.21370368317,434.32935858469864,0.010251544074208035,7107.51344716921
2025-06-12,18,F,0.0,True,16161.724043351138,16065.484341447618,23442.728072231825,96.23970190351974,0.0041053115323005755,10787.547987611508
2025-06-13,6,F,0.12,True,13738.004709449635,12675.703779412748,20970.770989835713,1062.3009300368867,0.05065626488180962,4386.230609454999
2025-06-13,12,A,0.01,True,12942.496054509085,12502.732628703145,20187.993724972777,439.76342580594064,0.021783414032962984,6496.075945939839
2025-06-13,18,F,0.0,True,8034.6266920342405,7960.074452969415,15272.22078746487,74.5522390648257,0.004881558491219343,10779.7622197659
2025-06-14,6,F,0.13,True,14098.324769692108,13721.670583013642,21178.16484023491,376.65418667846643,0.01778502478944198,4963.875556527356
2025-06-14,12,A,0.02,True,13171.655982619784,12871.654946857816,20317.09244849393,300.0010357619685,0.01476594333182783,8275.339055979086
2025-06-14,18,F,0.0,True,8319.561397032461,8209.415022539517,15514.17280582029,110.14637449294423,0.00709972590041164,10800.0
2025-06-15,6,F,0.12,True,40534.26661954281,39446.05785728716,47519.134900205725,1088.20876225565,0.02290043294224489,10065.58624866304
2025-06-15,12,A,0.05,True,35079.3525193281,34897.13301772462,42178.29476026106,182.21950160348206,0.0043202197395415575,7001.815561237645
2025-06-15,18,F,0.0,True,17166.073224961612,17081.390444227916,24413.474284665637,84.68278073369584,0.00346869027104782,10785.853941827936
2025-06-16,6,A,0.1,True,40927.927248046275,39983.54763547416,47877.23909032856,944.3796125721128,0.019725022380475615,10040.072946290333
2025-06-16,12,A,0.05,True,35774.66011744893,35059.40639560334,42902.94958797082,715.2537218455909,0.01667143468490415,6527.178363449755
2025-06-16,18,F,0.16,True,16735.321490240298,16695.7221945328,24063.299248989093,39.59929570749955,0.001645630355910698,10799.487692868626
2025-06-17,6,A,0.1,True,46948.701682232124,44278.396802317,53259.34915004435,2670.304879915122,0.05013776778218287,10048.567466982893
2025-06-17,12,A,0.08,True,37317.17158144313,35000.869563078166,44566.33853692314,2316.302018364964,0.05197424994754531,7104.2133252400745
2025-06-17,18,F,0.16,True,16579.55731131386,16504.464756420046,23854.24366788154,75.09255489381394,0.003147974672318873,10772.307767487706
2025-06-18,6,A,0.04,True,45091.12292759961,43616.75634658269,51456.426777110886,1474.3665810169186,0.028652719851755312,10084.498206546701
2025-06-18,12,A,0.06,True,36828.31038446514,35088.24042305677,43918.056575749964,1740.0699614083715,0.039620832456625094,7401.274021109877
2025-06-18,18,F,0.02,True,16314.540665688548,16228.255440139745,23491.63542562785,86.28522554880328,0.0036730190974559266,10800.0
2025-06-19,6,A,0.06,True,38603.26140238194,36464.7773839261,45602.1941622636,2138.4840184558416,0.04689432291013454,10067.0407596824
2025-06-19,12,A,0.01,True,34779.06125226168,33918.954643815974,41499.8740953353,860.1066084457052,0.020725523322548674,6925.042217098169
2025-06-19,18,F,0.57,True,16495.699216699028,16381.3179950911,23582.017226099328,114.38122160792773,0.004850357817622856,10800.0
2025-06-20,6,F,0.1,True,14010.39686472338,13443.911697377484,21014.474039747132,566.4851673458961,0.02695690438287613,3243.6290543681416
2025-06-20,12,A,0.01,True,12917.14251118523,12403.800837679843,20030.99531051287,513.341673505387,0.025627367264969097,7495.692792418413
2025-06-20,18,F,0.7,True,8035.647731731632,7981.466131356632,15159.209316692137,54.181600375000016,0.003574170607654284,10800.0
2025-06-21,6,F,0.14,True,13861.047018783118,13592.392215876986,20834.76526876546,268.6548029061323,0.01289454426006361,2907.8666833853845
2025-06-21,12,F,0.08,True,13330.495900908998,13146.491076899596,20397.151730818492,184.004824009402,0.009021103850072616,6309.914464237852
2025-06-21,18,F,0.88,True,7549.096013408356,7433.381466474157,14819.64400323962,115.71454693419946,0.007808186681738367,10800.0
2025-06-22,6,F,0.12,True,41270.433920689895,38554.93465825865,47683.912301807315,2715.4992624312436,0.056947912437300595,10119.165636264877
2025-06-22,12,A,0.04,True,34700.12212205027,33783.93375999194,41601.81805100576,916.1883620583321,0.022022796237776022,8069.806907173673
2025-06-22,18,F,0.96,True,16554.836408811796,16513.973708915008,23666.672810996006,40.8626998967884,0.0017265925051282568,10800.0
2025-06-23,6,F,0.19,True,37813.034850368786,37242.62248797929,44724.846919332274,570.412362389492,0.012753813633354927,10062.70570161254
2025-06-23,12,F,0.03,True,32855.37585964419,32430.3656215214,40077.324838549765,425.01023812279163,0.010604755677554126,7217.853862500213
2025-06-23,18,F,0.87,True,16035.796234259045,15948.21350045065,23289.51134834729,87.58273380839455,0.0037606084772839063,10792.634448759329
2025-06-24,6,F,0.2,True,41839.426114809976,40749.458720596675,48949.08914976765,1089.9673942133013,0.022267368262530278,10078.203599441567
2025-06-24,12,F,0.03,True,35870.64839109288,35375.91790417184,42848.5569813871,494.73048692104203,0.01154602445855871,6345.410623218696
2025-06-24,18,F,0.88,True,16219.83820486085,16185.888472031345,23525.528416270496,33.94973282950377,0.0014431018181093774,10746.274284660323
2025-06-25,6,F,0.19,True,39199.1406660295,38527.315905617754,45942.96897119723,671.8247604117496,0.01462301578361061,10098.114048237769
2025-06-25,12,A,0.05,True,31886.537317476832,31571.095865800613,38774.435735856474,315.441451676219,0.008135294445678188,7293.596821826322
2025-06-25,18,F,0.91,True,16353.632152263768,16268.51434116943,23488.761751941878,85.11781109433832,0.003623767484776051,10728.764523676233
2025-06-26,6,F,0.19,True,37738.069866008846,36577.07150918639,44619.2035482227,1160.9983568224561,0.02602014972247755,10061.495141240266
2025-06-26,12,A,0.0,True,30976.430971086433,30416.779348274125,38052.99962630782,559.6516228123073,0.01470716180874724,7477.422728487982
2025-06-26,18,F,0.91,True,15771.55698572402,15693.581759659826,22954.06104059712,77.97522606419443,0.0033970122291774652,10800.0
2025-06-27,6,F,0.19,True,12010.174528695812,11692.985966892475,19314.022084183707,317.1885618033375,0.016422708870312615,3275.7338881794794
2025-06-27,12,A,0.0,True,12916.412498049775,12614.445704594365,19951.201966551707,301.96679345540906,0.015135268239059379,7207.968596197163
2025-06-27,18,F,0.91,True,7406.194473852631,7339.358942120667,14710.32480636634,66.83553173196378,0.004543443643272831,10781.767236416363
2025-06-28,6,F,0.21,True,14216.509343639058,13348.10497478356,21051.653779268698,868.4043688554975,0.041251123449060664,2856.8611846667723
2025-06-28,12,A,0.01,True,11891.024467625793,11404.975154656697,19024.548274297285,486.0493129690967,0.025548533713452917,7739.845304744704
2025-06-28,18,F,1.0,True,7344.773204658077,7214.94521682487,14604.320473268152,129.82798783320686,0.008889697269437828,10800.0
2025-06-29,6,F,0.21,True,36760.9332726442,35376.002483123055,43411.535572113164,1384.930789521146,0.031902368144074635,10077.150530707524
2025-06-29,12,A,0.0,True,32548.825918711365,31803.67725994665,39270.13235045941,745.148658764716,0.018974946458411888,7264.6319769230995
2025-06-29,18,F,1.0,True,16851.074497936694,16717.74773983856,23888.839856094837,133.32675809813372,0.005581131561904529,10699.39002020005
2025-06-30,6,F,0.21,True,38007.9674983234,37023.237147330576,44734.41438663195,984.7303509928242,0.022012814172148693,10044.976096581999
2025-06-30,12,A,0.0,True,31370.553231847152,31023.958978544506,38381.84331174028,346.5942533026464,0.009030161748292838,6922.930811316702
2025-06-30,18,F,1.0,True,15846.58917315716,15801.498363932642,22901.277670932774,45.090809224517216,0.0019689211175212416,10674.698849503122
2025-07-01,6,F,0.22,True,32736.23161438018,32144.988166474708,39931.12954958088,591.2434479054718,0.014806579592779829,10077.524745764293
2025-07-01,12,A,0.0,True,29007.811259237307,28799.056886057824,36187.9656920209,208.75437317948308,0.00576861310624906,6485.739667222224
2025-07-01,18,F,1.0,True,15897.382836446974,15862.77136083482,23058.506642398654,34.6114756121533,0.0015010284988929731,10800.0
2025-07-02,6,F,0.21,True,33705.48673777984,32458.67403759264,40548.04182325024,1246.812700187198,0.030749023728989938,10101.21341670687
2025-07-02,12,A,0.01,True,29184.016961404348,28699.187051924746,36184.83132598777,484.82990947960207,0.013398705803318188,7983.192274016915
2025-07-02,18,F,1.0,True,15522.030329964038,15467.030570080542,22764.298103989942,54.999759883496154,0.002416053402228828,10800.0
2025-07-03,6,F,0.18,True,38734.64737584531,37291.199635651436,45126.62862582268,1443.4477401938711,0.031986607113120145,10082.937039693541
2025-07-03,12,A,0.03,True,31221.0811396819,30570.298730364844,38176.085908541136,650.7824093170566,0.017046860458040228,6931.399238799528
2025-07-03,18,F,1.0,False,16452.44232734737,16431.969403542116,23458.696482628427,20.47292380525323,0.0008727221403974337,10800.0
2025-07-04,6,F,0.19,True,16281.011611505362,12550.69967611148,22819.086354132785,3730.311935393882,0.1634733256845878,2808.577422296227
2025-07-04,12,A,0.04,True,12049.252478343946,11700.672070327202,19142.940392868244,348.5804080167436,0.01820934510910394,6674.492993080295
2025-07-04,18,F,1.0,True,8211.465545411023,8178.991887569749,15438.098019267727,32.47365784127396,0.002103475298624531,10720.831219744521
2025-07-05,6,F,0.16,True,13670.562086943415,12694.485894025996,20654.68650855995,976.0761929174187,0.04725688731769916,2915.04612086553
2025-07-05,12,A,0.04,True,13004.34801587117,12892.697877555163,20110.133919475473,111.65013831600663,0.005551934102630719,5515.112405836471
2025-07-05,18,F,0.98,True,8779.379983257722,8715.746889244354,15997.87296822947,63.63309401336846,0.0039775971555555435,10800.0
2025-07-06,6,F,0.2,True,44388.35379940955,39047.356791186656,50391.03301182774,5340.997008222897,0.10599102040573892,10051.638967362125
2025-07-06,12,A,0.06,True,38630.583244990805,37695.551155404944,44961.21881968656,935.0320895858604,0.020796413312008582,6786.983829330182
2025-07-06,18,F,0.84,True,17159.18964249806,16871.798363328846,24298.641198653404,287.3912791692128,0.011827462977030157,10800.0
2025-07-07,6,F,0.18,True,36251.80394540176,35391.94949446125,43384.09649774363,859.854450940511,0.019819577226535795,10045.322916690064
2025-07-07,12,A,0.07,True,33889.36344269012,33191.45082558621,40840.160980087356,697.9126171039097,0.017088880169796455,7640.852693068846
2025-07-07,18,F,0.92,True,17582.237486526712,17510.53826159158,24764.738809764694,71.6992249351315,0.0028952142595124247,10680.116524426836
2025-07-08,6,F,0.19,True,40010.51782020406,38830.806631138075,46988.9370390779,1179.7111890659871,0.025106147604166733,9988.384918470427
2025-07-08,12,A,0.06,True,39657.54823796574,38188.60254876275,46191.15368115485,1468.945689202992,0.031801450540567364,6476.634239643488
2025-07-08,18,F,0.01,True,20313.002466811184,20150.29257223389,27404.371987884308,162.7098945772923,0.005937369944081464,10800.0
2025-07-09,6,F,0.19,True,42042.56418366194,41324.22047034962,49018.67627010113,718.3437133123225,0.01465449024682201,9995.068539036009
2025-07-09,12,A,0.05,True,36811.84021004167,36297.90643104812,43883.08919169269,513.9337789935526,0.011711431179071209,7059.984226385771
2025-07-09,18,F,0.01,True,19536.773611560828,19443.366959220875,26732.727551299326,93.40665233995242,0.0034940936034569526,10671.05642774944
2025-07-10,6,F,0.19,True,40796.31890822834,39348.82037010915,47771.8196191535,1447.4985381191946,0.030300259643843218,9964.13054251137
2025-07-10,12,A,0.06,True,35267.78729248775,34797.357081406975,42550.10453969856,470.43021108077664,0.011055911992927606,6842.854395134841
2025-07-10,18,F,0.0,True,20256.659787263365,20039.54759719967,27426.492787187995,217.11219006369356,0.007916148511891222,10792.870644207136
2025-07-11,6,F,0.21,True,17821.66628987981,17102.459685527385,24917.935418838093,719.2066043524246,0.028863009405213427,3647.7619466261913
2025-07-11,12,A,0.07,True,16368.34945256689,16147.59787013028,23553.101929272816,220.751582436611,0.009372505714937333,7119.482901059357
2025-07-11,18,F,0.0,True,11458.234276932011,11389.359593384585,18679.51000727362,68.87468354742668,0.003687178278263592,10784.399936963742
2025-07-12,6,F,0.18,True,20617.010981521664,18067.57133260356,27329.278366204697,2549.4396489181054,0.09328602148788293,3566.635315296069
2025-07-12,12,F,0.07,True,18069.480896127625,17697.271463106015,25098.262714443736,372.2094330216096,0.01483008753460086,7101.964558895306
2025-07-12,18,F,0.0,True,11223.011278400589,11079.808480597227,18534.316140141353,143.20279780336205,0.007726359943392543,10529.02764458764
2025-07-13,6,F,0.19,True,41440.08211019052,39872.46543141592,48719.44060093476,1567.616678774597,0.03217640965164366,9992.434067852526
2025-07-13,12,F,0.07,True,36148.365856629694,35849.46890953599,43377.7937965639,298.8969470937009,0.0068905520759190274,6499.423407502075
2025-07-13,18,F,0.0,False,19873.277530850348,19857.801207940072,27145.72856934403,15.476322910275485,0.0005701200050955002,10800.0
2025-07-14,6,F,0.16,True,38975.038267009855,38225.803210590064,45854.545119981136,749.2350564197914,0.016339384775475876,10016.554045965137
2025-07-14,12,F,0.08,True,34960.07180161387,34761.99604108902,41891.41650315702,198.07576052485092,0.004728313746801174,7007.319165743846
2025-07-14,18,F,0.0,True,19464.313579423775,19408.576181314464,26647.58634631338,55.73739810931147,0.002091649029107005,10717.701455799379
2025-07-15,6,F,0.16,True,39475.53980990226,38863.55302318111,46585.26812740772,611.9867867211433,0.013136916697514732,9977.906124669173
2025-07-15,12,F,0.08,True,36324.351341045614,35732.77817746805,43293.081590414295,591.5731635775664,0.013664381047630233,7532.27327023719
2025-07-15,18,F,0.0,True,20410.89091273366,20362.77736187486,27562.49477733984,48.11355085879768,0.0017456166884557065,10725.065144086573
2025-07-16,6,F,0.15,True,40640.082543102326,39773.70206922887,47755.89970136378,866.3804738734543,0.018141852196090293,9977.394538281034
2025-07-16,12,F,0.1,True,37894.46381648477,37464.615335246395,44876.623637712866,429.8484812383758,0.009578449678133651,7111.261479867953
2025-07-16,18,F,0.0,True,20193.814533353347,20113.635224659614,27451.92766428342,80.17930869373231,0.002920716886415606,10800.0
2025-07-17,6,F,0.18,True,41439.458223590926,40408.865518439845,48111.75883153035,1030.5927051510807,0.021420807099566588,9947.066771428554
2025-07-17,12,F,0.12,True,37903.58413031131,37614.46936813131,44584.930483946046,289.1147621800046,0.0064845847922563845,7198.994311052673
2025-07-17,18,F,0.0,True,20766.855748338276,20709.15239590771,27944.014674006718,57.703352430566156,0.002064962858906645,10702.444254630987
2025-07-18,6,F,0.16,True,18733.331029364024,17727.730050667327,25878.802475824647,1005.600978696697,0.03885809552571473,3456.3237073502733
2025-07-18,12,F,0.11,True,17542.676780252215,17187.726040372072,24771.195793034556,354.9507398801434,0.014329172594080114,6787.217519840228
2025-07-18,18,F,0.0,True,11683.039039487498,11588.85420761892,18918.548070755467,94.18483186857702,0.004978438700281082,10800.0
2025-07-19,6,F,0.19,True,18007.12050728641,17721.38984260713,25106.324217314734,285.7306646792822,0.011380824297737152,3262.6747745278344
2025-07-19,12,F,0.14,True,19938.81838390831,18998.397994697218,26708.488935945614,940.4203892110927,0.03521054266553538,3483.716931603558
2025-07-19,18,F,0.0,True,10973.7274397459,10906.822197076368,18256.644880173855,66.90524266953253,0.0036647063635547586,10798.110310092829
2025-07-20,6,F,0.25,True,42771.037725671,41773.91027544553,49789.781204148574,997.1274502254673,0.02002674898564095,9987.114597573283
2025-07-20,12,F,0.08,True,37162.64117632225,36815.707885363816,44128.88919289247,346.93329095843364,0.007861817899878425,6966.557674192943
2025-07-20,18,F,0.0,True,20081.451791510874,20049.226422745975,27281.076803250948,32.22536876489903,0.0011812352201969864,10781.477157795805
2025-07-21,6,F,0.28,True,39337.10954021946,38598.43121431479,46069.706111054125,738.6783259046715,0.01603392746035839,9983.221620980088
2025-07-21,12,F,0.07,True,39960.68926083266,38119.55761710594,46343.63392182706,1841.1316437267233,0.03972782209596174,6681.791347538516
2025-07-21,18,F,0.0,True,20021.049725986057,19985.912939822905,27057.84724444346,35.136786163151555,0.0012985802545827873,10800.0
2025-07-22,6,F,0.3,True,57732.31473170999,48600.7150622276,63235.396813454776,9131.599669482384,0.14440645792768123,9989.568242814967
2025-07-22,12,F,0.1,True,41023.532914341,37682.071150425,47790.42470951459,3341.4617639159987,0.06991906400134476,7246.89436396977
2025-07-22,18,F,0.0,True,20022.85397773441,19978.083707287402,26953.298663008536,44.770270447006624,0.0016610312157617501,10800.0
2025-07-23,6,F,0.44,True,40891.31654677654,40373.69054032906,47983.94256065554,517.6260064474845,0.010787483871154687,9937.557843068367
2025-07-23,12,F,0.09,True,38361.84986067459,37787.54047430223,45317.71132665908,574.3093863723625,0.012672956545237382,7085.026336649758
2025-07-23,18,F,0.0,True,20203.870475771422,20147.073571304412,27441.46397747618,56.79690446700988,0.0020697476094434504,10748.342086505592
2025-07-24,6,F,0.44,True,41721.79324026686,41212.138657096024,48531.00676662068,509.6545831708354,0.010501628075051032,9977.777026601874
2025-07-24,12,F,0.08,True,38456.4057783865,38120.144492417196,45023.11591965728,336.2612859693036,0.00746863647929997,7100.633690553032
2025-07-24,18,F,0.0,True,20576.39949402046,20544.18423667765,27505.961688633928,32.21525734281022,0.0011712099983081949,10800.0
2025-07-25,6,F,0.37,True,18862.74788120483,16555.965285232167,25615.36568506277,2306.7825959726615,0.09005464237107606,3205.189455504466
2025-07-25,12,F,0.08,True,17355.121348609653,17259.727472580307,24334.27580861477,95.39387602934585,0.003920144440689486,7237.660051946371
2025-07-25,18,F,0.0,True,10916.66667553741,10805.876441819628,18189.582494766244,110.79023371778203,0.006090861829822654,10800.0
2025-07-26,6,F,0.47,True,17078.501406074472,16895.637222072306,24227.873961516678,182.86418400216644,0.007547677699356789,3307.8011398351587
2025-07-26,12,F,0.08,True,16981.735178871182,16887.548787732732,24115.080868316734,94.18639113844984,0.003905704967475159,7066.439473168845
2025-07-26,18,F,0.0,True,11402.81645806613,11353.096106470466,18673.041526018955,49.7203515956644,0.002662680931030128,10763.931563335174
2025-07-27,6,F,0.45,True,40769.613113301144,40107.23695249225,47681.08832259179,662.3761608088971,0.013891800378538264,9965.782283682298
2025-07-27,12,F,0.08,True,33509.51315122113,32716.906186476393,40922.0133082668,792.6069647447366,0.019368718708290416,7050.0
2025-07-27,18,F,0.0,True,19458.121947363645,19004.3246290764,26566.455968940685,453.7973182872447,0.017081590364096257,10800.0
2025-07-28,6,F,0.49,True,44844.67783489673,43856.753712656944,50926.15643064611,987.9241222397832,0.019399149503559917,9959.927830205432
2025-07-28,12,F,0.08,True,38635.519611037555,37868.54833990466,45215.738348537816,766.9712711328975,0.016962484726464715,7050.0
2025-07-28,18,F,0.0,True,20315.236448738993,20171.48639194491,27199.6380854499,143.75005679408423,0.005284998879120435,10800.0
2025-07-29,6,F,0.44,True,44943.08851426629,43067.58871721555,51518.5320801357,1875.4997970507393,0.03640437181194234,9973.062225804455
2025-07-29,12,F,0.08,True,39031.94490853944,38615.20037614904,45575.108013539844,416.74453239039576,0.009144126049390508,6631.341427442992
2025-07-29,18,F,0.0,True,19084.474966212998,19034.148333435158,26273.935683348638,50.32663277784013,0.0019154584750595673,10800.0
2025-07-30,6,F,0.44,True,43840.43357155686,42512.100238697516,50231.92247335275,1328.3333328593435,0.026444007464854716,9965.460385306887
2025-07-30,12,F,0.08,True,37229.12612902525,36608.74418570741,44072.16783883066,620.3819433178433,0.014076501650350936,6519.507153982626
2025-07-30,18,F,0.0,True,19194.69330818051,19154.079618804564,26290.072058580932,40.613689375946706,0.001544829899493966,10771.34335364093
2025-07-31,6,F,0.42,True,39313.077428052864,38836.55150615693,46089.80119589224,476.5259218959327,0.01033907522991015,9922.426402157134
2025-07-31,12,F,0.09,True,38450.05933943472,37689.636496765386,45059.300114210106,760.4228426693371,0.01687604647080452,6939.061196526819
2025-07-31,18,F,0.0,True,19572.362540712653,19435.848072817316,26619.988021491365,136.51446789533657,0.005128269320975015,10800.0
2025-08-01,6,F,0.42,True,15120.05847894924,14911.531765101789,22319.388307884063,208.5267138474519,0.00934285075249093,3261.1410668593644
2025-08-01,12,F,0.08,True,15243.111818027848,14955.658318326505,22370.78113919572,287.4534997013434,0.012849506591332108,3686.660941271194
2025-08-01,18,F,0.0,True,11150.956684545972,11107.097363018549,18218.972446905274,43.85932152742316,0.0024073433150656764,10785.810624068157
2025-08-02,6,F,0.45,True,15908.943421929094,15803.287869822032,23090.28947220494,105.65555210706225,0.004575756931685317,3058.239815941771
2025-08-02,12,F,0.06,True,15654.770891735365,15459.665470867289,22795.053784880856,195.10542086807618,0.0085591121086752,3154.6705977194792
2025-08-02,18,F,0.0,True,11085.350614466255,10956.700424814104,18325.10178466544,128.6501896521513,0.00702043520215569,10755.469926207063
2025-08-03,6,F,0.4,True,33810.209567623475,33199.44404915537,40707.85047041255,610.7655184681062,0.015003629801382545,9983.53369350915
2025-08-03,12,F,0.08,True,31725.54852961124,31189.792787172562,38701.19774453844,535.755742438676,0.01384338918849824,6385.383119915947
2025-08-03,18,F,0.0,False,18416.091241381902,18394.73497965593,25631.845011903282,21.356261725974036,0.0008331925273446492,10780.578179067368
2025-08-04,6,F,0.34,True,37145.96729218946,35841.33316931716,43596.4840006336,1304.6341228723031,0.029925214218039748,9939.569583400424
2025-08-04,12,F,0.11,True,31923.6483216443,31087.54488060379,39024.59072131026,836.1034410405118,0.021425040611225132,6794.7589698320335
2025-08-04,18,F,0.0,True,18557.365862047925,18523.393719497748,25685.276582728347,33.97214255017752,0.0013226309804669008,10773.100318713909
2025-08-05,6,F,0.4,True,35517.332287233075,34682.79429619368,41911.941600004604,834.5379910393967,0.019911699605901938,9994.603971746334
2025-08-05,12,F,0.12,True,30482.421052464633,30097.50075697492,37590.70893919542,384.92029548971186,0.010239772176479483,7029.241722119554
2025-08-05,18,F,0.0,True,18463.813105625704,18424.10110473551,25427.21844655258,39.71200089019476,0.0015617909986366957,10789.620892756266
2025-08-06,6,F,0.32,True,34178.90351037955,33807.36104434832,41171.7069968119,371.5424660312274,0.00902421816175845,10009.641746258803
2025-08-06,12,F,0.13,True,33658.74050442991,33319.17396987779,40321.07286483297,339.56653455211926,0.008421564964068224,7319.663099053787
2025-08-06,18,F,0.0,False,17638.601468560737,17616.864412113122,24837.099453250397,21.737056447615032,0.0008751849823901371,10800.0
2025-08-07,6,F,0.31,True,35140.67790693564,34214.784821588466,41881.63862521788,925.8930853471757,0.02210737487213966,9964.406180728603
2025-08-07,12,F,0.13,True,33427.319166573114,32834.072587101065,39983.87455046022,593.2465794720483,0.014837145877980452,7060.83382291984
2025-08-07,18,F,0.0,True,18232.263867239562,18132.535648963712,25224.676305652298,99.72821827584994,0.0039535975434302414,10797.404452948318
2025-08-08,6,F,0.32,True,13724.679786673421,13607.31442456127,20670.548508699663,117.36536211215207,0.005677902647951322,3167.6179780626694
2025-08-08,12,F,0.13,True,15082.818420954934,14817.47363403551,21765.300177673606,265.3447869194242,0.012191184350933483,1200.0
2025-08-08,18,F,0.0,True,9474.64533156593,9364.151951702434,16598.357899203143,110.49337986349565,0.0066568862133524805,10791.811748891549
2025-08-09,6,F,0.28,True,12841.504048047083,12682.810536230829,20144.478187366112,158.6935118162546,0.007877767313713861,3034.318147350784
2025-08-09,12,F,0.12,True,13624.115262769914,13254.665114723388,20715.848219191786,369.450148046526,0.017834179133647845,2457.486095487523
2025-08-09,18,F,0.0,True,10290.55455701077,10221.826917792407,17281.52856449398,68.72763921836304,0.003976942141539981,10783.064223415451
2025-08-10,6,F,0.28,True,32573.793344317943,32008.58538157965,39411.911108227236,565.2079627382918,0.014341044289534711,9966.087477656862
2025-08-10,12,F,0.1,True,30696.57531272812,30469.96061875012,37702.435486861694,226.61469397800101,0.006010611544099592,7297.934916386241
2025-08-10,18,F,0.0,True,17403.930818798057,17334.11075110898,24661.27206736048,69.8200676890774,0.002831162459842661,10767.295008022342
2025-08-11,6,F,0.28,True,32730.509213459867,32089.80336862078,39493.86500461495,640.705844839089,0.016222920819834195,9950.775391317238
2025-08-11,12,F,0.09,True,30996.98392549424,30756.57728524165,37788.93740977752,240.4066402525932,0.006361825886916585,6387.475491533025
2025-08-11,18,F,0.0,True,17665.07968433218,17604.008682022228,24727.224389056933,61.071002309952746,0.002469788009728249,10696.711283968916
2025-08-12,6,F,0.32,True,34064.83103300888,32845.75806566414,41025.81482288973,1219.0729673447422,0.029714777698079474,9997.225293576856
2025-08-12,12,F,0.12,True,32979.434243808784,32735.285267434847,39421.54523870339,244.14897637393733,0.006193287830184701,7158.68801712739
2025-08-12,18,F,0.0,True,18331.559694266252,18304.00523946587,25316.09018417381,27.55445480038179,0.0010884166788759223,10731.44418544852
2025-08-13,6,F,0.31,True,32502.81515586008,31390.490745271374,39278.4877052128,1112.324410588706,0.02831892151593925,10008.932459378186
2025-08-13,12,F,0.12,True,30174.669373766832,30040.651375230707,37030.163616099155,134.01799853612465,0.003619157612305533,6956.598770756655
2025-08-13,18,F,0.0,True,18464.5934330422,18415.650278659967,25364.486038416642,48.943154382232024,0.001929593775647711,10792.71424198903
2025-08-14,6,F,0.32,True,33534.3722235249,32432.400494645684,40436.53902673842,1101.9717288792162,0.02725188048736179,9921.192370111348
2025-08-14,12,F,0.1,True,30194.36779371518,29868.006302354435,37288.01219776527,326.3614913607453,0.008752450777740967,6585.423546674065
2025-08-14,18,F,0.0,True,17016.296654851307,16966.86788907469,24279.235285430517,49.42876577661809,0.0020358452478229125,10788.670327415537
2025-08-15,6,F,0.34,True,13138.36841965292,12975.765372353026,20369.41623850993,162.60304729989366,0.007982705316438094,3102.799778252319
2025-08-15,12,F,0.11,True,12849.570017536944,12650.49458116001,20097.157017623915,199.0754363769338,0.009905651640297055,1378.6305195927953
2025-08-15,18,F,0.0,True,8803.240235497855,8760.312373626404,16063.010742655038,42.92786187145066,0.0026724667348603888,10800.0
2025-08-16,6,F,0.27,True,13171.64695187711,13050.41353655307,20353.987760267155,121.23341532404083,0.0059562488074548,3137.0485514279094
2025-08-16,12,F,0.14,True,12665.721113458016,12215.87679115977,20034.872337085086,449.84432229824597,0.02245306656961183,1200.0
2025-08-16,18,F,0.0,True,8877.738064249274,8828.83592284248,16119.021461751217,48.90214140679382,0.003033815763744318,10800.0
2025-08-17,6,F,0.26,True,30956.80638172091,30127.356868977105,37931.0928107444,829.4495127438058,0.021867271709842623,9962.122928999048
2025-08-17,12,F,0.12,True,28802.031636576852,28006.64973113571,36127.23088049637,795.3819054411433,0.022016132597379275,6910.188264851804
2025-08-17,18,F,0.0,True,17351.074967572764,17291.894090630733,24493.965860833654,59.18087694203132,0.0024161410723880666,10711.823926259702
2025-08-18,6,F,0.33,True,31467.158311230807,30854.932679126134,38491.593670978364,612.2256321046734,0.015905437362191507,9951.87263724659
2025-08-18,12,F,0.05,True,29635.5309840657,29354.090429619355,36727.80694783309,281.4405544463443,0.007662873932170597,6696.453566314533
2025-08-18,18,F,0.0,True,16760.368397752572,16723.99517101307,24141.744012354113,36.37322673950257,0.0015066528218048046,10791.098343122922
2025-08-19,6,F,0.27,True,31566.785724604546,30781.568704337667,38264.41433079553,785.2170202668785,0.020520816377292077,9963.253162352083
2025-08-19,12,F,0.03,True,30710.580655531972,30115.89973088239,37480.82005618861,594.6809246495832,0.015866273036664602,6657.527956388836
2025-08-19,18,F,0.0,True,17130.96907044413,17079.813776339288,24324.807445291914,51.15529410484305,0.0021030092106543766,10800.0
2025-08-20,6,F,0.27,True,36655.747204105945,32726.974211004395,43412.21401058887,3928.772993101549,0.09049925424543573,9935.329494922991
2025-08-20,12,F,0.03,True,30644.441891281116,30168.453096061217,37627.58596248763,475.98879521989875,0.01264999555630356,5634.725257811157
2025-08-20,18,F,0.0,True,16656.36164483163,16540.201555544358,24076.380189499807,116.16008928727388,0.004824649236014874,10612.868725073184
2025-08-21,6,F,0.25,True,33611.895878969786,32918.25268537646,40635.33069954916,693.6431935933288,0.01706995320702594,9900.275872180207
2025-08-21,12,F,0.0,True,31521.303191135252,31080.720185360427,38335.84621689388,440.5830057748244,0.01149271632826688,6873.600602463201
2025-08-21,18,F,0.0,False,17529.383924512134,17523.416745039394,24675.483684989787,5.967179472740099,0.0002418262413380761,10783.42036107087
2025-08-22,6,F,0.25,True,13863.894754464154,13709.455803917139,20785.128104405092,154.43895054701534,0.007430262145667717,3100.7740332974217
2025-08-22,12,F,0.0,True,14303.619516865307,13759.9590917587,21025.401043302085,543.6604251066074,0.025857315348560138,2148.7622032166864
2025-08-22,18,F,0.0,True,8921.294711688375,8901.038921939913,16008.147618265624,20.25578974846212,0.0012653425137927794,10800.0
2025-08-23,6,F,0.27,True,12563.926208915907,12400.719844074692,19867.460765141517,163.20636484121496,0.008214757123243899,3286.5354571509342
2025-08-23,12,F,0.0,True,14240.564736164162,13643.03576108569,21077.13373606544,597.5289750784723,0.028349631527745653,1200.0
2025-08-23,18,F,0.0,True,8927.321707745392,8831.435314531802,16201.483093208677,95.88639321359005,0.0059183713405708905,10685.380222440004
2025-08-24,6,F,0.31,True,31008.04812607536,30411.234604071113,38164.3432854799,596.8135220042459,0.015637987467514238,9940.800023988551
2025-08-24,12,F,0.0,True,31670.021636748257,29985.502812303355,38776.61859568056,1684.5188244449018,0.04344161212222216,6581.729215492514
2025-08-24,18,F,0.0,True,17003.84155597478,16870.314679759176,24416.22822819869,133.52687621560472,0.005468775724392697,10571.865332351537
2025-08-25,6,F,0.31,True,35527.323866611514,34647.10796928621,42485.025018196466,880.2158973253026,0.020718262421836952,9957.611462618763
2025-08-25,12,F,0.03,True,33115.2057926332,32799.82443985153,39843.09191815336,315.3813527816674,0.007915584298265088,7536.345473213216
2025-08-25,18,F,0.0,True,16662.926354908894,16624.170519200874,24045.95729825197,38.75583570801973,0.001611740186814567,10756.923299929056
2025-08-26,6,F,0.29,True,32810.5817636172,31536.683455736515,39861.98632215992,1273.898307880685,0.03195772276838358,9939.604641169204
2025-08-26,12,F,0.0,True,30529.225302000887,29823.823466580012,37691.365574083815,705.4018354208747,0.018715210358573518,7318.704491734366
2025-08-26,18,F,0.0,True,18135.781144444438,18071.208703535078,25147.48866502384,64.57244090936001,0.002567749081011418,10800.0
2025-08-27,6,F,0.29,True,44047.68019691299,36559.33557081998,50136.56050264893,7488.344626093007,0.14935896182382447,9940.226532111014
2025-08-27,12,F,0.0,True,33370.08817558637,32373.449677210447,40179.06150091778,996.6384983759199,0.024804922293995207,7442.970599624021
2025-08-27,18,F,0.0,True,17190.52749522443,17151.948804026208,24346.418444100855,38.57869119822135,0.0015845735703096395,10772.595849294801
2025-08-28,6,F,0.32,True,37137.16812049804,35336.523206082944,43749.3687454968,1800.6449144150974,0.041158191901921805,9930.061788390365
2025-08-28,12,F,0.0,True,31588.52937589574,30503.602423471013,38682.735032368284,1084.9269524247284,0.028046800504589492,6607.27698790919
2025-08-28,18,F,0.0,True,17273.48752307176,17247.655042000326,24463.27298383217,25.832481071432994,0.001055969946805799,10568.76420643004
2025-08-29,6,F,0.3,True,13727.912018111832,13536.02975492963,20900.38362489473,191.88226318220222,0.009180801014276535,3615.9221239611743
2025-08-29,12,F,0.0,True,14366.55677943999,13930.99392100859,21251.849871087903,435.56285843139995,0.020495291519255544,2776.1452206773715
2025-08-29,18,F,0.0,True,9494.343297323358,9423.814011812887,16516.250147605933,70.5292855104708,0.004270296518891982,10737.600361989955
2025-08-30,6,F,0.31,True,13437.346485823562,13298.782937843038,20622.316126484635,138.56354798052416,0.006719106967939991,3609.564054593414
2025-08-30,12,F,0.0,True,13340.143292876515,13237.568997470942,20492.604360789766,102.57429540557314,0.005005429939487692,2877.6817663369998
2025-08-30,18,F,0.0,True,9595.216140141318,9511.141132391987,16585.36838566924,84.07500774933033,0.0050692276345200874,10796.328006279391
2025-08-31,6,F,0.31,True,34491.80757721203,33309.43500404838,41131.16446795578,1182.3725731636514,0.028746391901566686,9960.919004374116
2025-08-31,12,F,0.0,True,30337.895391634185,29946.829840440667,37408.41509608539,391.06555119351833,0.010453945995547977,6009.325109097346
2025-08-31,18,F,0.0,True,16813.21940298238,16759.463391666504,24068.087133492867,53.756011315876094,0.002233497453192691,10792.938700796876
2025-09-01,6,F,0.29,True,32784.11881639604,31746.213498137055,40060.561767114545,1037.905318258985,0.025908406484479077,9903.361457217772
2025-09-01,12,F,0.0,True,30574.07637394795,29703.678263759037,37809.643914714274,870.3981101889149,0.02302053180273894,5966.9454116837005
2025-09-01,18,F,0.0,True,16970.84326064545,16940.026338948053,24171.807569524855,30.816921697398357,0.001274911758616326,10708.370627049157
2025-09-02,6,F,0.31,True,35012.58425643372,32213.11020785279,41745.4347399361,2799.4740485809307,0.06706060353715257,9934.65311727957
2025-09-02,12,F,0.02,True,28611.552950782112,27466.27203779976,35980.326291609505,1145.2809129823509,0.03183075394314661,6984.814461782467
2025-09-02,18,F,0.0,True,16151.355731625887,16081.86740897701,23494.67724198182,69.48832264887642,0.0029576198018464437,10800.0
2025-09-03,6,F,0.32,True,32151.130023737438,31355.641869269075,39134.425474573094,795.4881544683631,0.020327068682411537,9934.816584759863
2025-09-03,12,F,0.03,True,29352.475521001787,28999.797612570183,36606.35945299585,352.677908431604,0.009634334408054362,6701.7795537335605
2025-09-03,18,F,0.0,True,16051.522300861443,15998.501215751168,23306.59552147741,53.021085110274726,0.002274939085865841,10715.17316198601
2025-09-04,6,F,0.36,True,32018.0461236748,31220.736471515418,38946.93668059285,797.3096521593834,0.02047169097529256,9904.80486764044
2025-09-04,12,F,0.03,True,29075.90093988771,28619.32852103049,36423.432121447026,456.5724188572203,0.01253512896134736,6816.431047785747
2025-09-04,18,F,0.0,True,15530.593757518805,15478.622395190005,22869.51660712954,51.97136232880075,0.0022725168713272565,10752.29654173165
2025-09-05,6,F,0.33,True,11374.641956352423,11168.348871180071,18698.756504381057,206.29308517235222,0.011032449410420336,3565.5424988654436
2025-09-05,12,F,0.02,True,10912.260436493263,10675.066880571403,18231.353157642065,237.19355592186002,0.013010200278109101,1299.8055240823683
2025-09-05,18,F,0.0,True,6946.438549110746,6869.618371406961,14300.737388935213,76.8201777037848,0.005371763400342014,10800.0
2025-09-06,6,F,0.32,True,11200.960347967937,11012.479397359593,18519.152141478004,188.48095060834385,0.010177623098964469,3439.800863683679
2025-09-06,12,F,0.04,True,10717.385919516337,10529.3517206794,18060.517902474116,188.0341988369364,0.010411340353156625,1200.0
2025-09-06,18,F,0.0,True,6918.054636607345,6822.655682159597,14297.303145207336,95.39895444774811,0.0066725139334915225,10800.0
2025-09-07,6,F,0.29,True,33137.89861437119,30557.087484650052,39752.97031528794,2580.8111297211362,0.06492121492437572,9919.088777766003
2025-09-07,12,F,0.03,True,27115.739074788245,26290.154227491097,34443.84342098229,825.5848472971484,0.023969010577786557,7025.667949930936
2025-09-07,18,F,0.0,True,14571.743430348406,14536.106310817939,21960.007449997007,35.63711953046732,0.0016228191002035464,10800.0
2025-09-08,6,F,0.32,True,28491.790271568083,27552.999187623223,35391.261339345016,938.7910839448596,0.026526070233648072,9937.26234002218
2025-09-08,12,F,0.02,True,27650.73942361604,26418.233901305808,34602.0092370213,1232.5055223102318,0.03561947844900152,6432.261326884708
2025-09-08,18,F,0.0,True,12943.703690411256,12846.257796020025,20262.84059955284,97.44589439123047,0.004809093469026297,10712.114859924814
2025-09-09,6,F,0.31,True,29082.23749119194,26836.150727692308,35659.27881890203,2246.086763499632,0.06298744220000999,9950.584742418507
2025-09-09,12,F,0.08,True,24497.246971038505,23184.90876453896,31791.191806041083,1312.3382064995458,0.041279931073555105,7180.491617704434
2025-09-09,18,F,0.0,True,12678.42819076334,12607.159566205966,19981.086817975087,71.26862455737319,0.003566804208731007,10766.390972322435
2025-09-10,6,F,0.31,True,25451.969378694725,24978.85866409015,32784.23683522178,473.11071460457606,0.014431042484914244,9925.122503966382
2025-09-10,12,F,0.07,True,27106.678617902733,25137.34894508902,34015.332267751684,1969.3296728137138,0.05789535311053661,6361.398057488622
2025-09-10,18,F,0.0,True,12327.26792410733,12245.307864181208,19679.975389113122,81.96005992612118,0.0041646423994748044,10795.519633886901
2025-09-11,6,F,0.26,True,27123.35551233129,25786.90952770139,34457.21526017055,1336.4459846298996,0.03878566432426451,9911.267492094197
2025-09-11,12,F,0.07,True,24150.025138965502,23588.930869231124,31479.39714803768,561.094269734378,0.017824174557591704,5956.362212782463
2025-09-11,18,F,0.0,True,12396.448342397618,12350.84924431265,19719.844084494212,45.59909808496741,0.002312345771578496,10800.0
2025-09-12,6,F,0.25,True,7587.803230662043,7450.441651230161,14983.801586599946,137.36157943188118,0.009167338384587527,3817.836263133259
2025-09-12,12,F,0.07,True,9109.762203795237,7937.82520206007,16295.152608662907,1171.9370017351666,0.07191936337632922,1200.0
2025-09-12,18,F,0.0,True,4417.447300735763,4305.870527801766,11805.590648135074,111.57677293399684,0.009451180907379893,10656.453270648904
2025-09-13,6,F,0.27,True,7485.164535539379,7260.374805162235,14787.80094027748,224.78973037714422,0.015201024904580994,3827.234570569808
2025-09-13,12,F,0.07,True,7455.502014834707,7334.735623370858,14800.168128682264,120.76639146384878,0.008159798619436442,1200.0
2025-09-13,18,F,0.0,True,3967.738929043682,3932.201421262589,11304.06575199284,35.537507781093154,0.0031437810572561556,10800.0
2025-09-14,6,F,0.25,True,27003.020426095965,26522.28579615683,34242.483075885066,480.73462993913563,0.0140391287884636,9915.638145320985
2025-09-14,12,F,0.07,True,24230.769465987993,23411.966264340947,31486.937673834676,818.8032016470461,0.02600453591672915,6475.615595115201
2025-09-14,18,F,0.0,True,11662.824969031597,11565.958739487314,19001.320793344592,96.86622954428276,0.005097868227045098,10793.872361681408
2025-09-15,6,F,0.25,True,23592.982695692954,23117.762198669974,30749.18596894019,475.22049702297954,0.015454734232737109,9921.569473749121
2025-09-15,12,F,0.08,True,22054.816715061992,21717.243335573075,29408.51359124569,337.57337948891654,0.011478763741034678,6311.458777835274
2025-09-15,18,F,0.0,True,11375.03356194185,11226.36273786664,18704.414221995827,148.67082407520866,0.00794843518276965,10800.0
2025-09-16,6,F,0.21,True,26528.167375256417,25987.622576336296,33589.48199124823,540.5447989201202,0.016092680412903054,9929.575843562376
2025-09-16,12,F,0.08,True,22894.280973576948,22315.977993483124,30218.162122712936,578.3029800938239,0.01913759605052727,6639.118664323555
2025-09-16,18,F,0.0,True,11395.757149840561,11292.892124175574,18683.21831764528,102.86502566498712,0.005505744455591824,10765.434766122647
2025-09-17,6,F,0.21,True,27431.214296643353,26607.576304314054,34543.615295377494,823.6379923292989,0.02384342186787598,9874.074074074075
2025-09-17,12,F,0.08,True,23927.528564362103,23270.61005822952,31174.618758908728,656.9185061325843,0.021072222605604683,6211.079796853622
2025-09-17,18,F,0.0,True,11335.86098540281,11207.125248207896,18682.722460606514,128.73573719491287,0.006890630499187623,10769.840457143293
2025-09-18,6,F,0.24,True,32567.339603947148,28701.471654337816,38858.374677601736,3865.867949609332,0.09948609486844151,9890.231248577009
2025-09-18,12,F,0.09,True,23991.546330594007,22291.80225803708,31279.105034283806,1699.744072556925,0.05434119904306411,7014.593197038676
2025-09-18,18,F,0.0,True,11214.461138327188,11189.834935675053,18540.006027025192,24.626202652134452,0.0013282737134085933,10785.725548265169
2025-09-19,6,F,0.26,True,8511.370202210155,8230.351796545041,15679.986343610079,281.0184056651142,0.01792210780716879,3993.029504637229
2025-09-19,12,F,0.1,True,7598.336237603336,7246.847646750197,14852.890338264458,351.4885908531387,0.02366465939276636,1987.1205454633916
2025-09-19,18,F,0.0,True,4055.287889512294,4005.158270527586,11358.275779519347,50.12961898470803,0.004413488451750675,10506.996171675974
2025-09-20,6,F,0.26,True,7854.321116405426,7404.500501898593,15089.254945929531,449.8206145068334,0.029810657724235533,4202.168497921582
2025-09-20,12,F,0.09,True,7334.4631337193,7185.888582859754,14555.31706757822,148.57455085954552,0.010207579138931533,3010.724205989442
2025-09-20,18,F,0.0,True,3949.448747933675,3862.0570852192322,11235.1816841032,87.39166271444265,0.007778393369294082,10356.810167749
2025-09-21,6,F,0.28,True,28573.714393681934,27326.44729072835,35613.21378472662,1247.267102953585,0.035022593313061186,9907.039916596168
2025-09-21,12,F,0.12,True,23608.819201072904,22969.43339017574,30875.640765429336,639.3858108971617,0.020708422401813458,7523.496466159253
2025-09-21,18,F,0.0,True,11499.152685112555,11435.343171422062,18835.797871364557,63.80951369049217,0.003387672458913974,10764.864417884051
2025-09-22,6,F,0.25,True,26965.391431097953,26533.83320086637,34313.250731924745,431.55823023158155,0.012577013865668623,9884.20238124767
2025-09-22,12,F,0.13,True,23651.774640380296,23133.129861369132,30978.908148685703,518.6447790111633,0.016741867612695933,6544.103921341339
2025-09-22,18,F,0.0,True,11096.881142161861,11020.445641871238,18443.10811292423,76.43550029062317,0.004144393657653618,10788.081490507248
2025-09-23,6,F,0.31,True,28096.751884830097,27747.73510407238,35322.065852830616,349.01678075771633,0.009880984374240587,9918.733870516546
2025-09-23,12,F,0.12,True,24569.09147916753,24324.251190786552,31825.797690602205,244.84028838097947,0.0076931390930470855,6631.373188579493
2025-09-23,18,F,0.0,True,11553.637013787073,11501.557330557313,18851.545930683915,52.07968322976012,0.002762621347939008,10800.0
2025-09-24,6,F,0.31,True,27642.269891930322,26641.235449552812,34789.6896949232,1001.0344423775095,0.028773882467930972,9874.074074074075
2025-09-24,12,F,0.13,True,23613.566022573184,23370.49282757572,30825.79086246957,243.07319499746518,0.00788538390083633,6456.838094726283
2025-09-24,18,F,0.0,True,11590.017295855834,11566.20566665851,18911.00942338543,23.811629197323782,0.0012591410994633753,10800.0
2025-09-25,6,F,0.35,True,29250.251671476057,28782.761010351373,36417.708472062644,467.49066112468427,0.01283690492177215,9902.837451016434
2025-09-25,12,F,0.15,True,24628.99826914764,24283.958596803175,31834.313130024886,345.03967234446463,0.010838608985693384,6750.053704375023
2025-09-25,18,F,0.0,True,11958.82130310626,11907.444323621263,19328.172640510766,51.37697948499772,0.002658139516889168,10712.746024948341
2025-09-26,6,F,0.44,True,8194.172344881244,7921.895443953084,15518.293445701478,272.2769009281601,0.017545544030395946,4649.664183546278
2025-09-26,12,F,0.19,True,8069.417271785102,7929.476987928347,15386.756635799455,139.94028385675483,0.009094852617033279,2828.9484979431236
2025-09-26,18,F,0.0,True,4138.085130567644,4065.1850888997196,11448.178607039667,72.9000416679246,0.006367828819782494,10707.50932637174
2025-09-27,6,F,0.39,True,12029.199784468923,8490.606326014691,18916.697468582788,3538.593458454232,0.18706190466550493,4624.734458843747
2025-09-27,12,F,0.17,True,7989.185209890781,7707.314987371885,15280.906867537093,281.8702225188963,0.01844590932739104,4596.850222512992
2025-09-27,18,F,0.0,True,3885.767551853367,3790.091018048338,11211.626126354857,95.67653380502907,0.008533689290630635,10489.865956662905
2025-09-28,6,F,0.43,True,34211.90914891313,32373.36555081039,40883.54492876004,1838.5435981027404,0.0449702588487965,9915.060107593514
2025-09-28,12,F,0.14,True,26300.990987056983,24722.8841082467,33611.44032791788,1578.106878810282,0.04695148031188346,6742.414159858185
2025-09-28,18,F,0.0,True,11908.84340965606,11865.763230584229,19271.714162965924,43.08017907183057,0.0022354098191543804,10800.0
2025-09-29,6,F,0.52,True,29043.132294796967,28603.705777031915,36361.53843412067,439.42651776505227,0.01208492645494632,9903.518639988135
2025-09-29,12,F,0.14,True,25302.092780447878,24887.66893301894,32592.854015415898,414.42384742893773,0.01271517514952578,6743.056634587814
2025-09-29,18,F,0.0,True,11833.256006557163,11570.631984329231,19139.386937166953,262.6240222279321,0.01372165279327417,10783.413319290685
2025-09-30,6,F,0.59,True,30447.568709470375,29930.5514488228,37700.868168597975,517.0172606475753,0.013713669890451285,9905.813847090758
2025-09-30,12,F,0.13,True,27445.86359574044,26775.830878026725,34598.93865987381,670.0327177137151,0.01936570148294135,6485.162562199956
2025-09-30,18,F,0.0,True,12098.109221616354,12046.340946658698,19472.745854539644,51.768274957656104,0.00265849897823154,10797.146925948087
2025-10-01,6,F,0.57,True,30105.274851102353,29672.59941938836,37369.7701717785,432.675431713993,0.011578220302803675,9875.196179520506
2025-10-01,12,F,0.16,True,25540.52303012064,24750.122205834712,32874.64142241733,790.4008242859272,0.02404287286756382,6982.946796741931
2025-10-01,18,F,0.0,True,12084.165160047525,12040.466375237374,19420.140079388173,43.698784810150755,0.0022501786615087833,10795.465685231811
2025-10-02,6,F,0.52,True,28390.73495585373,27744.386244143887,35669.50864826763,646.3487117098448,0.018120482625185706,9902.03518189283
2025-10-02,12,F,0.09,True,24042.31352237121,23311.884805943722,31392.828488792955,730.4287164274865,0.023267375116843805,7168.718042792114
2025-10-02,18,F,0.0,True,12019.797219475515,11884.747225951598,19362.56371896302,135.04999352391678,0.006974799178667312,10800.0
2025-10-03,6,F,0.5,True,7629.8005320429,7467.015543417741,14925.2693340954,162.7849886251588,0.01090667008958368,4562.879565394101
2025-10-03,12,F,0.01,True,7938.8247404542635,7729.635230685219,15192.985500992869,209.1895097690449,0.013768821786565534,1200.0
2025-10-03,18,F,0.0,True,3923.09086348872,3851.3824510003615,11231.469216830848,71.70841248835859,0.0063845976963459415,10457.427813761275
2025-10-04,6,F,0.51,True,8043.597879974326,7915.719231927611,15413.539614029476,127.87864804671517,0.008296514055105125,5025.562825788117
2025-10-04,12,F,0.07,True,8007.801500074711,7861.286557543139,15360.086158232103,146.51494253157216,0.009538679732798814,1977.9726570555895
2025-10-04,18,F,0.0,True,3648.1784451840394,3572.5588509804547,11026.502307624849,75.61959420358471,0.006857985614467573,10787.251598854718
2025-10-05,6,F,0.51,True,28949.809675398938,28270.474016038417,36190.297115336536,679.3356593605204,0.018771209785747655,9874.074074074075
2025-10-05,12,F,0.08,True,24385.895722847177,23938.469635798363,31650.82657546632,447.4260870488142,0.014136316028966842,6398.293372345699
2025-10-05,18,A,0.0,True,11433.943825102118,11365.251803681984,18732.427796450065,68.69202142013455,0.0036670111406035795,10800.0
2025-10-06,6,F,0.45,True,28040.31229821372,27459.953737683907,35289.11453809235,580.358560529814,0.016445823822055776,9874.074074074075
2025-10-06,12,F,0.02,True,23831.525221107986,23522.979936200318,31142.685141505102,308.54528490766825,0.009907472124054505,6641.360337410418
2025-10-06,18,A,0.0,True,11436.244651165069,11393.58577023979,18771.397941797855,42.658880925278936,0.002272546832023168,10762.300430993935
2025-10-07,6,F,0.43,True,28340.33795755412,27906.059857923854,35586.36151564109,434.2780996302645,0.012203498226122064,9900.780702541908
2025-10-07,12,F,0.03,True,25065.61701797449,24495.31393231913,32271.506704592444,570.3030856553596,0.017672031581165742,6569.412475066433
2025-10-07,18,A,0.0,True,11700.390266962357,11653.501531174566,19011.282631287988,46.88873578779021,0.002466363616656914,10771.101196977736
2025-10-08,6,F,0.44,True,26455.174807094307,26025.94833025188,33772.6441103498,429.2264768424284,0.012709294405257707,9874.074074074075
2025-10-08,12,F,0.02,True,22774.774255684475,22410.625261852605,30053.041379994876,364.14899383187003,0.012116876599194039,6413.806245638057
2025-10-08,18,A,0.0,True,10412.556303339623,10327.691573748356,17744.95945782507,84.86472959126695,0.004782469624287803,10800.0
2025-10-09,6,F,0.42,True,26961.24957129517,26105.11971568063,34273.3487517809,856.1298556145412,0.024979463250437567,9874.074074074075
2025-10-09,12,F,0.01,True,23166.309913451427,22673.54850790294,30440.066715808214,492.76140554848826,0.01618792133896954,6145.544740326142
2025-10-09,18,A,0.0,True,10546.144505245942,10504.476793318385,17870.83715447255,41.66771192755732,0.0023316038060997666,10800.0
2025-10-10,6,F,0.38,True,6693.016098911421,6523.4749376188465,14064.710541619352,169.54116129257454,0.01205436548380286,5315.038925193646
2025-10-10,12,F,0.03,True,6731.0683399640475,6592.482104630741,14076.753008124502,138.58623533330683,0.00984504276329355,2158.8173681676612
2025-10-10,18,F,0.0,True,3137.4563281878563,2991.745447972171,10510.1620619241,145.7108802156854,0.01386380907898294,10274.175139628489
2025-10-11,6,F,0.38,True,7269.615755916233,6980.208183362032,14546.195157090779,289.40757255420067,0.019895757579817996,5426.027806042398
2025-10-11,12,F,0.02,True,7195.694559884674,6998.002385814447,14480.990022055215,197.69217407022734,0.013651841052934436,1279.8738257064902
2025-10-11,18,F,0.0,True,3285.6711182210547,3255.5039734539096,10615.045212493602,30.167144767145146,0.0028419233421294603,10288.131990520309
2025-10-12,6,F,0.38,True,29299.66748629311,28288.326670144594,36394.88499230575,1011.3408161485168,0.02778799318536999,9887.859011834733
2025-10-12,12,F,0.05,True,23018.439110342923,22476.523181269084,30324.03230598636,541.9159290738389,0.017870839986107577,7156.217047126907
2025-10-12,18,F,0.0,True,10641.334957587658,10542.11328834883,17938.8506441117,99.22166923882833,0.005531105153127363,10800.0
2025-10-13,6,F,0.35,True,27661.15479325715,27035.70670475199,35016.403057926145,625.4480885051598,0.017861574401874105,9884.518552021795
2025-10-13,12,F,0.06,True,23557.861173167934,23228.263795580715,30866.690044356354,329.59737758721894,0.010678092698425963,6076.030154942266
2025-10-13,18,F,0.0,True,10636.106597762782,10578.989288088787,18020.265352968312,57.117309673994896,0.0031696153500085106,10790.119226194554
2025-10-14,6,F,0.3,True,28427.521201343174,27254.440993513002,35738.8583648584,1173.0802078301713,0.03282366201668174,9890.081236894312
2025-10-14,12,F,0.09,True,28838.12384230364,25179.566663579004,35782.82967767768,3658.557178724637,0.10224337235707624,5250.204465177116
2025-10-14,18,F,0.0,True,10839.396123190574,10768.27284872909,18188.7104819692,71.12327446148447,0.003910297793347707,10799.114433044933
2025-10-15,6,F,0.34,True,29031.211060891,28435.889519843724,36378.131975522425,595.3215410472767,0.016364818882064855,9874.074074074075
2025-10-15,12,F,0.06,True,24127.63547425552,23579.422079940625,31387.919928829862,548.2133943148947,0.01746574464182189,7056.285794602044
2025-10-15,18,F,0.0,True,9993.49113054518,9933.912800882184,17317.2311377872,59.57832966299611,0.0034404073716491983,10800.0
2025-10-16,6,F,0.43,True,30263.822847349795,29883.332630688015,37391.61662779168,380.4902166617794,0.010175816158186015,9892.336455814217
2025-10-16,12,F,0.11,True,25226.27129244251,24508.395402021866,32380.738617901192,717.8758904206443,0.022169842970282884,6837.493066608987
2025-10-16,18,F,0.0,True,10536.989970325063,10402.681900530777,17813.649180047625,134.30806979428598,0.0075396157427821825,10758.650436867687
2025-10-17,6,F,0.42,True,6896.675614800732,6696.621305665756,14208.404119341125,200.05430913497548,0.014079998531478457,5649.793483216176
2025-10-17,12,F,0.11,True,7236.301209216836,7023.728799665386,14492.29700812853,212.5724095514497,0.014667958394188359,3288.7980317336833
2025-10-17,18,F,0.0,True,2757.7269709191633,2611.6080684895333,10123.045032152631,146.11890242963,0.014434283554555945,10218.66018656463
2025-10-18,6,F,0.43,True,9413.71851438676,7449.870177014329,16470.914351703297,1963.8483373724303,0.11923128828420773,5715.871416618651
2025-10-18,12,F,0.09,True,7165.438344254504,6987.279917514339,14441.870622179886,178.15842674016494,0.012336243094890249,5889.985707992583
2025-10-18,18,Q,0.0,True,3086.89061643903,3026.7298299056656,10423.749590327976,60.160786533364444,0.005771511106635431,10230.775830673889
2025-10-19,6,F,0.46,True,31322.68444318531,30888.50626522433,38469.22438011912,434.178177960981,0.011286377226398255,9893.680529151445
2025-10-19,12,F,0.07,True,26055.232704491536,25526.254987264212,33215.89050115675,528.9777172273243,0.015925441385017287,7082.453670757707
2025-10-19,18,F,0.0,True,10555.328246305622,10468.420687135986,17856.369862346557,86.90755916963644,0.0048670339962489815,10794.248113184221
2025-10-20,6,F,0.5,True,32610.086055029722,31630.700819727615,39701.230880275325,979.3852353021066,0.024668888434607513,9874.074074074075
2025-10-20,12,F,0.08,True,25626.91584057689,25254.634498335567,32880.706759704204,372.2813422413237,0.011322181878935767,6672.938896625806
2025-10-20,18,F,0.0,True,10771.513833398354,10643.201836702896,18075.164178683197,128.31199669545822,0.007098801174198017,10752.345220347288
2025-10-21,6,F,0.5,True,33140.49993771137,32612.321353170664,40337.15869067245,528.1785845407067,0.013094094916081496,9896.567757199047
2025-10-21,12,F,0.07,True,26918.831533944765,26359.946583665194,34133.681390786674,558.8849502795711,0.01637341556807361,6548.0396016198465
2025-10-21,18,F,0.0,True,10572.458414338353,10459.330120855097,17916.667688192054,113.12829348325613,0.006314136950690508,10765.866006624668
2025-10-22,6,F,0.47,True,32430.555177389346,31379.838420445507,39569.17300832854,1050.7167569438388,0.026553922588240183,9879.141718281033
2025-10-22,12,F,0.09,True,25840.639235067058,24951.899997952904,33048.456476750645,888.7392371141541,0.02689200440387816,6340.08510266074
2025-10-22,18,F,0.0,True,9847.118560043711,9736.731222209752,17232.276372725908,110.38733783395946,0.006405847692222088,10754.030413260149
2025-10-23,6,F,0.52,True,32760.122884950368,31768.409709861506,40044.99297716294,991.713175088862,0.024764973130459063,9882.035471743178
2025-10-23,12,F,0.08,True,25380.359558350177,25028.742008054433,32635.78443523288,351.6175502957449,0.010773988012868054,6750.494688873583
2025-10-23,18,F,0.0,True,10627.146760673417,10464.309142833474,17932.60894029125,162.83761783994305,0.00908053135949879,10769.160315665638
2025-10-24,6,F,0.57,True,8571.25206669018,7673.731534730106,15693.713119328328,897.5205319600736,0.05718981385321044,5904.919274489607
2025-10-24,12,F,0.09,True,7856.790778433875,7599.414380017926,15098.68164622639,257.37639841594864,0.01704628287730503,4598.647745042886
2025-10-24,18,A,0.0,True,2900.994605023161,2877.6268242257975,10222.854804283448,23.367780797363594,0.0022858371017430794,10265.060630616914
2025-10-25,6,F,0.57,True,7822.43335959087,7756.1380258217205,15083.261819844165,66.29533376914969,0.004395291586195818,6215.547414296623
2025-10-25,12,F,0.11,True,7844.3100677364555,7527.129310947768,15087.818452302761,317.1807567886872,0.021022307352874983,3683.2003619218835
2025-10-25,18,A,0.0,True,3352.71210321917,3288.757254330576,10656.052736741687,63.954848888593915,0.006001739149439444,10226.94763235428
2025-10-26,6,F,0.57,True,32277.12051314098,31653.248990699376,39460.13339493384,623.8715224416046,0.01581017266712285,9881.480933263108
2025-10-26,12,F,0.08,True,25974.471906455266,25501.13007209925,33175.404573232205,473.34183435601517,0.014267854166213671,6823.958581031563
2025-10-26,18,A,0.0,True,10347.538001680283,10300.377813992482,17676.522564391147,47.160187687801226,0.002667956184029323,10795.42823953029
2025-10-27,6,F,0.6,True,34211.52005813471,33726.284152135464,41239.88365404832,485.235905999245,0.011766180284837243,9888.671084423335
2025-10-27,12,F,0.0,True,28144.075104698313,27340.34570635445,35211.32353146152,803.7293983438649,0.022825878658770893,6937.422031271616
2025-10-27,18,A,0.0,True,10769.750942939872,10723.994390789789,18039.559663898126,45.756552150083735,0.0025364561553935573,10787.184763102205
2025-10-28,6,F,0.6,True,34444.60362162253,33390.0513234242,41469.42380503013,1054.5522981983304,0.025429634690762596,9874.074074074075
2025-10-28,12,F,0.0,True,27404.512265432837,26913.622928831515,34528.90710765222,490.8893366013217,0.014216764378636584,7043.451631101015
2025-10-28,18,A,0.0,True,11125.315095017437,11053.737114345358,18392.30023676868,71.57798067207841,0.0038917362021409596,10690.880085177105
2025-10-29,6,F,0.55,True,34821.87974956096,34260.391692763194,41903.10953514064,561.4880567977671,0.013399675179878808,9874.074074074075
2025-10-29,12,F,0.04,True,26801.273487621034,26475.140220346075,34021.97188740446,326.1332672749595,0.009585960165809784,6658.8218631756245
2025-10-29,18,A,0.0,True,10714.481564528234,10659.272121128759,18008.66647606031,55.209443399475276,0.003065715247315372,10699.03719116941
2025-10-30,6,F,0.45,True,33369.86252647661,32808.05078395177,40518.172256816964,561.811742524842,0.01386567338141271,9880.816140414445
2025-10-30,12,F,0.08,True,27392.59764938651,27022.01994023558,34511.939726294695,370.5777091509299,0.010737666792706706,6948.573656252902
2025-10-30,18,A,0.0,True,10045.194284779303,9960.801749243614,17386.67224629674,84.3925355356896,0.00485386359966984,10800.0
2025-10-31,6,F,0.47,True,8010.22483592203,7727.086972389136,15298.979234523207,283.1378635328947,0.018506977438989818,6567.692877071042
2025-10-31,12,F,0.11,True,8702.887146453226,8499.666127505157,15900.110739704834,203.22101894806838,0.012781107142895341,5621.289442375826
2025-10-31,18,A,0.0,True,3414.5712701852826,3353.172099532948,10693.945396511543,61.39917065233476,0.005741489074029095,10253.84374141532
2025-11-01,6,F,0.4,True,8929.62898585155,8595.318771765098,16143.127302140489,334.3102140864521,0.02070913571016221,6728.932596137078
2025-11-01,12,F,0.08,True,9717.252109064626,9142.789417662127,16836.724171281312,574.4626914024993,0.0341196236012686,5228.511162807785
2025-11-01,18,A,0.0,True,3170.393968163814,3036.3910511510276,10520.331092087577,134.00291701278638,0.01273751898488927,10253.985965828986
2025-11-02,6,F,0.36,True,38575.71952528015,36914.32618032743,45423.86379114818,1661.3933449527176,0.036575341820139835,9874.074074074075
2025-11-02,12,F,0.08,True,28164.24598560734,27427.23317521972,35433.279387710354,737.0128103876195,0.02080001690848983,7044.788071092
2025-11-02,18,A,0.0,True,10918.599559306798,10882.324858785978,18198.63840818176,36.27470052082026,0.0019932645348078267,10764.488000246412
2025-11-03,6,F,0.41,True,36031.598655753085,35682.72958775829,43098.0043097997,348.86906799479766,0.008094784748895465,9885.105521079844
2025-11-03,12,F,0.09,True,28564.462151858454,28426.541325107803,35705.38211523243,137.92082675065103,0.003862746134617392,7126.56456994925
2025-11-03,18,A,0.0,True,11086.703667345522,10993.773473282112,18381.785390066467,92.93019406341045,0.005055558646312453,10790.568997313898
2025-11-04,6,F,0.42,True,36232.75414125438,35796.65976062717,43169.88752418625,436.09438062721165,0.010101818782429918,9874.074074074075
2025-11-04,12,F,0.12,True,27887.869187645218,27329.98216470178,34979.73089028974,557.887022943436,0.015948865492796106,6730.142110900042
2025-11-04,18,A,0.0,True,10992.074064614022,10897.378336793892,18248.661373303472,94.69572782012983,0.005189187627683372,10800.0
2025-11-05,6,F,0.42,True,35776.220235243665,35428.79586634203,43028.996222848014,347.4243689016366,0.008074191810153298,9878.47651136872
2025-11-05,12,F,0.09,True,27895.931145862174,27657.792650775526,35100.111659779715,238.13849508664862,0.006784550926643495,6799.957306456003
2025-11-05,18,A,0.0,True,10665.825784318682,10640.728330692573,18008.282125104855,25.0974536261092,0.001393661730294725,10784.745614545285
2025-11-06,6,F,0.4,True,38223.18904826384,37603.07358374104,45035.97177941017,620.1154645228016,0.013769336821689501,9878.352746113955
2025-11-06,12,F,0.09,True,27549.83317557448,27289.016975146085,34762.18620796343,260.81620042839495,0.007502871046949468,7019.965540270927
2025-11-06,18,A,0.0,True,11065.121421252445,10972.107049754983,18305.10169386718,93.01437149746198,0.005081335960489359,10795.225197010295
2025-11-07,6,F,0.36,True,9658.641910502223,8852.012689296176,16782.068469304842,806.6292212060471,0.04806494638497085,7026.335373954213
2025-11-07,12,F,0.1,True,8305.980046501765,8172.080279777827,15607.526372525172,133.89976672393823,0.008579179270819604,5640.593111913624
2025-11-07,18,A,0.0,True,3295.4544464108403,3217.317982173625,10653.047829861878,78.13646423721548,0.00733465816404098,10237.311747252259
2025-11-08,6,F,0.36,True,8793.04867894434,8723.638975833917,16063.419946180187,69.40970311042292,0.004320979177720387,7462.275317720886
2025-11-08,12,F,0.08,True,9103.693950676692,8892.576229223203,16364.554455898968,211.11772145348914,0.01290091471921419,5065.5660016749525
2025-11-08,18,A,0.0,True,3443.6133792304227,3391.474620351868,10795.531683040077,52.138758878554654,0.004829661049530829,10228.97261604703
2025-11-09,6,F,0.37,True,37004.06967006322,36687.30433796115,44185.87635307274,316.7653321020698,0.0071689272284862484,9874.074074074075
2025-11-09,12,F,0.09,True,29279.42272030394,28858.477654360548,36349.76959073729,420.9450659433933,0.011580405341844565,6877.706368135349
2025-11-09,18,A,0.0,True,10679.243368958005,10595.296115222014,18031.94177176096,83.94725373599067,0.004655474978710102,10701.792929728315
2025-11-10,6,F,0.3,True,42574.51547878124,39545.786438985255,49404.434766713865,3028.729039795988,0.06130480095759718,9882.071262823676
2025-11-10,12,F,0.08,True,31589.438001164322,30675.24738336444,38615.298982502754,914.1906177998826,0.023674311526478607,6450.0
2025-11-10,18,A,0.0,True,10799.6555192965,10646.549524661526,18182.92354051508,153.1059946349742,0.008420317793990849,10800.0
2025-11-11,6,F,0.32,True,39691.10710567592,39103.82167781461,46729.065404007575,587.2854278613086,0.012567883024917974,9874.074074074075
2025-11-11,12,F,0.05,True,28915.876657337114,28716.830098905833,36119.958710014624,199.04655843128057,0.00551070836014253,7061.523646004656
2025-11-11,18,A,0.0,True,11017.091496106566,10945.871620910797,18242.741086349357,71.21987519576942,0.00390401173040063,10798.13832526776
2025-11-12,6,F,0.33,True,41827.89311105187,40351.86861372206,48599.88791787547,1476.0244973298104,0.03037094447262944,9874.074074074075
2025-11-12,12,F,0.05,True,29277.175925329255,28037.40730003354,36499.718477415125,1239.7686252957137,0.03396652568876232,7050.0
2025-11-12,18,A,0.0,True,11136.307586450863,11070.50458956646,18454.041256804885,65.80299688440209,0.0035657770549384345,10800.0
2025-11-13,6,F,0.41,True,38894.78281094986,37355.01813183674,45861.52024104413,1539.7646791131192,0.0335742180158933,9879.203324711722
2025-11-13,12,F,0.03,True,29877.508090946918,29363.443025331846,36822.476994763405,514.065065615072,0.0139606324063473,7185.765021157093
2025-11-13,18,A,0.0,True,10883.700295058592,10832.782020653005,18112.405394917736,50.918274405587,0.0028112375631717283,10800.0
2025-11-14,6,F,0.39,True,9280.345608937607,9054.25522979305,16561.016961468114,226.0903791445562,0.013651962296191837,7411.708068482897
2025-11-14,12,F,0.0,True,11886.989640554277,10562.497139351215,18900.326367034268,1324.4925012030617,0.07007775820809245,5771.331148782669
2025-11-14,18,A,0.0,True,3607.2060275287167,3563.0740139004665,10909.70972957675,44.132013628250206,0.004045205117474957,10265.778553841279
2025-11-15,6,F,0.49,True,10181.995229095248,9923.834503343944,17370.686148042343,258.1607257513042,0.014861861157994535,9061.132418076717
2025-11-15,12,F,0.03,True,10036.784081369111,9930.670329967808,17190.495457570756,106.11375140130258,0.006172815185182443,6815.538886586241
2025-11-15,18,F,0.0,True,3527.8630433971784,3475.59530716058,10816.640690159526,52.267736236598466,0.0048321597928411555,10265.685857269147
2025-11-16,6,F,0.47,True,40841.95128013197,39724.38223953314,47713.415949165035,1117.5690405988353,0.023422532601512305,9876.291392363506
2025-11-16,12,F,0.03,True,29384.51950765476,29152.71298933668,36535.7556955674,231.80651831808063,0.00634464824676403,7047.802255313076
2025-11-16,18,F,0.0,True,10944.719241261444,10912.499845804194,18197.913057643575,32.21939545725036,0.0017704994718456143,10734.705198822317
2025-11-17,6,F,0.41,True,43123.58614200434,40422.5163303632,49977.45184796824,2701.0698116411368,0.05404576887708902,9874.074074074075
2025-11-17,12,F,0.03,True,30077.422914157956,29247.893005563492,37111.49608625072,829.5299085944644,0.022352370453256755,7050.0
2025-11-17,18,F,0.0,True,10855.684886914592,10822.700086174513,18163.214303554363,32.98480074007966,0.0018160222187999435,10773.694150508509
2025-11-18,6,F,0.43,True,38004.94879532332,37604.240624780134,45206.45437929106,400.7081705431847,0.008863959274071001,9874.074074074075
2025-11-18,12,F,0.01,True,31000.653645248945,30289.893285706363,37929.56659825912,710.7603595425826,0.01873895283515327,6793.88528112068
2025-11-18,18,F,0.0,True,10750.134200021777,10631.386934646669,18052.79075518502,118.74726537510833,0.006577778858983474,10742.391046274759
2025-11-19,6,F,0.5,True,42274.605165275476,40860.90992039621,49149.992785069575,1413.6952448792654,0.028762877973579425,9905.640478280759
2025-11-19,12,F,0.0,True,30528.87073731397,30092.244666629504,37589.38810857521,436.62607068446596,0.011615673801959525,6563.080849496584
2025-11-19,18,F,0.0,True,11340.28247292513,11306.831370391723,18551.073209737304,33.45110253340681,0.0018031896136256205,10792.090160728143
2025-11-20,6,F,0.55,True,40362.05112364215,39882.26091287093,47340.66857502501,479.7902107712216,0.010134842308170088,9896.899338461006
2025-11-20,12,F,0.0,True,30356.44015482367,30019.875582218134,37407.391752982185,336.56457260553725,0.008997274518042433,7129.226079925691
2025-11-20,18,F,0.0,True,10955.376175131854,10908.768253643684,18147.56612682098,46.60792148817018,0.002568273958196882,10790.02915794814
2025-11-21,6,F,0.57,True,11053.668327035017,10176.686793696279,18240.650097484395,876.9815333387378,0.04807841434662924,7859.455205768094
2025-11-21,12,F,0.0,True,10630.983469128898,10098.897564970028,17744.717059596514,532.0859041588701,0.029985595282913394,6358.885543621536
2025-11-21,18,F,0.0,True,3429.6808647948346,3400.1401572281684,10785.431790837052,29.540707566666242,0.0027389452865265026,10448.666236883486
2025-11-22,6,F,0.59,True,9751.698772642421,9549.744406555257,17033.64818238361,201.9543660871641,0.011856201556166197,9451.722018113695
2025-11-22,12,F,0.01,True,10019.053940363918,9881.653844553792,17176.820360961476,137.400095810126,0.007999157755785892,6684.382501660275
2025-11-22,18,F,0.0,True,3758.0975452292105,3713.2513439611994,11032.258285056725,44.8462012680111,0.004065006466423616,10341.71292628373
2025-11-23,6,F,0.57,True,41263.37002205948,40773.10481481887,48254.91015216393,490.2652072406054,0.010159903017011836,9881.720553688849
2025-11-23,12,F,0.01,True,28998.1835495083,28182.557203104618,36379.53902518597,815.626346403682,0.022419919775207006,6676.365440676835
2025-11-23,18,F,0.0,True,10700.057625323623,10652.611337888253,17999.02678979448,47.44628743537032,0.002636047381310225,10790.885776954112
2025-11-24,6,F,0.57,True,39275.422498042164,38988.00842375394,46532.73888089525,287.41407428822276,0.006176599125701262,9900.996654708006
2025-11-24,12,F,0.01,True,29838.693820746557,29482.72628726041,37077.343823611685,355.96753348614584,0.009600675150291045,6931.999571944242
2025-11-24,18,F,0.0,True,11389.183171392759,11333.583429764416,18619.065018519606,55.5997416283426,0.002986172590999594,10693.2729881466
2025-11-25,6,F,0.57,True,40171.510258471375,39823.83940326297,47401.75598907071,347.6708552084019,0.007334556451633636,9874.074074074075
2025-11-25,12,F,0.0,True,29870.39530482142,29671.01621546311,36933.87237060935,199.37908935831,0.005398272007810606,6652.038123476928
2025-11-25,18,F,0.0,True,10755.363300237672,10628.88277294297,18017.07844212878,126.48052729470146,0.007020035334860725,10800.0
2025-11-26,6,F,0.55,True,41092.06097134813,40754.218645777015,48221.35701300836,337.8423255711168,0.00700607254748097,9876.437342117459
2025-11-26,12,F,0.0,True,30218.32078150629,30037.527680980602,37275.76882444721,180.7931005256869,0.004850150814518258,6450.0
2025-11-26,18,F,0.0,True,10893.126513960582,10808.23686912557,18163.590519545927,84.8896448350115,0.004673615865963359,10800.0
2025-11-27,6,F,0.52,True,41391.88529596668,41040.85599152279,48445.89181924288,351.02930444388767,0.007245801269457848,9889.54172605488
2025-11-27,12,F,0.01,True,30894.08898703682,30547.608660823946,37982.808865518426,346.4803262128735,0.009122030112086192,6872.21188146677
2025-11-27,18,F,0.0,True,10673.362301981146,10607.90265756706,17975.980460037954,65.45964441408614,0.0036415062065520256,10796.677583289733
2025-11-28,6,F,0.54,True,9804.521027074408,9479.258318130996,16958.433589091303,325.2627089434118,0.019179997211100946,9221.979872162614
2025-11-28,12,F,0.01,True,9200.765289471328,9014.827863812578,16438.056374924738,185.93742565875073,0.011311399682409353,6565.61575681061
2025-11-28,18,F,0.0,True,3390.1796712602,3345.8196685374432,10644.609062834106,44.36000272275669,0.004167367956953971,10236.61951289143
2025-11-29,6,F,0.51,True,10256.90198844297,9981.079289648507,17534.11355762642,275.8226987944636,0.01573063262582186,9723.882158060112
2025-11-29,12,F,0.02,True,11410.814904723455,10663.066227807865,18477.197142962526,747.7486769155894,0.04046872862426469,6517.725703553782
2025-11-29,18,F,0.0,True,3124.2523640099007,3059.151561880425,10470.468302802994,65.1008021294756,0.006217563555590709,10247.13158763654
2025-11-30,6,F,0.41,True,43992.98183374622,43215.38162964457,50967.76003960633,777.6002041016473,0.015256707445989094,10332.279655614491
2025-11-30,12,F,0.08,True,32019.21972954298,31660.682331892018,39243.86494409106,358.5373976509618,0.00913613881206027,6634.400433312638
2025-11-30,18,F,0.0,True,10436.939027835433,10378.83872730396,17799.12543588129,58.100300531472385,0.0032642222080388216,10800.0
2025-12-01,6,F,0.43,True,43862.14735750844,42315.897124909025,50890.338345265845,1546.2502325994137,0.030383964478853893,10800.0
2025-12-01,12,F,0.08,True,31172.21804859961,30725.4942651956,38460.633151171176,446.72378340400974,0.01161509176534205,7090.9898572769525
2025-12-01,18,A,0.0,True,10444.640238597798,10387.201076202853,17815.66788596711,57.439162394945015,0.0032240813402335702,10800.0
2025-12-02,6,F,0.42,True,44432.71970073147,43872.67850958575,51390.367561621206,560.0411911457195,0.010897785279978487,10800.0
2025-12-02,12,F,0.06,True,31704.083451530536,31377.773050231932,38930.91786030543,326.3104012986041,0.008381780323533426,6739.687489450878
2025-12-02,18,A,0.0,True,10563.483263962755,10525.363584877226,17875.736672049712,38.11967908552833,0.002132481574598926,10737.395285011347
2025-12-03,6,F,0.39,True,46012.58167918412,44003.36234703863,52856.11510006327,2009.2193321454906,0.038012996761903256,10800.0
2025-12-03,12,F,0.07,True,31712.40828838925,31554.38477275715,38935.29877283446,158.02351563210323,0.00405861828758735,7003.811734442566
2025-12-03,18,A,0.0,True,10431.820312968002,10393.05383392942,17783.14028638431,38.766479038582474,0.002179956881308758,10789.095763466774
2025-12-04,6,F,0.34,True,43758.54335284346,43432.70514438741,50810.165214277025,325.8382084560508,0.006412854732550531,10800.0
2025-12-04,12,F,0.11,True,31652.87862682812,31429.0603340936,38911.14970059491,223.81829273451876,0.005752034942598902,6382.457187114698
2025-12-04,18,A,0.0,True,10316.265623624935,10276.405128878925,17608.85938275045,39.86049474600986,0.002263661369518176,10800.0
2025-12-05,6,F,0.34,True,13997.466890905127,13384.992564152057,21011.44556789373,612.4743267530703,0.029149556834345267,10212.886343129696
2025-12-05,12,F,0.12,True,10595.606703531423,10450.61113799969,17852.182312611585,144.99556553173352,0.00812200788635808,6397.836910588638
2025-12-05,18,A,0.0,True,3256.5489616399154,3233.925602785369,10603.606036817224,22.623358854546495,0.002133553319125115,10199.690545073754
2025-12-06,6,F,0.31,True,13038.777373067625,12310.731766274941,20168.173497571097,728.0456067926843,0.036098737790031636,10228.759038592398
2025-12-06,12,F,0.1,True,10614.774524954635,10460.946531128673,17861.19838914034,153.82799382596204,0.008612411691227275,6251.807593469926
2025-12-06,18,A,0.0,True,3386.3196944057354,3284.820615931947,10661.343287735786,101.49907847378836,0.009520289867276596,10241.712688599571
2025-12-07,6,F,0.31,True,45682.76589256767,45111.54513344546,52914.11464845159,571.2207591222104,0.01079524363049937,10800.0
2025-12-07,12,F,0.1,True,32299.456435998094,32109.32172461405,39485.21510875263,190.13471138404566,0.004815339383624094,6450.0
2025-12-07,18,A,0.0,True,10311.850800429236,10223.765260630282,17677.44033732727,88.08553979895441,0.0049829352054412005,10800.0
2025-12-08,6,F,0.33,True,49895.96287638888,47918.000408284286,56821.59433213975,1977.962468104597,0.03481004873856225,10800.0
2025-12-08,12,F,0.1,True,32736.96581750855,32094.49530519836,39968.32512392073,642.4705123101885,0.016074491746107093,7175.474239469611
2025-12-08,18,A,0.0,True,10578.357920300097,10519.81242857591,17902.61147367514,58.54549172418774,0.0032702207613831,10800.0
2025-12-09,6,F,0.39,True,47155.578231025356,46763.785131318706,54281.08470853102,391.79309970665054,0.007217856861380569,10800.0
2025-12-09,12,F,0.07,True,32390.589762120064,32237.645483844193,39634.54921345937,152.9442782758706,0.0038588625658932114,6510.225789589703
2025-12-09,18,A,0.0,True,10662.671911133011,10573.429775059403,18007.452517770547,89.24213607360798,0.00495584458632002,10785.036508276917
2025-12-10,6,F,0.41,True,48139.137548398314,47544.03156570781,55172.982113226106,595.1059826905039,0.010786184829908707,10800.0
2025-12-10,12,F,0.07,True,33212.52544338759,32708.492669898136,40400.901741566115,504.03277348945267,0.012475780286133636,6608.084680995231
2025-12-10,18,A,0.0,True,10532.561950278103,10478.769508233541,17792.298973296354,53.79244204456154,0.0030233553362213703,10800.0
2025-12-11,6,F,0.38,True,47233.87041092953,46834.0994792825,54421.61137115796,399.7709316470282,0.007345812106160759,10800.0
2025-12-11,12,F,0.06,True,32241.698827529734,31976.927392545134,39531.440222493955,264.7714349845992,0.006697743201218873,6411.974813663541
2025-12-11,18,A,0.0,True,10648.967360591572,10572.651251552768,17944.795979669165,76.31610903880392,0.00425282678751363,10792.664685996155
2025-12-12,6,F,0.38,True,16218.385734238856,14818.725998276612,23096.65075662285,1399.6597359622447,0.060600116904867656,10161.653307179615
2025-12-12,12,F,0.07,True,11785.63077317741,11307.159721814729,18982.053312745244,478.47105136268146,0.025206496024401035,6398.327411711012
2025-12-12,18,A,0.0,True,3023.243260540695,2980.9944130413915,10318.95600529195,42.24884749930334,0.004094294759822267,10232.831361948389
2025-12-13,6,F,0.39,True,16526.353705090572,15036.941209137325,23676.979276512004,1489.4124959532473,0.06290551166004406,10163.78680128534
2025-12-13,12,F,0.07,True,11920.422443825604,11127.866708963962,19125.98894382505,792.5557348616421,0.04143867996522731,6938.782191806531
2025-12-13,18,A,0.0,True,3157.989238042899,3082.423586404404,10519.556457641955,75.56565163849518,0.00718334959679791,10229.739461571315
2025-12-14,6,F,0.47,True,48393.99723759509,47909.50944459169,55425.900854205705,484.4877930033981,0.00874118030625812,10800.0
2025-12-14,12,F,0.05,True,33115.754787434314,32828.47164533816,40336.09945232297,287.283142096152,0.007122234078079835,6747.183793565295
2025-12-14,18,F,0.0,True,10161.908290939306,10131.737147187296,17567.161429881733,30.17114375200981,0.0017174740422598218,10787.495054018753
2025-12-15,6,F,0.47,True,49315.510210514054,48897.73251493984,56171.08094623942,417.7776955742156,0.007437594017000759,10800.0
2025-12-15,12,F,0.05,True,32209.068903748048,31963.7076028054,39479.34010857581,245.36130094264809,0.006214929131739718,6450.0
2025-12-15,18,F,0.0,True,10203.229561089078,10086.65301342414,17562.823713988095,116.5765476649376,0.006637688196579061,10797.98561820852
2025-12-16,6,F,0.46,True,48609.47636346449,48413.88328383957,55844.486508343914,195.59307962492312,0.003502459989415408,10800.0
2025-12-16,12,F,0.07,True,32853.28558705154,32533.882644345347,40167.83130901211,319.40294270619415,0.007951709920533661,6440.233834012866
2025-12-16,18,F,0.0,True,10095.837368553697,10063.09277680199,17492.31098109643,32.74459175170705,0.0018719420085255422,10800.0
2025-12-17,6,F,0.47,True,48094.61427163757,47794.89198049308,55336.78688092813,299.72229114449146,0.005416329860087901,10800.0
2025-12-17,12,F,0.07,True,32511.653902616286,32195.297753976713,39769.49944419311,316.3561486395738,0.007954743033250979,6450.0
2025-12-17,18,F,0.0,True,10183.571263775724,10070.98276959475,17504.526169344037,112.58849418097452,0.006431964686833546,10800.0
2025-12-18,6,F,0.5,True,48269.19166385048,47794.015751994346,55333.849133215524,475.1759118561313,0.008587436429953597,10800.0
2025-12-18,12,F,0.07,True,32135.087393738948,31512.762432462878,39467.248407795385,622.3249612760701,0.01576813652793569,6450.0
2025-12-18,18,F,0.0,True,10094.948948184929,10001.669585525635,17442.767050534887,93.27936265929384,0.005347738830028886,10800.0
2025-12-19,6,F,0.49,True,15637.832844141058,15088.685235278661,22814.35870032587,549.1476088623967,0.02407026277072399,10103.709715211617
2025-12-19,12,F,0.08,True,10621.019297734389,10313.979713183373,17930.16417016895,307.03958455101565,0.017124192597290786,7037.005078408791
2025-12-19,18,F,0.0,True,2755.7240961572807,2729.2309297961256,10102.071763848628,26.49316636115509,0.0026225478278588156,10237.63015004164
2025-12-20,6,F,0.48,True,14786.519374200374,14551.54320528107,22118.608917015637,234.97616891930375,0.010623460535013068,10097.721123466928
2025-12-20,12,F,0.07,True,10811.182156214754,10585.356285241416,18163.91666264004,225.82587097333817,0.01243266389995182,6730.05751908295
2025-12-20,18,F,0.0,True,2912.5917449380267,2833.8168796184873,10279.78668954364,78.77486531953946,0.007663083651304498,10258.36135446498
2025-12-21,6,F,0.49,True,47996.992222689376,47443.391414582286,55160.689652877976,553.6008081070904,0.010036147328665725,10800.0
2025-12-21,12,F,0.08,True,32182.90542415637,32012.611836339263,39509.886082915065,170.29358781710835,0.004310151324145351,6529.168254186585
2025-12-21,18,F,0.0,True,9981.796859801714,9916.316498900569,17356.568977983166,65.4803609011451,0.0037726558160317883,10800.0
2025-12-22,6,F,0.48,True,47331.88978251532,47081.835370478206,54532.72677677685,250.05441203711234,0.004585400855905849,10800.0
2025-12-22,12,F,0.09,True,32055.49261570221,31755.00997181845,39389.003391193735,300.482643883759,0.007628592196139149,6379.926580248739
2025-12-22,18,F,0.0,True,9959.728341378754,9914.176841255723,17316.114024674793,45.551500123030564,0.0026305844404882896,10763.149830609625
2025-12-23,6,F,0.44,True,48570.700837869656,48166.16462608546,55791.65833515735,404.53621178419417,0.007250836842920548,10800.0
2025-12-23,12,F,0.12,True,31826.512721412626,31672.949788474412,39210.03773101681,153.56293293821363,0.003916418902518393,6450.0
2025-12-23,18,F,0.0,True,10162.432695786096,10116.192270056765,17520.378921846845,46.24042572933104,0.002639236624709757,10799.416940313708
2025-12-24,6,F,0.47,True,47354.33137393653,47096.37229819406,54522.72719846422,257.95907574247394,0.0047312210704995705,10800.0
2025-12-24,12,F,0.14,True,31545.829560270577,31362.31902142163,38907.43985222672,183.51053884894645,0.004716592496086424,6446.72264684861
2025-12-24,18,F,0.0,True,9713.173868021075,9640.057517531646,17090.593445690112,73.11635048942844,0.004278163348848886,10800.0
2025-12-25,6,F,0.48,True,47120.967192141885,46833.341324257686,54412.62736193329,287.62586788419867,0.0052860132257722915,10800.0
2025-12-25,12,F,0.19,True,32068.68239574691,31774.631772542467,39342.140108915446,294.0506232044427,0.0074741898226783786,6376.188879864713
2025-12-25,18,F,0.0,True,9936.732916037628,9838.04740708368,17291.3945006398,98.68550895394765,0.005707203600628982,10796.221871972832
2025-12-26,6,F,0.51,True,15016.259596351601,14655.169986535515,22266.93452548464,361.0896098160865,0.016216404166582394,10092.035610994259
2025-12-26,12,F,0.22,True,10689.688593044812,10359.4246109446,18039.849542752003,330.26398210021216,0.018307468768934642,6830.481204364465
2025-12-26,18,F,0.0,True,2443.180550064667,2374.0052303291977,9829.697306747124,69.1753197354692,0.007037380458092755,10266.955261495588
2025-12-27,6,F,0.51,True,14817.208354570694,14539.650468846701,22124.511777438987,277.5578857239925,0.01254526601608567,10145.914485898036
2025-12-27,12,F,0.2,True,10739.581889350417,10556.342632648842,18101.832074093232,183.23925670157405,0.010122691225482103,6535.204786220912
2025-12-27,18,F,0.0,True,2499.366807212793,2468.693549788679,9901.623448514407,30.673257424114126,0.0030978008387822706,10274.493830249805
2025-12-28,6,F,0.5,True,47535.69442470194,47241.942965797054,54736.47444295783,293.75145890488784,0.005366649238818133,10800.0
2025-12-28,12,F,0.26,True,31577.460961019984,31390.59352814153,38930.0692697046,186.86743287845457,0.004800079639824193,6435.467785498012
2025-12-28,18,F,0.0,True,9955.517249095677,9902.315711984887,17287.521500616705,53.201537110790014,0.0030774531276153223,10800.0
2025-12-29,6,F,0.48,True,47197.16746843174,46699.049287519745,54304.40050085912,498.1181809119953,0.009172703801492382,10800.0
2025-12-29,12,F,0.14,True,31619.14343325715,31464.95987439024,38956.18191872669,154.1835588669128,0.003957871415339986,6896.182086232496
2025-12-29,18,F,0.0,True,9739.125230290878,9679.162830304054,17116.178209943282,59.962399986823584,0.0035032586861002473,10793.998165319732
2025-12-30,6,F,0.48,True,48117.32893700429,47786.28753313205,55337.44327651463,331.0414038722447,0.005982231636869635,10800.0
2025-12-30,12,F,0.23,True,31429.89491371131,30792.092570368157,38823.07190894714,637.8023433431517,0.016428435772393484,6835.196992471039
2025-12-30,18,F,0.0,True,9753.627489622868,9710.667150074543,17128.519784069922,42.960339548324555,0.002508117460814043,10800.0
2025-12-31,6,F,0.5,True,46844.991897668326,46425.873696389535,54166.41962124422,419.11820127879037,0.007737602082793212,10800.0
2025-12-31,12,F,0.16,True,31088.989140215912,30836.860654125827,38474.19553724885,252.12848609008506,0.006553184090515589,6724.734614476391
2025-12-31,18,F,0.0,True,9456.515587071333,9393.653524098196,16863.4386758217,62.862062973137654,0.0037277132014164713,10800.0
